{"type":"FeatureCollection","features":[{"type":"Feature","properties":{"code":"ZH","name":"Zürich"},"geometry":{"type":"MultiPolygon","coordinates":[[[[8.8092,47.2216],[8.7942,47.2237],[8.7416,47.2128],[8.7099,47.2022],[8.704,47.2028],[8.7012,47.1985],[8.6953,47.1975],[8.689,47.1897],[8.6817,47.1851],[8.6813,47.1803],[8.6872,47.1726],[8.6926,47.1704],[8.6935,47.1646],[8.6763,47.1608],[8.6618,47.162],[8.6613,47.1714],[8.6531,47.1724],[8.6432,47.17],[8.6409,47.1726],[8.6264,47.1736],[8.6291,47.1801],[8.6214,47.1887],[8.6168,47.2001],[8.6069,47.2064],[8.5996,47.2028],[8.5982,47.2106],[8.5955,47.2132],[8.5833,47.2122],[8.5842,47.219],[8.5606,47.221],[8.5551,47.2245],[8.5338,47.2232],[8.5329,47.219],[8.5138,47.2206],[8.5138,47.2174],[8.5034,47.2132],[8.4902,47.2122],[8.4853,47.2096],[8.468,47.2154],[8.4626,47.2148],[8.4571,47.22],[8.4485,47.2212],[8.4417,47.2263],[8.4222,47.2247],[8.419,47.2273],[8.4176,47.2423],[8.4045,47.255],[8.4049,47.2628],[8.4013,47.2654],[8.4036,47.2733],[8.3954,47.2801],[8.3895,47.2914],[8.3981,47.2892],[8.4045,47.293],[8.4195,47.2956],[8.429,47.3018],[8.4304,47.3086],[8.4367,47.3165],[8.4503,47.3245],[8.4494,47.3271],[8.4558,47.3338],[8.4358,47.3265],[8.4304,47.3285],[8.4167,47.3259],[8.4131,47.3281],[8.4181,47.3354],[8.4049,47.3478],[8.4104,47.3563],[8.4063,47.3655],[8.4077,47.3715],[8.4013,47.3719],[8.4013,47.3755],[8.3954,47.3818],[8.3972,47.3954],[8.3841,47.3968],[8.3804,47.4011],[8.3668,47.4001],[8.3637,47.4027],[8.3773,47.4059],[8.3804,47.4037],[8.3859,47.4073],[8.3818,47.4121],[8.3931,47.4214],[8.3886,47.4292],[8.3764,47.4314],[8.3782,47.435],[8.3841,47.434],[8.3863,47.4372],[8.3823,47.4422],[8.3823,47.4501],[8.3877,47.4507],[8.3859,47.4553],[8.3786,47.4607],[8.3736,47.4605],[8.3691,47.4716],[8.3759,47.4726],[8.3745,47.4826],[8.3646,47.482],[8.3637,47.4923],[8.3591,47.4987],[8.3614,47.5108],[8.3696,47.5132],[8.375,47.5122],[8.3809,47.516],[8.3823,47.527],[8.3891,47.5296],[8.3931,47.5264],[8.3954,47.5327],[8.4049,47.5347],[8.4049,47.5395],[8.4108,47.5467],[8.4186,47.5473],[8.4158,47.556],[8.419,47.5664],[8.4267,47.5692],[8.4394,47.5686],[8.458,47.5739],[8.4644,47.5734],[8.4775,47.5791],[8.4862,47.5785],[8.4948,47.5837],[8.4898,47.5891],[8.4685,47.5853],[8.4617,47.5895],[8.4626,47.5941],[8.458,47.5988],[8.4571,47.6036],[8.4698,47.6052],[8.4794,47.6124],[8.4798,47.6166],[8.4943,47.6158],[8.5088,47.6187],[8.5084,47.6251],[8.5161,47.6245],[8.5166,47.6349],[8.5397,47.6323],[8.5397,47.6277],[8.5592,47.6259],[8.5633,47.6183],[8.5706,47.6183],[8.5737,47.612],[8.5669,47.611],[8.5638,47.6008],[8.5569,47.5984],[8.5542,47.5943],[8.5365,47.5885],[8.5361,47.5765],[8.5474,47.5755],[8.5429,47.5712],[8.551,47.5634],[8.5515,47.5572],[8.5597,47.554],[8.5678,47.5628],[8.5737,47.5763],[8.581,47.5785],[8.5778,47.5849],[8.5801,47.5921],[8.5955,47.5982],[8.5969,47.6068],[8.6041,47.612],[8.6059,47.6183],[8.6,47.6261],[8.5964,47.6406],[8.6069,47.6538],[8.6137,47.6512],[8.615,47.6464],[8.6064,47.6428],[8.6069,47.6385],[8.6205,47.64],[8.63,47.6502],[8.6291,47.6548],[8.6091,47.6653],[8.6069,47.6699],[8.615,47.6799],[8.6196,47.6763],[8.6286,47.6813],[8.6259,47.6928],[8.6459,47.6954],[8.6613,47.687],[8.6704,47.686],[8.6704,47.6761],[8.6781,47.6731],[8.6804,47.661],[8.689,47.6512],[8.7012,47.6484],[8.7099,47.6432],[8.7153,47.6458],[8.7207,47.6422],[8.7253,47.6442],[8.7448,47.6442],[8.7443,47.6412],[8.7566,47.6432],[8.7697,47.6516],[8.777,47.65],[8.787,47.6564],[8.7897,47.6667],[8.8042,47.6667],[8.8056,47.6536],[8.8278,47.648],[8.8283,47.6402],[8.8215,47.6307],[8.8142,47.6287],[8.8151,47.6229],[8.8115,47.6166],[8.8056,47.6152],[8.8033,47.6024],[8.7897,47.6046],[8.7883,47.6104],[8.7765,47.6156],[8.7629,47.6193],[8.757,47.6177],[8.7471,47.6229],[8.7471,47.6142],[8.7421,47.613],[8.7448,47.604],[8.7498,47.6014],[8.7493,47.5937],[8.7643,47.5943],[8.8074,47.5843],[8.8088,47.5728],[8.8174,47.5714],[8.8233,47.5743],[8.8319,47.5747],[8.8401,47.5724],[8.8401,47.5666],[8.8514,47.565],[8.8519,47.5622],[8.8287,47.5572],[8.8351,47.5441],[8.8419,47.5379],[8.8419,47.5337],[8.8805,47.529],[8.8841,47.5305],[8.8995,47.5254],[8.8981,47.509],[8.8941,47.5019],[8.8941,47.4897],[8.8977,47.4858],[8.8859,47.483],[8.8854,47.471],[8.8918,47.4704],[8.8923,47.4658],[8.9095,47.4497],[8.9036,47.4449],[8.9122,47.4378],[8.934,47.437],[8.9322,47.433],[8.9118,47.4354],[8.9099,47.4308],[8.914,47.4294],[8.914,47.4141],[8.904,47.4031],[8.9213,47.4009],[8.9444,47.387],[8.9413,47.3808],[8.9526,47.3729],[8.9612,47.3551],[8.9667,47.3557],[8.9726,47.3522],[8.9744,47.341],[8.9803,47.339],[8.9785,47.3285],[8.9862,47.3207],[8.9762,47.3082],[8.9576,47.3056],[8.9494,47.2934],[8.9372,47.2904],[8.9431,47.2841],[8.9494,47.2821],[8.9485,47.2763],[8.9417,47.2727],[8.9417,47.2685],[8.9363,47.2618],[8.9099,47.2556],[8.9063,47.257],[8.8746,47.2534],[8.8746,47.249],[8.8677,47.2451],[8.8564,47.2456],[8.8523,47.2524],[8.8455,47.2482],[8.8278,47.2528],[8.8033,47.248],[8.797,47.2415],[8.8092,47.2216]]]]}},{"type":"Feature","properties":{"code":"BE","name":"Bern"},"geometry":{"type":"MultiPolygon","coordinates":[[[[7.2221,46.3304],[7.2234,46.3497],[7.2194,46.3587],[7.2307,46.3629],[7.2266,46.3661],[7.2166,46.3631],[7.2076,46.3744],[7.208,46.3792],[7.1944,46.3802],[7.1953,46.3854],[7.2089,46.4041],[7.2076,46.4111],[7.2107,46.4176],[7.2007,46.4298],[7.1935,46.4344],[7.1958,46.4417],[7.2135,46.4407],[7.2262,46.4453],[7.2275,46.4529],[7.2325,46.4549],[7.2266,46.4584],[7.2311,46.4678],[7.2253,46.4788],[7.2248,46.4881],[7.2366,46.4893],[7.2334,46.4961],[7.242,46.4981],[7.2452,46.5022],[7.2498,46.5184],[7.2452,46.5341],[7.247,46.5389],[7.238,46.5476],[7.238,46.555],[7.2556,46.5612],[7.2684,46.5749],[7.2824,46.5853],[7.2988,46.5805],[7.3087,46.5827],[7.3133,46.5904],[7.3214,46.593],[7.3155,46.6016],[7.3187,46.6197],[7.3133,46.6229],[7.3142,46.6376],[7.3233,46.6386],[7.3305,46.6428],[7.3219,46.6557],[7.3459,46.6567],[7.3509,46.6532],[7.3509,46.6496],[7.3591,46.6448],[7.3782,46.6577],[7.3704,46.6567],[7.3768,46.6761],[7.3736,46.6808],[7.3782,46.6846],[7.3768,46.689],[7.3809,46.6912],[7.3777,46.6938],[7.3691,46.6938],[7.3636,46.7005],[7.3478,46.7001],[7.3505,46.7069],[7.3496,46.7137],[7.3301,46.7175],[7.3087,46.7185],[7.2974,46.7278],[7.2988,46.7414],[7.3047,46.7471],[7.3042,46.7613],[7.2969,46.7664],[7.2924,46.7746],[7.3056,46.7846],[7.3019,46.7941],[7.3078,46.7989],[7.3115,46.8092],[7.3214,46.817],[7.3205,46.828],[7.3305,46.8307],[7.3305,46.8363],[7.3242,46.8417],[7.3083,46.8483],[7.3028,46.8534],[7.3128,46.8566],[7.3133,46.862],[7.3246,46.862],[7.3314,46.8592],[7.3233,46.856],[7.3273,46.8526],[7.3346,46.8536],[7.3391,46.8509],[7.3505,46.8546],[7.3596,46.8636],[7.3591,46.8702],[7.3532,46.8775],[7.3537,46.8885],[7.3278,46.8949],[7.3119,46.8927],[7.296,46.8953],[7.2874,46.8939],[7.2829,46.8907],[7.267,46.8949],[7.2625,46.8984],[7.2452,46.9016],[7.2384,46.8994],[7.2298,46.9048],[7.2225,46.9032],[7.218,46.8984],[7.2135,46.903],[7.2007,46.9036],[7.1962,46.9],[7.1894,46.9022],[7.2089,46.9104],[7.2066,46.9162],[7.2076,46.9255],[7.2135,46.9297],[7.2039,46.9406],[7.2103,46.9432],[7.2089,46.9496],[7.2116,46.958],[7.2076,46.9611],[7.2007,46.9602],[7.1967,46.9647],[7.2076,46.9653],[7.208,46.9689],[7.2153,46.9683],[7.2153,46.9725],[7.2293,46.9795],[7.2357,46.9878],[7.2225,46.9944],[7.2239,46.9992],[7.218,47.0071],[7.2107,47.0053],[7.2062,47.0075],[7.2017,47.0028],[7.1572,46.9872],[7.0928,46.9773],[7.0406,46.9811],[7.0261,47.0069],[7.0347,47.0185],[7.0347,47.033],[7.0519,47.044],[7.066,47.0462],[7.0882,47.0607],[7.081,47.0677],[7.081,47.0748],[7.0778,47.077],[7.0878,47.0828],[7.0878,47.087],[7.0764,47.0973],[7.0578,47.1009],[7.0415,47.1103],[7.0292,47.1051],[7.0242,47.1135],[7.0406,47.126],[7.0315,47.1286],[7.0261,47.1254],[7.0088,47.1256],[6.9975,47.1202],[6.9494,47.1137],[6.9367,47.1099],[6.9308,47.1137],[6.9163,47.1051],[6.8673,47.0864],[6.8727,47.1041],[6.8818,47.1099],[6.8899,47.1324],[6.8618,47.1668],[6.8727,47.1752],[6.8804,47.1557],[6.8845,47.1517],[6.9072,47.1584],[6.9308,47.1708],[6.9389,47.1766],[6.9421,47.1859],[6.9526,47.1887],[6.9566,47.1819],[6.9712,47.1825],[6.978,47.1762],[6.9866,47.1778],[6.9952,47.1881],[6.997,47.1945],[7.0242,47.1971],[7.0478,47.2279],[7.0596,47.2325],[7.0574,47.2413],[7.0605,47.2441],[7.0796,47.2486],[7.0805,47.2449],[7.0855,47.2466],[7.0891,47.2383],[7.0968,47.2383],[7.1037,47.2445],[7.1123,47.2431],[7.1286,47.2464],[7.1404,47.2445],[7.1558,47.249],[7.1499,47.255],[7.144,47.257],[7.149,47.2701],[7.169,47.2759],[7.1703,47.2869],[7.1658,47.29],[7.1703,47.292],[7.1645,47.2952],[7.2103,47.296],[7.2076,47.2924],[7.2239,47.2894],[7.2425,47.2867],[7.2615,47.2885],[7.2765,47.2857],[7.3174,47.2918],[7.3328,47.3008],[7.3378,47.3072],[7.3491,47.3068],[7.3795,47.3161],[7.4126,47.3145],[7.414,47.3113],[7.4226,47.3082],[7.4489,47.3098],[7.4775,47.3082],[7.4866,47.3036],[7.4966,47.3034],[7.5311,47.3175],[7.5587,47.3237],[7.5492,47.3175],[7.5479,47.3072],[7.5397,47.3034],[7.5383,47.2982],[7.5338,47.2956],[7.522,47.2952],[7.4857,47.2847],[7.4662,47.266],[7.4417,47.2644],[7.4172,47.2534],[7.4213,47.2441],[7.3977,47.2341],[7.3763,47.2283],[7.3664,47.2222],[7.3414,47.219],[7.355,47.1929],[7.3664,47.1959],[7.3691,47.1917],[7.3791,47.1877],[7.3841,47.1817],[7.3922,47.1676],[7.3827,47.1662],[7.3836,47.162],[7.4113,47.1632],[7.4167,47.1668],[7.4194,47.1724],[7.4326,47.1772],[7.4317,47.1823],[7.4353,47.1865],[7.4426,47.1803],[7.4498,47.1833],[7.4498,47.1907],[7.4762,47.1919],[7.4762,47.1843],[7.4716,47.1825],[7.4789,47.1788],[7.4816,47.173],[7.4875,47.175],[7.4979,47.1714],[7.4907,47.1672],[7.4934,47.1646],[7.4793,47.1559],[7.4694,47.1527],[7.4557,47.1575],[7.4489,47.1563],[7.4403,47.1517],[7.4403,47.1453],[7.4272,47.1423],[7.4226,47.1369],[7.4312,47.1308],[7.4358,47.1324],[7.4344,47.1276],[7.4385,47.124],[7.4299,47.1256],[7.404,47.1188],[7.3999,47.1214],[7.3909,47.1208],[7.3877,47.127],[7.3709,47.1222],[7.3704,47.1172],[7.3909,47.0935],[7.4344,47.1019],[7.4385,47.0953],[7.434,47.0886],[7.4353,47.0844],[7.4412,47.0758],[7.4462,47.0754],[7.4694,47.0812],[7.4762,47.088],[7.4621,47.1047],[7.4616,47.1095],[7.4934,47.1182],[7.5147,47.1312],[7.5147,47.1344],[7.5238,47.1473],[7.5306,47.1501],[7.5211,47.16],[7.5356,47.1656],[7.5451,47.1614],[7.5642,47.1698],[7.5701,47.1636],[7.576,47.1656],[7.5828,47.1594],[7.5873,47.1489],[7.5932,47.1541],[7.5987,47.1527],[7.615,47.1559],[7.6363,47.1533],[7.6404,47.1547],[7.6459,47.1501],[7.6536,47.1527],[7.6522,47.163],[7.6608,47.1698],[7.674,47.1698],[7.679,47.1839],[7.6722,47.1855],[7.6753,47.1923],[7.6631,47.2022],[7.6481,47.2028],[7.6522,47.208],[7.6463,47.2164],[7.649,47.2204],[7.6395,47.2247],[7.6449,47.2267],[7.6409,47.2309],[7.6273,47.2277],[7.62,47.2303],[7.6145,47.2377],[7.5969,47.2466],[7.5987,47.2554],[7.5941,47.2675],[7.581,47.2775],[7.6145,47.2825],[7.649,47.2831],[7.6858,47.2946],[7.7012,47.2879],[7.7139,47.2749],[7.7166,47.2775],[7.7262,47.2705],[7.7257,47.2675],[7.7339,47.2602],[7.7389,47.2612],[7.7457,47.2582],[7.7579,47.2592],[7.7656,47.2679],[7.7756,47.2689],[7.7765,47.2628],[7.7865,47.2574],[7.801,47.2689],[7.8065,47.2691],[7.8078,47.2644],[7.816,47.2624],[7.826,47.267],[7.8305,47.2566],[7.8269,47.2498],[7.8292,47.2441],[7.8396,47.2361],[7.8382,47.2241],[7.8478,47.2188],[7.8496,47.212],[7.8609,47.2001],[7.8655,47.1897],[7.8773,47.1843],[7.8832,47.1752],[7.8768,47.165],[7.8773,47.1569],[7.8913,47.1421],[7.8909,47.1334],[7.8854,47.1286],[7.8705,47.1238],[7.8673,47.1178],[7.8686,47.1131],[7.8759,47.1109],[7.8741,47.0989],[7.88,47.0973],[7.8827,47.09],[7.8773,47.0716],[7.8668,47.0545],[7.8754,47.0426],[7.8827,47.0414],[7.8845,47.0346],[7.8931,47.0316],[7.8945,47.0257],[7.9018,47.0191],[7.8981,47.0137],[7.9027,47.0075],[7.9263,47.0117],[7.9335,47.0055],[7.9512,47.0081],[7.9571,47.0044],[7.9494,46.9954],[7.9535,46.9825],[7.9449,46.9783],[7.9471,46.9699],[7.9335,46.9631],[7.9331,46.9528],[7.9226,46.948],[7.9222,46.9434],[7.9131,46.9341],[7.899,46.9361],[7.8754,46.9273],[7.8682,46.9162],[7.8813,46.912],[7.8832,46.9048],[7.8741,46.8939],[7.8741,46.8911],[7.8596,46.8865],[7.8568,46.8819],[7.8582,46.8728],[7.8655,46.8708],[7.8695,46.8662],[7.8686,46.8515],[7.8782,46.8383],[7.9231,46.8212],[7.948,46.8057],[7.9548,46.7971],[7.9548,46.7925],[7.9694,46.7861],[7.9744,46.7794],[7.9857,46.7762],[7.9952,46.78],[7.9966,46.7832],[8.032,46.7915],[8.0474,46.7883],[8.0556,46.7897],[8.061,46.7877],[8.0701,46.7899],[8.0783,46.7871],[8.0905,46.7889],[8.1032,46.7748],[8.1123,46.7752],[8.13,46.768],[8.1477,46.7559],[8.1686,46.7664],[8.1731,46.7654],[8.1908,46.7716],[8.194,46.7696],[8.2089,46.7706],[8.2225,46.7623],[8.2343,46.7633],[8.2398,46.7706],[8.2607,46.7648],[8.2693,46.7555],[8.2847,46.7545],[8.3346,46.782],[8.3609,46.7842],[8.37,46.7889],[8.3782,46.7871],[8.3836,46.7816],[8.3922,46.779],[8.3977,46.7668],[8.4181,46.7754],[8.4235,46.772],[8.4476,46.7716],[8.4494,46.7644],[8.448,46.7591],[8.4399,46.7533],[8.4449,46.7481],[8.4417,46.7459],[8.4417,46.7394],[8.4508,46.7314],[8.4476,46.7282],[8.448,46.7153],[8.4544,46.7121],[8.453,46.7037],[8.4562,46.7001],[8.453,46.6898],[8.4417,46.6866],[8.4158,46.6886],[8.4131,46.6918],[8.4009,46.694],[8.399,46.6755],[8.4031,46.6699],[8.4095,46.6671],[8.4108,46.6542],[8.3995,46.6551],[8.3954,46.647],[8.3804,46.6348],[8.3732,46.6342],[8.3705,46.6301],[8.3718,46.6151],[8.3618,46.5994],[8.3646,46.5942],[8.3614,46.5875],[8.3659,46.5837],[8.3528,46.5727],[8.3519,46.5695],[8.3378,46.5624],[8.3178,46.5602],[8.3137,46.5538],[8.3051,46.5472],[8.2883,46.5441],[8.2847,46.5395],[8.2634,46.5347],[8.2593,46.5305],[8.1917,46.5241],[8.1858,46.5216],[8.1754,46.5253],[8.1754,46.5325],[8.1509,46.5331],[8.1273,46.5383],[8.1155,46.5476],[8.086,46.553],[8.0778,46.5566],[8.0619,46.5524],[8.0547,46.5572],[8.0433,46.5582],[8.0315,46.5638],[8.0156,46.5644],[7.9939,46.5576],[7.9866,46.5488],[7.9707,46.546],[7.9635,46.5379],[7.9739,46.5257],[7.9712,46.5176],[7.958,46.5102],[7.9435,46.509],[7.9358,46.5048],[7.9335,46.4993],[7.9244,46.4961],[7.9244,46.4929],[7.9163,46.4923],[7.9131,46.4881],[7.9072,46.4881],[7.8968,46.4835],[7.8709,46.4788],[7.8423,46.4784],[7.8292,46.472],[7.8264,46.468],[7.7992,46.4596],[7.7788,46.4445],[7.7665,46.4407],[7.733,46.4234],[7.723,46.422],[7.7166,46.416],[7.7107,46.415],[7.6985,46.421],[7.6944,46.426],[7.6273,46.4463],[7.6191,46.4391],[7.6105,46.4381],[7.6114,46.4298],[7.6046,46.424],[7.6,46.424],[7.6014,46.4178],[7.5969,46.4125],[7.5773,46.4182],[7.5628,46.4137],[7.5556,46.4146],[7.5356,46.4111],[7.5297,46.4015],[7.5479,46.3953],[7.5556,46.3902],[7.5424,46.3854],[7.5397,46.379],[7.5279,46.3756],[7.5079,46.377],[7.5034,46.3714],[7.4861,46.3732],[7.4866,46.3776],[7.4821,46.3854],[7.4743,46.3848],[7.4703,46.3792],[7.4644,46.3792],[7.4557,46.3838],[7.4439,46.3842],[7.439,46.3874],[7.4281,46.3818],[7.4181,46.3816],[7.404,46.3766],[7.3999,46.3776],[7.3559,46.3519],[7.3164,46.3448],[7.3087,46.3535],[7.3087,46.3597],[7.3133,46.3655],[7.3106,46.3764],[7.3001,46.3677],[7.2915,46.3683],[7.2629,46.3593],[7.2625,46.3384],[7.2552,46.3322],[7.2339,46.3278],[7.2221,46.3304]],[[7.2194,46.9255],[7.2352,46.9307],[7.2357,46.9396],[7.218,46.9345],[7.2162,46.9315],[7.2194,46.9255]],[[7.7012,47.1624],[7.6894,47.1678],[7.679,47.163],[7.6763,47.1547],[7.6912,47.1537],[7.6949,47.1594],[7.7012,47.1624]]],[[[7.5587,47.3237],[7.5324,47.3223],[7.5283,47.3239],[7.5356,47.3358],[7.5528,47.3464],[7.561,47.3438],[7.5733,47.3301],[7.5696,47.3255],[7.5587,47.3237]]],[[[7.1282,46.9189],[7.1354,46.9205],[7.1354,46.9088],[7.12,46.9016],[7.12,46.9068],[7.1141,46.912],[7.1154,46.9172],[7.1282,46.9189]]],[[[7.0837,46.8974],[7.0919,46.9052],[7.0982,46.901],[7.1037,46.9006],[7.0914,46.8929],[7.0837,46.8949],[7.0837,46.8974]]]]}},{"type":"Feature","properties":{"code":"LU","name":"Luzern"},"geometry":{"type":"MultiPolygon","coordinates":[[[[8.0474,46.7883],[8.032,46.7915],[8.0211,46.7903],[7.9966,46.7832],[7.9952,46.78],[7.9857,46.7762],[7.9744,46.7794],[7.9694,46.7861],[7.9548,46.7925],[7.9548,46.7971],[7.948,46.8057],[7.9231,46.8212],[7.8782,46.8383],[7.8686,46.8515],[7.8695,46.8662],[7.8655,46.8708],[7.8582,46.8728],[7.8568,46.8819],[7.8596,46.8865],[7.8741,46.8911],[7.8741,46.8939],[7.8832,46.9048],[7.8813,46.912],[7.8682,46.9162],[7.8754,46.9273],[7.899,46.9361],[7.9131,46.9341],[7.9222,46.9434],[7.9226,46.948],[7.9331,46.9528],[7.9335,46.9631],[7.9471,46.9699],[7.9449,46.9783],[7.9535,46.9825],[7.9494,46.9954],[7.9571,47.0044],[7.9512,47.0081],[7.9335,47.0055],[7.9263,47.0117],[7.9027,47.0075],[7.8981,47.0137],[7.9018,47.0191],[7.8945,47.0257],[7.8931,47.0316],[7.8845,47.0346],[7.8827,47.0414],[7.8754,47.0426],[7.8668,47.0545],[7.8773,47.0716],[7.8827,47.09],[7.88,47.0973],[7.8741,47.0989],[7.8759,47.1109],[7.8686,47.1131],[7.8673,47.1178],[7.8705,47.1238],[7.8854,47.1286],[7.8909,47.1334],[7.8913,47.1421],[7.8773,47.1569],[7.8768,47.165],[7.8832,47.1752],[7.8773,47.1843],[7.8655,47.1897],[7.8609,47.2001],[7.8496,47.212],[7.8478,47.2188],[7.8382,47.2241],[7.8396,47.2361],[7.8541,47.2337],[7.8682,47.2387],[7.9113,47.2451],[7.9222,47.2393],[7.9344,47.2373],[7.963,47.2554],[7.9521,47.267],[7.9503,47.2737],[7.9571,47.2783],[7.9744,47.2759],[7.988,47.2773],[7.9957,47.2827],[8.0057,47.2759],[8.0061,47.2705],[8.0179,47.2608],[8.017,47.2454],[8.0297,47.2419],[8.0524,47.2456],[8.0637,47.2486],[8.0578,47.2566],[8.0637,47.258],[8.0719,47.256],[8.0787,47.2612],[8.0887,47.264],[8.0996,47.2616],[8.1068,47.2538],[8.11,47.2456],[8.1245,47.2435],[8.174,47.2538],[8.1803,47.2518],[8.1813,47.2466],[8.1767,47.2419],[8.1627,47.2419],[8.1568,47.2393],[8.1627,47.2367],[8.164,47.2319],[8.1754,47.2289],[8.1767,47.2232],[8.1867,47.2236],[8.1944,47.2277],[8.2058,47.2273],[8.2039,47.2313],[8.2053,47.2441],[8.2089,47.2486],[8.2203,47.2534],[8.2294,47.2747],[8.2416,47.2737],[8.2434,47.2801],[8.2493,47.2825],[8.2511,47.2873],[8.2607,47.2883],[8.2629,47.2837],[8.2797,47.2835],[8.301,47.2727],[8.2951,47.2673],[8.297,47.2608],[8.301,47.2544],[8.306,47.2538],[8.3124,47.2466],[8.3183,47.2261],[8.3215,47.2226],[8.3206,47.2168],[8.3265,47.2158],[8.3314,47.1985],[8.3382,47.1907],[8.3396,47.1794],[8.3487,47.1658],[8.3591,47.1579],[8.3632,47.1473],[8.3759,47.1443],[8.3773,47.1405],[8.4081,47.1391],[8.4127,47.1417],[8.4176,47.1318],[8.4154,47.1276],[8.4186,47.1238],[8.4508,47.1308],[8.4553,47.115],[8.4671,47.1186],[8.4816,47.1276],[8.4943,47.115],[8.4939,47.1015],[8.4771,47.1073],[8.4762,47.1125],[8.4653,47.1121],[8.4512,47.1156],[8.4412,47.1119],[8.4381,47.1073],[8.4245,47.1047],[8.4104,47.0941],[8.4118,47.087],[8.4077,47.0806],[8.39,47.0716],[8.3918,47.0625],[8.4013,47.0609],[8.4308,47.0665],[8.4422,47.0645],[8.4471,47.0593],[8.4648,47.0497],[8.4707,47.0487],[8.5016,47.0259],[8.5147,47.0231],[8.5147,47.0137],[8.5102,47.0055],[8.4843,46.9978],[8.4694,46.9976],[8.4703,47.0105],[8.429,47.0185],[8.4272,46.9992],[8.3972,47.002],[8.3868,46.9996],[8.3845,47.0191],[8.3696,47.0211],[8.3355,46.9904],[8.3201,47.0008],[8.2951,46.9992],[8.2897,46.996],[8.2793,46.9992],[8.2666,46.9996],[8.2561,46.9954],[8.2452,46.9872],[8.2389,46.993],[8.2289,46.994],[8.2194,46.9815],[8.2294,46.9745],[8.2294,46.9711],[8.2026,46.9683],[8.1881,46.9731],[8.1649,46.9657],[8.1509,46.959],[8.1522,46.9542],[8.1654,46.9402],[8.1363,46.9241],[8.1236,46.911],[8.1123,46.8939],[8.1082,46.8962],[8.1068,46.9026],[8.1096,46.9094],[8.0955,46.9132],[8.0896,46.9104],[8.0837,46.9004],[8.0705,46.8968],[8.0674,46.8891],[8.0724,46.8749],[8.0665,46.8682],[8.066,46.8598],[8.0606,46.8598],[8.0601,46.8546],[8.051,46.8463],[8.0465,46.8453],[8.0433,46.8379],[8.0656,46.8092],[8.0646,46.8041],[8.056,46.8003],[8.0578,46.7955],[8.0474,46.7883]]]]}},{"type":"Feature","properties":{"code":"UR","name":"Uri"},"geometry":{"type":"MultiPolygon","coordinates":[[[[8.4789,46.5289],[8.473,46.5305],[8.4648,46.5369],[8.4589,46.5347],[8.4485,46.5369],[8.4294,46.5452],[8.4181,46.5723],[8.4108,46.5785],[8.4072,46.5869],[8.4108,46.5974],[8.4081,46.6008],[8.4167,46.6082],[8.4213,46.6171],[8.4226,46.649],[8.419,46.6536],[8.4108,46.6542],[8.4095,46.6671],[8.4031,46.6699],[8.399,46.6755],[8.4009,46.694],[8.4131,46.6918],[8.4158,46.6886],[8.4417,46.6866],[8.453,46.6898],[8.4562,46.7001],[8.453,46.7037],[8.4544,46.7121],[8.448,46.7153],[8.4476,46.7282],[8.4508,46.7314],[8.4417,46.7394],[8.4417,46.7459],[8.4449,46.7481],[8.4399,46.7533],[8.448,46.7591],[8.4494,46.7644],[8.4617,46.7704],[8.4812,46.7696],[8.4925,46.7738],[8.4898,46.782],[8.4798,46.7903],[8.4821,46.7997],[8.4739,46.7967],[8.4648,46.8019],[8.4735,46.8005],[8.4843,46.8061],[8.4843,46.8098],[8.4794,46.8138],[8.4848,46.8212],[8.4848,46.8276],[8.4916,46.8379],[8.502,46.8405],[8.5079,46.8469],[8.4993,46.8542],[8.4898,46.8546],[8.4812,46.8586],[8.4716,46.8562],[8.4685,46.862],[8.4726,46.8688],[8.4685,46.8753],[8.4798,46.8839],[8.4685,46.8988],[8.4589,46.8996],[8.4648,46.9058],[8.4821,46.9098],[8.4871,46.9197],[8.4993,46.9199],[8.5043,46.9158],[8.5202,46.9213],[8.5206,46.9241],[8.532,46.9245],[8.5451,46.9291],[8.5488,46.9355],[8.5456,46.9406],[8.5574,46.9406],[8.556,46.9643],[8.561,46.9669],[8.5628,46.9741],[8.5683,46.9757],[8.5755,46.984],[8.5724,46.9914],[8.5837,46.9946],[8.6037,46.9882],[8.6023,46.9763],[8.6055,46.9532],[8.6246,46.9538],[8.6286,46.9512],[8.6468,46.9502],[8.6699,46.9454],[8.6917,46.948],[8.6976,46.9444],[8.7012,46.9339],[8.6976,46.9299],[8.7008,46.9241],[8.708,46.9187],[8.7216,46.9215],[8.7298,46.9297],[8.7716,46.9428],[8.7788,46.9345],[8.7929,46.9319],[8.7974,46.9371],[8.8115,46.9428],[8.8151,46.9396],[8.8278,46.9371],[8.831,46.9329],[8.8283,46.9205],[8.8373,46.909],[8.8496,46.914],[8.8491,46.8923],[8.8541,46.8865],[8.8628,46.8929],[8.8623,46.8958],[8.875,46.8962],[8.8895,46.9038],[8.8959,46.9042],[8.9054,46.9098],[8.9086,46.9088],[8.9363,46.9209],[8.9444,46.9074],[8.9535,46.8994],[8.9585,46.8891],[8.9571,46.8765],[8.9435,46.8724],[8.9344,46.8666],[8.9172,46.8614],[8.9099,46.862],[8.8968,46.8509],[8.8736,46.8431],[8.875,46.8363],[8.8827,46.8301],[8.8809,46.8212],[8.8768,46.817],[8.8782,46.814],[8.8705,46.8077],[8.8609,46.8071],[8.8537,46.8009],[8.8482,46.7993],[8.8491,46.7945],[8.8351,46.7963],[8.8287,46.7935],[8.8278,46.7883],[8.8315,46.7722],[8.8351,46.768],[8.8324,46.7654],[8.8265,46.767],[8.8197,46.7639],[8.811,46.7461],[8.8142,46.7384],[8.8001,46.7326],[8.7829,46.7294],[8.7707,46.7455],[8.7675,46.7461],[8.7484,46.7372],[8.7452,46.73],[8.7502,46.722],[8.7285,46.7085],[8.7185,46.7073],[8.7185,46.7037],[8.7103,46.7001],[8.7012,46.7047],[8.6935,46.7031],[8.6876,46.6954],[8.6817,46.6964],[8.6754,46.6934],[8.6749,46.6721],[8.6795,46.6655],[8.6667,46.6573],[8.6622,46.6573],[8.6554,46.651],[8.659,46.649],[8.6586,46.6428],[8.6522,46.6352],[8.6577,46.6327],[8.659,46.6275],[8.669,46.6213],[8.6776,46.6213],[8.6808,46.6062],[8.6776,46.6004],[8.6817,46.5962],[8.6831,46.5898],[8.6795,46.5805],[8.6608,46.5749],[8.6586,46.5701],[8.6413,46.5654],[8.6318,46.567],[8.6304,46.5749],[8.6209,46.5795],[8.6118,46.5759],[8.5914,46.5747],[8.5824,46.5781],[8.5746,46.5849],[8.5542,46.5817],[8.5397,46.5875],[8.5279,46.5833],[8.5225,46.5785],[8.522,46.5681],[8.5147,46.5614],[8.5157,46.5524],[8.5216,46.5437],[8.5202,46.5399],[8.4839,46.5337],[8.4789,46.5289]]]]}},{"type":"Feature","properties":{"code":"SZ","name":"Schwyz"},"geometry":{"type":"MultiPolygon","coordinates":[[[[8.9363,46.9209],[8.9086,46.9088],[8.9054,46.9098],[8.8959,46.9042],[8.8895,46.9038],[8.875,46.8962],[8.8623,46.8958],[8.8628,46.8929],[8.8541,46.8865],[8.8491,46.8923],[8.8496,46.914],[8.8373,46.909],[8.8283,46.9205],[8.831,46.9329],[8.8278,46.9371],[8.8151,46.9396],[8.8115,46.9428],[8.7974,46.9371],[8.7929,46.9319],[8.7788,46.9345],[8.7716,46.9428],[8.7298,46.9297],[8.7216,46.9215],[8.708,46.9187],[8.7008,46.9241],[8.6976,46.9299],[8.7012,46.9339],[8.6976,46.9444],[8.6917,46.948],[8.6699,46.9454],[8.6468,46.9502],[8.6286,46.9512],[8.6246,46.9538],[8.6055,46.9532],[8.6023,46.9763],[8.6037,46.9882],[8.5978,46.9914],[8.5837,46.9946],[8.5433,46.9809],[8.5202,46.9809],[8.4975,46.9777],[8.4657,46.9856],[8.4694,46.9976],[8.4843,46.9978],[8.5102,47.0055],[8.5147,47.0137],[8.5147,47.0231],[8.5016,47.0259],[8.4707,47.0487],[8.4648,47.0497],[8.4471,47.0593],[8.4422,47.0645],[8.4308,47.0665],[8.4013,47.0609],[8.3918,47.0625],[8.39,47.0716],[8.4077,47.0806],[8.4118,47.087],[8.4104,47.0941],[8.4245,47.1047],[8.4381,47.1073],[8.4412,47.1119],[8.4512,47.1156],[8.4653,47.1121],[8.4762,47.1125],[8.4771,47.1073],[8.5225,47.0912],[8.5633,47.0951],[8.566,47.0822],[8.5914,47.0878],[8.5973,47.0925],[8.6087,47.0931],[8.6128,47.0963],[8.6377,47.0947],[8.6459,47.0969],[8.6468,47.1009],[8.6613,47.1131],[8.6608,47.116],[8.6726,47.1172],[8.6726,47.1204],[8.6867,47.1322],[8.6858,47.1433],[8.6917,47.1491],[8.7017,47.1527],[8.6994,47.1537],[8.6967,47.1642],[8.6935,47.1646],[8.6926,47.1704],[8.6872,47.1726],[8.6813,47.1803],[8.6817,47.1851],[8.689,47.1897],[8.6953,47.1975],[8.7012,47.1985],[8.704,47.2028],[8.7099,47.2022],[8.7416,47.2128],[8.7942,47.2237],[8.8092,47.2216],[8.8228,47.2128],[8.8387,47.2096],[8.9426,47.2194],[8.9558,47.2174],[8.9689,47.219],[8.9753,47.2142],[8.9703,47.2122],[8.9667,47.1995],[8.9585,47.2007],[8.963,47.1807],[8.9717,47.1801],[8.9816,47.1845],[8.993,47.1819],[9.0061,47.1746],[8.9939,47.165],[8.968,47.1379],[8.9703,47.1312],[8.9662,47.1234],[8.9748,47.1162],[8.9703,47.1099],[8.9717,47.1051],[8.9608,47.1015],[8.9549,47.0925],[8.9744,47.086],[8.9658,47.079],[8.9499,47.0577],[8.9494,47.0507],[8.9245,47.04],[8.9154,47.041],[8.9013,47.0384],[8.9045,47.0284],[8.8941,47.0249],[8.9118,47.0185],[8.9127,47.0097],[8.9304,46.9976],[8.9331,46.9924],[8.9417,46.986],[8.9331,46.9834],[8.9467,46.9683],[8.9726,46.96],[8.963,46.9544],[8.9621,46.9486],[8.9558,46.9402],[8.9635,46.9277],[8.9494,46.9267],[8.9363,46.9209]]]]}},{"type":"Feature","properties":{"code":"OW","name":"Obwalden"},"geometry":{"type":"MultiPolygon","coordinates":[[[[8.37,46.7889],[8.3609,46.7842],[8.3346,46.782],[8.2847,46.7545],[8.2693,46.7555],[8.2607,46.7648],[8.2398,46.7706],[8.2343,46.7633],[8.2225,46.7623],[8.2089,46.7706],[8.194,46.7696],[8.1908,46.7716],[8.1731,46.7654],[8.1686,46.7664],[8.1477,46.7559],[8.13,46.768],[8.1123,46.7752],[8.1032,46.7748],[8.0905,46.7889],[8.0783,46.7871],[8.0701,46.7899],[8.061,46.7877],[8.0556,46.7897],[8.0474,46.7883],[8.0578,46.7955],[8.056,46.8003],[8.0646,46.8041],[8.0656,46.8092],[8.0433,46.8379],[8.0465,46.8453],[8.051,46.8463],[8.0601,46.8546],[8.0606,46.8598],[8.066,46.8598],[8.0665,46.8682],[8.0724,46.8749],[8.0674,46.8891],[8.0705,46.8968],[8.0837,46.9004],[8.0896,46.9104],[8.0955,46.9132],[8.1096,46.9094],[8.1068,46.9026],[8.1082,46.8962],[8.1123,46.8939],[8.1236,46.911],[8.1363,46.9241],[8.1654,46.9402],[8.1522,46.9542],[8.1509,46.959],[8.1881,46.9731],[8.2026,46.9683],[8.2294,46.9711],[8.2294,46.9745],[8.2452,46.9757],[8.2548,46.9815],[8.2897,46.9773],[8.301,46.9787],[8.3078,46.9773],[8.3119,46.9701],[8.3069,46.957],[8.311,46.9534],[8.3033,46.95],[8.2924,46.9408],[8.2892,46.9351],[8.3115,46.9255],[8.3387,46.9307],[8.3419,46.9281],[8.3396,46.9197],[8.3441,46.9162],[8.3373,46.9042],[8.3396,46.8962],[8.3382,46.8907],[8.3296,46.8791],[8.3301,46.8728],[8.3346,46.8698],[8.3355,46.8624],[8.3292,46.8483],[8.336,46.8347],[8.3355,46.8286],[8.3237,46.8232],[8.3269,46.816],[8.3455,46.8013],[8.3632,46.7945],[8.37,46.7889]]],[[[8.4494,46.7644],[8.4476,46.7716],[8.4235,46.772],[8.4181,46.7754],[8.3977,46.7668],[8.3959,46.7726],[8.4176,46.7796],[8.4276,46.7758],[8.4263,46.782],[8.4208,46.7903],[8.409,46.7919],[8.3859,46.8051],[8.3891,46.8138],[8.375,46.8176],[8.3782,46.8234],[8.3718,46.8359],[8.3718,46.8608],[8.3646,46.8608],[8.3646,46.8686],[8.37,46.8686],[8.3732,46.8755],[8.3804,46.8755],[8.385,46.8676],[8.3773,46.8608],[8.3759,46.8493],[8.3818,46.8578],[8.385,46.8556],[8.3995,46.866],[8.4072,46.8666],[8.4136,46.8712],[8.4195,46.864],[8.4204,46.8534],[8.4308,46.8515],[8.4399,46.8546],[8.4812,46.8586],[8.4898,46.8546],[8.4993,46.8542],[8.5079,46.8469],[8.502,46.8405],[8.4916,46.8379],[8.4848,46.8276],[8.4848,46.8212],[8.4794,46.8138],[8.4843,46.8098],[8.4843,46.8061],[8.4735,46.8005],[8.4648,46.8019],[8.4739,46.7967],[8.4821,46.7997],[8.4798,46.7903],[8.4898,46.782],[8.4925,46.7738],[8.4812,46.7696],[8.4617,46.7704],[8.4494,46.7644]]]]}},{"type":"Feature","properties":{"code":"NW","name":"Nidwalden"},"geometry":{"type":"MultiPolygon","coordinates":[[[[8.3959,46.7726],[8.3922,46.779],[8.3836,46.7816],[8.3782,46.7871],[8.37,46.7889],[8.3632,46.7945],[8.3455,46.8013],[8.3269,46.816],[8.3237,46.8232],[8.3355,46.8286],[8.336,46.8347],[8.3292,46.8483],[8.3355,46.8624],[8.3346,46.8698],[8.3301,46.8728],[8.3296,46.8791],[8.3382,46.8907],[8.3396,46.8962],[8.3373,46.9042],[8.3441,46.9162],[8.3396,46.9197],[8.3419,46.9281],[8.3387,46.9307],[8.3115,46.9255],[8.2892,46.9351],[8.2924,46.9408],[8.3033,46.95],[8.311,46.9534],[8.3069,46.957],[8.3119,46.9701],[8.3078,46.9773],[8.2548,46.9815],[8.2452,46.9757],[8.2294,46.9745],[8.2194,46.9815],[8.2289,46.994],[8.2389,46.993],[8.2452,46.9872],[8.2561,46.9954],[8.2666,46.9996],[8.2793,46.9992],[8.2897,46.996],[8.2951,46.9992],[8.3201,47.0008],[8.3355,46.9904],[8.3696,47.0211],[8.3845,47.0191],[8.3868,46.9996],[8.3972,47.002],[8.4272,46.9992],[8.429,47.0185],[8.4703,47.0105],[8.4657,46.9856],[8.4975,46.9777],[8.5202,46.9809],[8.5433,46.9809],[8.5724,46.9914],[8.5755,46.984],[8.5683,46.9757],[8.5628,46.9741],[8.561,46.9669],[8.556,46.9643],[8.5574,46.9406],[8.5456,46.9406],[8.5488,46.9355],[8.5451,46.9291],[8.532,46.9245],[8.5206,46.9241],[8.5202,46.9213],[8.5043,46.9158],[8.4993,46.9199],[8.4871,46.9197],[8.4821,46.9098],[8.4648,46.9058],[8.4589,46.8996],[8.4685,46.8988],[8.4798,46.8839],[8.4685,46.8753],[8.4726,46.8688],[8.4685,46.862],[8.4716,46.8562],[8.4399,46.8546],[8.4308,46.8515],[8.4204,46.8534],[8.4195,46.864],[8.4136,46.8712],[8.4072,46.8666],[8.3995,46.866],[8.385,46.8556],[8.3818,46.8578],[8.3759,46.8493],[8.3773,46.8608],[8.385,46.8676],[8.3804,46.8755],[8.3732,46.8755],[8.37,46.8686],[8.3646,46.8686],[8.3646,46.8608],[8.3718,46.8608],[8.3718,46.8359],[8.3782,46.8234],[8.375,46.8176],[8.3891,46.8138],[8.3859,46.8051],[8.409,46.7919],[8.4208,46.7903],[8.4263,46.782],[8.4276,46.7758],[8.4176,46.7796],[8.3959,46.7726]]]]}},{"type":"Feature","properties":{"code":"GL","name":"Glarus"},"geometry":{"type":"MultiPolygon","coordinates":[[[[8.8782,46.814],[8.8768,46.817],[8.8809,46.8212],[8.8827,46.8301],[8.875,46.8363],[8.8736,46.8431],[8.8968,46.8509],[8.9099,46.862],[8.9172,46.8614],[8.9344,46.8666],[8.9435,46.8724],[8.9571,46.8765],[8.9585,46.8891],[8.9535,46.8994],[8.9444,46.9074],[8.9363,46.9209],[8.9494,46.9267],[8.9635,46.9277],[8.9558,46.9402],[8.9621,46.9486],[8.963,46.9544],[8.9726,46.96],[8.9467,46.9683],[8.9331,46.9834],[8.9417,46.986],[8.9331,46.9924],[8.9304,46.9976],[8.9127,47.0097],[8.9118,47.0185],[8.8941,47.0249],[8.9045,47.0284],[8.9013,47.0384],[8.9154,47.041],[8.9245,47.04],[8.9494,47.0507],[8.9499,47.0577],[8.9658,47.079],[8.9744,47.086],[8.9549,47.0925],[8.9608,47.1015],[8.9717,47.1051],[8.9703,47.1099],[8.9748,47.1162],[8.9662,47.1234],[8.9703,47.1312],[8.968,47.1379],[8.9939,47.165],[9.0061,47.1746],[9.0093,47.1736],[9.0697,47.1312],[9.1032,47.1344],[9.11,47.1324],[9.1373,47.1334],[9.1913,47.125],[9.1913,47.1109],[9.1872,47.0983],[9.1908,47.0922],[9.1926,47.0738],[9.1849,47.0607],[9.169,47.0509],[9.1545,47.0484],[9.1391,47.0404],[9.169,47.0278],[9.1754,47.03],[9.1813,47.0272],[9.208,47.0368],[9.2207,47.0342],[9.2312,47.0268],[9.2375,47.0253],[9.2434,47.0169],[9.2434,47.0101],[9.2507,46.9986],[9.2443,46.983],[9.2475,46.9799],[9.2439,46.9663],[9.2475,46.9602],[9.238,46.9558],[9.2375,46.946],[9.2403,46.9406],[9.2516,46.9359],[9.2534,46.9283],[9.2498,46.9173],[9.2407,46.909],[9.2271,46.9068],[9.2235,46.9004],[9.2008,46.8817],[9.1894,46.8775],[9.1541,46.8811],[9.1577,46.8749],[9.1495,46.8734],[9.1418,46.863],[9.1137,46.8518],[9.1055,46.8536],[9.1046,46.8608],[9.091,46.873],[9.0774,46.8765],[9.0656,46.8765],[9.0556,46.8694],[9.0465,46.8666],[9.0452,46.8566],[9.0474,46.8518],[9.0402,46.8483],[9.0343,46.8395],[9.0352,46.8363],[9.0279,46.8311],[9.0211,46.8186],[9.0102,46.8124],[8.9544,46.8061],[8.9304,46.7987],[8.9177,46.7999],[8.9145,46.8035],[8.9154,46.8124],[8.909,46.8112],[8.8995,46.8154],[8.8782,46.814]]]]}},{"type":"Feature","properties":{"code":"ZG","name":"Zug"},"geometry":{"type":"MultiPolygon","coordinates":[[[[8.4939,47.1015],[8.4943,47.115],[8.4816,47.1276],[8.4671,47.1186],[8.4553,47.115],[8.4508,47.1308],[8.4186,47.1238],[8.4154,47.1276],[8.4176,47.1318],[8.4127,47.1417],[8.4158,47.1453],[8.4127,47.1559],[8.4163,47.1594],[8.4163,47.1668],[8.4108,47.1762],[8.4031,47.1782],[8.4013,47.1839],[8.4022,47.1913],[8.4063,47.1951],[8.4013,47.2084],[8.4018,47.2162],[8.3977,47.2206],[8.3972,47.2303],[8.4072,47.2381],[8.4108,47.2496],[8.4176,47.2423],[8.419,47.2273],[8.4222,47.2247],[8.4417,47.2263],[8.4485,47.2212],[8.4571,47.22],[8.4626,47.2148],[8.468,47.2154],[8.4853,47.2096],[8.4902,47.2122],[8.5034,47.2132],[8.5138,47.2174],[8.5138,47.2206],[8.5329,47.219],[8.5338,47.2232],[8.5551,47.2245],[8.5606,47.221],[8.5842,47.219],[8.5833,47.2122],[8.5955,47.2132],[8.5982,47.2106],[8.5996,47.2028],[8.6069,47.2064],[8.6168,47.2001],[8.6214,47.1887],[8.6291,47.1801],[8.6264,47.1736],[8.6409,47.1726],[8.6432,47.17],[8.6531,47.1724],[8.6613,47.1714],[8.6618,47.162],[8.6763,47.1608],[8.6967,47.1642],[8.6994,47.1537],[8.7017,47.1527],[8.6917,47.1491],[8.6858,47.1433],[8.6867,47.1322],[8.6726,47.1204],[8.6726,47.1172],[8.6608,47.116],[8.6613,47.1131],[8.6468,47.1009],[8.6459,47.0969],[8.6377,47.0947],[8.6128,47.0963],[8.6087,47.0931],[8.5973,47.0925],[8.5914,47.0878],[8.566,47.0822],[8.5633,47.0951],[8.5225,47.0912],[8.4939,47.1015]]]]}},{"type":"Feature","properties":{"code":"FR","name":"Fribourg"},"geometry":{"type":"MultiPolygon","coordinates":[[[[7.238,46.555],[7.2262,46.5502],[7.208,46.5341],[7.2017,46.5431],[7.193,46.5476],[7.1831,46.5395],[7.1599,46.5279],[7.149,46.5295],[7.1413,46.5212],[7.1372,46.5096],[7.1236,46.5001],[7.1109,46.4961],[7.1064,46.4903],[7.0896,46.4881],[7.0782,46.4899],[7.0733,46.4877],[7.0664,46.4903],[7.0401,46.4762],[7.0206,46.4606],[7.0188,46.4485],[6.9961,46.4407],[6.9843,46.4397],[6.9929,46.4501],[6.9798,46.4622],[6.9789,46.4746],[6.9816,46.4766],[6.9743,46.4819],[6.973,46.4923],[6.9657,46.4945],[6.9553,46.5032],[6.934,46.5028],[6.9262,46.509],[6.9017,46.5144],[6.8963,46.509],[6.8986,46.5158],[6.8972,46.5216],[6.8831,46.5142],[6.8654,46.4997],[6.8632,46.4951],[6.8487,46.4949],[6.8328,46.5064],[6.8314,46.5132],[6.8251,46.5132],[6.8114,46.5263],[6.8214,46.5403],[6.8287,46.5441],[6.8255,46.5393],[6.8414,46.5393],[6.8532,46.5429],[6.8605,46.5373],[6.8591,46.5321],[6.8877,46.5582],[6.9031,46.5624],[6.899,46.5717],[6.889,46.5687],[6.885,46.563],[6.8804,46.5681],[6.875,46.566],[6.8686,46.5765],[6.8473,46.5853],[6.8355,46.5765],[6.8251,46.5785],[6.8214,46.5847],[6.8151,46.5869],[6.8142,46.5795],[6.7951,46.5765],[6.7997,46.5837],[6.7992,46.601],[6.8024,46.602],[6.8042,46.6104],[6.8037,46.6223],[6.801,46.6313],[6.7978,46.6338],[6.8042,46.6468],[6.7997,46.649],[6.8078,46.652],[6.8187,46.649],[6.8269,46.6599],[6.8341,46.6635],[6.8446,46.6619],[6.8432,46.6603],[6.8546,46.6567],[6.8605,46.6611],[6.8691,46.6619],[6.8654,46.6661],[6.8727,46.6745],[6.8645,46.678],[6.8632,46.6822],[6.8691,46.687],[6.8741,46.6844],[6.8818,46.6912],[6.8904,46.695],[6.8949,46.7023],[6.8931,46.7037],[6.9049,46.7153],[6.9181,46.7201],[6.9308,46.7314],[6.9421,46.7465],[6.9317,46.7555],[6.9222,46.7527],[6.9181,46.7555],[6.9095,46.7559],[6.909,46.7585],[6.9149,46.7639],[6.9208,46.7611],[6.9362,46.7728],[6.9326,46.7764],[6.9394,46.7826],[6.9467,46.7858],[6.9507,46.7838],[6.958,46.7889],[6.9566,46.7945],[6.9671,46.8039],[6.9585,46.8124],[6.9585,46.8206],[6.9657,46.8296],[6.973,46.825],[6.9857,46.8232],[6.9929,46.8317],[6.987,46.8359],[6.9898,46.8447],[6.9825,46.8469],[6.9784,46.8511],[6.9816,46.8592],[6.978,46.8618],[6.9798,46.867],[6.9898,46.8745],[6.9743,46.8885],[6.9585,46.8827],[6.9703,46.8686],[6.9653,46.8666],[6.9467,46.8843],[6.9421,46.8855],[6.9394,46.8911],[6.9249,46.8949],[6.9303,46.9014],[6.8972,46.9267],[6.9294,46.9538],[6.9698,46.9245],[6.9752,46.9225],[6.9789,46.9245],[6.9884,46.9193],[6.9825,46.9148],[6.9816,46.9106],[7.0102,46.8901],[6.9943,46.8801],[7.0011,46.8753],[7.0088,46.8743],[7.0161,46.8781],[7.017,46.8819],[7.022,46.8777],[7.0365,46.8743],[7.0306,46.8676],[7.0379,46.8594],[7.0306,46.854],[7.0306,46.8511],[7.0374,46.8469],[7.0433,46.8483],[7.071,46.8734],[7.0696,46.8775],[7.0624,46.8807],[7.0624,46.8849],[7.0837,46.8974],[7.0837,46.8949],[7.0914,46.8929],[7.1037,46.9006],[7.0982,46.901],[7.0919,46.9052],[7.0587,46.9396],[7.0624,46.9434],[7.0605,46.957],[7.0578,46.961],[7.0633,46.9725],[7.0519,46.9787],[7.0406,46.9811],[7.0928,46.9773],[7.1572,46.9872],[7.2017,47.0028],[7.2062,47.0075],[7.2107,47.0053],[7.218,47.0071],[7.2239,46.9992],[7.2225,46.9944],[7.2357,46.9878],[7.2293,46.9795],[7.2153,46.9725],[7.2153,46.9683],[7.208,46.9689],[7.2076,46.9653],[7.1967,46.9647],[7.2007,46.9602],[7.2076,46.9611],[7.2116,46.958],[7.2089,46.9496],[7.2103,46.9432],[7.2039,46.9406],[7.2135,46.9297],[7.2076,46.9255],[7.2066,46.9162],[7.2089,46.9104],[7.1894,46.9022],[7.1962,46.9],[7.2007,46.9036],[7.2135,46.903],[7.218,46.8984],[7.2225,46.9032],[7.2298,46.9048],[7.2384,46.8994],[7.2452,46.9016],[7.2625,46.8984],[7.267,46.8949],[7.2829,46.8907],[7.2874,46.8939],[7.296,46.8953],[7.3119,46.8927],[7.3278,46.8949],[7.3537,46.8885],[7.3532,46.8775],[7.3591,46.8702],[7.3596,46.8636],[7.3505,46.8546],[7.3391,46.8509],[7.3346,46.8536],[7.3273,46.8526],[7.3233,46.856],[7.3314,46.8592],[7.3246,46.862],[7.3133,46.862],[7.3128,46.8566],[7.3028,46.8534],[7.3083,46.8483],[7.3242,46.8417],[7.3305,46.8363],[7.3305,46.8307],[7.3205,46.828],[7.3214,46.817],[7.3115,46.8092],[7.3078,46.7989],[7.3019,46.7941],[7.3056,46.7846],[7.2924,46.7746],[7.2969,46.7664],[7.3042,46.7613],[7.3047,46.7471],[7.2988,46.7414],[7.2974,46.7278],[7.3087,46.7185],[7.3301,46.7175],[7.3496,46.7137],[7.3505,46.7069],[7.3478,46.7001],[7.3636,46.7005],[7.3691,46.6938],[7.3777,46.6938],[7.3809,46.6912],[7.3768,46.689],[7.3782,46.6846],[7.3736,46.6808],[7.3768,46.6761],[7.3704,46.6567],[7.3782,46.6577],[7.3591,46.6448],[7.3509,46.6496],[7.3509,46.6532],[7.3459,46.6567],[7.3219,46.6557],[7.3305,46.6428],[7.3233,46.6386],[7.3142,46.6376],[7.3133,46.6229],[7.3187,46.6197],[7.3155,46.6016],[7.3214,46.593],[7.3133,46.5904],[7.3087,46.5827],[7.2988,46.5805],[7.2824,46.5853],[7.2684,46.5749],[7.2556,46.5612],[7.238,46.555]],[[7.1282,46.9189],[7.1154,46.9172],[7.1141,46.912],[7.12,46.9068],[7.12,46.9016],[7.1354,46.9088],[7.1354,46.9205],[7.1282,46.9189]]],[[[6.8664,46.9106],[6.8904,46.8895],[6.9076,46.8797],[6.9117,46.8817],[6.9217,46.8724],[6.9122,46.8682],[6.9104,46.8708],[6.8922,46.8662],[6.8972,46.8624],[6.9135,46.8672],[6.9317,46.8546],[6.9208,46.8495],[6.9076,46.8353],[6.9058,46.8264],[6.9117,46.8138],[6.9058,46.8067],[6.9122,46.8045],[6.9208,46.8118],[6.9326,46.8057],[6.9217,46.7977],[6.9167,46.7897],[6.9181,46.7858],[6.9117,46.781],[6.9076,46.7852],[6.8949,46.7784],[6.8804,46.7764],[6.8645,46.782],[6.8641,46.7852],[6.8591,46.7893],[6.8432,46.7804],[6.84,46.782],[6.8341,46.7758],[6.8242,46.7764],[6.8056,46.7867],[6.7983,46.7842],[6.7838,46.7945],[6.7779,46.7903],[6.7792,46.7951],[6.7883,46.8009],[6.7851,46.8045],[6.7797,46.8019],[6.7429,46.8286],[6.8664,46.9106]]],[[[6.8124,46.7292],[6.7938,46.7268],[6.7883,46.7298],[6.7938,46.7368],[6.7983,46.7352],[6.8169,46.7394],[6.8155,46.742],[6.8314,46.7549],[6.8296,46.7569],[6.8459,46.767],[6.85,46.7764],[6.8831,46.7511],[6.8664,46.7342],[6.8686,46.7298],[6.8654,46.7262],[6.8473,46.7288],[6.8328,46.7362],[6.8183,46.7346],[6.8124,46.7292]]],[[[6.7506,46.735],[6.7697,46.7465],[6.7738,46.7527],[6.7865,46.7491],[6.7838,46.734],[6.7711,46.722],[6.7634,46.7185],[6.7593,46.7268],[6.7502,46.7314],[6.7506,46.735]]],[[[7.2194,46.9255],[7.2162,46.9315],[7.218,46.9345],[7.2357,46.9396],[7.2352,46.9307],[7.2194,46.9255]]]]}},{"type":"Feature","properties":{"code":"SO","name":"Solothurn"},"geometry":{"type":"MultiPolygon","coordinates":[[[[7.5587,47.3237],[7.5696,47.3255],[7.5733,47.3301],[7.561,47.3438],[7.5397,47.349],[7.542,47.3561],[7.5406,47.3615],[7.5247,47.3655],[7.5247,47.3735],[7.488,47.3709],[7.4802,47.3729],[7.4621,47.3719],[7.4385,47.3822],[7.4399,47.3874],[7.4444,47.3902],[7.4417,47.4015],[7.4512,47.4011],[7.4503,47.4053],[7.4585,47.4025],[7.478,47.4027],[7.478,47.3932],[7.4816,47.3902],[7.492,47.3866],[7.5047,47.3866],[7.5106,47.3902],[7.5193,47.3896],[7.532,47.4043],[7.5261,47.4131],[7.5819,47.4161],[7.5701,47.422],[7.5683,47.4262],[7.5701,47.4382],[7.5796,47.4362],[7.5823,47.4302],[7.5932,47.434],[7.6032,47.4324],[7.6164,47.434],[7.6173,47.4465],[7.6232,47.4585],[7.6232,47.4633],[7.6273,47.4643],[7.62,47.4688],[7.6055,47.472],[7.6087,47.4764],[7.6077,47.4907],[7.6418,47.4842],[7.6567,47.4887],[7.649,47.4929],[7.6531,47.4971],[7.6667,47.4981],[7.6663,47.4929],[7.6695,47.4873],[7.7008,47.482],[7.7107,47.4706],[7.7008,47.4633],[7.6994,47.4565],[7.6958,47.4563],[7.6858,47.4487],[7.684,47.4402],[7.6871,47.435],[7.6808,47.4189],[7.6649,47.4115],[7.6336,47.4115],[7.6377,47.3874],[7.6363,47.3818],[7.6422,47.3818],[7.6454,47.3683],[7.703,47.3739],[7.7275,47.3703],[7.7434,47.351],[7.7548,47.3446],[7.7675,47.3442],[7.7702,47.34],[7.7947,47.3404],[7.7965,47.3526],[7.8033,47.3625],[7.8337,47.3677],[7.8378,47.3739],[7.8509,47.3796],[7.8636,47.3834],[7.8695,47.3824],[7.88,47.3864],[7.8773,47.3918],[7.87,47.397],[7.8786,47.4025],[7.8845,47.4025],[7.8845,47.4073],[7.8913,47.4083],[7.9018,47.4021],[7.9049,47.4037],[7.9108,47.3999],[7.9335,47.4067],[7.9358,47.4131],[7.963,47.423],[7.9512,47.433],[7.948,47.4469],[7.9594,47.4539],[7.9576,47.4565],[7.9689,47.4639],[7.9748,47.4607],[7.9762,47.4533],[7.9821,47.4501],[7.988,47.4292],[7.9639,47.4234],[7.983,47.4151],[7.9898,47.4153],[7.9925,47.4125],[8.0084,47.4079],[8.0125,47.396],[8.027,47.397],[8.032,47.3854],[8.0274,47.3699],[8.0116,47.3583],[8.0125,47.351],[8.0043,47.3464],[8.0084,47.3406],[8.002,47.3358],[7.9921,47.3342],[7.9775,47.3249],[7.9489,47.3185],[7.9489,47.3338],[7.9204,47.3352],[7.909,47.3416],[7.8972,47.3291],[7.899,47.3207],[7.8904,47.3129],[7.8759,47.3133],[7.8614,47.3072],[7.8441,47.2779],[7.8346,47.2695],[7.816,47.2624],[7.8078,47.2644],[7.8065,47.2691],[7.801,47.2689],[7.7865,47.2574],[7.7765,47.2628],[7.7756,47.2689],[7.7656,47.2679],[7.7579,47.2592],[7.7457,47.2582],[7.7389,47.2612],[7.7339,47.2602],[7.7257,47.2675],[7.7262,47.2705],[7.7166,47.2775],[7.7139,47.2749],[7.7012,47.2879],[7.6858,47.2946],[7.649,47.2831],[7.6145,47.2825],[7.581,47.2775],[7.5941,47.2675],[7.5987,47.2554],[7.5969,47.2466],[7.6145,47.2377],[7.62,47.2303],[7.6273,47.2277],[7.6409,47.2309],[7.6449,47.2267],[7.6395,47.2247],[7.649,47.2204],[7.6463,47.2164],[7.6522,47.208],[7.6481,47.2028],[7.6631,47.2022],[7.6753,47.1923],[7.6722,47.1855],[7.679,47.1839],[7.674,47.1698],[7.6608,47.1698],[7.6522,47.163],[7.6536,47.1527],[7.6459,47.1501],[7.6404,47.1547],[7.6363,47.1533],[7.615,47.1559],[7.5987,47.1527],[7.5932,47.1541],[7.5873,47.1489],[7.5828,47.1594],[7.576,47.1656],[7.5701,47.1636],[7.5642,47.1698],[7.5451,47.1614],[7.5356,47.1656],[7.5211,47.16],[7.5306,47.1501],[7.5238,47.1473],[7.5147,47.1344],[7.5147,47.1312],[7.4934,47.1182],[7.4616,47.1095],[7.4621,47.1047],[7.4762,47.088],[7.4694,47.0812],[7.4462,47.0754],[7.4412,47.0758],[7.4353,47.0844],[7.434,47.0886],[7.4385,47.0953],[7.4344,47.1019],[7.3909,47.0935],[7.3704,47.1172],[7.3709,47.1222],[7.3877,47.127],[7.3909,47.1208],[7.3999,47.1214],[7.404,47.1188],[7.4299,47.1256],[7.4385,47.124],[7.4344,47.1276],[7.4358,47.1324],[7.4312,47.1308],[7.4226,47.1369],[7.4272,47.1423],[7.4403,47.1453],[7.4403,47.1517],[7.4489,47.1563],[7.4557,47.1575],[7.4694,47.1527],[7.4793,47.1559],[7.4934,47.1646],[7.4907,47.1672],[7.4979,47.1714],[7.4875,47.175],[7.4816,47.173],[7.4789,47.1788],[7.4716,47.1825],[7.4762,47.1843],[7.4762,47.1919],[7.4498,47.1907],[7.4498,47.1833],[7.4426,47.1803],[7.4353,47.1865],[7.4317,47.1823],[7.4326,47.1772],[7.4194,47.1724],[7.4167,47.1668],[7.4113,47.1632],[7.3836,47.162],[7.3827,47.1662],[7.3922,47.1676],[7.3841,47.1817],[7.3791,47.1877],[7.3691,47.1917],[7.3664,47.1959],[7.355,47.1929],[7.3414,47.219],[7.3664,47.2222],[7.3763,47.2283],[7.3977,47.2341],[7.4213,47.2441],[7.4172,47.2534],[7.4417,47.2644],[7.4662,47.266],[7.4857,47.2847],[7.522,47.2952],[7.5338,47.2956],[7.5383,47.2982],[7.5397,47.3034],[7.5479,47.3072],[7.5492,47.3175],[7.5587,47.3237]]],[[[7.4462,47.4633],[7.4562,47.4746],[7.4299,47.4842],[7.4217,47.482],[7.4358,47.4993],[7.4576,47.4897],[7.4635,47.4903],[7.4716,47.482],[7.478,47.4814],[7.4875,47.4832],[7.4943,47.4893],[7.5034,47.4919],[7.502,47.4949],[7.512,47.4981],[7.5111,47.5039],[7.5134,47.5003],[7.522,47.4981],[7.5329,47.4987],[7.5338,47.4923],[7.537,47.4925],[7.537,47.4852],[7.5279,47.4752],[7.5311,47.4627],[7.5111,47.4601],[7.4993,47.4611],[7.4689,47.4553],[7.4576,47.4507],[7.4476,47.4581],[7.4462,47.4633]]],[[[7.3822,47.4334],[7.404,47.4366],[7.404,47.4398],[7.4213,47.4471],[7.424,47.4449],[7.4385,47.4475],[7.4489,47.4392],[7.4562,47.4292],[7.4485,47.4157],[7.4385,47.4141],[7.4285,47.4157],[7.4135,47.4121],[7.3768,47.4153],[7.3822,47.4334]]],[[[7.7012,47.1624],[7.6949,47.1594],[7.6912,47.1537],[7.6763,47.1547],[7.679,47.163],[7.6894,47.1678],[7.7012,47.1624]]]]}},{"type":"Feature","properties":{"code":"BS","name":"Basel-Stadt"},"geometry":{"type":"MultiPolygon","coordinates":[[[[7.6345,47.5624],[7.6186,47.5598],[7.6186,47.5556],[7.6236,47.5505],[7.6232,47.5409],[7.6141,47.5403],[7.5959,47.5206],[7.5914,47.521],[7.5905,47.5284],[7.5832,47.5331],[7.5882,47.5431],[7.5651,47.5469],[7.5569,47.5457],[7.5596,47.5536],[7.5655,47.5586],[7.5556,47.5656],[7.5596,47.5708],[7.5578,47.5739],[7.5674,47.5791],[7.5855,47.5769],[7.5855,47.5821],[7.59,47.5911],[7.6059,47.5863],[7.6059,47.5791],[7.62,47.5781],[7.6436,47.5927],[7.6463,47.5984],[7.6763,47.5933],[7.6812,47.5984],[7.6899,47.6],[7.6722,47.5885],[7.6812,47.5839],[7.6849,47.5753],[7.6908,47.5728],[7.6867,47.567],[7.684,47.5724],[7.6735,47.565],[7.6713,47.567],[7.6595,47.5656],[7.649,47.5614],[7.6372,47.5654],[7.6345,47.5624]]]]}},{"type":"Feature","properties":{"code":"BL","name":"Basel-Landschaft"},"geometry":{"type":"MultiPolygon","coordinates":[[[[7.3768,47.4153],[7.4135,47.4121],[7.4285,47.4157],[7.4385,47.4141],[7.4485,47.4157],[7.4562,47.4292],[7.4489,47.4392],[7.4385,47.4475],[7.424,47.4449],[7.4213,47.4471],[7.4231,47.4521],[7.4299,47.4553],[7.4285,47.4585],[7.4462,47.4633],[7.4476,47.4581],[7.4576,47.4507],[7.4689,47.4553],[7.4993,47.4611],[7.5111,47.4601],[7.5311,47.4627],[7.5279,47.4752],[7.537,47.4852],[7.537,47.4925],[7.5338,47.4923],[7.5329,47.4987],[7.5134,47.5003],[7.5102,47.5106],[7.5034,47.516],[7.5147,47.5186],[7.5197,47.516],[7.5324,47.5296],[7.5279,47.5341],[7.5197,47.5361],[7.5111,47.5301],[7.5034,47.5296],[7.4988,47.5373],[7.5047,47.5451],[7.5179,47.5467],[7.5311,47.5556],[7.5556,47.5656],[7.5655,47.5586],[7.5596,47.5536],[7.5569,47.5457],[7.5651,47.5469],[7.5882,47.5431],[7.5832,47.5331],[7.5905,47.5284],[7.5914,47.521],[7.5959,47.5206],[7.6141,47.5403],[7.6232,47.5409],[7.6236,47.5505],[7.6186,47.5556],[7.6186,47.5598],[7.6345,47.5624],[7.6431,47.5576],[7.6481,47.5505],[7.6604,47.5467],[7.6722,47.5357],[7.6967,47.5337],[7.7144,47.5409],[7.7212,47.5367],[7.7339,47.5337],[7.7384,47.5286],[7.7675,47.5258],[7.7906,47.5202],[7.7892,47.508],[7.7933,47.5049],[7.7938,47.4971],[7.8078,47.4983],[7.8328,47.516],[7.8346,47.5351],[7.8478,47.5341],[7.8528,47.5367],[7.8587,47.5341],[7.8655,47.5236],[7.8705,47.5206],[7.8773,47.5242],[7.8759,47.519],[7.8845,47.5096],[7.8945,47.5077],[7.8999,47.4975],[7.9058,47.4935],[7.9058,47.4862],[7.9344,47.4826],[7.948,47.4862],[7.9408,47.4633],[7.9494,47.4652],[7.958,47.4601],[7.9594,47.4539],[7.948,47.4469],[7.9512,47.433],[7.963,47.423],[7.9358,47.4131],[7.9335,47.4067],[7.9108,47.3999],[7.9049,47.4037],[7.9018,47.4021],[7.8913,47.4083],[7.8845,47.4073],[7.8845,47.4025],[7.8786,47.4025],[7.87,47.397],[7.8773,47.3918],[7.88,47.3864],[7.8695,47.3824],[7.8636,47.3834],[7.8509,47.3796],[7.8378,47.3739],[7.8337,47.3677],[7.8033,47.3625],[7.7965,47.3526],[7.7947,47.3404],[7.7702,47.34],[7.7675,47.3442],[7.7548,47.3446],[7.7434,47.351],[7.7275,47.3703],[7.703,47.3739],[7.6454,47.3683],[7.6422,47.3818],[7.6363,47.3818],[7.6377,47.3874],[7.6336,47.4115],[7.6649,47.4115],[7.6808,47.4189],[7.6871,47.435],[7.684,47.4402],[7.6858,47.4487],[7.6958,47.4563],[7.6994,47.4565],[7.7008,47.4633],[7.7107,47.4706],[7.7008,47.482],[7.6695,47.4873],[7.6663,47.4929],[7.6667,47.4981],[7.6531,47.4971],[7.649,47.4929],[7.6567,47.4887],[7.6418,47.4842],[7.6077,47.4907],[7.6087,47.4764],[7.6055,47.472],[7.62,47.4688],[7.6273,47.4643],[7.6232,47.4633],[7.6232,47.4585],[7.6173,47.4465],[7.6164,47.434],[7.6032,47.4324],[7.5932,47.434],[7.5823,47.4302],[7.5796,47.4362],[7.5701,47.4382],[7.5683,47.4262],[7.5701,47.422],[7.5819,47.4161],[7.5261,47.4131],[7.532,47.4043],[7.5193,47.3896],[7.5106,47.3902],[7.5047,47.3866],[7.492,47.3866],[7.478,47.3932],[7.478,47.4027],[7.4585,47.4025],[7.4503,47.4053],[7.4512,47.4011],[7.4417,47.4015],[7.4444,47.3902],[7.4399,47.3874],[7.4385,47.3822],[7.4126,47.3818],[7.4172,47.386],[7.4145,47.396],[7.3999,47.398],[7.3968,47.4047],[7.3895,47.4041],[7.385,47.4137],[7.3768,47.4153]]],[[[7.3278,47.4414],[7.34,47.4424],[7.3459,47.4372],[7.3822,47.4334],[7.3768,47.4153],[7.3577,47.4163],[7.3564,47.4199],[7.3405,47.431],[7.3264,47.434],[7.3278,47.4414]]]]}},{"type":"Feature","properties":{"code":"SH","name":"Schaffhausen"},"geometry":{"type":"MultiPolygon","coordinates":[[[[8.6645,47.687],[8.6459,47.6954],[8.6259,47.6928],[8.6286,47.6813],[8.6196,47.6763],[8.615,47.6799],[8.6069,47.6699],[8.6073,47.6735],[8.5987,47.6741],[8.5946,47.6679],[8.5883,47.6677],[8.5801,47.6631],[8.566,47.6667],[8.5647,47.6715],[8.5551,47.6709],[8.5406,47.6663],[8.5424,47.6586],[8.5343,47.6612],[8.5343,47.6645],[8.5279,47.6619],[8.5352,47.651],[8.5329,47.647],[8.4939,47.6484],[8.4943,47.6442],[8.4839,47.6454],[8.4816,47.6506],[8.4739,47.6506],[8.4789,47.6458],[8.4716,47.6438],[8.4794,47.6412],[8.4744,47.6396],[8.468,47.6428],[8.4648,47.6496],[8.4671,47.6584],[8.4585,47.6542],[8.4544,47.6562],[8.4458,47.6552],[8.4372,47.6586],[8.4245,47.6683],[8.4131,47.6677],[8.4068,47.6755],[8.4099,47.6799],[8.4176,47.6813],[8.4217,47.685],[8.4127,47.6956],[8.4054,47.6992],[8.4181,47.7115],[8.4272,47.7127],[8.4458,47.7243],[8.4562,47.7237],[8.4571,47.732],[8.453,47.7326],[8.4508,47.7394],[8.4567,47.744],[8.4567,47.7501],[8.4685,47.7555],[8.4735,47.7649],[8.4902,47.7744],[8.4961,47.7722],[8.5111,47.7774],[8.5206,47.7716],[8.5275,47.7794],[8.5542,47.7858],[8.5633,47.7816],[8.5638,47.779],[8.5778,47.783],[8.5755,47.791],[8.5628,47.7939],[8.5633,47.8035],[8.5687,47.8099],[8.5742,47.8073],[8.5765,47.8009],[8.5887,47.8041],[8.5942,47.7999],[8.6014,47.8045],[8.615,47.8025],[8.6232,47.7961],[8.6214,47.7904],[8.6159,47.7846],[8.6241,47.7784],[8.6205,47.7691],[8.6323,47.7595],[8.654,47.7744],[8.6491,47.7754],[8.6513,47.7826],[8.6468,47.7884],[8.6504,47.7999],[8.6581,47.8019],[8.6622,47.7931],[8.6686,47.789],[8.6817,47.7878],[8.684,47.7784],[8.6899,47.7748],[8.6844,47.772],[8.6949,47.7571],[8.7076,47.7649],[8.7153,47.7669],[8.728,47.7637],[8.7303,47.7591],[8.7416,47.7533],[8.7407,47.7478],[8.7244,47.7468],[8.7157,47.7398],[8.713,47.732],[8.7185,47.7231],[8.7371,47.7175],[8.7275,47.698],[8.7294,47.694],[8.7185,47.6918],[8.7185,47.6964],[8.7126,47.6976],[8.713,47.7032],[8.7021,47.7163],[8.6844,47.7101],[8.6822,47.7137],[8.6726,47.7121],[8.6658,47.7147],[8.6667,47.7091],[8.6749,47.7063],[8.6776,47.6996],[8.6695,47.6934],[8.6599,47.6928],[8.6645,47.687]]],[[[8.8764,47.6558],[8.8664,47.6574],[8.8591,47.6512],[8.8505,47.6522],[8.8487,47.6552],[8.8555,47.6621],[8.8423,47.6657],[8.8369,47.6735],[8.8178,47.6793],[8.8033,47.6797],[8.7974,47.6767],[8.7942,47.6819],[8.8006,47.693],[8.811,47.6948],[8.8074,47.698],[8.7988,47.6986],[8.7988,47.7034],[8.7707,47.7079],[8.7738,47.7195],[8.782,47.7231],[8.7856,47.7288],[8.7997,47.7284],[8.7974,47.7358],[8.8079,47.7398],[8.8128,47.73],[8.8056,47.7269],[8.8138,47.7253],[8.8197,47.7189],[8.8265,47.7185],[8.8201,47.7141],[8.8251,47.7121],[8.8342,47.7159],[8.8464,47.7127],[8.8491,47.7048],[8.8696,47.7065],[8.8773,47.6982],[8.8723,47.6948],[8.8637,47.6944],[8.8641,47.6996],[8.8523,47.699],[8.8514,47.696],[8.8582,47.6934],[8.8514,47.686],[8.8514,47.6825],[8.8609,47.6819],[8.8746,47.6715],[8.8764,47.6558]]],[[[8.5638,47.6008],[8.5837,47.5974],[8.5855,47.601],[8.5969,47.6068],[8.5955,47.5982],[8.5801,47.5921],[8.5778,47.5849],[8.581,47.5785],[8.5737,47.5763],[8.5678,47.5628],[8.5597,47.554],[8.5515,47.5572],[8.551,47.5634],[8.5429,47.5712],[8.5474,47.5755],[8.5361,47.5765],[8.5365,47.5885],[8.5542,47.5943],[8.5569,47.5984],[8.5638,47.6008]]]]}},{"type":"Feature","properties":{"code":"AR","name":"Appenzell Ausserrhoden"},"geometry":{"type":"MultiPolygon","coordinates":[[[[9.3446,47.2508],[9.3192,47.2492],[9.3092,47.2566],[9.3092,47.2608],[9.2983,47.2586],[9.2761,47.2701],[9.2679,47.2699],[9.2584,47.2644],[9.253,47.267],[9.2335,47.267],[9.2071,47.2775],[9.208,47.2801],[9.218,47.2853],[9.2248,47.2952],[9.218,47.302],[9.2185,47.3092],[9.2117,47.3233],[9.2344,47.3323],[9.2266,47.3432],[9.2071,47.3406],[9.1999,47.3484],[9.2058,47.3587],[9.1976,47.3557],[9.1926,47.3639],[9.2012,47.3629],[9.2139,47.3661],[9.2144,47.3697],[9.2217,47.3745],[9.223,47.3792],[9.2198,47.386],[9.2244,47.389],[9.2335,47.3896],[9.233,47.396],[9.257,47.4021],[9.2589,47.4001],[9.2725,47.4021],[9.3047,47.3964],[9.3306,47.4027],[9.3369,47.4005],[9.3786,47.4089],[9.395,47.4025],[9.4054,47.4027],[9.4313,47.4109],[9.4363,47.4256],[9.434,47.4318],[9.4367,47.4356],[9.4449,47.4354],[9.4508,47.4324],[9.4694,47.4398],[9.4966,47.4437],[9.512,47.4511],[9.5247,47.4527],[9.5293,47.4553],[9.5266,47.4627],[9.5334,47.469],[9.5438,47.4704],[9.5479,47.4688],[9.5474,47.4643],[9.5592,47.4662],[9.5824,47.4633],[9.6141,47.4497],[9.6305,47.4455],[9.6305,47.4412],[9.6187,47.4388],[9.5778,47.4356],[9.5706,47.436],[9.5701,47.4398],[9.5633,47.4366],[9.5592,47.433],[9.5765,47.4268],[9.5701,47.4224],[9.5837,47.421],[9.5824,47.4163],[9.5869,47.4161],[9.5774,47.4053],[9.5561,47.3976],[9.5438,47.4095],[9.5647,47.4093],[9.566,47.4067],[9.5751,47.4085],[9.5774,47.4173],[9.5647,47.4179],[9.5574,47.4208],[9.5556,47.4282],[9.542,47.433],[9.5384,47.4272],[9.5261,47.4226],[9.5284,47.4173],[9.5247,47.4143],[9.5316,47.4127],[9.532,47.4101],[9.5179,47.4069],[9.5125,47.4021],[9.5066,47.3912],[9.5039,47.3761],[9.5002,47.3707],[9.5039,47.3488],[9.4884,47.3516],[9.4803,47.3484],[9.4667,47.3478],[9.4458,47.3581],[9.439,47.3577],[9.4317,47.3683],[9.4313,47.3725],[9.4231,47.3693],[9.409,47.3713],[9.4036,47.378],[9.3941,47.3816],[9.3918,47.379],[9.38,47.3818],[9.38,47.388],[9.3718,47.3854],[9.361,47.3864],[9.3514,47.3844],[9.3596,47.3792],[9.3582,47.3733],[9.3659,47.3593],[9.3482,47.3555],[9.3446,47.3532],[9.3473,47.3462],[9.3342,47.3422],[9.3301,47.3323],[9.3124,47.3265],[9.3192,47.3108],[9.316,47.3076],[9.3183,47.303],[9.3138,47.2976],[9.3142,47.2926],[9.3247,47.2843],[9.3446,47.2508]]]]}},{"type":"Feature","properties":{"code":"AI","name":"Appenzell Innerrhoden"},"geometry":{"type":"MultiPolygon","coordinates":[[[[9.3446,47.2508],[9.3247,47.2843],[9.3142,47.2926],[9.3138,47.2976],[9.3183,47.303],[9.316,47.3076],[9.3192,47.3108],[9.3124,47.3265],[9.3301,47.3323],[9.3342,47.3422],[9.3473,47.3462],[9.3446,47.3532],[9.3482,47.3555],[9.3659,47.3593],[9.3582,47.3733],[9.3596,47.3792],[9.3514,47.3844],[9.361,47.3864],[9.3718,47.3854],[9.38,47.388],[9.38,47.3818],[9.3918,47.379],[9.3941,47.3816],[9.4036,47.378],[9.409,47.3713],[9.4231,47.3693],[9.4313,47.3725],[9.4317,47.3683],[9.439,47.3577],[9.4458,47.3581],[9.4667,47.3478],[9.4803,47.3484],[9.4884,47.3516],[9.5039,47.3488],[9.5034,47.3311],[9.4998,47.3201],[9.4943,47.3155],[9.4975,47.3072],[9.4921,47.302],[9.4862,47.2851],[9.4821,47.2831],[9.4744,47.2723],[9.439,47.2518],[9.4277,47.2482],[9.4204,47.249],[9.4113,47.2456],[9.4031,47.2387],[9.3827,47.2351],[9.3596,47.2456],[9.3523,47.2456],[9.3446,47.2508]]],[[[9.5102,47.396],[9.5125,47.4021],[9.5179,47.4069],[9.532,47.4101],[9.5316,47.4127],[9.5247,47.4143],[9.5284,47.4173],[9.5261,47.4226],[9.5384,47.4272],[9.542,47.433],[9.5556,47.4282],[9.5574,47.4208],[9.5647,47.4179],[9.5774,47.4173],[9.5751,47.4085],[9.566,47.4067],[9.5647,47.4093],[9.5438,47.4095],[9.5561,47.398],[9.5488,47.3944],[9.5465,47.4001],[9.5379,47.4005],[9.5102,47.396]]],[[[9.6187,47.4388],[9.5901,47.4266],[9.5901,47.4224],[9.6055,47.4157],[9.5842,47.4111],[9.5869,47.4161],[9.5824,47.4163],[9.5837,47.421],[9.5701,47.4224],[9.5765,47.4268],[9.5592,47.433],[9.5701,47.4398],[9.5706,47.436],[9.5778,47.4356],[9.6187,47.4388]]]]}},{"type":"Feature","properties":{"code":"SG","name":"St. Gallen"},"geometry":{"type":"MultiPolygon","coordinates":[[[[9.2498,46.9173],[9.2534,46.9283],[9.2516,46.9359],[9.2403,46.9406],[9.2375,46.946],[9.238,46.9558],[9.2475,46.9602],[9.2439,46.9663],[9.2475,46.9799],[9.2443,46.983],[9.2507,46.9986],[9.2434,47.0101],[9.2434,47.0169],[9.2375,47.0253],[9.2312,47.0268],[9.2207,47.0342],[9.208,47.0368],[9.1813,47.0272],[9.1754,47.03],[9.169,47.0278],[9.1391,47.0404],[9.1545,47.0484],[9.169,47.0509],[9.1849,47.0607],[9.1926,47.0738],[9.1908,47.0922],[9.1872,47.0983],[9.1913,47.1109],[9.1913,47.125],[9.1373,47.1334],[9.11,47.1324],[9.1032,47.1344],[9.0697,47.1312],[9.0093,47.1736],[8.993,47.1819],[8.9816,47.1845],[8.9717,47.1801],[8.963,47.1807],[8.9585,47.2007],[8.9667,47.1995],[8.9703,47.2122],[8.9753,47.2142],[8.9689,47.219],[8.9558,47.2174],[8.9426,47.2194],[8.8387,47.2096],[8.8228,47.2128],[8.8092,47.2216],[8.797,47.2415],[8.8033,47.248],[8.8278,47.2528],[8.8455,47.2482],[8.8523,47.2524],[8.8564,47.2456],[8.8677,47.2451],[8.8746,47.249],[8.8746,47.2534],[8.9063,47.257],[8.9099,47.2556],[8.9363,47.2618],[8.9417,47.2685],[8.9417,47.2727],[8.9485,47.2763],[8.9494,47.2821],[8.9431,47.2841],[8.9372,47.2904],[8.9494,47.2934],[8.9576,47.3056],[8.9762,47.3082],[8.9862,47.3207],[8.9785,47.3285],[8.9803,47.339],[8.9744,47.341],[8.9726,47.3522],[8.9667,47.3557],[8.9612,47.3551],[8.9526,47.3729],[8.9444,47.377],[8.9553,47.3824],[8.9585,47.3876],[8.9662,47.386],[8.9726,47.3928],[8.9766,47.4005],[8.9735,47.4063],[8.9776,47.4121],[8.9898,47.4125],[8.9939,47.4244],[8.9903,47.4308],[9.0011,47.4334],[8.9993,47.4362],[9.0107,47.4366],[9.0129,47.4346],[9.0243,47.4424],[9.0284,47.4382],[9.0361,47.4404],[9.0388,47.4382],[9.0393,47.4427],[9.0456,47.4429],[9.0483,47.4455],[9.0597,47.4443],[9.0638,47.4475],[9.0556,47.4497],[9.0511,47.4539],[9.0284,47.4589],[9.0302,47.4678],[9.0093,47.4736],[9.0102,47.481],[9.0048,47.4824],[9.012,47.4867],[9.0129,47.4909],[9.0293,47.4899],[9.0429,47.4971],[9.0524,47.4935],[9.0565,47.4891],[9.0642,47.4939],[9.0656,47.4923],[9.0833,47.4967],[9.091,47.4842],[9.0996,47.4867],[9.1119,47.4852],[9.1168,47.481],[9.1237,47.482],[9.1264,47.4856],[9.1432,47.4856],[9.1568,47.4887],[9.1636,47.4981],[9.1613,47.5013],[9.1668,47.5055],[9.1745,47.4957],[9.1822,47.4987],[9.184,47.4925],[9.1899,47.4945],[9.1999,47.4903],[9.2103,47.4903],[9.2071,47.4881],[9.213,47.4804],[9.2189,47.4852],[9.233,47.4846],[9.233,47.4824],[9.2457,47.4816],[9.2484,47.4772],[9.2639,47.4758],[9.2802,47.481],[9.282,47.4842],[9.2992,47.4784],[9.3097,47.483],[9.3197,47.4919],[9.3215,47.4981],[9.3188,47.5019],[9.3101,47.4987],[9.3129,47.5116],[9.3047,47.517],[9.2929,47.508],[9.282,47.5071],[9.2725,47.509],[9.2702,47.5132],[9.2806,47.5154],[9.2861,47.5196],[9.2834,47.5218],[9.302,47.5254],[9.3038,47.5278],[9.3142,47.5242],[9.3151,47.5299],[9.3192,47.5331],[9.3301,47.5296],[9.3392,47.5299],[9.3455,47.5212],[9.3573,47.5206],[9.3446,47.5077],[9.3396,47.508],[9.3374,47.5029],[9.3419,47.5049],[9.3569,47.5023],[9.3569,47.5049],[9.3759,47.5009],[9.3755,47.4967],[9.37,47.4951],[9.3741,47.4919],[9.3678,47.4867],[9.3805,47.4867],[9.39,47.483],[9.3977,47.4762],[9.4077,47.4955],[9.4149,47.4987],[9.4227,47.4975],[9.4258,47.5023],[9.5034,47.5487],[9.5157,47.5383],[9.552,47.5383],[9.5651,47.4945],[9.5837,47.484],[9.596,47.4648],[9.6019,47.4627],[9.6064,47.4652],[9.6073,47.471],[9.6114,47.4716],[9.6187,47.4627],[9.6268,47.4581],[9.6568,47.4553],[9.6591,47.4491],[9.6482,47.4418],[9.6454,47.4356],[9.6513,47.4224],[9.6527,47.4057],[9.6595,47.3999],[9.6745,47.3928],[9.6745,47.3822],[9.6618,47.3713],[9.6255,47.3673],[9.6051,47.3516],[9.6005,47.3462],[9.5901,47.3191],[9.5837,47.3129],[9.5574,47.2994],[9.552,47.2869],[9.5465,47.2805],[9.5343,47.2743],[9.5316,47.2707],[9.5316,47.2638],[9.5207,47.2435],[9.5057,47.2263],[9.5007,47.2122],[9.4898,47.1959],[9.4866,47.1819],[9.4921,47.1642],[9.5084,47.1437],[9.5139,47.1314],[9.5207,47.0979],[9.5161,47.0884],[9.4921,47.0744],[9.4757,47.0681],[9.4735,47.0609],[9.4812,47.0462],[9.5071,47.0201],[9.5116,47.0107],[9.547,46.9779],[9.5434,46.9757],[9.5243,46.9737],[9.5184,46.9699],[9.5198,46.957],[9.5071,46.9554],[9.5012,46.9506],[9.4975,46.9416],[9.488,46.9367],[9.4866,46.9315],[9.4785,46.9219],[9.4798,46.9168],[9.4894,46.9136],[9.4767,46.9078],[9.4685,46.901],[9.4712,46.8927],[9.468,46.8871],[9.4553,46.8871],[9.4571,46.8813],[9.4499,46.8739],[9.4354,46.8843],[9.4149,46.8923],[9.395,46.8947],[9.3823,46.8988],[9.3442,46.8996],[9.3396,46.9032],[9.3228,46.9016],[9.311,46.9068],[9.2938,46.9084],[9.2879,46.9062],[9.2752,46.9078],[9.2679,46.9042],[9.2498,46.9173]],[[9.6187,47.4388],[9.6305,47.4412],[9.6305,47.4455],[9.6141,47.4497],[9.5824,47.4633],[9.5592,47.4662],[9.5474,47.4643],[9.5479,47.4688],[9.5438,47.4704],[9.5334,47.469],[9.5266,47.4627],[9.5293,47.4553],[9.5247,47.4527],[9.512,47.4511],[9.4966,47.4437],[9.4694,47.4398],[9.4508,47.4324],[9.4449,47.4354],[9.4367,47.4356],[9.434,47.4318],[9.4363,47.4256],[9.4313,47.4109],[9.4054,47.4027],[9.395,47.4025],[9.3786,47.4089],[9.3369,47.4005],[9.3306,47.4027],[9.3047,47.3964],[9.2725,47.4021],[9.2589,47.4001],[9.257,47.4021],[9.233,47.396],[9.2335,47.3896],[9.2244,47.389],[9.2198,47.386],[9.223,47.3792],[9.2217,47.3745],[9.2144,47.3697],[9.2139,47.3661],[9.2012,47.3629],[9.1926,47.3639],[9.1976,47.3557],[9.2058,47.3587],[9.1999,47.3484],[9.2071,47.3406],[9.2266,47.3432],[9.2344,47.3323],[9.2117,47.3233],[9.2185,47.3092],[9.218,47.302],[9.2248,47.2952],[9.218,47.2853],[9.208,47.2801],[9.2071,47.2775],[9.2335,47.267],[9.253,47.267],[9.2584,47.2644],[9.2679,47.2699],[9.2761,47.2701],[9.2983,47.2586],[9.3092,47.2608],[9.3092,47.2566],[9.3192,47.2492],[9.3446,47.2508],[9.3523,47.2456],[9.3596,47.2456],[9.3827,47.2351],[9.4031,47.2387],[9.4113,47.2456],[9.4204,47.249],[9.4277,47.2482],[9.439,47.2518],[9.4744,47.2723],[9.4821,47.2831],[9.4862,47.2851],[9.4921,47.302],[9.4975,47.3072],[9.4943,47.3155],[9.4998,47.3201],[9.5034,47.3311],[9.5039,47.3488],[9.5002,47.3707],[9.5039,47.3761],[9.5066,47.3912],[9.5102,47.396],[9.5379,47.4005],[9.5465,47.4001],[9.5488,47.3944],[9.5774,47.4053],[9.5842,47.4111],[9.6055,47.4157],[9.5901,47.4224],[9.5901,47.4266],[9.6187,47.4388]],[[9.4658,47.4877],[9.4658,47.4856],[9.478,47.4909],[9.468,47.4975],[9.4508,47.5023],[9.4494,47.4949],[9.4544,47.4913],[9.4667,47.4893],[9.4658,47.4877]]]]}},{"type":"Feature","properties":{"code":"GR","name":"Graubünden"},"geometry":{"type":"MultiPolygon","coordinates":[[[[8.6795,46.5805],[8.6831,46.5898],[8.6817,46.5962],[8.6776,46.6004],[8.6808,46.6062],[8.6776,46.6213],[8.669,46.6213],[8.659,46.6275],[8.6577,46.6327],[8.6522,46.6352],[8.6586,46.6428],[8.659,46.649],[8.6554,46.651],[8.6622,46.6573],[8.6667,46.6573],[8.6795,46.6655],[8.6749,46.6721],[8.6754,46.6934],[8.6817,46.6964],[8.6876,46.6954],[8.6935,46.7031],[8.7012,46.7047],[8.7103,46.7001],[8.7185,46.7037],[8.7185,46.7073],[8.7285,46.7085],[8.7502,46.722],[8.7452,46.73],[8.7484,46.7372],[8.7675,46.7461],[8.7707,46.7455],[8.7829,46.7294],[8.8001,46.7326],[8.8142,46.7384],[8.811,46.7461],[8.8197,46.7639],[8.8265,46.767],[8.8324,46.7654],[8.8351,46.768],[8.8315,46.7722],[8.8278,46.7883],[8.8287,46.7935],[8.8351,46.7963],[8.8491,46.7945],[8.8482,46.7993],[8.8537,46.8009],[8.8609,46.8071],[8.8705,46.8077],[8.8782,46.814],[8.8995,46.8154],[8.909,46.8112],[8.9154,46.8124],[8.9145,46.8035],[8.9177,46.7999],[8.9304,46.7987],[8.9544,46.8061],[9.0102,46.8124],[9.0211,46.8186],[9.0279,46.8311],[9.0352,46.8363],[9.0343,46.8395],[9.0402,46.8483],[9.0474,46.8518],[9.0452,46.8566],[9.0465,46.8666],[9.0556,46.8694],[9.0656,46.8765],[9.0774,46.8765],[9.091,46.873],[9.1046,46.8608],[9.1055,46.8536],[9.1137,46.8518],[9.1418,46.863],[9.1495,46.8734],[9.1577,46.8749],[9.1541,46.8811],[9.1894,46.8775],[9.2008,46.8817],[9.2235,46.9004],[9.2271,46.9068],[9.2407,46.909],[9.2498,46.9173],[9.2679,46.9042],[9.2752,46.9078],[9.2879,46.9062],[9.2938,46.9084],[9.311,46.9068],[9.3228,46.9016],[9.3396,46.9032],[9.3442,46.8996],[9.3823,46.8988],[9.395,46.8947],[9.4149,46.8923],[9.4354,46.8843],[9.4499,46.8739],[9.4571,46.8813],[9.4553,46.8871],[9.468,46.8871],[9.4712,46.8927],[9.4685,46.901],[9.4767,46.9078],[9.4894,46.9136],[9.4798,46.9168],[9.4785,46.9219],[9.4866,46.9315],[9.488,46.9367],[9.4975,46.9416],[9.5012,46.9506],[9.5071,46.9554],[9.5198,46.957],[9.5184,46.9699],[9.5243,46.9737],[9.5434,46.9757],[9.547,46.9779],[9.5198,47.0018],[9.5116,47.0107],[9.5071,47.0201],[9.4812,47.0462],[9.4771,47.0529],[9.4835,47.0575],[9.4866,47.0503],[9.4921,47.0575],[9.5007,47.0555],[9.5411,47.0661],[9.5547,47.0581],[9.5583,47.0497],[9.5774,47.0545],[9.5833,47.0539],[9.6046,47.0629],[9.6237,47.0535],[9.6341,47.0523],[9.6423,47.0551],[9.6459,47.0609],[9.66,47.0593],[9.6826,47.0635],[9.6826,47.0603],[9.699,47.0535],[9.7085,47.0551],[9.709,47.0487],[9.7199,47.0446],[9.7457,47.0426],[9.7493,47.0382],[9.7766,47.0404],[9.7911,47.0358],[9.7924,47.033],[9.8374,47.0137],[9.8419,47.0165],[9.8542,47.0175],[9.861,47.0243],[9.8777,47.0223],[9.8818,47.0185],[9.8723,47.0143],[9.8746,47.0075],[9.8886,47.0018],[9.8932,46.9902],[9.8846,46.9844],[9.8859,46.9821],[9.8764,46.9747],[9.8764,46.9683],[9.8723,46.9643],[9.88,46.957],[9.8764,46.9518],[9.8782,46.9418],[9.8818,46.9416],[9.8773,46.9359],[9.8954,46.9329],[9.9091,46.9261],[9.9131,46.9271],[9.924,46.9193],[9.9385,46.9146],[9.9476,46.9136],[9.9599,46.9172],[9.9644,46.9136],[9.9794,46.9172],[9.9839,46.9074],[10.0043,46.9004],[10.0198,46.9026],[10.0361,46.8881],[10.0425,46.8855],[10.0438,46.8817],[10.0533,46.8781],[10.052,46.865],[10.057,46.8628],[10.0887,46.8624],[10.0942,46.8592],[10.0928,46.8524],[10.1064,46.8421],[10.1205,46.8453],[10.1246,46.8495],[10.1409,46.8485],[10.1464,46.8524],[10.1604,46.8495],[10.1704,46.8518],[10.1727,46.855],[10.1795,46.8552],[10.1954,46.8676],[10.2339,46.8676],[10.2357,46.8865],[10.2285,46.8923],[10.228,46.8984],[10.2353,46.9036],[10.2385,46.9172],[10.243,46.9199],[10.2416,46.9325],[10.2684,46.9299],[10.2984,46.9213],[10.3015,46.9255],[10.317,46.9265],[10.3179,46.9315],[10.3074,46.9422],[10.3106,46.9512],[10.3265,46.9534],[10.331,46.9596],[10.331,46.9657],[10.3455,46.984],[10.3478,46.9908],[10.3555,46.9934],[10.3737,46.9918],[10.3859,47.0008],[10.3909,47.0018],[10.4,46.9982],[10.4032,46.992],[10.4136,46.984],[10.4286,46.9763],[10.4236,46.9611],[10.4304,46.9574],[10.4694,46.9486],[10.4776,46.9422],[10.4903,46.9391],[10.4867,46.9329],[10.4898,46.9271],[10.4876,46.9162],[10.4794,46.912],[10.4767,46.8954],[10.4662,46.8855],[10.4708,46.8823],[10.4726,46.8739],[10.4694,46.8634],[10.4726,46.8499],[10.4653,46.8431],[10.4676,46.8369],[10.4581,46.8315],[10.4612,46.8258],[10.4572,46.8234],[10.4594,46.8176],[10.4522,46.8055],[10.4404,46.7987],[10.4308,46.7981],[10.4295,46.7925],[10.424,46.7893],[10.4354,46.783],[10.4431,46.7732],[10.4458,46.7611],[10.4431,46.7533],[10.4372,46.7539],[10.4023,46.7352],[10.4091,46.7304],[10.4154,46.7216],[10.4204,46.7199],[10.4172,46.7101],[10.4109,46.7063],[10.4041,46.7065],[10.3945,46.6902],[10.385,46.6886],[10.3936,46.6721],[10.3918,46.6689],[10.3936,46.6563],[10.4018,46.647],[10.4032,46.638],[10.41,46.636],[10.4213,46.6396],[10.4445,46.6406],[10.4476,46.6426],[10.464,46.6342],[10.4935,46.6139],[10.4853,46.6062],[10.4885,46.6016],[10.4862,46.5916],[10.4894,46.5906],[10.4844,46.5827],[10.4862,46.5785],[10.4785,46.5727],[10.4758,46.564],[10.4785,46.5596],[10.4726,46.5498],[10.473,46.5447],[10.4603,46.5425],[10.4603,46.5383],[10.454,46.5319],[10.4381,46.5387],[10.4204,46.552],[10.41,46.5504],[10.4,46.5452],[10.3641,46.5566],[10.3533,46.557],[10.3437,46.5451],[10.3383,46.5445],[10.3269,46.553],[10.3138,46.5478],[10.3097,46.5504],[10.3006,46.5502],[10.2956,46.553],[10.2974,46.5602],[10.2916,46.565],[10.2884,46.5717],[10.2775,46.5737],[10.2707,46.5789],[10.2534,46.5727],[10.2457,46.5789],[10.2425,46.59],[10.2503,46.6024],[10.2598,46.6117],[10.2421,46.6281],[10.2416,46.6364],[10.2239,46.6291],[10.2167,46.6181],[10.1949,46.6245],[10.194,46.6271],[10.1287,46.6062],[10.1033,46.6119],[10.1001,46.6068],[10.1028,46.602],[10.0978,46.5942],[10.1023,46.5904],[10.1019,46.5839],[10.0969,46.5785],[10.0801,46.5763],[10.0865,46.5685],[10.0792,46.5618],[10.0719,46.5592],[10.0688,46.5514],[10.0629,46.547],[10.0484,46.5447],[10.0452,46.5411],[10.0474,46.5363],[10.0542,46.5337],[10.052,46.5285],[10.0552,46.5194],[10.0524,46.5144],[10.0438,46.5112],[10.0452,46.5048],[10.0502,46.5009],[10.0456,46.4925],[10.0497,46.4891],[10.0443,46.4803],[10.0524,46.473],[10.0538,46.4616],[10.0479,46.4584],[10.0402,46.4481],[10.0447,46.4433],[10.0538,46.4407],[10.057,46.4421],[10.0601,46.4314],[10.0656,46.4272],[10.0751,46.4298],[10.0806,46.4276],[10.0806,46.4224],[10.1033,46.423],[10.1096,46.4292],[10.1178,46.4272],[10.1205,46.4304],[10.13,46.433],[10.1341,46.4302],[10.1432,46.4292],[10.1486,46.4244],[10.1504,46.414],[10.1582,46.4168],[10.1677,46.4083],[10.1631,46.4017],[10.1654,46.3916],[10.16,46.3866],[10.1427,46.387],[10.1287,46.3786],[10.1273,46.3728],[10.1305,46.3619],[10.1214,46.3593],[10.1137,46.3535],[10.111,46.3541],[10.1096,46.3452],[10.1073,46.3432],[10.106,46.3338],[10.1182,46.3155],[10.1391,46.3059],[10.1386,46.3024],[10.1468,46.2966],[10.1541,46.2952],[10.1582,46.2904],[10.155,46.2872],[10.1636,46.2836],[10.1645,46.2731],[10.1736,46.2669],[10.1777,46.2596],[10.1763,46.2556],[10.1523,46.2408],[10.1473,46.2315],[10.1332,46.2263],[10.1246,46.2247],[10.1101,46.2267],[10.1042,46.2297],[10.0901,46.2289],[10.0824,46.2267],[10.0719,46.2183],[10.0638,46.2213],[10.0601,46.2261],[10.0452,46.2309],[10.0552,46.2371],[10.0552,46.2434],[10.062,46.2492],[10.057,46.2669],[10.0325,46.2783],[9.9975,46.2856],[9.993,46.2978],[9.9975,46.2986],[10.0025,46.3044],[9.9975,46.3085],[10.0003,46.3149],[9.9957,46.3149],[9.9812,46.3243],[9.9871,46.3352],[9.9966,46.343],[9.9948,46.3535],[9.9862,46.3525],[9.9653,46.3651],[9.9572,46.3748],[9.9594,46.3796],[9.9535,46.3806],[9.9358,46.376],[9.9308,46.3728],[9.9327,46.3693],[9.9268,46.3671],[9.9245,46.3712],[9.9181,46.3714],[9.9081,46.3822],[9.8877,46.3744],[9.8696,46.3635],[9.8669,46.3657],[9.8346,46.3625],[9.8197,46.3509],[9.7861,46.3416],[9.7797,46.3364],[9.7711,46.3368],[9.7566,46.3468],[9.7484,46.3487],[9.7448,46.3529],[9.738,46.3519],[9.7244,46.342],[9.7285,46.3336],[9.7189,46.3264],[9.7194,46.3227],[9.7276,46.3207],[9.7262,46.3113],[9.7194,46.3065],[9.7158,46.294],[9.7031,46.292],[9.6904,46.2946],[9.6822,46.2982],[9.6772,46.304],[9.6708,46.301],[9.6708,46.2976],[9.6613,46.2972],[9.6513,46.293],[9.6513,46.2908],[9.6359,46.2872],[9.6196,46.2884],[9.6123,46.2942],[9.6005,46.2968],[9.5792,46.2966],[9.5565,46.3075],[9.5502,46.3034],[9.5325,46.3149],[9.5148,46.3342],[9.5098,46.3458],[9.5093,46.3529],[9.5007,46.3587],[9.4957,46.3665],[9.4621,46.3776],[9.4694,46.3896],[9.463,46.4131],[9.4553,46.4202],[9.4581,46.4385],[9.4621,46.4433],[9.4603,46.4646],[9.4667,46.4706],[9.4635,46.4815],[9.4508,46.4809],[9.4499,46.4855],[9.4621,46.4861],[9.4635,46.4993],[9.4599,46.5096],[9.4562,46.5064],[9.4349,46.4993],[9.4258,46.4899],[9.4258,46.4782],[9.4145,46.4684],[9.4104,46.4678],[9.3918,46.4742],[9.3859,46.4835],[9.3791,46.4849],[9.3709,46.4919],[9.3696,46.4965],[9.3746,46.5003],[9.3746,46.505],[9.3632,46.5106],[9.356,46.5054],[9.3396,46.5048],[9.3387,46.507],[9.3129,46.5054],[9.2924,46.4987],[9.2838,46.4981],[9.2802,46.4887],[9.2752,46.4849],[9.2784,46.4807],[9.2752,46.4716],[9.2757,46.4642],[9.2788,46.463],[9.272,46.4553],[9.2643,46.4513],[9.253,46.4507],[9.2475,46.4481],[9.2502,46.4324],[9.2707,46.4192],[9.2738,46.4214],[9.2811,46.4156],[9.2834,46.4057],[9.282,46.4005],[9.2766,46.3963],[9.2847,46.385],[9.2788,46.3802],[9.2761,46.3744],[9.2838,46.3593],[9.2974,46.3567],[9.2974,46.3509],[9.3011,46.3446],[9.2933,46.3374],[9.2947,46.3328],[9.3006,46.3286],[9.2965,46.3249],[9.2961,46.3191],[9.2861,46.3155],[9.2825,46.3103],[9.2861,46.2982],[9.2729,46.2908],[9.2688,46.283],[9.2602,46.2795],[9.2584,46.2705],[9.2525,46.2675],[9.2534,46.2617],[9.2498,46.257],[9.2525,46.2528],[9.2498,46.2351],[9.223,46.2303],[9.2239,46.2251],[9.2198,46.2154],[9.2149,46.212],[9.2035,46.2096],[9.1958,46.1949],[9.1994,46.1881],[9.1953,46.1797],[9.1822,46.1704],[9.1717,46.173],[9.1545,46.1714],[9.1368,46.1813],[9.1205,46.2012],[9.0901,46.2136],[9.0846,46.2215],[9.0805,46.2345],[9.0756,46.2329],[9.0724,46.2371],[9.0769,46.2388],[9.0787,46.2615],[9.0737,46.2685],[9.0642,46.2749],[9.0542,46.294],[9.0615,46.2986],[9.0697,46.3087],[9.0733,46.3097],[9.0765,46.3159],[9.0651,46.3264],[9.0706,46.3336],[9.0678,46.3368],[9.0706,46.3448],[9.0892,46.3503],[9.0955,46.3655],[9.0937,46.3718],[9.0969,46.374],[9.091,46.388],[9.0878,46.3902],[9.0973,46.4011],[9.091,46.4063],[9.1028,46.4115],[9.1041,46.4146],[9.0901,46.4334],[9.0878,46.4449],[9.0928,46.4501],[9.0964,46.4616],[9.086,46.4716],[9.086,46.4766],[9.0746,46.4813],[9.0619,46.4774],[9.0556,46.4778],[9.0465,46.4825],[9.0488,46.4849],[9.0415,46.4907],[9.0415,46.4951],[9.0252,46.5086],[9.0234,46.5132],[9.0243,46.5202],[9.022,46.5283],[9.0179,46.5331],[9.0225,46.5351],[9.0197,46.5486],[9.0384,46.5833],[9.0452,46.5847],[9.042,46.5914],[9.0343,46.5952],[9.0352,46.601],[9.0279,46.6004],[9.0052,46.6123],[8.9962,46.6129],[8.9844,46.61],[8.9744,46.604],[8.9635,46.604],[8.9608,46.6119],[8.9644,46.6193],[8.9589,46.6311],[8.9535,46.6332],[8.9517,46.6251],[8.9426,46.6197],[8.9258,46.6245],[8.9127,46.6201],[8.9072,46.6159],[8.9081,46.6078],[8.9181,46.5978],[8.9172,46.5936],[8.9045,46.5853],[8.8805,46.5789],[8.8782,46.5759],[8.8637,46.5743],[8.8446,46.5644],[8.8315,46.5666],[8.831,46.5727],[8.802,46.5644],[8.7511,46.5769],[8.7452,46.5733],[8.7285,46.5779],[8.7185,46.5723],[8.7062,46.5749],[8.6994,46.5821],[8.6795,46.5805]]]]}},{"type":"Feature","properties":{"code":"AG","name":"Aargau"},"geometry":{"type":"MultiPolygon","coordinates":[[[[7.826,47.267],[7.8346,47.2695],[7.8441,47.2779],[7.8614,47.3072],[7.8759,47.3133],[7.8904,47.3129],[7.899,47.3207],[7.8972,47.3291],[7.909,47.3416],[7.9204,47.3352],[7.9489,47.3338],[7.9489,47.3185],[7.9775,47.3249],[7.9921,47.3342],[8.002,47.3358],[8.0084,47.3406],[8.0043,47.3464],[8.0125,47.351],[8.0116,47.3583],[8.0274,47.3699],[8.032,47.3854],[8.027,47.397],[8.0125,47.396],[8.0084,47.4079],[7.9925,47.4125],[7.9898,47.4153],[7.983,47.4151],[7.9639,47.4234],[7.988,47.4292],[7.9821,47.4501],[7.9762,47.4533],[7.9748,47.4607],[7.9689,47.4639],[7.9576,47.4565],[7.958,47.4601],[7.9494,47.4652],[7.9408,47.4633],[7.948,47.4862],[7.9344,47.4826],[7.9058,47.4862],[7.9058,47.4935],[7.8999,47.4975],[7.8945,47.5077],[7.8845,47.5096],[7.8759,47.519],[7.8773,47.5242],[7.8705,47.5206],[7.8655,47.5236],[7.8587,47.5341],[7.8528,47.5367],[7.8478,47.5341],[7.8346,47.5351],[7.8328,47.516],[7.8078,47.4983],[7.7938,47.4971],[7.7933,47.5049],[7.7892,47.508],[7.7906,47.5202],[7.7675,47.5258],[7.7384,47.5286],[7.7339,47.5337],[7.7212,47.5367],[7.7144,47.5409],[7.752,47.5457],[7.7588,47.5499],[7.7965,47.5588],[7.8038,47.5664],[7.8119,47.5702],[7.8205,47.5885],[7.8346,47.5879],[7.8382,47.5843],[7.8455,47.5833],[7.8627,47.5891],[7.8845,47.5901],[7.8945,47.5881],[7.904,47.5821],[7.9117,47.5714],[7.9077,47.5624],[7.9126,47.552],[7.919,47.5487],[7.9435,47.5451],[7.9494,47.5467],[7.953,47.5554],[7.9621,47.5592],[7.978,47.5566],[7.9993,47.558],[8.0238,47.5518],[8.047,47.5566],[8.0588,47.563],[8.0724,47.5656],[8.0787,47.5608],[8.0914,47.5592],[8.0982,47.5622],[8.1023,47.5676],[8.1037,47.5769],[8.1073,47.5817],[8.1159,47.5853],[8.135,47.5847],[8.1391,47.5911],[8.1486,47.5972],[8.1613,47.5949],[8.1695,47.5972],[8.174,47.6024],[8.1876,47.6084],[8.1976,47.6203],[8.208,47.6223],[8.2225,47.6172],[8.2248,47.6084],[8.2316,47.6078],[8.2398,47.6142],[8.2611,47.6162],[8.2679,47.6108],[8.2852,47.6126],[8.2983,47.6072],[8.2965,47.5937],[8.2997,47.5895],[8.3147,47.5827],[8.321,47.5763],[8.3287,47.5728],[8.3587,47.5714],[8.3859,47.567],[8.3931,47.5763],[8.3977,47.5785],[8.4267,47.5692],[8.419,47.5664],[8.4158,47.556],[8.4186,47.5473],[8.4108,47.5467],[8.4049,47.5395],[8.4049,47.5347],[8.3954,47.5327],[8.3931,47.5264],[8.3891,47.5296],[8.3823,47.527],[8.3809,47.516],[8.375,47.5122],[8.3696,47.5132],[8.3614,47.5108],[8.3591,47.4987],[8.3637,47.4923],[8.3646,47.482],[8.3745,47.4826],[8.3759,47.4726],[8.3691,47.4716],[8.3736,47.4605],[8.3786,47.4607],[8.3859,47.4553],[8.3877,47.4507],[8.3823,47.4501],[8.3823,47.4422],[8.3863,47.4372],[8.3841,47.434],[8.3782,47.435],[8.3764,47.4314],[8.3886,47.4292],[8.3931,47.4214],[8.3818,47.4121],[8.3859,47.4073],[8.3804,47.4037],[8.3773,47.4059],[8.3637,47.4027],[8.3668,47.4001],[8.3804,47.4011],[8.3841,47.3968],[8.3972,47.3954],[8.3954,47.3818],[8.4013,47.3755],[8.4013,47.3719],[8.4077,47.3715],[8.4063,47.3655],[8.4104,47.3563],[8.4049,47.3478],[8.4181,47.3354],[8.4131,47.3281],[8.4167,47.3259],[8.4304,47.3285],[8.4358,47.3265],[8.4558,47.3338],[8.4494,47.3271],[8.4503,47.3245],[8.4367,47.3165],[8.4304,47.3086],[8.429,47.3018],[8.4195,47.2956],[8.4045,47.293],[8.3981,47.2892],[8.3895,47.2914],[8.3954,47.2801],[8.4036,47.2733],[8.4013,47.2654],[8.4049,47.2628],[8.4045,47.255],[8.4108,47.2496],[8.4072,47.2381],[8.3972,47.2303],[8.3977,47.2206],[8.4018,47.2162],[8.4013,47.2084],[8.4063,47.1951],[8.4022,47.1913],[8.4013,47.1839],[8.4031,47.1782],[8.4108,47.1762],[8.4163,47.1668],[8.4163,47.1594],[8.4127,47.1559],[8.4158,47.1453],[8.4081,47.1391],[8.3773,47.1405],[8.3759,47.1443],[8.3632,47.1473],[8.3591,47.1579],[8.3487,47.1658],[8.3396,47.1794],[8.3382,47.1907],[8.3314,47.1985],[8.3265,47.2158],[8.3206,47.2168],[8.3215,47.2226],[8.3183,47.2261],[8.3124,47.2466],[8.306,47.2538],[8.301,47.2544],[8.297,47.2608],[8.2951,47.2673],[8.301,47.2727],[8.2797,47.2835],[8.2629,47.2837],[8.2607,47.2883],[8.2511,47.2873],[8.2493,47.2825],[8.2434,47.2801],[8.2416,47.2737],[8.2294,47.2747],[8.2203,47.2534],[8.2089,47.2486],[8.2053,47.2441],[8.2039,47.2313],[8.2058,47.2273],[8.1944,47.2277],[8.1867,47.2236],[8.1767,47.2232],[8.1754,47.2289],[8.164,47.2319],[8.1627,47.2367],[8.1568,47.2393],[8.1627,47.2419],[8.1767,47.2419],[8.1813,47.2466],[8.1803,47.2518],[8.174,47.2538],[8.1245,47.2435],[8.11,47.2456],[8.1068,47.2538],[8.0996,47.2616],[8.0887,47.264],[8.0787,47.2612],[8.0719,47.256],[8.0637,47.258],[8.0578,47.2566],[8.0637,47.2486],[8.0524,47.2456],[8.0297,47.2419],[8.017,47.2454],[8.0179,47.2608],[8.0061,47.2705],[8.0057,47.2759],[7.9957,47.2827],[7.988,47.2773],[7.9744,47.2759],[7.9571,47.2783],[7.9503,47.2737],[7.9521,47.267],[7.963,47.2554],[7.9344,47.2373],[7.9222,47.2393],[7.9113,47.2451],[7.8682,47.2387],[7.8541,47.2337],[7.8396,47.2361],[7.8292,47.2441],[7.8269,47.2498],[7.8305,47.2566],[7.826,47.267]]]]}},{"type":"Feature","properties":{"code":"TG","name":"Thurgau"},"geometry":{"type":"MultiPolygon","coordinates":[[[[9.5034,47.5487],[9.4258,47.5023],[9.4227,47.4975],[9.4149,47.4987],[9.4077,47.4955],[9.3977,47.4762],[9.39,47.483],[9.3805,47.4867],[9.3678,47.4867],[9.3741,47.4919],[9.37,47.4951],[9.3755,47.4967],[9.3759,47.5009],[9.3569,47.5049],[9.3569,47.5023],[9.3419,47.5049],[9.3374,47.5029],[9.3396,47.508],[9.3446,47.5077],[9.3573,47.5206],[9.3455,47.5212],[9.3392,47.5299],[9.3301,47.5296],[9.3192,47.5331],[9.3151,47.5299],[9.3142,47.5242],[9.3038,47.5278],[9.302,47.5254],[9.2834,47.5218],[9.2861,47.5196],[9.2806,47.5154],[9.2702,47.5132],[9.2725,47.509],[9.282,47.5071],[9.2929,47.508],[9.3047,47.517],[9.3129,47.5116],[9.3101,47.4987],[9.3188,47.5019],[9.3215,47.4981],[9.3197,47.4919],[9.3097,47.483],[9.2992,47.4784],[9.282,47.4842],[9.2802,47.481],[9.2639,47.4758],[9.2484,47.4772],[9.2457,47.4816],[9.233,47.4824],[9.233,47.4846],[9.2189,47.4852],[9.213,47.4804],[9.2071,47.4881],[9.2103,47.4903],[9.1999,47.4903],[9.1899,47.4945],[9.184,47.4925],[9.1822,47.4987],[9.1745,47.4957],[9.1668,47.5055],[9.1613,47.5013],[9.1636,47.4981],[9.1568,47.4887],[9.1432,47.4856],[9.1264,47.4856],[9.1237,47.482],[9.1168,47.481],[9.1119,47.4852],[9.0996,47.4867],[9.091,47.4842],[9.0833,47.4967],[9.0656,47.4923],[9.0642,47.4939],[9.0565,47.4891],[9.0524,47.4935],[9.0429,47.4971],[9.0293,47.4899],[9.0129,47.4909],[9.012,47.4867],[9.0048,47.4824],[9.0102,47.481],[9.0093,47.4736],[9.0302,47.4678],[9.0284,47.4589],[9.0511,47.4539],[9.0556,47.4497],[9.0638,47.4475],[9.0597,47.4443],[9.0483,47.4455],[9.0456,47.4429],[9.0393,47.4427],[9.0388,47.4382],[9.0361,47.4404],[9.0284,47.4382],[9.0243,47.4424],[9.0129,47.4346],[9.0107,47.4366],[8.9993,47.4362],[9.0011,47.4334],[8.9903,47.4308],[8.9939,47.4244],[8.9898,47.4125],[8.9776,47.4121],[8.9735,47.4063],[8.9766,47.4005],[8.9726,47.3928],[8.9662,47.386],[8.9585,47.3876],[8.9553,47.3824],[8.9444,47.377],[8.9413,47.3808],[8.9444,47.387],[8.9213,47.4009],[8.904,47.4031],[8.914,47.4141],[8.914,47.4294],[8.9099,47.4308],[8.9118,47.4354],[8.9322,47.433],[8.934,47.437],[8.9122,47.4378],[8.9036,47.4449],[8.9095,47.4497],[8.8923,47.4658],[8.8918,47.4704],[8.8854,47.471],[8.8859,47.483],[8.8977,47.4858],[8.8941,47.4897],[8.8941,47.5019],[8.8981,47.509],[8.8995,47.5254],[8.8841,47.5305],[8.8805,47.529],[8.8419,47.5337],[8.8419,47.5379],[8.8351,47.5441],[8.8287,47.5572],[8.8519,47.5622],[8.8514,47.565],[8.8401,47.5666],[8.8401,47.5724],[8.8319,47.5747],[8.8233,47.5743],[8.8174,47.5714],[8.8088,47.5728],[8.8074,47.5843],[8.7643,47.5943],[8.7493,47.5937],[8.7498,47.6014],[8.7448,47.604],[8.7421,47.613],[8.7471,47.6142],[8.7471,47.6229],[8.757,47.6177],[8.7629,47.6193],[8.7765,47.6156],[8.7883,47.6104],[8.7897,47.6046],[8.8033,47.6024],[8.8056,47.6152],[8.8115,47.6166],[8.8151,47.6229],[8.8142,47.6287],[8.8215,47.6307],[8.8283,47.6402],[8.8278,47.648],[8.8056,47.6536],[8.8042,47.6667],[8.7897,47.6667],[8.787,47.6564],[8.777,47.65],[8.7697,47.6516],[8.7566,47.6432],[8.7443,47.6412],[8.7448,47.6442],[8.7253,47.6442],[8.7207,47.6422],[8.7153,47.6458],[8.7099,47.6432],[8.7012,47.6484],[8.689,47.6512],[8.6804,47.661],[8.6781,47.6731],[8.6704,47.6761],[8.6704,47.686],[8.6922,47.6966],[8.7067,47.6912],[8.7294,47.694],[8.7525,47.6922],[8.7675,47.6876],[8.7856,47.6781],[8.7974,47.6767],[8.8033,47.6797],[8.8178,47.6793],[8.8369,47.6735],[8.8423,47.6657],[8.8555,47.6621],[8.8487,47.6552],[8.8505,47.6522],[8.8591,47.6512],[8.8664,47.6574],[8.8841,47.6554],[8.9004,47.649],[8.9435,47.6578],[8.9853,47.6767],[9.0211,47.6876],[9.1046,47.6777],[9.1173,47.6705],[9.1423,47.6651],[9.1509,47.6689],[9.159,47.6671],[9.1717,47.6562],[9.1772,47.6554],[9.1885,47.659],[9.2035,47.6568],[9.257,47.6606],[9.4458,47.5962],[9.4544,47.5917],[9.5034,47.5487]]],[[[9.4658,47.4877],[9.4667,47.4893],[9.4544,47.4913],[9.4494,47.4949],[9.4508,47.5023],[9.468,47.4975],[9.478,47.4909],[9.4658,47.4856],[9.4658,47.4877]]]]}},{"type":"Feature","properties":{"code":"TI","name":"Ticino"},"geometry":{"type":"MultiPolygon","coordinates":[[[[8.3859,46.4533],[8.3832,46.4604],[8.3863,46.4668],[8.3931,46.469],[8.3868,46.4768],[8.3954,46.4873],[8.3931,46.4961],[8.419,46.4939],[8.4358,46.4983],[8.444,46.4965],[8.453,46.509],[8.4612,46.5122],[8.4839,46.5337],[8.5202,46.5399],[8.5216,46.5437],[8.5157,46.5524],[8.5147,46.5614],[8.522,46.5681],[8.5225,46.5785],[8.5279,46.5833],[8.5397,46.5875],[8.5542,46.5817],[8.5746,46.5849],[8.5824,46.5781],[8.5914,46.5747],[8.6118,46.5759],[8.6209,46.5795],[8.6304,46.5749],[8.6318,46.567],[8.6413,46.5654],[8.6586,46.5701],[8.6608,46.5749],[8.6736,46.5797],[8.6994,46.5821],[8.7062,46.5749],[8.7185,46.5723],[8.7285,46.5779],[8.7452,46.5733],[8.7511,46.5769],[8.802,46.5644],[8.831,46.5727],[8.8315,46.5666],[8.8446,46.5644],[8.8637,46.5743],[8.8782,46.5759],[8.8805,46.5789],[8.9045,46.5853],[8.9172,46.5936],[8.9181,46.5978],[8.9081,46.6078],[8.9072,46.6159],[8.9127,46.6201],[8.9258,46.6245],[8.9426,46.6197],[8.9517,46.6251],[8.9535,46.6332],[8.9589,46.6311],[8.9644,46.6193],[8.9608,46.6119],[8.9635,46.604],[8.9744,46.604],[8.9844,46.61],[8.9962,46.6129],[9.0052,46.6123],[9.0279,46.6004],[9.0352,46.601],[9.0343,46.5952],[9.042,46.5914],[9.0452,46.5847],[9.0384,46.5833],[9.0197,46.5486],[9.0225,46.5351],[9.0179,46.5331],[9.022,46.5283],[9.0243,46.5202],[9.0234,46.5132],[9.0252,46.5086],[9.0415,46.4951],[9.0415,46.4907],[9.0488,46.4849],[9.0465,46.4825],[9.0556,46.4778],[9.0619,46.4774],[9.0746,46.4813],[9.086,46.4766],[9.086,46.4716],[9.0964,46.4616],[9.0928,46.4501],[9.0878,46.4449],[9.0901,46.4334],[9.1041,46.4146],[9.1028,46.4115],[9.091,46.4063],[9.0973,46.4011],[9.0878,46.3902],[9.091,46.388],[9.0969,46.374],[9.0937,46.3718],[9.0955,46.3655],[9.0892,46.3503],[9.0706,46.3448],[9.0678,46.3368],[9.0706,46.3336],[9.0651,46.3264],[9.0765,46.3159],[9.0733,46.3097],[9.0697,46.3087],[9.0615,46.2986],[9.0542,46.294],[9.0642,46.2749],[9.0737,46.2685],[9.0787,46.2615],[9.0769,46.2388],[9.0724,46.2371],[9.0756,46.2329],[9.0805,46.2345],[9.0846,46.2215],[9.0901,46.2136],[9.1205,46.2012],[9.1368,46.1813],[9.1545,46.1714],[9.1604,46.1708],[9.1577,46.1636],[9.135,46.154],[9.1223,46.1355],[9.1137,46.1359],[9.0742,46.1198],[9.0905,46.0905],[9.0905,46.0867],[9.0796,46.076],[9.0796,46.0664],[9.0746,46.0635],[9.0619,46.0619],[9.0511,46.0635],[9.0243,46.0541],[9.0184,46.0509],[9.0179,46.0439],[9.0107,46.0384],[9.0084,46.0306],[9.0238,46.0179],[9.0252,46.0021],[9.0297,45.9946],[9.0238,45.994],[9.0188,45.9888],[9.0125,45.9892],[9.0125,45.9844],[9.0034,45.9804],[8.9962,45.9814],[8.9975,45.9757],[8.9898,45.9715],[8.9952,45.9677],[9.0152,45.9615],[9.0184,45.9502],[9.0129,45.9448],[9.0238,45.9382],[9.0211,45.9297],[9.0438,45.9287],[9.0501,45.9215],[9.061,45.9219],[9.0597,45.9177],[9.0787,45.9104],[9.0765,45.9074],[9.0783,45.9004],[9.0878,45.9036],[9.0892,45.8984],[9.0683,45.8771],[9.056,45.8749],[9.0501,45.8636],[9.0515,45.8534],[9.0365,45.8425],[9.0388,45.8373],[9.0325,45.8253],[9.0329,45.8222],[9.0243,45.8231],[9.0188,45.8192],[8.9952,45.8231],[8.9989,45.8333],[8.9889,45.8395],[8.9834,45.8369],[8.9776,45.8379],[8.9707,45.8333],[8.9617,45.8379],[8.9617,45.8411],[8.9503,45.8447],[8.9326,45.8389],[8.9299,45.8343],[8.9195,45.8347],[8.9127,45.8317],[8.9149,45.8435],[8.9331,45.862],[8.9467,45.8681],[8.9426,45.8713],[8.9381,45.8685],[8.9326,45.8863],[8.9285,45.893],[8.9226,45.8972],[8.9263,45.902],[8.9254,45.9068],[8.9149,45.9187],[8.9086,45.9187],[8.8936,45.9338],[8.8977,45.9428],[8.8977,45.9567],[8.895,45.9599],[8.8795,45.9579],[8.8687,45.9621],[8.8324,45.9892],[8.8201,45.9888],[8.8147,45.9914],[8.7933,45.993],[8.787,45.9902],[8.7938,46.0091],[8.8069,46.0232],[8.8206,46.0268],[8.8283,46.0336],[8.831,46.0429],[8.8364,46.0449],[8.831,46.0475],[8.8351,46.0525],[8.8455,46.0497],[8.855,46.0629],[8.8532,46.077],[8.8333,46.0854],[8.8224,46.0947],[8.8069,46.1025],[8.8006,46.0957],[8.7843,46.0953],[8.7584,46.1045],[8.743,46.1234],[8.7253,46.1114],[8.7153,46.0983],[8.6981,46.1031],[8.6899,46.1029],[8.6817,46.1073],[8.6813,46.1112],[8.6704,46.1102],[8.6586,46.114],[8.6472,46.125],[8.6128,46.1228],[8.6109,46.1339],[8.5969,46.1437],[8.5951,46.1485],[8.601,46.1511],[8.6023,46.1568],[8.5901,46.1582],[8.5855,46.164],[8.5796,46.163],[8.5737,46.1666],[8.571,46.1781],[8.5651,46.1849],[8.5551,46.1875],[8.5547,46.1933],[8.542,46.1984],[8.5374,46.2054],[8.5338,46.2193],[8.5225,46.2231],[8.5111,46.2225],[8.4934,46.2303],[8.4685,46.2347],[8.4648,46.2454],[8.4444,46.2518],[8.4435,46.2554],[8.4485,46.2617],[8.4567,46.2649],[8.4499,46.2767],[8.4353,46.2888],[8.4349,46.293],[8.429,46.2998],[8.4417,46.3051],[8.4399,46.3097],[8.4453,46.3211],[8.4544,46.3223],[8.4567,46.3284],[8.4667,46.3348],[8.4644,46.3374],[8.4648,46.3483],[8.4626,46.3547],[8.4707,46.3629],[8.468,46.3691],[8.4676,46.3812],[8.4621,46.3876],[8.4716,46.3973],[8.4648,46.4041],[8.4644,46.4073],[8.4694,46.4131],[8.4589,46.421],[8.458,46.4262],[8.4617,46.4298],[8.4585,46.4359],[8.4676,46.4439],[8.4626,46.4475],[8.4626,46.4517],[8.4535,46.4565],[8.4539,46.4594],[8.4471,46.4648],[8.4127,46.4604],[8.3936,46.4527],[8.3859,46.4533]],[[8.9694,45.9641],[8.9766,45.9627],[8.9803,45.9721],[8.9776,45.9768],[8.9785,45.984],[8.9676,45.9852],[8.9599,45.9657],[8.9694,45.9641]]]]}},{"type":"Feature","properties":{"code":"VD","name":"Vaud"},"geometry":{"type":"MultiPolygon","coordinates":[[[[6.8214,46.4282],[6.6826,46.4555],[6.5197,46.4575],[6.4258,46.4168],[6.3355,46.4047],[6.2538,46.3615],[6.2416,46.3448],[6.2007,46.3567],[6.1966,46.3619],[6.188,46.3615],[6.1808,46.3657],[6.1717,46.3597],[6.1753,46.3551],[6.1867,46.3505],[6.1953,46.3499],[6.1939,46.3448],[6.2325,46.3316],[6.1994,46.2856],[6.1535,46.3004],[6.1413,46.3059],[6.1259,46.3185],[6.1399,46.3342],[6.139,46.341],[6.1504,46.3442],[6.1581,46.3509],[6.1594,46.3583],[6.1703,46.3691],[6.1617,46.376],[6.1594,46.3808],[6.1504,46.3786],[6.1358,46.3896],[6.1132,46.4011],[6.1145,46.3979],[6.1059,46.4005],[6.0982,46.4101],[6.0642,46.4176],[6.0755,46.4334],[6.0859,46.4421],[6.085,46.4485],[6.075,46.4549],[6.0773,46.4588],[6.0741,46.461],[6.0737,46.4668],[6.0973,46.4825],[6.1132,46.5106],[6.1386,46.5321],[6.1445,46.5289],[6.1544,46.5379],[6.149,46.5405],[6.1576,46.5466],[6.1113,46.5775],[6.1272,46.591],[6.1622,46.6113],[6.1794,46.6171],[6.1803,46.6213],[6.1966,46.6293],[6.2048,46.6374],[6.2084,46.637],[6.2198,46.6464],[6.2284,46.6496],[6.2329,46.6557],[6.2706,46.6798],[6.2697,46.6838],[6.2829,46.6918],[6.3418,46.7115],[6.3523,46.7159],[6.3609,46.7242],[6.3654,46.723],[6.3727,46.7252],[6.3713,46.732],[6.3827,46.732],[6.3927,46.7404],[6.3886,46.7445],[6.3958,46.7497],[6.4203,46.7545],[6.4403,46.7639],[6.4389,46.768],[6.453,46.7754],[6.4521,46.78],[6.4594,46.7899],[6.4358,46.8029],[6.4317,46.8134],[6.4417,46.817],[6.4403,46.8254],[6.4435,46.8337],[6.4607,46.8524],[6.4675,46.8489],[6.4825,46.8479],[6.5238,46.8578],[6.5315,46.8614],[6.5383,46.8682],[6.5755,46.8817],[6.5887,46.8855],[6.5991,46.8849],[6.615,46.8901],[6.6277,46.8901],[6.6463,46.9074],[6.6477,46.9116],[6.6694,46.9219],[6.7216,46.9375],[6.7243,46.9325],[6.7171,46.9074],[6.7407,46.8958],[6.7389,46.8855],[6.7416,46.8843],[6.7343,46.8692],[6.7416,46.873],[6.7561,46.8718],[6.7806,46.854],[6.7429,46.8286],[6.7797,46.8019],[6.7851,46.8045],[6.7883,46.8009],[6.7792,46.7951],[6.7779,46.7903],[6.7838,46.7945],[6.7983,46.7842],[6.8056,46.7867],[6.8242,46.7764],[6.8341,46.7758],[6.84,46.782],[6.8432,46.7804],[6.8591,46.7893],[6.8641,46.7852],[6.8645,46.782],[6.8804,46.7764],[6.8949,46.7784],[6.9076,46.7852],[6.9117,46.781],[6.9181,46.7858],[6.9167,46.7897],[6.9217,46.7977],[6.9326,46.8057],[6.9208,46.8118],[6.9122,46.8045],[6.9058,46.8067],[6.9117,46.8138],[6.9058,46.8264],[6.9076,46.8353],[6.9208,46.8495],[6.9317,46.8546],[6.9135,46.8672],[6.8972,46.8624],[6.8922,46.8662],[6.9104,46.8708],[6.9122,46.8682],[6.9217,46.8724],[6.9117,46.8817],[6.9076,46.8797],[6.8904,46.8895],[6.8664,46.9106],[6.8972,46.9267],[6.9303,46.9014],[6.9249,46.8949],[6.9394,46.8911],[6.9421,46.8855],[6.9467,46.8843],[6.9653,46.8666],[6.9703,46.8686],[6.9585,46.8827],[6.9743,46.8885],[6.9898,46.8745],[6.9798,46.867],[6.978,46.8618],[6.9816,46.8592],[6.9784,46.8511],[6.9825,46.8469],[6.9898,46.8447],[6.987,46.8359],[6.9929,46.8317],[6.9857,46.8232],[6.973,46.825],[6.9657,46.8296],[6.9585,46.8206],[6.9585,46.8124],[6.9671,46.8039],[6.9566,46.7945],[6.958,46.7889],[6.9507,46.7838],[6.9467,46.7858],[6.9394,46.7826],[6.9326,46.7764],[6.9362,46.7728],[6.9208,46.7611],[6.9149,46.7639],[6.909,46.7585],[6.9095,46.7559],[6.9181,46.7555],[6.9222,46.7527],[6.9317,46.7555],[6.9421,46.7465],[6.9308,46.7314],[6.9181,46.7201],[6.9049,46.7153],[6.8931,46.7037],[6.8949,46.7023],[6.8904,46.695],[6.8818,46.6912],[6.8741,46.6844],[6.8691,46.687],[6.8632,46.6822],[6.8645,46.678],[6.8727,46.6745],[6.8654,46.6661],[6.8691,46.6619],[6.8605,46.6611],[6.8546,46.6567],[6.8432,46.6603],[6.8446,46.6619],[6.8341,46.6635],[6.8269,46.6599],[6.8187,46.649],[6.8078,46.652],[6.7997,46.649],[6.8042,46.6468],[6.7978,46.6338],[6.801,46.6313],[6.8037,46.6223],[6.8042,46.6104],[6.8024,46.602],[6.7992,46.601],[6.7997,46.5837],[6.7951,46.5765],[6.8142,46.5795],[6.8151,46.5869],[6.8214,46.5847],[6.8251,46.5785],[6.8355,46.5765],[6.8473,46.5853],[6.8686,46.5765],[6.875,46.566],[6.8804,46.5681],[6.885,46.563],[6.889,46.5687],[6.899,46.5717],[6.9031,46.5624],[6.8877,46.5582],[6.8591,46.5321],[6.8605,46.5373],[6.8532,46.5429],[6.8414,46.5393],[6.8255,46.5393],[6.8287,46.5441],[6.8214,46.5403],[6.8114,46.5263],[6.8251,46.5132],[6.8314,46.5132],[6.8328,46.5064],[6.8387,46.5007],[6.8487,46.4949],[6.8632,46.4951],[6.8654,46.4997],[6.8831,46.5142],[6.8972,46.5216],[6.8986,46.5158],[6.8963,46.509],[6.9017,46.5144],[6.9262,46.509],[6.934,46.5028],[6.9553,46.5032],[6.9657,46.4945],[6.973,46.4923],[6.9743,46.4819],[6.9816,46.4766],[6.9789,46.4746],[6.9798,46.4622],[6.9929,46.4501],[6.9843,46.4397],[6.9961,46.4407],[7.0188,46.4485],[7.0206,46.4606],[7.0519,46.4829],[7.0664,46.4903],[7.0733,46.4877],[7.0782,46.4899],[7.0896,46.4881],[7.1064,46.4903],[7.1109,46.4961],[7.1236,46.5001],[7.1372,46.5096],[7.1413,46.5212],[7.149,46.5295],[7.1599,46.5279],[7.1831,46.5395],[7.193,46.5476],[7.2017,46.5431],[7.208,46.5341],[7.2262,46.5502],[7.238,46.555],[7.238,46.5476],[7.247,46.5389],[7.2452,46.5341],[7.2498,46.5184],[7.2452,46.5022],[7.242,46.4981],[7.2334,46.4961],[7.2366,46.4893],[7.2248,46.4881],[7.2253,46.4788],[7.2311,46.4678],[7.2266,46.4584],[7.2325,46.4549],[7.2275,46.4529],[7.2262,46.4453],[7.2135,46.4407],[7.1958,46.4417],[7.1935,46.4344],[7.2007,46.4298],[7.2107,46.4176],[7.2076,46.4111],[7.2089,46.4041],[7.1953,46.3854],[7.1944,46.3802],[7.208,46.3792],[7.2076,46.3744],[7.2166,46.3631],[7.2266,46.3661],[7.2307,46.3629],[7.2194,46.3587],[7.2234,46.3497],[7.2221,46.3304],[7.1894,46.3049],[7.1903,46.2962],[7.198,46.2904],[7.1958,46.2868],[7.1871,46.284],[7.1903,46.2747],[7.1844,46.2695],[7.179,46.2699],[7.1617,46.2544],[7.1558,46.2538],[7.1517,46.2454],[7.1418,46.2392],[7.1268,46.2383],[7.1223,46.2303],[7.1223,46.2245],[7.1114,46.2148],[7.0968,46.2086],[7.0891,46.2026],[7.0651,46.2006],[7.0447,46.1913],[7.0329,46.1893],[7.0206,46.2028],[7.012,46.2068],[7.0088,46.2219],[7.0029,46.2261],[7.0029,46.2325],[6.9902,46.245],[6.9884,46.2538],[6.9757,46.2611],[6.9644,46.2721],[6.9621,46.283],[6.9521,46.2914],[6.9376,46.2988],[6.9303,46.332],[6.9181,46.3406],[6.9049,46.3396],[6.8949,46.343],[6.8822,46.3551],[6.8877,46.3657],[6.8863,46.3766],[6.8759,46.3824],[6.8214,46.4282]],[[6.1735,46.3432],[6.1749,46.348],[6.1821,46.3448],[6.1853,46.3472],[6.1762,46.3525],[6.1676,46.3442],[6.1735,46.3432]],[[6.7506,46.735],[6.7502,46.7314],[6.7593,46.7268],[6.7634,46.7185],[6.7711,46.722],[6.7838,46.734],[6.7865,46.7491],[6.7738,46.7527],[6.7697,46.7465],[6.7506,46.735]],[[6.8124,46.7292],[6.8183,46.7346],[6.8328,46.7362],[6.8473,46.7288],[6.8654,46.7262],[6.8686,46.7298],[6.8664,46.7342],[6.8831,46.7511],[6.85,46.7764],[6.8459,46.767],[6.8296,46.7569],[6.8314,46.7549],[6.8155,46.742],[6.8169,46.7394],[6.7983,46.7352],[6.7938,46.7368],[6.7883,46.7298],[6.7938,46.7268],[6.8124,46.7292]]],[[[6.9294,46.9538],[7.0029,46.9878],[7.0519,46.9787],[7.0633,46.9725],[7.0578,46.961],[7.0605,46.957],[7.0624,46.9434],[7.0587,46.9396],[7.0919,46.9052],[7.0837,46.8974],[7.0624,46.8849],[7.0624,46.8807],[7.0696,46.8775],[7.071,46.8734],[7.0433,46.8483],[7.0374,46.8469],[7.0306,46.8511],[7.0306,46.854],[7.0379,46.8594],[7.0306,46.8676],[7.0365,46.8743],[7.022,46.8777],[7.017,46.8819],[7.0161,46.8781],[7.0088,46.8743],[7.0011,46.8753],[6.9943,46.8801],[7.0102,46.8901],[6.9816,46.9106],[6.9825,46.9148],[6.9884,46.9193],[6.9789,46.9245],[6.9752,46.9225],[6.9698,46.9245],[6.9294,46.9538]]]]}},{"type":"Feature","properties":{"code":"VS","name":"Valais"},"geometry":{"type":"MultiPolygon","coordinates":[[[[8.3859,46.4533],[8.3677,46.4533],[8.3573,46.4485],[8.3541,46.4433],[8.3265,46.4262],[8.3142,46.4246],[8.3088,46.427],[8.3001,46.4188],[8.3001,46.4156],[8.2906,46.4083],[8.311,46.4037],[8.3174,46.3995],[8.3147,46.3918],[8.3196,46.388],[8.3137,46.3782],[8.2906,46.3702],[8.2856,46.3651],[8.2738,46.3681],[8.2652,46.3655],[8.262,46.3613],[8.2666,46.3535],[8.2607,46.3499],[8.2607,46.3462],[8.2539,46.3478],[8.2507,46.342],[8.2371,46.3416],[8.2253,46.3358],[8.2225,46.3312],[8.2262,46.3274],[8.2157,46.3207],[8.213,46.3107],[8.1994,46.3034],[8.1953,46.3045],[8.1799,46.2988],[8.1608,46.2972],[8.1477,46.3028],[8.1391,46.303],[8.1218,46.293],[8.1146,46.2821],[8.1064,46.2809],[8.1014,46.2749],[8.0864,46.2675],[8.0873,46.2633],[8.0814,46.2617],[8.0896,46.2548],[8.1005,46.2538],[8.1023,46.2506],[8.1109,46.2508],[8.1164,46.2371],[8.1214,46.2373],[8.1277,46.2293],[8.1395,46.2273],[8.1445,46.2126],[8.1513,46.2052],[8.154,46.1923],[8.1658,46.1839],[8.1658,46.1781],[8.159,46.1751],[8.1522,46.1666],[8.1509,46.1578],[8.1558,46.1489],[8.1509,46.1421],[8.1427,46.1373],[8.1273,46.1365],[8.1164,46.1313],[8.115,46.1186],[8.1091,46.1128],[8.0814,46.1063],[8.0646,46.1061],[8.0433,46.1009],[8.037,46.1019],[8.0302,46.0909],[8.0297,46.0826],[8.0234,46.0758],[8.0243,46.0642],[8.0352,46.0445],[8.0256,46.0414],[8.0125,46.0324],[8.0184,46.0258],[8.012,46.02],[8.0129,46.0133],[8.002,46.0133],[7.9898,45.997],[7.9798,46.0003],[7.9594,45.9972],[7.909,45.9981],[7.9045,45.9898],[7.8945,45.9798],[7.8786,45.9731],[7.8822,45.9647],[7.8759,45.9595],[7.8782,45.9502],[7.8714,45.949],[7.8695,45.9376],[7.8782,45.9281],[7.8723,45.9209],[7.8646,45.9177],[7.8587,45.9223],[7.8378,45.9229],[7.8323,45.9261],[7.8196,45.9281],[7.8006,45.9183],[7.7874,45.9287],[7.7802,45.9299],[7.7702,45.938],[7.7489,45.9418],[7.7461,45.9354],[7.7371,45.9293],[7.7357,45.9251],[7.7212,45.9245],[7.7085,45.9354],[7.7107,45.9496],[7.703,45.9544],[7.6822,45.9579],[7.6681,45.9753],[7.6577,45.9776],[7.6404,45.9711],[7.6191,45.9731],[7.6091,45.9705],[7.5873,45.9721],[7.5819,45.9763],[7.5828,45.9804],[7.5796,45.987],[7.5674,45.9886],[7.5483,45.986],[7.5424,45.9772],[7.5469,45.9631],[7.5392,45.9559],[7.5238,45.9585],[7.5165,45.9637],[7.5106,45.9599],[7.5002,45.9637],[7.4966,45.9583],[7.4789,45.9538],[7.4721,45.949],[7.4757,45.937],[7.4703,45.935],[7.4598,45.9366],[7.4576,45.9334],[7.443,45.9313],[7.4353,45.9209],[7.4086,45.9094],[7.4027,45.9125],[7.3922,45.9004],[7.3836,45.8974],[7.3664,45.9052],[7.3623,45.9042],[7.3573,45.9115],[7.345,45.9161],[7.3319,45.9119],[7.3192,45.9125],[7.3174,45.9177],[7.3028,45.9183],[7.2947,45.9229],[7.2856,45.9161],[7.2774,45.902],[7.2715,45.901],[7.2566,45.889],[7.252,45.8938],[7.238,45.891],[7.2307,45.8932],[7.2166,45.8894],[7.2162,45.8849],[7.2066,45.8811],[7.198,45.8713],[7.2017,45.8644],[7.1917,45.8598],[7.1758,45.864],[7.1626,45.8723],[7.1649,45.8771],[7.1617,45.8795],[7.1354,45.8739],[7.1345,45.8703],[7.1186,45.8604],[7.1023,45.8604],[7.0928,45.8729],[7.095,45.8771],[7.0796,45.8871],[7.0769,45.8964],[7.0651,45.9014],[7.0651,45.9094],[7.061,45.9145],[7.0537,45.9165],[7.0451,45.9235],[7.0419,45.9332],[7.0365,45.9392],[7.0392,45.9486],[7.0379,45.9559],[7.0233,45.9589],[7.0097,45.9699],[7.0111,45.9741],[7.022,45.9776],[7.0242,45.9808],[7.017,45.9876],[7.0134,45.9882],[7.0111,45.9985],[7.0061,46.0023],[7.0016,46.0001],[6.9857,46.0053],[6.9816,46.0206],[6.9671,46.0324],[6.9639,46.0316],[6.9553,46.0429],[6.9512,46.0529],[6.9439,46.0519],[6.9353,46.0571],[6.938,46.0654],[6.9249,46.0664],[6.9095,46.0513],[6.8963,46.0497],[6.8904,46.0429],[6.8727,46.0523],[6.8804,46.0706],[6.8918,46.0754],[6.889,46.0796],[6.8922,46.0863],[6.8831,46.0963],[6.8963,46.1098],[6.8936,46.1154],[6.9004,46.125],[6.8918,46.1266],[6.8831,46.124],[6.8741,46.127],[6.8487,46.1286],[6.8428,46.1331],[6.8314,46.1337],[6.8155,46.1305],[6.8078,46.1375],[6.7983,46.1373],[6.7951,46.1489],[6.791,46.1546],[6.7924,46.1636],[6.8065,46.1739],[6.8069,46.1791],[6.8128,46.1827],[6.8042,46.2038],[6.8101,46.2152],[6.8228,46.2245],[6.8214,46.2335],[6.8328,46.2367],[6.8382,46.2418],[6.84,46.2492],[6.8527,46.2534],[6.8605,46.2675],[6.8591,46.2749],[6.8659,46.2811],[6.8586,46.2924],[6.8487,46.2908],[6.8355,46.3008],[6.8296,46.3024],[6.8296,46.3075],[6.826,46.3129],[6.8078,46.3221],[6.8006,46.3213],[6.7969,46.3342],[6.7851,46.3336],[6.7797,46.3458],[6.7724,46.3515],[6.772,46.3625],[6.781,46.3677],[6.7933,46.3687],[6.8065,46.3796],[6.8069,46.3838],[6.8024,46.387],[6.8214,46.4282],[6.8759,46.3824],[6.8863,46.3766],[6.8877,46.3657],[6.8822,46.3551],[6.8949,46.343],[6.9049,46.3396],[6.9181,46.3406],[6.9303,46.332],[6.9376,46.2988],[6.9521,46.2914],[6.9621,46.283],[6.9644,46.2721],[6.9757,46.2611],[6.9884,46.2538],[6.9902,46.245],[7.0029,46.2325],[7.0029,46.2261],[7.0088,46.2219],[7.012,46.2068],[7.0206,46.2028],[7.0329,46.1893],[7.0447,46.1913],[7.0651,46.2006],[7.0891,46.2026],[7.0968,46.2086],[7.1114,46.2148],[7.1223,46.2245],[7.1223,46.2303],[7.1268,46.2383],[7.1418,46.2392],[7.1517,46.2454],[7.1558,46.2538],[7.1617,46.2544],[7.179,46.2699],[7.1844,46.2695],[7.1903,46.2747],[7.1871,46.284],[7.1958,46.2868],[7.198,46.2904],[7.1903,46.2962],[7.1894,46.3049],[7.2221,46.3304],[7.2339,46.3278],[7.2552,46.3322],[7.2625,46.3384],[7.2629,46.3593],[7.2915,46.3683],[7.3001,46.3677],[7.3106,46.3764],[7.3133,46.3655],[7.3087,46.3597],[7.3087,46.3535],[7.3164,46.3448],[7.3559,46.3519],[7.3999,46.3776],[7.404,46.3766],[7.4181,46.3816],[7.4281,46.3818],[7.439,46.3874],[7.4439,46.3842],[7.4557,46.3838],[7.4644,46.3792],[7.4703,46.3792],[7.4743,46.3848],[7.4821,46.3854],[7.4866,46.3776],[7.4861,46.3732],[7.5034,46.3714],[7.5079,46.377],[7.5279,46.3756],[7.5397,46.379],[7.5424,46.3854],[7.5556,46.3902],[7.5479,46.3953],[7.5297,46.4015],[7.5356,46.4111],[7.5556,46.4146],[7.5628,46.4137],[7.5773,46.4182],[7.5969,46.4125],[7.6014,46.4178],[7.6,46.424],[7.6046,46.424],[7.6114,46.4298],[7.6105,46.4381],[7.6191,46.4391],[7.6273,46.4463],[7.6944,46.426],[7.6985,46.421],[7.7107,46.415],[7.7166,46.416],[7.723,46.422],[7.733,46.4234],[7.7665,46.4407],[7.7788,46.4445],[7.7992,46.4596],[7.8264,46.468],[7.8292,46.472],[7.8423,46.4784],[7.8709,46.4788],[7.8968,46.4835],[7.9072,46.4881],[7.9131,46.4881],[7.9163,46.4923],[7.9244,46.4929],[7.9244,46.4961],[7.9335,46.4993],[7.9358,46.5048],[7.9435,46.509],[7.958,46.5102],[7.9712,46.5176],[7.9739,46.5257],[7.9635,46.5379],[7.9707,46.546],[7.9866,46.5488],[7.9939,46.5576],[8.0156,46.5644],[8.0315,46.5638],[8.0433,46.5582],[8.0547,46.5572],[8.0619,46.5524],[8.0778,46.5566],[8.086,46.553],[8.1155,46.5476],[8.1273,46.5383],[8.1509,46.5331],[8.1754,46.5325],[8.1754,46.5253],[8.1858,46.5216],[8.1917,46.5241],[8.2593,46.5305],[8.2634,46.5347],[8.2847,46.5395],[8.2883,46.5441],[8.3051,46.5472],[8.3137,46.5538],[8.3178,46.5602],[8.3378,46.5624],[8.3519,46.5695],[8.3528,46.5727],[8.3659,46.5837],[8.3614,46.5875],[8.3646,46.5942],[8.3618,46.5994],[8.3718,46.6151],[8.3705,46.6301],[8.3732,46.6342],[8.3804,46.6348],[8.3954,46.647],[8.3995,46.6551],[8.419,46.6536],[8.4226,46.649],[8.4213,46.6171],[8.4167,46.6082],[8.4081,46.6008],[8.4108,46.5974],[8.4072,46.5869],[8.4108,46.5785],[8.4181,46.5723],[8.4294,46.5452],[8.4485,46.5369],[8.4589,46.5347],[8.4648,46.5369],[8.473,46.5305],[8.4789,46.5289],[8.4612,46.5122],[8.453,46.509],[8.444,46.4965],[8.4358,46.4983],[8.419,46.4939],[8.3931,46.4961],[8.3954,46.4873],[8.3868,46.4768],[8.3931,46.469],[8.3863,46.4668],[8.3832,46.4604],[8.3859,46.4533]]]]}},{"type":"Feature","properties":{"code":"NE","name":"Neuchâtel"},"geometry":{"type":"MultiPolygon","coordinates":[[[[6.8972,46.9267],[6.8664,46.9106],[6.7806,46.854],[6.7561,46.8718],[6.7416,46.873],[6.7343,46.8692],[6.7416,46.8843],[6.7389,46.8855],[6.7407,46.8958],[6.7171,46.9074],[6.7243,46.9325],[6.7216,46.9375],[6.6694,46.9219],[6.6477,46.9116],[6.6463,46.9074],[6.6277,46.8901],[6.615,46.8901],[6.5991,46.8849],[6.5887,46.8855],[6.5755,46.8817],[6.5383,46.8682],[6.5315,46.8614],[6.5238,46.8578],[6.4825,46.8479],[6.4675,46.8489],[6.4607,46.8524],[6.4648,46.8921],[6.4589,46.902],[6.4362,46.9229],[6.433,46.9299],[6.4448,46.9341],[6.4607,46.945],[6.4775,46.9621],[6.497,46.9753],[6.5056,46.9669],[6.5242,46.9731],[6.5633,46.9805],[6.5964,46.9936],[6.6109,46.9918],[6.634,46.9996],[6.6481,47.0127],[6.6554,47.0253],[6.6626,47.03],[6.6785,47.0368],[6.6971,47.0384],[6.7198,47.0523],[6.7085,47.0591],[6.7012,47.0603],[6.6926,47.0687],[6.7012,47.0708],[6.7075,47.076],[6.7085,47.081],[6.703,47.0832],[6.7089,47.0844],[6.7157,47.0896],[6.7434,47.0931],[6.7475,47.1005],[6.742,47.1057],[6.7407,47.1109],[6.7466,47.1109],[6.7565,47.1182],[6.7665,47.1218],[6.7779,47.1228],[6.7797,47.125],[6.8069,47.1322],[6.8096,47.1369],[6.8155,47.1365],[6.8201,47.1415],[6.84,47.1511],[6.8414,47.1553],[6.8505,47.1579],[6.8586,47.1668],[6.8618,47.1668],[6.8899,47.1324],[6.8818,47.1099],[6.8727,47.1041],[6.8673,47.0864],[6.9163,47.1051],[6.9308,47.1137],[6.9367,47.1099],[6.9494,47.1137],[6.9975,47.1202],[7.0088,47.1256],[7.0261,47.1254],[7.0315,47.1286],[7.0406,47.126],[7.0242,47.1135],[7.0292,47.1051],[7.0415,47.1103],[7.0578,47.1009],[7.0764,47.0973],[7.0878,47.087],[7.0878,47.0828],[7.0778,47.077],[7.081,47.0748],[7.081,47.0677],[7.0882,47.0607],[7.066,47.0462],[7.0519,47.044],[7.0347,47.033],[7.0347,47.0185],[7.0261,47.0069],[7.0406,46.9809],[7.0029,46.9878],[6.9294,46.9538],[6.8972,46.9267]]]]}},{"type":"Feature","properties":{"code":"GE","name":"Genève"},"geometry":{"type":"MultiPolygon","coordinates":[[[[6.2198,46.3129],[6.2497,46.3034],[6.2488,46.2952],[6.2525,46.2892],[6.2425,46.2862],[6.2384,46.2769],[6.2438,46.2741],[6.2502,46.2633],[6.2624,46.2556],[6.2611,46.2528],[6.2674,46.249],[6.2801,46.2528],[6.296,46.2657],[6.296,46.257],[6.3105,46.2576],[6.3064,46.2524],[6.3101,46.2512],[6.3105,46.2448],[6.2951,46.2261],[6.2783,46.2168],[6.2556,46.211],[6.2484,46.2064],[6.2357,46.2078],[6.2193,46.2],[6.2125,46.1939],[6.2062,46.1929],[6.1985,46.1845],[6.1889,46.1827],[6.1867,46.1759],[6.1894,46.1672],[6.1749,46.1588],[6.149,46.1511],[6.1458,46.1463],[6.1304,46.1415],[6.0986,46.1449],[6.0927,46.153],[6.0755,46.1501],[6.0524,46.1526],[6.0456,46.1411],[6.0433,46.1427],[6.0351,46.1359],[6.0338,46.1397],[6.0179,46.1441],[6.0034,46.1431],[5.9947,46.1457],[5.9843,46.1443],[5.9775,46.1343],[5.9575,46.1295],[5.9575,46.1347],[5.9657,46.1379],[5.9643,46.1459],[5.9843,46.1749],[5.9888,46.172],[5.9907,46.1787],[5.9956,46.1827],[5.9929,46.1877],[5.9643,46.198],[5.9743,46.2038],[5.9698,46.2078],[5.9748,46.2164],[5.9807,46.2183],[5.9934,46.2164],[5.9907,46.2229],[6.0002,46.2213],[6.0074,46.2251],[6.0074,46.2277],[6.0133,46.2321],[6.0265,46.2345],[6.0338,46.2398],[6.0465,46.2325],[6.0551,46.2418],[6.0637,46.247],[6.0678,46.2428],[6.0737,46.2424],[6.0882,46.2482],[6.1018,46.2387],[6.1095,46.2408],[6.1254,46.2524],[6.1231,46.2592],[6.11,46.2717],[6.1141,46.2737],[6.1041,46.2799],[6.1032,46.2862],[6.1145,46.296],[6.12,46.2956],[6.12,46.3139],[6.1259,46.3185],[6.1413,46.3059],[6.1535,46.3004],[6.1994,46.2856],[6.2198,46.3129]]],[[[6.2416,46.3448],[6.2325,46.3316],[6.1939,46.3448],[6.1953,46.3499],[6.1867,46.3505],[6.1753,46.3551],[6.1717,46.3597],[6.1808,46.3657],[6.188,46.3615],[6.1966,46.3619],[6.2007,46.3567],[6.2416,46.3448]]],[[[6.1735,46.3432],[6.1676,46.3442],[6.1762,46.3525],[6.1853,46.3472],[6.1821,46.3448],[6.1749,46.348],[6.1735,46.3432]]]]}},{"type":"Feature","properties":{"code":"JU","name":"Jura"},"geometry":{"type":"MultiPolygon","coordinates":[[[[6.8618,47.1668],[6.8441,47.1682],[6.8414,47.1726],[6.8645,47.1817],[6.8677,47.1865],[6.8745,47.1865],[6.8745,47.1917],[6.8818,47.2017],[6.9108,47.2194],[6.9222,47.222],[6.9335,47.2319],[6.9421,47.2331],[6.9435,47.2389],[6.9566,47.2445],[6.9467,47.2554],[6.9521,47.2608],[6.9526,47.2711],[6.9412,47.2877],[6.9498,47.2926],[6.9771,47.294],[6.9771,47.2976],[6.997,47.2968],[7.0047,47.303],[7.0088,47.3024],[7.017,47.3169],[7.0111,47.3259],[7.0356,47.3297],[7.046,47.3279],[7.0578,47.3358],[7.0546,47.3394],[7.0605,47.341],[7.0633,47.3452],[7.0506,47.349],[7.0537,47.3526],[7.0492,47.3635],[7.0433,47.3655],[7.0356,47.3645],[7.0347,47.3709],[7.012,47.3739],[7.0084,47.3693],[6.997,47.3649],[6.9852,47.3651],[6.9752,47.3615],[6.9317,47.3593],[6.9253,47.3567],[6.9022,47.3605],[6.88,47.3538],[6.88,47.3587],[6.8859,47.3687],[6.8845,47.3741],[6.9144,47.3892],[6.9104,47.3974],[6.9163,47.3986],[6.9181,47.4043],[6.9135,47.4057],[6.9394,47.4073],[6.9421,47.4169],[6.9421,47.4354],[6.9557,47.4366],[6.9585,47.435],[6.9671,47.4388],[6.9712,47.4481],[6.9816,47.4505],[6.9911,47.4491],[7.0029,47.4553],[6.9984,47.4579],[7.0016,47.4684],[6.9925,47.4678],[6.9938,47.472],[6.9875,47.4778],[6.9889,47.4883],[6.987,47.4945],[7.0206,47.5059],[7.0256,47.5055],[7.0374,47.4987],[7.0451,47.4997],[7.0723,47.4935],[7.076,47.4893],[7.095,47.4967],[7.1136,47.4965],[7.1268,47.5039],[7.1386,47.5035],[7.1631,47.4913],[7.2021,47.4955],[7.2039,47.4925],[7.1917,47.4897],[7.1785,47.4694],[7.1799,47.4621],[7.1713,47.4443],[7.1935,47.4402],[7.1962,47.4366],[7.2066,47.4362],[7.2298,47.4414],[7.2393,47.4346],[7.2393,47.4298],[7.2466,47.4276],[7.247,47.4214],[7.2556,47.4256],[7.2711,47.4286],[7.2824,47.436],[7.2929,47.4346],[7.3042,47.4402],[7.3278,47.4414],[7.3264,47.434],[7.3405,47.431],[7.3564,47.4199],[7.3577,47.4163],[7.385,47.4137],[7.3895,47.4041],[7.3968,47.4047],[7.3999,47.398],[7.4145,47.396],[7.4172,47.386],[7.4126,47.3818],[7.4385,47.3822],[7.4621,47.3719],[7.4802,47.3729],[7.488,47.3709],[7.5247,47.3735],[7.5247,47.3655],[7.5406,47.3615],[7.542,47.3561],[7.5397,47.349],[7.5528,47.3464],[7.5356,47.3358],[7.5283,47.3239],[7.5324,47.3223],[7.5587,47.3237],[7.5311,47.3175],[7.4966,47.3034],[7.4866,47.3036],[7.4775,47.3082],[7.4489,47.3098],[7.4226,47.3082],[7.414,47.3113],[7.4126,47.3145],[7.3795,47.3161],[7.3491,47.3068],[7.3378,47.3072],[7.3328,47.3008],[7.3174,47.2918],[7.2765,47.2857],[7.2615,47.2885],[7.2425,47.2867],[7.2239,47.2894],[7.2076,47.2924],[7.2103,47.296],[7.1645,47.2952],[7.1703,47.292],[7.1658,47.29],[7.1703,47.2869],[7.169,47.2759],[7.149,47.2701],[7.144,47.257],[7.1499,47.255],[7.1558,47.249],[7.1404,47.2445],[7.1286,47.2464],[7.1123,47.2431],[7.1037,47.2445],[7.0968,47.2383],[7.0891,47.2383],[7.0855,47.2466],[7.0805,47.2449],[7.0796,47.2486],[7.0605,47.2441],[7.0574,47.2413],[7.0596,47.2325],[7.0478,47.2279],[7.0242,47.1971],[6.997,47.1945],[6.9952,47.1881],[6.9866,47.1778],[6.978,47.1762],[6.9712,47.1825],[6.9566,47.1819],[6.9526,47.1887],[6.9421,47.1859],[6.9389,47.1766],[6.9308,47.1708],[6.9072,47.1584],[6.8845,47.1517],[6.8804,47.1557],[6.8727,47.1752],[6.8618,47.1668]]]]}}]}