{"type":"FeatureCollection","features":[{"type":"Feature","properties":{"codes":["UL"],"name":"Alb-Donau-Kreis","state":"Baden-Württemberg","districtType":"Landkreis"},"geometry":{"type":"Polygon","coordinates":[[[10.2304,48.5105],[10.2131,48.5168],[10.2104,48.5362],[10.1931,48.5471],[10.1693,48.5494],[10.1213,48.5589],[10.0975,48.5784],[10.0507,48.5923],[10.0405,48.6041],[9.9929,48.6057],[9.9929,48.5978],[9.9645,48.5955],[9.9691,48.615],[9.9442,48.6321],[9.9241,48.6298],[9.9151,48.6229],[9.892,48.6229],[9.8958,48.6127],[9.8599,48.5846],[9.8395,48.5837],[9.8278,48.5652],[9.801,48.5573],[9.7444,48.5636],[9.69,48.5349],[9.6783,48.523],[9.656,48.5191],[9.6322,48.5372],[9.5937,48.5402],[9.5853,48.5372],[9.591,48.5122],[9.5835,48.4904],[9.5937,48.4756],[9.6148,48.4709],[9.6269,48.4531],[9.6386,48.4235],[9.6239,48.414],[9.6212,48.3954],[9.5929,48.3984],[9.5808,48.3945],[9.5929,48.376],[9.5865,48.3394],[9.5744,48.3292],[9.5589,48.3292],[9.5498,48.3199],[9.557,48.2949],[9.5295,48.284],[9.5075,48.2808],[9.523,48.2576],[9.489,48.2412],[9.4902,48.2326],[9.5242,48.2234],[9.5306,48.2062],[9.5449,48.1937],[9.5627,48.1905],[9.5982,48.2046],[9.6239,48.2],[9.6258,48.1898],[9.6571,48.175],[9.6579,48.1601],[9.6847,48.1773],[9.7251,48.171],[9.7444,48.1759],[9.7425,48.2046],[9.767,48.2155],[9.7644,48.2271],[9.7946,48.2319],[9.7938,48.2451],[9.8478,48.2583],[9.8747,48.2762],[9.8818,48.2942],[9.9249,48.2817],[9.9268,48.2708],[9.9679,48.2685],[9.9781,48.263],[9.991,48.2435],[10.0121,48.2428],[10.0212,48.2303],[10.0405,48.228],[10.0352,48.2171],[10.0378,48.196],[10.0582,48.1967],[10.0627,48.1875],[10.0442,48.1819],[10.0469,48.1657],[10.0352,48.1532],[10.0499,48.1423],[10.0756,48.1516],[10.0956,48.1641],[10.0847,48.1851],[10.0839,48.2092],[10.0692,48.2234],[10.0609,48.2389],[10.0692,48.2537],[10.0627,48.2722],[10.0673,48.2778],[10.0121,48.3308],[10.0084,48.344],[9.9974,48.3503],[9.9827,48.3487],[9.9921,48.3276],[9.9487,48.3121],[9.9215,48.3121],[9.9094,48.319],[9.9294,48.3315],[9.9268,48.3408],[9.849,48.3533],[9.8452,48.3674],[9.869,48.376],[9.8754,48.3961],[9.9011,48.3954],[9.9121,48.4086],[9.9324,48.4163],[9.9075,48.4258],[9.9158,48.442],[9.9408,48.4515],[9.96,48.4468],[9.9819,48.4631],[10.0212,48.4647],[10.0325,48.4568],[10.0544,48.4568],[10.0873,48.4631],[10.105,48.4772],[10.1341,48.4545],[10.1719,48.4577],[10.1847,48.4763],[10.2176,48.4888],[10.2354,48.4888],[10.238,48.5006],[10.2304,48.5105]]]}},{"type":"Feature","properties":{"codes":["BB","LEO"],"name":"Böblingen","state":"Baden-Württemberg","districtType":"Landkreis"},"geometry":{"type":"Polygon","coordinates":[[[9.0653,48.756],[9.0532,48.763],[9.0403,48.794],[9.043,48.8213],[9.0211,48.8292],[8.9946,48.8329],[8.9678,48.8292],[8.9576,48.8415],[8.9561,48.8556],[8.9285,48.8665],[8.901,48.8595],[8.8946,48.847],[8.8723,48.8378],[8.8855,48.8306],[8.8919,48.8035],[8.8477,48.7926],[8.8322,48.7979],[8.8047,48.7778],[8.8356,48.7544],[8.8292,48.7363],[8.8496,48.7356],[8.8791,48.7248],[8.8643,48.7194],[8.8632,48.6974],[8.8273,48.6766],[8.8258,48.6694],[8.799,48.6585],[8.7937,48.6391],[8.8009,48.611],[8.7854,48.5978],[8.7597,48.6041],[8.7469,48.5962],[8.7548,48.5846],[8.7578,48.5379],[8.7688,48.5214],[8.7899,48.52],[8.7964,48.5105],[8.8466,48.4997],[8.8587,48.5168],[8.8515,48.5372],[8.887,48.5418],[8.89,48.5643],[8.9112,48.5721],[8.9319,48.5643],[8.9357,48.5775],[8.9478,48.5863],[8.9769,48.59],[9.0056,48.5886],[9.0351,48.5768],[9.0543,48.5939],[9.0743,48.5893],[9.0898,48.6032],[9.1102,48.6057],[9.1295,48.6009],[9.1514,48.6041],[9.1442,48.618],[9.1669,48.6242],[9.1661,48.6437],[9.1461,48.6641],[9.0944,48.6803],[9.1076,48.6875],[9.1046,48.7092],[9.0834,48.7146],[9.0781,48.7241],[9.0615,48.7294],[9.0653,48.756]]]}},{"type":"Feature","properties":{"codes":["BAD"],"name":"Baden-Baden","state":"Baden-Württemberg","districtType":"Stadtkreis"},"geometry":{"type":"Polygon","coordinates":[[[8.288,48.7739],[8.2925,48.7854],[8.2759,48.7871],[8.2695,48.7979],[8.254,48.794],[8.2502,48.8088],[8.2155,48.8269],[8.1924,48.8345],[8.1668,48.819],[8.1641,48.8012],[8.1467,48.7901],[8.166,48.7847],[8.1951,48.7669],[8.2034,48.7574],[8.1777,48.7412],[8.1456,48.7426],[8.1339,48.7185],[8.1603,48.7178],[8.1777,48.7116],[8.2053,48.7092],[8.2283,48.6889],[8.2412,48.6664],[8.2751,48.6687],[8.2989,48.6859],[8.3208,48.7099],[8.3208,48.7303],[8.2804,48.7676],[8.288,48.7739]]]}},{"type":"Feature","properties":{"codes":["BC"],"name":"Biberach","state":"Baden-Württemberg","districtType":"Landkreis"},"geometry":{"type":"Polygon","coordinates":[[[10.0956,48.1641],[10.0756,48.1516],[10.0499,48.1423],[10.0352,48.1532],[10.0469,48.1657],[10.0442,48.1819],[10.0627,48.1875],[10.0582,48.1967],[10.0378,48.196],[10.0352,48.2171],[10.0405,48.228],[10.0212,48.2303],[10.0121,48.2428],[9.991,48.2435],[9.9781,48.263],[9.9679,48.2685],[9.9268,48.2708],[9.9249,48.2817],[9.8818,48.2942],[9.8747,48.2762],[9.8478,48.2583],[9.7938,48.2451],[9.7946,48.2319],[9.7644,48.2271],[9.767,48.2155],[9.7425,48.2046],[9.7444,48.1759],[9.7251,48.171],[9.6847,48.1773],[9.6579,48.1601],[9.6571,48.175],[9.6258,48.1898],[9.6239,48.2],[9.5982,48.2046],[9.5627,48.1905],[9.5449,48.1937],[9.5306,48.2062],[9.5242,48.2234],[9.4902,48.2326],[9.4985,48.2125],[9.4709,48.2016],[9.4645,48.2092],[9.3984,48.1967],[9.3818,48.2023],[9.3663,48.2257],[9.3478,48.2396],[9.3304,48.2271],[9.3074,48.2241],[9.3111,48.2016],[9.3202,48.1891],[9.301,48.175],[9.3021,48.1664],[9.2734,48.1502],[9.2919,48.1384],[9.3164,48.1305],[9.3278,48.112],[9.3553,48.1041],[9.3542,48.0939],[9.3973,48.0932],[9.412,48.1025],[9.4286,48.087],[9.4736,48.0738],[9.5019,48.0761],[9.5075,48.0684],[9.5276,48.0659],[9.5378,48.0527],[9.5718,48.0427],[9.5808,48.0223],[9.591,48.0223],[9.6159,47.9881],[9.6224,47.967],[9.6488,47.9693],[9.6635,47.9765],[9.6854,47.9765],[9.7021,47.9827],[9.7542,47.9749],[9.7708,47.9702],[9.7919,47.9508],[9.8055,47.961],[9.8267,47.961],[9.8395,47.9538],[9.8599,47.9647],[9.869,47.9811],[9.9132,47.9827],[9.9525,47.9584],[9.9763,47.9663],[10.0068,47.9656],[10.0068,47.9522],[10.0397,47.9468],[10.048,47.9498],[10.0673,47.9742],[10.0892,47.9818],[10.1039,47.9742],[10.1149,47.9765],[10.1194,48.0036],[10.1322,48.0154],[10.136,48.024],[10.1341,48.0379],[10.1443,48.0596],[10.136,48.1087],[10.1077,48.1305],[10.0956,48.1641]]]}},{"type":"Feature","properties":{"codes":["FN","TT","ÜB"],"name":"Bodenseekreis","state":"Baden-Württemberg","districtType":"Landkreis"},"geometry":{"type":"Polygon","coordinates":[[[9.4093,47.8215],[9.3799,47.8308],[9.3202,47.8674],[9.3021,47.8588],[9.2764,47.8667],[9.2707,47.8799],[9.2586,47.8822],[9.2386,47.8737],[9.2432,47.8581],[9.222,47.8588],[9.2046,47.8456],[9.1899,47.841],[9.1283,47.8473],[9.1038,47.8417],[9.0808,47.8588],[9.066,47.8558],[9.0706,47.8394],[9.0819,47.8278],[9.0834,47.8144],[9.0706,47.8074],[9.1268,47.781],[9.1404,47.7685],[9.1533,47.7678],[9.2258,47.7398],[9.2258,47.7287],[9.2375,47.7108],[9.2632,47.6946],[9.3111,47.6736],[9.3229,47.6726],[9.3489,47.6611],[9.3984,47.6689],[9.4222,47.6657],[9.4358,47.6564],[9.4626,47.6485],[9.4928,47.6509],[9.5166,47.6323],[9.5276,47.6073],[9.5506,47.5879],[9.5589,47.5856],[9.6193,47.5832],[9.6269,47.5925],[9.6424,47.5941],[9.6416,47.6034],[9.6579,47.612],[9.6919,47.6103],[9.6835,47.6307],[9.7104,47.6314],[9.7304,47.6377],[9.7444,47.6548],[9.7304,47.6673],[9.7258,47.6844],[9.6956,47.6884],[9.6654,47.6835],[9.6462,47.7023],[9.6129,47.7108],[9.5967,47.7264],[9.5385,47.7349],[9.5268,47.7312],[9.4928,47.7372],[9.4992,47.7484],[9.4838,47.7537],[9.48,47.7639],[9.4441,47.7616],[9.435,47.7801],[9.455,47.7896],[9.4626,47.8074],[9.4093,47.8215]]]}},{"type":"Feature","properties":{"codes":["FR","MÜL","NEU"],"name":"Breisgau-Hochschwarzwald","state":"Baden-Württemberg","districtType":"Landkreis"},"geometry":{"type":"Polygon","coordinates":[[[7.8246,48.0691],[7.7849,48.0863],[7.7547,48.0863],[7.763,48.1002],[7.7494,48.112],[7.7007,48.1103],[7.6814,48.1159],[7.6731,48.1103],[7.6429,48.112],[7.6153,48.1064],[7.5776,48.1159],[7.5794,48.1018],[7.5692,48.08],[7.5742,48.055],[7.5711,48.0302],[7.6089,48.0006],[7.6191,47.9857],[7.6217,47.9709],[7.6078,47.9522],[7.5878,47.9376],[7.5806,47.9188],[7.5787,47.8931],[7.5621,47.8845],[7.5557,47.8667],[7.564,47.8473],[7.5319,47.788],[7.53,47.7741],[7.5455,47.7435],[7.5538,47.7444],[7.5742,47.7755],[7.6153,47.7741],[7.6199,47.7567],[7.6724,47.7715],[7.7245,47.7896],[7.7758,47.7903],[7.7887,47.8021],[7.8219,47.8192],[7.8363,47.8229],[7.8695,47.8479],[7.888,47.8674],[7.8888,47.8776],[7.9382,47.8767],[7.976,47.8667],[8.01,47.8667],[8.0229,47.8595],[8.0179,47.8417],[8.0429,47.8549],[8.075,47.8542],[8.0935,47.8144],[8.0999,47.8067],[8.1245,47.8021],[8.1218,47.7935],[8.1456,47.7863],[8.155,47.7724],[8.1834,47.7833],[8.1924,47.763],[8.2174,47.7669],[8.2072,47.7856],[8.2219,47.8081],[8.2117,47.8192],[8.2302,47.8338],[8.2476,47.8354],[8.2593,47.8503],[8.2899,47.8542],[8.2925,47.8486],[8.3099,47.8447],[8.3575,47.8447],[8.39,47.841],[8.4107,47.8519],[8.4394,47.8533],[8.4376,47.8743],[8.4073,47.9056],[8.356,47.9258],[8.3458,47.936],[8.3144,47.9436],[8.3137,47.9515],[8.2823,47.9508],[8.3144,47.9702],[8.3201,47.989],[8.308,47.9927],[8.2823,47.9874],[8.2238,47.9983],[8.1989,47.9834],[8.1905,47.9936],[8.1475,48.0013],[8.1365,48.0091],[8.1226,48.0108],[8.0923,48.0427],[8.0787,48.0434],[8.0742,48.0566],[8.0576,48.0636],[8.0485,48.0582],[8.0043,48.0589],[7.9972,48.0629],[7.9556,48.0636],[7.9511,48.0573],[7.9216,48.0652],[7.9137,48.0559],[7.8925,48.0536],[7.8574,48.0559],[7.8502,48.052],[7.854,48.0372],[7.8748,48.0316],[7.888,48.0098],[7.9265,48.0138],[7.9299,47.9959],[7.9247,47.9702],[7.9152,47.9647],[7.9247,47.9399],[7.9061,47.9241],[7.9099,47.9172],[7.8933,47.9063],[7.8733,47.9033],[7.8623,47.9156],[7.8786,47.9485],[7.8555,47.9498],[7.8491,47.961],[7.8227,47.9725],[7.8042,47.964],[7.7785,47.9709],[7.7675,47.9788],[7.7328,47.9772],[7.7007,47.9593],[7.6776,47.9593],[7.6629,47.9663],[7.6841,47.989],[7.6776,47.9943],[7.7079,48.0121],[7.7033,48.0263],[7.7135,48.0332],[7.7335,48.0332],[7.7509,48.0216],[7.7687,48.0177],[7.7898,48.0286],[7.7962,48.0612],[7.8155,48.0714],[7.8246,48.0691]]]}},{"type":"Feature","properties":{"codes":["CW"],"name":"Calw","state":"Baden-Württemberg","districtType":"Landkreis"},"geometry":{"type":"Polygon","coordinates":[[[8.8047,48.7778],[8.7816,48.7746],[8.7631,48.7792],[8.7386,48.8035],[8.7291,48.7979],[8.7148,48.8174],[8.7148,48.8292],[8.697,48.8369],[8.6906,48.8355],[8.6955,48.8167],[8.6668,48.8105],[8.6117,48.8276],[8.609,48.8128],[8.5833,48.8158],[8.5588,48.8088],[8.5512,48.791],[8.5301,48.7847],[8.5191,48.8003],[8.5203,48.8128],[8.4935,48.8206],[8.4576,48.823],[8.4349,48.8197],[8.4164,48.8355],[8.4119,48.8299],[8.3817,48.8338],[8.3798,48.8306],[8.4043,48.822],[8.4081,48.8088],[8.4228,48.7917],[8.4338,48.7699],[8.4209,48.7551],[8.4221,48.7435],[8.4651,48.7644],[8.4851,48.7567],[8.4715,48.7194],[8.4587,48.7169],[8.4621,48.6984],[8.4394,48.6951],[8.4485,48.6852],[8.4459,48.6664],[8.43,48.6446],[8.4092,48.6391],[8.4349,48.6266],[8.4927,48.6041],[8.501,48.5939],[8.541,48.587],[8.5622,48.5691],[8.5769,48.562],[8.5595,48.5494],[8.5871,48.5448],[8.5973,48.5543],[8.6275,48.5362],[8.6045,48.5247],[8.5981,48.5122],[8.6052,48.5052],[8.6366,48.5006],[8.6687,48.5105],[8.6917,48.492],[8.6936,48.4841],[8.734,48.4871],[8.7393,48.5043],[8.7559,48.5043],[8.7688,48.5214],[8.7578,48.5379],[8.7548,48.5846],[8.7469,48.5962],[8.7597,48.6041],[8.7854,48.5978],[8.8009,48.611],[8.7937,48.6391],[8.799,48.6585],[8.8258,48.6694],[8.8273,48.6766],[8.8632,48.6974],[8.8643,48.7194],[8.8791,48.7248],[8.8496,48.7356],[8.8292,48.7363],[8.8356,48.7544],[8.8047,48.7778]]]}},{"type":"Feature","properties":{"codes":["EM"],"name":"Emmendingen","state":"Baden-Württemberg","districtType":"Landkreis"},"geometry":{"type":"Polygon","coordinates":[[[8.1807,48.1835],[8.1815,48.196],[8.166,48.2257],[8.152,48.2287],[8.1161,48.2099],[8.0935,48.2125],[8.0806,48.2241],[8.0648,48.228],[8.0512,48.2217],[8.0293,48.2257],[8.0172,48.2342],[8.0006,48.2287],[7.9813,48.2023],[7.962,48.2069],[7.9273,48.2085],[7.9054,48.221],[7.8722,48.2248],[7.831,48.2342],[7.8155,48.2248],[7.7834,48.2405],[7.7668,48.2419],[7.7445,48.2373],[7.7116,48.26],[7.6803,48.2576],[7.6648,48.2194],[7.6437,48.2069],[7.6301,48.1835],[7.6014,48.1594],[7.598,48.1337],[7.5806,48.1252],[7.5776,48.1159],[7.6153,48.1064],[7.6429,48.112],[7.6731,48.1103],[7.6814,48.1159],[7.7007,48.1103],[7.7494,48.112],[7.763,48.1002],[7.7547,48.0863],[7.7849,48.0863],[7.8246,48.0691],[7.8502,48.052],[7.8574,48.0559],[7.8925,48.0536],[7.9137,48.0559],[7.9216,48.0652],[7.9511,48.0573],[7.9556,48.0636],[7.9972,48.0629],[8.0043,48.0589],[8.0485,48.0582],[8.0576,48.0636],[8.0742,48.0566],[8.0787,48.0434],[8.0923,48.0427],[8.1226,48.0108],[8.1365,48.0091],[8.1339,48.0147],[8.1146,48.0286],[8.1282,48.0411],[8.1256,48.052],[8.109,48.0636],[8.1294,48.0738],[8.1486,48.0668],[8.1603,48.0698],[8.1456,48.0853],[8.1539,48.0978],[8.1328,48.1173],[8.1256,48.133],[8.1418,48.1407],[8.1346,48.1587],[8.155,48.1733],[8.1807,48.1835]]]}},{"type":"Feature","properties":{"codes":["PF"],"name":"Enzkreis","state":"Baden-Württemberg","districtType":"Landkreis"},"geometry":{"type":"Polygon","coordinates":[[[8.8779,49.059],[8.8421,49.059],[8.8337,49.0464],[8.813,49.0332],[8.7964,49.0455],[8.7439,49.0369],[8.734,49.0284],[8.7348,48.995],[8.7099,48.9888],[8.6475,49.002],[8.6018,48.9855],[8.5769,48.9895],[8.5595,48.9638],[8.5376,48.9436],[8.541,48.9311],[8.5539,48.9281],[8.5339,48.9038],[8.5172,48.8975],[8.5191,48.8672],[8.4863,48.8487],[8.4678,48.8454],[8.4844,48.8237],[8.5203,48.8128],[8.5191,48.8003],[8.5301,48.7847],[8.5512,48.791],[8.5588,48.8088],[8.5833,48.8158],[8.609,48.8128],[8.6117,48.8276],[8.6668,48.8105],[8.6955,48.8167],[8.6906,48.8355],[8.6713,48.8415],[8.6585,48.8355],[8.634,48.8454],[8.6487,48.8711],[8.6321,48.9147],[8.6532,48.9179],[8.6778,48.91],[8.7008,48.9249],[8.7257,48.9304],[8.7586,48.9232],[8.765,48.9172],[8.7567,48.8992],[8.7937,48.886],[8.7952,48.8665],[8.7688,48.8431],[8.7695,48.8345],[8.7503,48.8306],[8.7423,48.823],[8.722,48.819],[8.7091,48.8401],[8.697,48.8369],[8.7148,48.8292],[8.7148,48.8174],[8.7291,48.7979],[8.7386,48.8035],[8.7631,48.7792],[8.7816,48.7746],[8.8047,48.7778],[8.8322,48.7979],[8.8477,48.7926],[8.8919,48.8035],[8.8855,48.8306],[8.8723,48.8378],[8.8946,48.847],[8.901,48.8595],[8.9285,48.8665],[8.9176,48.8836],[8.901,48.9242],[8.9029,48.9381],[8.9176,48.942],[8.9403,48.939],[8.9459,48.9591],[8.9202,48.9825],[8.9331,48.9911],[8.9029,49.0231],[8.8761,49.0356],[8.8779,49.059]]]}},{"type":"Feature","properties":{"codes":["ES","NT"],"name":"Esslingen","state":"Baden-Württemberg","districtType":"Landkreis"},"geometry":{"type":"Polygon","coordinates":[[[9.503,48.7535],[9.4928,48.7669],[9.4634,48.7706],[9.446,48.7778],[9.4229,48.7637],[9.4075,48.7792],[9.3908,48.7878],[9.3863,48.7706],[9.3568,48.7746],[9.3357,48.7653],[9.3138,48.7746],[9.2745,48.7683],[9.2617,48.7442],[9.2137,48.7317],[9.2129,48.7271],[9.2375,48.706],[9.2451,48.6944],[9.1975,48.6905],[9.1744,48.7023],[9.1412,48.7083],[9.1046,48.7092],[9.1076,48.6875],[9.0944,48.6803],[9.1461,48.6641],[9.1661,48.6437],[9.1669,48.6242],[9.1442,48.618],[9.1514,48.6041],[9.2028,48.6041],[9.2084,48.5714],[9.225,48.5659],[9.2367,48.5745],[9.2541,48.5682],[9.2874,48.5659],[9.3119,48.5814],[9.3229,48.5752],[9.3202,48.5481],[9.3625,48.5434],[9.3682,48.5355],[9.4184,48.5362],[9.426,48.5441],[9.4486,48.5448],[9.4826,48.5355],[9.4671,48.5168],[9.4992,48.5207],[9.5306,48.5138],[9.5396,48.527],[9.5827,48.5395],[9.5608,48.552],[9.5672,48.5613],[9.5937,48.5745],[9.5967,48.5909],[9.5884,48.6064],[9.5967,48.611],[9.5691,48.6282],[9.5385,48.6305],[9.5551,48.6555],[9.5404,48.6601],[9.514,48.6569],[9.4883,48.6803],[9.4936,48.7123],[9.4872,48.7271],[9.5102,48.7505],[9.503,48.7535]]]}},{"type":"Feature","properties":{"codes":["FR"],"name":"Freiburg im Breisgau","state":"Baden-Württemberg","districtType":"Stadtkreis"},"geometry":{"type":"Polygon","coordinates":[[[7.8246,48.0691],[7.8155,48.0714],[7.7962,48.0612],[7.7898,48.0286],[7.7687,48.0177],[7.7509,48.0216],[7.7335,48.0332],[7.7135,48.0332],[7.7033,48.0263],[7.7079,48.0121],[7.6776,47.9943],[7.6841,47.989],[7.6629,47.9663],[7.6776,47.9593],[7.7007,47.9593],[7.7328,47.9772],[7.7675,47.9788],[7.7785,47.9709],[7.8042,47.964],[7.8227,47.9725],[7.8491,47.961],[7.8555,47.9498],[7.8786,47.9485],[7.8623,47.9156],[7.8733,47.9033],[7.8933,47.9063],[7.9099,47.9172],[7.9061,47.9241],[7.9247,47.9399],[7.9152,47.9647],[7.9247,47.9702],[7.9299,47.9959],[7.9265,48.0138],[7.888,48.0098],[7.8748,48.0316],[7.854,48.0372],[7.8502,48.052],[7.8246,48.0691]]]}},{"type":"Feature","properties":{"codes":["FDS","HCH","HOR","WOL"],"name":"Freudenstadt","state":"Baden-Württemberg","districtType":"Landkreis"},"geometry":{"type":"Polygon","coordinates":[[[8.7559,48.5043],[8.7393,48.5043],[8.734,48.4871],[8.6936,48.4841],[8.6917,48.492],[8.6687,48.5105],[8.6366,48.5006],[8.6052,48.5052],[8.5981,48.5122],[8.6045,48.5247],[8.6275,48.5362],[8.5973,48.5543],[8.5871,48.5448],[8.5595,48.5494],[8.5769,48.562],[8.5622,48.5691],[8.541,48.587],[8.501,48.5939],[8.4927,48.6041],[8.4349,48.6266],[8.4092,48.6391],[8.3862,48.6321],[8.3881,48.6252],[8.3639,48.6157],[8.331,48.5923],[8.2861,48.587],[8.2612,48.5893],[8.2438,48.5985],[8.2219,48.6032],[8.22,48.587],[8.2355,48.58],[8.2347,48.5714],[8.2128,48.5582],[8.2162,48.5362],[8.2128,48.523],[8.2226,48.5145],[8.2226,48.5029],[8.2464,48.4927],[8.2668,48.4904],[8.2725,48.4818],[8.2642,48.4631],[8.2687,48.4492],[8.2548,48.414],[8.2412,48.4116],[8.2328,48.4008],[8.2476,48.3954],[8.2476,48.3852],[8.2642,48.379],[8.2521,48.3697],[8.2695,48.3588],[8.2842,48.3602],[8.3046,48.3493],[8.3208,48.3595],[8.3208,48.379],[8.3401,48.3859],[8.3575,48.379],[8.3594,48.3385],[8.3953,48.3229],[8.4292,48.3236],[8.4383,48.3042],[8.4587,48.3128],[8.4946,48.3144],[8.501,48.3292],[8.4851,48.3424],[8.4972,48.3642],[8.4844,48.3822],[8.5184,48.3908],[8.5203,48.4008],[8.546,48.4054],[8.5558,48.4001],[8.5845,48.404],[8.6128,48.3961],[8.6302,48.4017],[8.6577,48.3945],[8.6763,48.4001],[8.6963,48.3852],[8.7374,48.3783],[8.7567,48.3822],[8.7605,48.4024],[8.7745,48.4163],[8.7643,48.4288],[8.7862,48.4475],[8.8258,48.4631],[8.7952,48.4848],[8.7771,48.4865],[8.7688,48.502],[8.7559,48.5043]]]}},{"type":"Feature","properties":{"codes":["GP"],"name":"Göppingen","state":"Baden-Württemberg","districtType":"Landkreis"},"geometry":{"type":"Polygon","coordinates":[[[9.6269,48.7746],[9.6159,48.7715],[9.5853,48.7817],[9.571,48.7715],[9.5853,48.7607],[9.548,48.7403],[9.5423,48.7512],[9.5193,48.7607],[9.503,48.7535],[9.5102,48.7505],[9.4872,48.7271],[9.4936,48.7123],[9.4883,48.6803],[9.514,48.6569],[9.5404,48.6601],[9.5551,48.6555],[9.5385,48.6305],[9.5691,48.6282],[9.5967,48.611],[9.5884,48.6064],[9.5967,48.5909],[9.5937,48.5745],[9.5672,48.5613],[9.5608,48.552],[9.5853,48.5372],[9.5937,48.5402],[9.6322,48.5372],[9.656,48.5191],[9.6783,48.523],[9.69,48.5349],[9.7444,48.5636],[9.801,48.5573],[9.8278,48.5652],[9.8395,48.5837],[9.8599,48.5846],[9.8958,48.6127],[9.892,48.6229],[9.9151,48.6229],[9.9241,48.6298],[9.9442,48.6321],[9.9279,48.6391],[9.9313,48.6671],[9.9442,48.6625],[9.9698,48.674],[9.9645,48.6951],[9.9948,48.7146],[9.9876,48.7271],[9.9332,48.7303],[9.9324,48.7412],[9.883,48.7512],[9.883,48.738],[9.9075,48.7255],[9.8864,48.7146],[9.838,48.7303],[9.7946,48.7208],[9.7938,48.731],[9.781,48.7449],[9.7527,48.7521],[9.7432,48.7746],[9.7296,48.7683],[9.7092,48.7792],[9.6847,48.7778],[9.6579,48.7706],[9.6269,48.7746]]]}},{"type":"Feature","properties":{"codes":["HD"],"name":"Heidelberg","state":"Baden-Württemberg","districtType":"Stadtkreis"},"geometry":{"type":"Polygon","coordinates":[[[8.5731,49.4156],[8.6117,49.4054],[8.6309,49.4131],[8.6358,49.3922],[8.6071,49.3774],[8.609,49.3649],[8.634,49.3524],[8.6404,49.3695],[8.6577,49.3616],[8.711,49.3556],[8.7257,49.3586],[8.7303,49.3718],[8.7631,49.379],[8.7779,49.4022],[8.7945,49.407],[8.7873,49.4327],[8.7661,49.4374],[8.7616,49.4506],[8.722,49.449],[8.6468,49.4374],[8.6283,49.4427],[8.6102,49.4249],[8.5826,49.4265],[8.5731,49.4156]]]}},{"type":"Feature","properties":{"codes":["HDH"],"name":"Heidenheim","state":"Baden-Württemberg","districtType":"Landkreis"},"geometry":{"type":"Polygon","coordinates":[[[10.4234,48.7442],[10.4049,48.7403],[10.3857,48.7482],[10.3581,48.7303],[10.3434,48.7303],[10.292,48.7475],[10.2875,48.756],[10.2675,48.7567],[10.2527,48.7692],[10.2278,48.7746],[10.2142,48.7831],[10.1791,48.7769],[10.1757,48.7544],[10.15,48.7722],[10.1149,48.759],[10.0858,48.7567],[10.0711,48.7475],[10.048,48.7475],[10.0469,48.7574],[10.0295,48.766],[10.0102,48.7521],[10.0186,48.7363],[9.9876,48.7271],[9.9948,48.7146],[9.9645,48.6951],[9.9698,48.674],[9.9442,48.6625],[9.9313,48.6671],[9.9279,48.6391],[9.9442,48.6321],[9.9691,48.615],[9.9645,48.5955],[9.9929,48.5978],[9.9929,48.6057],[10.0405,48.6041],[10.0507,48.5923],[10.0975,48.5784],[10.1213,48.5589],[10.1693,48.5494],[10.1931,48.5471],[10.2104,48.5362],[10.2131,48.5168],[10.2304,48.5105],[10.2644,48.52],[10.2784,48.5161],[10.2965,48.5168],[10.303,48.53],[10.3011,48.5448],[10.3139,48.5557],[10.3094,48.5791],[10.2946,48.5923],[10.2965,48.6041],[10.3222,48.6094],[10.2977,48.6242],[10.2965,48.6337],[10.2682,48.6469],[10.2546,48.6664],[10.2561,48.6803],[10.2727,48.6859],[10.2682,48.6991],[10.2811,48.7014],[10.3132,48.6859],[10.3351,48.6889],[10.3471,48.6789],[10.3509,48.6546],[10.3683,48.6641],[10.3864,48.6671],[10.3921,48.6889],[10.4087,48.6984],[10.437,48.6951],[10.4268,48.6865],[10.4242,48.671],[10.4491,48.6648],[10.4782,48.6803],[10.4876,48.6967],[10.4563,48.734],[10.4234,48.7442]]]}},{"type":"Feature","properties":{"codes":["HN"],"name":"Heilbronn","state":"Baden-Württemberg","districtType":"Landkreis"},"geometry":{"type":"Polygon","coordinates":[[[9.4433,49.3642],[9.4267,49.357],[9.4056,49.3649],[9.3754,49.3633],[9.3606,49.3665],[9.3304,49.3883],[9.3093,49.3758],[9.3157,49.357],[9.2945,49.3477],[9.2874,49.3299],[9.2681,49.3276],[9.2617,49.3065],[9.2451,49.2996],[9.2111,49.3151],[9.1926,49.3276],[9.1589,49.3237],[9.1506,49.2746],[9.1147,49.2722],[9.1076,49.2792],[9.0687,49.2792],[9.0494,49.2933],[9.032,49.269],[9.0158,49.2614],[9.0045,49.241],[8.9901,49.238],[8.9523,49.2123],[8.8862,49.2021],[8.8964,49.1819],[8.8632,49.1741],[8.8304,49.1921],[8.8183,49.1944],[8.8258,49.1905],[8.8164,49.1615],[8.8273,49.1615],[8.8421,49.15],[8.8266,49.1328],[8.8304,49.1259],[8.8598,49.1259],[8.887,49.1173],[8.8934,49.0844],[8.8761,49.0791],[8.8779,49.059],[8.8761,49.0356],[8.89,49.0448],[8.9119,49.0393],[8.9421,49.0379],[8.9735,49.0418],[8.9871,49.0284],[9.0139,49.0207],[9.0249,49.0293],[9.0607,49.0254],[9.0577,49.0386],[9.0687,49.0471],[9.1046,49.0511],[9.1,49.0613],[9.1185,49.0643],[9.1359,49.055],[9.1533,49.0573],[9.1744,49.0511],[9.1706,49.0425],[9.1854,49.0307],[9.2469,49.0224],[9.2772,49.0363],[9.301,49.0323],[9.3395,49.0418],[9.3587,49.0379],[9.3991,49.0379],[9.3991,49.0441],[9.3837,49.0541],[9.4139,49.062],[9.4165,49.0471],[9.4403,49.0527],[9.435,49.0603],[9.4505,49.0722],[9.466,49.0712],[9.5011,49.0791],[9.5019,49.1025],[9.5276,49.1087],[9.5102,49.1173],[9.5128,49.1266],[9.4921,49.1398],[9.4826,49.1305],[9.4902,49.1203],[9.4788,49.1087],[9.4339,49.0986],[9.4388,49.1157],[9.4267,49.1407],[9.4029,49.1453],[9.3433,49.1741],[9.3663,49.178],[9.3708,49.1921],[9.3973,49.1981],[9.412,49.1935],[9.4486,49.2238],[9.426,49.2278],[9.4139,49.2458],[9.4331,49.2815],[9.4634,49.2894],[9.4773,49.3003],[9.4909,49.298],[9.5147,49.3042],[9.5019,49.3128],[9.4781,49.3181],[9.455,49.3603],[9.4433,49.3642]],[[9.1121,49.2076],[9.1506,49.2083],[9.1763,49.1928],[9.2194,49.1819],[9.2213,49.1701],[9.2579,49.1632],[9.2571,49.1483],[9.2726,49.1444],[9.2779,49.1259],[9.2972,49.1196],[9.2571,49.1094],[9.2534,49.1041],[9.202,49.1127],[9.1782,49.0962],[9.1525,49.0986],[9.1495,49.1094],[9.1314,49.125],[9.1514,49.1375],[9.1604,49.15],[9.1333,49.1569],[9.1295,49.1701],[9.091,49.1701],[9.0819,49.1796],[9.0558,49.1928],[9.0607,49.1991],[9.1091,49.1974],[9.1121,49.2076]]]}},{"type":"Feature","properties":{"codes":["HN"],"name":"Heilbronn","state":"Baden-Württemberg","districtType":"Stadtkreis"},"geometry":{"type":"Polygon","coordinates":[[[9.1121,49.2076],[9.1091,49.1974],[9.0607,49.1991],[9.0558,49.1928],[9.0819,49.1796],[9.091,49.1701],[9.1295,49.1701],[9.1333,49.1569],[9.1604,49.15],[9.1514,49.1375],[9.1314,49.125],[9.1495,49.1094],[9.1525,49.0986],[9.1782,49.0962],[9.202,49.1127],[9.2534,49.1041],[9.2571,49.1094],[9.2972,49.1196],[9.2779,49.1259],[9.2726,49.1444],[9.2571,49.1483],[9.2579,49.1632],[9.2213,49.1701],[9.2194,49.1819],[9.1763,49.1928],[9.1506,49.2083],[9.1121,49.2076]]]}},{"type":"Feature","properties":{"codes":["KÜN","ÖHR"],"name":"Hohenlohekreis","state":"Baden-Württemberg","districtType":"Landkreis"},"geometry":{"type":"Polygon","coordinates":[[[9.8554,49.3679],[9.8305,49.3945],[9.8112,49.3883],[9.7927,49.4077],[9.7746,49.3936],[9.7406,49.3992],[9.7123,49.3992],[9.7047,49.4179],[9.69,49.4107],[9.6718,49.4147],[9.6424,49.414],[9.6386,49.4239],[9.6193,49.4302],[9.571,49.417],[9.5872,49.3899],[9.5718,49.3751],[9.5321,49.382],[9.5075,49.3751],[9.4754,49.385],[9.4645,49.3968],[9.446,49.3906],[9.4505,49.3765],[9.4433,49.3642],[9.455,49.3603],[9.4781,49.3181],[9.5019,49.3128],[9.5147,49.3042],[9.4909,49.298],[9.4773,49.3003],[9.4634,49.2894],[9.4331,49.2815],[9.4139,49.2458],[9.426,49.2278],[9.4486,49.2238],[9.412,49.1935],[9.3973,49.1981],[9.3708,49.1921],[9.3663,49.178],[9.3433,49.1741],[9.4029,49.1453],[9.4267,49.1407],[9.4388,49.1157],[9.4339,49.0986],[9.4788,49.1087],[9.4902,49.1203],[9.4826,49.1305],[9.4921,49.1398],[9.5128,49.1266],[9.5102,49.1173],[9.5276,49.1087],[9.5321,49.121],[9.5532,49.1335],[9.5672,49.1298],[9.5929,49.1078],[9.6122,49.1164],[9.5891,49.1236],[9.5918,49.1407],[9.6526,49.1312],[9.6662,49.1407],[9.6718,49.1609],[9.6892,49.1664],[9.6956,49.1882],[9.7092,49.1967],[9.7451,49.1951],[9.7542,49.2116],[9.7462,49.2225],[9.7655,49.2248],[9.758,49.2449],[9.8267,49.2653],[9.8259,49.2762],[9.8554,49.2871],[9.8599,49.3049],[9.8471,49.3204],[9.858,49.3306],[9.8433,49.3454],[9.8535,49.3517],[9.8554,49.3679]]]}},{"type":"Feature","properties":{"codes":["BR","KA"],"name":"Karlsruhe","state":"Baden-Württemberg","districtType":"Landkreis"},"geometry":{"type":"Polygon","coordinates":[[[8.8183,49.1944],[8.7835,49.1981],[8.7533,49.2067],[8.7469,49.2238],[8.7257,49.2373],[8.7019,49.2271],[8.6596,49.2333],[8.6264,49.2433],[8.6147,49.2419],[8.5705,49.2551],[8.575,49.2621],[8.5486,49.2699],[8.5229,49.269],[8.5184,49.2776],[8.487,49.2901],[8.467,49.2831],[8.4402,49.2621],[8.3926,49.2387],[8.3851,49.2255],[8.4036,49.2248],[8.4028,49.2139],[8.3851,49.1981],[8.3696,49.171],[8.3715,49.1453],[8.3624,49.1087],[8.3548,49.093],[8.3401,49.0798],[8.3613,49.0698],[8.3934,49.0689],[8.4092,49.0627],[8.4119,49.0814],[8.4621,49.0425],[8.4768,49.0441],[8.4908,49.0518],[8.5229,49.0247],[8.512,48.999],[8.5025,48.9957],[8.5127,48.9677],[8.5422,48.9598],[8.5089,48.942],[8.4621,48.9404],[8.4394,48.9459],[8.4512,48.9631],[8.4394,48.9709],[8.4119,48.9598],[8.3888,48.9631],[8.3779,48.9756],[8.3431,48.9825],[8.3303,48.9895],[8.3118,48.9841],[8.2989,48.9904],[8.277,48.9904],[8.2612,48.9809],[8.2604,48.9575],[8.2733,48.9529],[8.3073,48.9499],[8.3446,48.9367],[8.3484,48.9232],[8.3156,48.9225],[8.2997,48.9147],[8.2906,48.8866],[8.3016,48.8774],[8.3054,48.8635],[8.3567,48.8447],[8.365,48.854],[8.3862,48.8501],[8.4043,48.8586],[8.4156,48.847],[8.4164,48.8355],[8.4349,48.8197],[8.4576,48.823],[8.4935,48.8206],[8.4844,48.8237],[8.4678,48.8454],[8.4863,48.8487],[8.5191,48.8672],[8.5172,48.8975],[8.5339,48.9038],[8.5539,48.9281],[8.541,48.9311],[8.5376,48.9436],[8.5595,48.9638],[8.5769,48.9895],[8.6018,48.9855],[8.6475,49.002],[8.7099,48.9888],[8.7348,48.995],[8.734,49.0284],[8.7439,49.0369],[8.7964,49.0455],[8.813,49.0332],[8.8337,49.0464],[8.8421,49.059],[8.8779,49.059],[8.8761,49.0791],[8.8934,49.0844],[8.887,49.1173],[8.8598,49.1259],[8.8304,49.1259],[8.8266,49.1328],[8.8421,49.15],[8.8273,49.1615],[8.8164,49.1615],[8.8258,49.1905],[8.8183,49.1944]]]}},{"type":"Feature","properties":{"codes":["BR","KA"],"name":"Karlsruhe","state":"Baden-Württemberg","districtType":"Stadtkreis"},"geometry":{"type":"Polygon","coordinates":[[[8.277,48.9904],[8.2989,48.9904],[8.3118,48.9841],[8.3303,48.9895],[8.3431,48.9825],[8.3779,48.9756],[8.3888,48.9631],[8.4119,48.9598],[8.4394,48.9709],[8.4512,48.9631],[8.4394,48.9459],[8.4621,48.9404],[8.5089,48.942],[8.5422,48.9598],[8.5127,48.9677],[8.5025,48.9957],[8.512,48.999],[8.5229,49.0247],[8.4908,49.0518],[8.4768,49.0441],[8.4621,49.0425],[8.4119,49.0814],[8.4092,49.0627],[8.3934,49.0689],[8.3613,49.0698],[8.3401,49.0798],[8.3182,49.0627],[8.3061,49.0455],[8.2989,49.0168],[8.288,48.998],[8.277,48.9904]]]}},{"type":"Feature","properties":{"codes":["BÜS","KN","STO"],"name":"Konstanz","state":"Baden-Württemberg","districtType":"Landkreis"},"geometry":{"type":"MultiPolygon","coordinates":[[[[8.7027,47.7148],[8.6744,47.7046],[8.6725,47.6851],[8.6925,47.6953],[8.7167,47.6898],[8.7027,47.7148]]],[[[9.1283,47.8473],[9.1219,47.8611],[9.1461,47.873],[9.1487,47.897],[9.1283,47.8984],[9.0845,47.9165],[9.0653,47.9181],[9.0706,47.9422],[9.0494,47.9353],[8.9852,47.9376],[8.9652,47.9241],[8.9531,47.9343],[8.9017,47.9149],[8.8806,47.9126],[8.8523,47.8822],[8.8258,47.8815],[8.8175,47.8869],[8.8228,47.9195],[8.8001,47.9156],[8.8047,47.907],[8.7862,47.8947],[8.7733,47.8947],[8.7393,47.8845],[8.7257,47.901],[8.6872,47.8526],[8.6668,47.8479],[8.6404,47.8549],[8.6283,47.8401],[8.6256,47.8144],[8.6136,47.8012],[8.6219,47.7949],[8.6147,47.7833],[8.6275,47.7592],[8.6449,47.7646],[8.6468,47.7949],[8.6815,47.784],[8.6925,47.756],[8.7136,47.7655],[8.7412,47.7521],[8.7148,47.7389],[8.7118,47.7287],[8.7348,47.7155],[8.7284,47.693],[8.7522,47.6907],[8.7899,47.6749],[8.7982,47.7023],[8.7695,47.7069],[8.7707,47.7171],[8.8001,47.7359],[8.8239,47.7108],[8.8337,47.7148],[8.8485,47.7039],[8.8689,47.7055],[8.8632,47.693],[8.8606,47.6969],[8.8504,47.6851],[8.8723,47.6712],[8.8761,47.6541],[8.8983,47.6485],[8.9433,47.6564],[9.0147,47.6861],[9.032,47.6868],[9.0717,47.6798],[9.0981,47.6789],[9.1385,47.6641],[9.1571,47.6664],[9.1808,47.6571],[9.179,47.658],[9.1782,47.6664],[9.2175,47.6657],[9.2118,47.6812],[9.1797,47.7046],[9.1733,47.7342],[9.1487,47.7491],[9.1348,47.7474],[9.1174,47.7592],[9.0717,47.7764],[9.0468,47.7965],[9.0313,47.8044],[9.0385,47.8176],[9.0615,47.8153],[9.0706,47.8074],[9.0834,47.8144],[9.0819,47.8278],[9.0706,47.8394],[9.066,47.8558],[9.0808,47.8588],[9.1038,47.8417],[9.1283,47.8473]]]]}},{"type":"Feature","properties":{"codes":["LÖ"],"name":"Lörrach","state":"Baden-Württemberg","districtType":"Landkreis"},"geometry":{"type":"Polygon","coordinates":[[[8.0179,47.8417],[8.0229,47.8595],[8.01,47.8667],[7.976,47.8667],[7.9382,47.8767],[7.8888,47.8776],[7.888,47.8674],[7.8695,47.8479],[7.8363,47.8229],[7.8219,47.8192],[7.7887,47.8021],[7.7758,47.7903],[7.7245,47.7896],[7.6724,47.7715],[7.6199,47.7567],[7.6153,47.7741],[7.5742,47.7755],[7.5538,47.7444],[7.5455,47.7435],[7.5473,47.7296],[7.5383,47.7171],[7.5134,47.703],[7.5209,47.6641],[7.5383,47.6492],[7.5677,47.6314],[7.5742,47.6159],[7.5934,47.6011],[7.5896,47.5895],[7.6191,47.577],[7.6455,47.5971],[7.675,47.5918],[7.6841,47.5737],[7.6769,47.5652],[7.6384,47.5598],[7.6686,47.5358],[7.6962,47.5325],[7.7188,47.5418],[7.7509,47.5443],[7.7879,47.5543],[7.8125,47.5714],[7.82,47.5879],[7.8393,47.5823],[7.8623,47.5879],[7.8941,47.5862],[7.9016,47.6018],[7.8778,47.6166],[7.8805,47.6423],[7.899,47.6446],[7.9126,47.6532],[7.9088,47.6634],[7.9209,47.6719],[7.9401,47.6749],[7.9779,47.6953],[7.9806,47.7118],[7.9685,47.7342],[7.9696,47.7521],[7.9806,47.7669],[8.0017,47.7701],[8.0043,47.7942],[7.9979,47.8058],[7.9998,47.8278],[8.0179,47.8417]]]}},{"type":"Feature","properties":{"codes":["LB","VAI"],"name":"Ludwigsburg","state":"Baden-Württemberg","districtType":"Landkreis"},"geometry":{"type":"MultiPolygon","coordinates":[[[[9.4165,49.0471],[9.4139,49.062],[9.3837,49.0541],[9.3991,49.0441],[9.4165,49.0471]]],[[[9.3991,49.0379],[9.3587,49.0379],[9.3395,49.0418],[9.301,49.0323],[9.2772,49.0363],[9.2469,49.0224],[9.1854,49.0307],[9.1706,49.0425],[9.1744,49.0511],[9.1533,49.0573],[9.1359,49.055],[9.1185,49.0643],[9.1,49.0613],[9.1046,49.0511],[9.0687,49.0471],[9.0577,49.0386],[9.0607,49.0254],[9.0249,49.0293],[9.0139,49.0207],[8.9871,49.0284],[8.9735,49.0418],[8.9421,49.0379],[8.9119,49.0393],[8.89,49.0448],[8.8761,49.0356],[8.9029,49.0231],[8.9331,48.9911],[8.9202,48.9825],[8.9459,48.9591],[8.9403,48.939],[8.9176,48.942],[8.9029,48.9381],[8.901,48.9242],[8.9176,48.8836],[8.9285,48.8665],[8.9561,48.8556],[8.9576,48.8415],[8.9678,48.8292],[8.9946,48.8329],[9.0211,48.8292],[9.043,48.8213],[9.0403,48.794],[9.0532,48.763],[9.0653,48.756],[9.0853,48.7715],[9.0762,48.7871],[9.0864,48.8042],[9.0853,48.8322],[9.1083,48.8292],[9.1129,48.822],[9.1385,48.8299],[9.1385,48.8517],[9.1533,48.8609],[9.1718,48.8494],[9.1899,48.8477],[9.2296,48.8549],[9.2443,48.847],[9.2552,48.8602],[9.2892,48.8642],[9.3028,48.8727],[9.2972,48.8853],[9.3157,48.9038],[9.3689,48.9093],[9.3523,48.9318],[9.3195,48.9327],[9.3149,48.9436],[9.347,48.9654],[9.3716,48.9733],[9.3414,49.0043],[9.3991,49.0379]]]]}},{"type":"Feature","properties":{"codes":["MGH","TBB"],"name":"Main-Tauber-Kreis","state":"Baden-Württemberg","districtType":"Landkreis"},"geometry":{"type":"Polygon","coordinates":[[[10.0839,49.5432],[10.0616,49.5448],[10.059,49.5363],[10.0397,49.5291],[10.0571,49.5191],[10.0461,49.5066],[10.0295,49.5034],[10.0204,49.4865],[9.9921,49.4865],[9.9517,49.4802],[9.9268,49.4849],[9.9139,49.4934],[9.9249,49.5089],[9.9204,49.5634],[9.8985,49.562],[9.9056,49.5775],[9.8985,49.5884],[9.8754,49.5782],[9.8645,49.5682],[9.8588,49.5462],[9.8267,49.5518],[9.8176,49.5587],[9.8478,49.5768],[9.8414,49.5923],[9.8709,49.6085],[9.8554,49.6414],[9.8312,49.6507],[9.824,49.6632],[9.835,49.6919],[9.8312,49.7037],[9.7965,49.7208],[9.7791,49.7222],[9.7527,49.709],[9.7398,49.688],[9.7149,49.709],[9.7092,49.7269],[9.6771,49.716],[9.6764,49.6935],[9.6507,49.688],[9.6303,49.7014],[9.6352,49.7278],[9.6443,49.744],[9.6378,49.7542],[9.6514,49.7667],[9.645,49.7776],[9.6488,49.7917],[9.6205,49.7838],[9.5578,49.7776],[9.5578,49.7651],[9.5691,49.7519],[9.5544,49.7489],[9.548,49.766],[9.5257,49.7611],[9.5113,49.7667],[9.5121,49.7838],[9.5,49.7894],[9.4788,49.7868],[9.4596,49.7697],[9.4441,49.7746],[9.4377,49.7855],[9.4203,49.7885],[9.392,49.7697],[9.3746,49.7792],[9.3478,49.7683],[9.313,49.766],[9.324,49.7449],[9.3229,49.7308],[9.3414,49.734],[9.3735,49.7278],[9.3451,49.7183],[9.3534,49.7074],[9.3825,49.7074],[9.3818,49.7255],[9.4003,49.7285],[9.4203,49.7067],[9.4203,49.6903],[9.3984,49.6701],[9.4112,49.6632],[9.4516,49.6562],[9.455,49.6477],[9.4872,49.6444],[9.5257,49.6352],[9.548,49.6342],[9.5514,49.622],[9.537,49.6157],[9.5404,49.6025],[9.5147,49.6],[9.4992,49.5877],[9.5038,49.5705],[9.5242,49.5432],[9.523,49.5363],[9.5442,49.53],[9.5313,49.5145],[9.4992,49.5004],[9.4921,49.4879],[9.5128,49.4802],[9.5094,49.4473],[9.5306,49.4436],[9.5544,49.4483],[9.5903,49.4397],[9.6039,49.4265],[9.6193,49.4302],[9.6386,49.4239],[9.6424,49.414],[9.6718,49.4147],[9.69,49.4107],[9.7047,49.4179],[9.7123,49.3992],[9.7406,49.3992],[9.7746,49.3936],[9.7927,49.4077],[9.8112,49.3883],[9.8305,49.3945],[9.8554,49.3679],[9.8781,49.3741],[9.9003,49.3672],[9.9241,49.3741],[9.9343,49.3593],[9.9664,49.3642],[9.9736,49.3765],[9.9921,49.3718],[10.0397,49.3695],[10.0314,49.382],[10.068,49.3929],[10.1084,49.3952],[10.1122,49.385],[10.1609,49.3906],[10.15,49.4022],[10.1507,49.4124],[10.1372,49.4249],[10.1334,49.4374],[10.0956,49.4473],[10.116,49.4615],[10.1186,49.473],[10.1013,49.4855],[10.1013,49.4941],[10.1213,49.5113],[10.0839,49.5145],[10.0794,49.5277],[10.0839,49.5432]]]}},{"type":"Feature","properties":{"codes":["MA"],"name":"Mannheim","state":"Baden-Württemberg","districtType":"Stadtkreis"},"geometry":{"type":"Polygon","coordinates":[[[8.5731,49.4156],[8.5826,49.4265],[8.5769,49.4436],[8.589,49.4582],[8.5716,49.4631],[8.5558,49.4763],[8.566,49.4911],[8.5879,49.502],[8.5815,49.5198],[8.5595,49.5175],[8.532,49.5363],[8.5267,49.5478],[8.4953,49.5729],[8.4799,49.5742],[8.4761,49.5844],[8.4459,49.5907],[8.4228,49.5837],[8.4228,49.5742],[8.4145,49.562],[8.444,49.4911],[8.4632,49.473],[8.4447,49.4598],[8.4447,49.4473],[8.4723,49.4436],[8.4991,49.4427],[8.5082,49.4311],[8.4972,49.4117],[8.5403,49.4117],[8.5448,49.4179],[8.5731,49.4156]]]}},{"type":"Feature","properties":{"codes":["BCH","MOS"],"name":"Neckar-Odenwald-Kreis","state":"Baden-Württemberg","districtType":"Landkreis"},"geometry":{"type":"Polygon","coordinates":[[[9.6039,49.4265],[9.5903,49.4397],[9.5544,49.4483],[9.5306,49.4436],[9.5094,49.4473],[9.5128,49.4802],[9.4921,49.4879],[9.4992,49.5004],[9.5313,49.5145],[9.5442,49.53],[9.523,49.5363],[9.5242,49.5432],[9.5038,49.5705],[9.4992,49.5877],[9.5147,49.6],[9.5404,49.6025],[9.537,49.6157],[9.5514,49.622],[9.548,49.6342],[9.5257,49.6352],[9.4872,49.6444],[9.455,49.6477],[9.4516,49.6562],[9.4112,49.6632],[9.4075,49.6467],[9.3825,49.6428],[9.367,49.6562],[9.3368,49.6444],[9.3138,49.6537],[9.2707,49.6342],[9.2855,49.6148],[9.2643,49.6071],[9.2586,49.593],[9.2284,49.5791],[9.1944,49.5742],[9.1654,49.5752],[9.1589,49.5798],[9.12,49.5736],[9.1027,49.5775],[9.0993,49.5604],[9.0879,49.5485],[9.1147,49.5339],[9.1268,49.5214],[9.1076,49.5096],[9.0993,49.5261],[9.0834,49.5261],[9.0698,49.5089],[9.0853,49.4997],[9.043,49.4754],[9.0249,49.4716],[9.0487,49.445],[9.0192,49.4265],[8.9844,49.4193],[8.989,49.4008],[8.9433,49.3929],[8.9433,49.3718],[8.9523,49.3711],[8.9788,49.3399],[8.9901,49.3431],[9.0441,49.3174],[9.057,49.3026],[9.0494,49.2933],[9.0687,49.2792],[9.1076,49.2792],[9.1147,49.2722],[9.1506,49.2746],[9.1589,49.3237],[9.1926,49.3276],[9.2111,49.3151],[9.2451,49.2996],[9.2617,49.3065],[9.2681,49.3276],[9.2874,49.3299],[9.2945,49.3477],[9.3157,49.357],[9.3093,49.3758],[9.3304,49.3883],[9.3606,49.3665],[9.3754,49.3633],[9.4056,49.3649],[9.4267,49.357],[9.4433,49.3642],[9.4505,49.3765],[9.446,49.3906],[9.4645,49.3968],[9.4754,49.385],[9.5075,49.3751],[9.5321,49.382],[9.5718,49.3751],[9.5872,49.3899],[9.571,49.417],[9.6039,49.4265]]]}},{"type":"Feature","properties":{"codes":["BH","KEL","LR","OG","WOL"],"name":"Ortenaukreis","state":"Baden-Württemberg","districtType":"Landkreis"},"geometry":{"type":"Polygon","coordinates":[[[8.2219,48.6032],[8.2328,48.6064],[8.2412,48.6289],[8.2,48.6282],[8.1807,48.64],[8.1622,48.6407],[8.1566,48.6493],[8.1328,48.6562],[8.1097,48.6509],[8.0667,48.674],[8.0198,48.6796],[8.0017,48.6875],[7.973,48.6898],[7.9907,48.7014],[7.9813,48.7123],[7.9594,48.7185],[7.8959,48.6671],[7.8805,48.6578],[7.8484,48.6469],[7.8382,48.6391],[7.831,48.6203],[7.8053,48.5923],[7.8008,48.5784],[7.8053,48.5613],[7.8034,48.5372],[7.8072,48.52],[7.7913,48.4997],[7.7668,48.4871],[7.7622,48.4482],[7.7328,48.3968],[7.7317,48.3767],[7.7456,48.3355],[7.74,48.3213],[7.706,48.3104],[7.6931,48.3019],[7.6897,48.2808],[7.6803,48.2576],[7.7116,48.26],[7.7445,48.2373],[7.7668,48.2419],[7.7834,48.2405],[7.8155,48.2248],[7.831,48.2342],[7.8722,48.2248],[7.9054,48.221],[7.9273,48.2085],[7.962,48.2069],[7.9813,48.2023],[8.0006,48.2287],[8.0172,48.2342],[8.0293,48.2257],[8.0512,48.2217],[8.0648,48.228],[8.0806,48.2241],[8.0935,48.2125],[8.1161,48.2099],[8.152,48.2287],[8.166,48.2257],[8.1815,48.196],[8.1807,48.1835],[8.2079,48.1719],[8.2245,48.1578],[8.2514,48.1835],[8.2823,48.1719],[8.2925,48.1835],[8.3091,48.1905],[8.3118,48.2139],[8.2982,48.2178],[8.2925,48.2319],[8.3008,48.2405],[8.288,48.2481],[8.2869,48.2833],[8.3091,48.2942],[8.3227,48.2919],[8.3292,48.3035],[8.322,48.3299],[8.3046,48.3493],[8.2842,48.3602],[8.2695,48.3588],[8.2521,48.3697],[8.2642,48.379],[8.2476,48.3852],[8.2476,48.3954],[8.2328,48.4008],[8.2412,48.4116],[8.2548,48.414],[8.2687,48.4492],[8.2642,48.4631],[8.2725,48.4818],[8.2668,48.4904],[8.2464,48.4927],[8.2226,48.5029],[8.2226,48.5145],[8.2128,48.523],[8.2162,48.5362],[8.2128,48.5582],[8.2347,48.5714],[8.2355,48.58],[8.22,48.587],[8.2219,48.6032]]]}},{"type":"Feature","properties":{"codes":["AA","GD"],"name":"Ostalbkreis","state":"Baden-Württemberg","districtType":"Landkreis"},"geometry":{"type":"Polygon","coordinates":[[[10.2573,49.0596],[10.2482,49.0603],[10.2316,49.0464],[10.1949,49.0418],[10.19,49.0541],[10.1662,49.059],[10.1489,49.0518],[10.147,49.0425],[10.1213,49.0464],[10.102,49.0409],[10.0699,49.0448],[10.0178,49.0441],[9.9781,49.0284],[9.9902,49.0161],[9.9993,48.9934],[10.014,48.9818],[9.9664,48.9786],[9.946,48.974],[9.946,48.9624],[9.9222,48.9647],[9.8939,48.9522],[9.9011,48.9429],[9.8781,48.9195],[9.8645,48.9242],[9.835,48.9179],[9.8452,48.9334],[9.8342,48.9381],[9.7965,48.9436],[9.7791,48.9522],[9.7489,48.9568],[9.736,48.9709],[9.7047,48.9575],[9.6937,48.9638],[9.6752,48.9413],[9.6994,48.9249],[9.7066,48.9093],[9.7194,48.9117],[9.7451,48.8985],[9.7515,48.8635],[9.7689,48.8369],[9.7478,48.8213],[9.7194,48.8144],[9.7104,48.8283],[9.6956,48.823],[9.6707,48.823],[9.6443,48.8167],[9.6443,48.7979],[9.6193,48.7871],[9.6269,48.7746],[9.6579,48.7706],[9.6847,48.7778],[9.7092,48.7792],[9.7296,48.7683],[9.7432,48.7746],[9.7527,48.7521],[9.781,48.7449],[9.7938,48.731],[9.7946,48.7208],[9.838,48.7303],[9.8864,48.7146],[9.9075,48.7255],[9.883,48.738],[9.883,48.7512],[9.9324,48.7412],[9.9332,48.7303],[9.9876,48.7271],[10.0186,48.7363],[10.0102,48.7521],[10.0295,48.766],[10.0469,48.7574],[10.048,48.7475],[10.0711,48.7475],[10.0858,48.7567],[10.1149,48.759],[10.15,48.7722],[10.1757,48.7544],[10.1791,48.7769],[10.2142,48.7831],[10.2278,48.7746],[10.2527,48.7692],[10.2675,48.7567],[10.2875,48.756],[10.292,48.7475],[10.3434,48.7303],[10.3581,48.7303],[10.3857,48.7482],[10.4049,48.7403],[10.4234,48.7442],[10.4178,48.763],[10.428,48.7785],[10.4287,48.7933],[10.4461,48.8105],[10.448,48.8322],[10.4268,48.8431],[10.4525,48.8517],[10.4537,48.8876],[10.4253,48.9077],[10.4435,48.9086],[10.4571,48.9172],[10.4408,48.9311],[10.448,48.939],[10.4299,48.9476],[10.4242,48.9638],[10.38,48.9997],[10.3517,49.0059],[10.3453,49.0168],[10.3498,49.0284],[10.3203,49.0254],[10.3022,49.0386],[10.2727,49.0425],[10.2516,49.0495],[10.2573,49.0596]]]}},{"type":"Feature","properties":{"codes":["PF"],"name":"Pforzheim","state":"Baden-Württemberg","districtType":"Stadtkreis"},"geometry":{"type":"Polygon","coordinates":[[[8.697,48.8369],[8.7091,48.8401],[8.722,48.819],[8.7423,48.823],[8.7503,48.8306],[8.7695,48.8345],[8.7688,48.8431],[8.7952,48.8665],[8.7937,48.886],[8.7567,48.8992],[8.765,48.9172],[8.7586,48.9232],[8.7257,48.9304],[8.7008,48.9249],[8.6778,48.91],[8.6532,48.9179],[8.6321,48.9147],[8.6487,48.8711],[8.634,48.8454],[8.6585,48.8355],[8.6713,48.8415],[8.6906,48.8355],[8.697,48.8369]]]}},{"type":"Feature","properties":{"codes":["RA"],"name":"Rastatt","state":"Baden-Württemberg","districtType":"Landkreis"},"geometry":{"type":"Polygon","coordinates":[[[8.4164,48.8355],[8.4156,48.847],[8.4043,48.8586],[8.3862,48.8501],[8.365,48.854],[8.3567,48.8447],[8.3054,48.8635],[8.3016,48.8774],[8.2906,48.8866],[8.2997,48.9147],[8.3156,48.9225],[8.3484,48.9232],[8.3446,48.9367],[8.3073,48.9499],[8.2733,48.9529],[8.2604,48.9575],[8.2612,48.9809],[8.2328,48.967],[8.1962,48.9568],[8.1796,48.9341],[8.1532,48.91],[8.1275,48.8758],[8.1109,48.8424],[8.1033,48.8197],[8.0942,48.8081],[8.0723,48.7926],[8.0319,48.7887],[8.0236,48.7699],[8.0081,48.759],[7.9722,48.7583],[7.9666,48.7465],[7.9666,48.7264],[7.9594,48.7185],[7.9813,48.7123],[7.9907,48.7014],[7.973,48.6898],[8.0017,48.6875],[8.0198,48.6796],[8.0667,48.674],[8.1097,48.6509],[8.1328,48.6562],[8.1566,48.6493],[8.1622,48.6407],[8.1807,48.64],[8.2,48.6282],[8.2412,48.6289],[8.2328,48.6064],[8.2219,48.6032],[8.2438,48.5985],[8.2612,48.5893],[8.2861,48.587],[8.331,48.5923],[8.3639,48.6157],[8.3881,48.6252],[8.3862,48.6321],[8.43,48.6446],[8.4459,48.6664],[8.4485,48.6852],[8.4394,48.6951],[8.4621,48.6984],[8.4587,48.7169],[8.4715,48.7194],[8.4851,48.7567],[8.4651,48.7644],[8.4221,48.7435],[8.4209,48.7551],[8.4338,48.7699],[8.4228,48.7917],[8.4081,48.8088],[8.4043,48.822],[8.3798,48.8306],[8.3817,48.8338],[8.4119,48.8299],[8.4164,48.8355]],[[8.288,48.7739],[8.2804,48.7676],[8.3208,48.7303],[8.3208,48.7099],[8.2989,48.6859],[8.2751,48.6687],[8.2412,48.6664],[8.2283,48.6889],[8.2053,48.7092],[8.1777,48.7116],[8.1603,48.7178],[8.1339,48.7185],[8.1456,48.7426],[8.1777,48.7412],[8.2034,48.7574],[8.1951,48.7669],[8.166,48.7847],[8.1467,48.7901],[8.1641,48.8012],[8.1668,48.819],[8.1924,48.8345],[8.2155,48.8269],[8.2502,48.8088],[8.254,48.794],[8.2695,48.7979],[8.2759,48.7871],[8.2925,48.7854],[8.288,48.7739]]]}},{"type":"Feature","properties":{"codes":["RV","SLG","WG","ÜB"],"name":"Ravensburg","state":"Baden-Württemberg","districtType":"Landkreis"},"geometry":{"type":"Polygon","coordinates":[[[9.6046,48.0022],[9.5891,48.0029],[9.5789,47.9943],[9.5642,47.9966],[9.5642,47.9679],[9.537,47.9679],[9.5075,47.9772],[9.4788,47.9577],[9.4562,47.9647],[9.4467,47.957],[9.4067,47.9406],[9.412,47.9234],[9.3954,47.9172],[9.401,47.9017],[9.3761,47.879],[9.3837,47.8644],[9.401,47.8618],[9.4018,47.8378],[9.4093,47.8215],[9.4626,47.8074],[9.455,47.7896],[9.435,47.7801],[9.4441,47.7616],[9.48,47.7639],[9.4838,47.7537],[9.4992,47.7484],[9.4928,47.7372],[9.5268,47.7312],[9.5385,47.7349],[9.5967,47.7264],[9.6129,47.7108],[9.6462,47.7023],[9.6654,47.6835],[9.6956,47.6884],[9.7258,47.6844],[9.7304,47.6673],[9.7444,47.6548],[9.7304,47.6377],[9.7104,47.6314],[9.6835,47.6307],[9.6919,47.6103],[9.7092,47.6027],[9.7266,47.6066],[9.7478,47.6034],[9.7783,47.6284],[9.7957,47.636],[9.801,47.6509],[9.8139,47.6492],[9.8297,47.6587],[9.8305,47.6719],[9.8618,47.6775],[9.8792,47.6743],[9.8883,47.665],[9.971,47.6532],[9.9763,47.6657],[10.0019,47.6821],[10.0288,47.6868],[10.0288,47.6766],[10.059,47.6805],[10.0756,47.6587],[10.0775,47.6393],[10.082,47.6548],[10.0986,47.668],[10.113,47.6673],[10.127,47.6759],[10.1288,47.6907],[10.1398,47.703],[10.116,47.7194],[10.1186,47.7342],[10.116,47.7616],[10.0828,47.7708],[10.0646,47.7856],[10.0884,47.7972],[10.116,47.8035],[10.1315,47.8199],[10.1084,47.841],[10.105,47.8565],[10.0918,47.8674],[10.1103,47.9109],[10.105,47.9228],[10.1103,47.9376],[10.0911,47.9461],[10.0873,47.9686],[10.1039,47.9742],[10.0892,47.9818],[10.0673,47.9742],[10.048,47.9498],[10.0397,47.9468],[10.0068,47.9522],[10.0068,47.9656],[9.9763,47.9663],[9.9525,47.9584],[9.9132,47.9827],[9.869,47.9811],[9.8599,47.9647],[9.8395,47.9538],[9.8267,47.961],[9.8055,47.961],[9.7919,47.9508],[9.7708,47.9702],[9.7542,47.9749],[9.7021,47.9827],[9.6854,47.9765],[9.6635,47.9765],[9.6488,47.9693],[9.6224,47.967],[9.6159,47.9881],[9.6046,48.0022]]]}},{"type":"Feature","properties":{"codes":["BK","WN"],"name":"Rems-Murr-Kreis","state":"Baden-Württemberg","districtType":"Landkreis"},"geometry":{"type":"Polygon","coordinates":[[[9.6937,48.9638],[9.6745,48.9709],[9.6624,48.9941],[9.6405,48.9967],[9.636,49.0043],[9.602,49.0052],[9.6122,49.0231],[9.5974,49.0418],[9.5937,49.0564],[9.5755,49.0495],[9.5359,49.0573],[9.5011,49.0791],[9.466,49.0712],[9.4505,49.0722],[9.435,49.0603],[9.4403,49.0527],[9.3991,49.0441],[9.3991,49.0379],[9.3414,49.0043],[9.3716,48.9733],[9.347,48.9654],[9.3149,48.9436],[9.3195,48.9327],[9.3523,48.9318],[9.3689,48.9093],[9.3157,48.9038],[9.2972,48.8853],[9.3028,48.8727],[9.2892,48.8642],[9.2552,48.8602],[9.2443,48.847],[9.2432,48.823],[9.2534,48.8197],[9.2552,48.8003],[9.2632,48.7926],[9.2862,48.7901],[9.2991,48.7785],[9.3138,48.7746],[9.3357,48.7653],[9.3568,48.7746],[9.3863,48.7706],[9.3908,48.7878],[9.4075,48.7792],[9.4229,48.7637],[9.446,48.7778],[9.4634,48.7706],[9.4928,48.7669],[9.503,48.7535],[9.5193,48.7607],[9.5423,48.7512],[9.548,48.7403],[9.5853,48.7607],[9.571,48.7715],[9.5853,48.7817],[9.6159,48.7715],[9.6269,48.7746],[9.6193,48.7871],[9.6443,48.7979],[9.6443,48.8167],[9.6707,48.823],[9.6956,48.823],[9.7104,48.8283],[9.7194,48.8144],[9.7478,48.8213],[9.7689,48.8369],[9.7515,48.8635],[9.7451,48.8985],[9.7194,48.9117],[9.7066,48.9093],[9.6994,48.9249],[9.6752,48.9413],[9.6937,48.9638]]]}},{"type":"Feature","properties":{"codes":["RT"],"name":"Reutlingen","state":"Baden-Württemberg","districtType":"Landkreis"},"geometry":{"type":"Polygon","coordinates":[[[9.5827,48.5395],[9.5396,48.527],[9.5306,48.5138],[9.4992,48.5207],[9.4671,48.5168],[9.4826,48.5355],[9.4486,48.5448],[9.426,48.5441],[9.4184,48.5362],[9.3682,48.5355],[9.3625,48.5434],[9.3202,48.5481],[9.3229,48.5752],[9.3119,48.5814],[9.2874,48.5659],[9.2541,48.5682],[9.2367,48.5745],[9.225,48.5659],[9.2084,48.5714],[9.2028,48.6041],[9.1514,48.6041],[9.1295,48.6009],[9.1283,48.5698],[9.1533,48.5488],[9.1718,48.5488],[9.1733,48.5277],[9.1623,48.5223],[9.1412,48.5237],[9.1367,48.5105],[9.1533,48.492],[9.1276,48.4834],[9.12,48.4726],[9.1385,48.4686],[9.1193,48.4452],[9.1166,48.4274],[9.1476,48.411],[9.1212,48.3899],[9.1295,48.3727],[9.179,48.3674],[9.1669,48.3533],[9.1892,48.3378],[9.2129,48.3331],[9.2167,48.3167],[9.2103,48.3074],[9.168,48.3114],[9.1718,48.2996],[9.1873,48.2808],[9.2028,48.2864],[9.2194,48.2801],[9.2213,48.2676],[9.2552,48.2692],[9.2881,48.2847],[9.31,48.259],[9.3304,48.256],[9.3478,48.2396],[9.3663,48.2257],[9.3818,48.2023],[9.3984,48.1967],[9.4645,48.2092],[9.4709,48.2016],[9.4985,48.2125],[9.4902,48.2326],[9.489,48.2412],[9.523,48.2576],[9.5075,48.2808],[9.5295,48.284],[9.557,48.2949],[9.5498,48.3199],[9.5589,48.3292],[9.5744,48.3292],[9.5865,48.3394],[9.5929,48.376],[9.5808,48.3945],[9.5929,48.3984],[9.6212,48.3954],[9.6239,48.414],[9.6386,48.4235],[9.6269,48.4531],[9.6148,48.4709],[9.5937,48.4756],[9.5835,48.4904],[9.591,48.5122],[9.5853,48.5372],[9.5827,48.5395]]]}},{"type":"Feature","properties":{"codes":["HD"],"name":"Rhein-Neckar-Kreis","state":"Baden-Württemberg","districtType":"Landkreis"},"geometry":{"type":"Polygon","coordinates":[[[8.8998,49.5034],[8.8779,49.5059],[8.8477,49.502],[8.8311,49.4934],[8.8164,49.5066],[8.8194,49.5254],[8.7964,49.5152],[8.7661,49.5145],[8.7514,49.5221],[8.7265,49.5254],[8.7034,49.5386],[8.6842,49.5705],[8.6797,49.6257],[8.654,49.6187],[8.5935,49.6108],[8.6037,49.593],[8.6083,49.5705],[8.6211,49.5448],[8.5917,49.5214],[8.5815,49.5198],[8.5879,49.502],[8.566,49.4911],[8.5558,49.4763],[8.5716,49.4631],[8.589,49.4582],[8.5769,49.4436],[8.5826,49.4265],[8.6102,49.4249],[8.6283,49.4427],[8.6468,49.4374],[8.722,49.449],[8.7616,49.4506],[8.7661,49.4374],[8.7873,49.4327],[8.7945,49.407],[8.7779,49.4022],[8.7631,49.379],[8.7303,49.3718],[8.7257,49.3586],[8.711,49.3556],[8.6577,49.3616],[8.6404,49.3695],[8.634,49.3524],[8.609,49.3649],[8.6071,49.3774],[8.6358,49.3922],[8.6309,49.4131],[8.6117,49.4054],[8.5731,49.4156],[8.5448,49.4179],[8.5403,49.4117],[8.4972,49.4117],[8.4961,49.4022],[8.4651,49.3873],[8.478,49.3751],[8.4935,49.3873],[8.4999,49.3711],[8.4863,49.3508],[8.4523,49.329],[8.4523,49.3174],[8.4844,49.3049],[8.487,49.2901],[8.5184,49.2776],[8.5229,49.269],[8.5486,49.2699],[8.575,49.2621],[8.5705,49.2551],[8.6147,49.2419],[8.6264,49.2433],[8.6596,49.2333],[8.7019,49.2271],[8.7257,49.2373],[8.7469,49.2238],[8.7533,49.2067],[8.7835,49.1981],[8.8304,49.1921],[8.8632,49.1741],[8.8964,49.1819],[8.8862,49.2021],[8.9523,49.2123],[8.9901,49.238],[9.0045,49.241],[9.0158,49.2614],[9.032,49.269],[9.057,49.3026],[9.0441,49.3174],[8.9901,49.3431],[8.9788,49.3399],[8.9523,49.3711],[8.9433,49.3718],[8.9433,49.3929],[8.989,49.4008],[8.9844,49.4193],[9.0192,49.4265],[9.0487,49.445],[9.0249,49.4716],[9.043,49.4754],[9.0853,49.4997],[9.0698,49.5089],[9.0834,49.5261],[9.0653,49.53],[9.0422,49.5066],[9.043,49.4987],[9.0128,49.4981],[9.0056,49.5043],[8.9633,49.5011],[8.9433,49.4855],[8.9319,49.4707],[8.9486,49.4582],[8.9421,49.4506],[8.91,49.4374],[8.8991,49.4404],[8.8934,49.4216],[8.8734,49.4131],[8.8541,49.3959],[8.8292,49.4084],[8.8081,49.4022],[8.8066,49.4193],[8.8304,49.4232],[8.8349,49.4506],[8.8266,49.4693],[8.8523,49.4832],[8.8761,49.4668],[8.8991,49.4849],[8.8998,49.5034]]]}},{"type":"Feature","properties":{"codes":["RW"],"name":"Rottweil","state":"Baden-Württemberg","districtType":"Landkreis"},"geometry":{"type":"Polygon","coordinates":[[[8.7374,48.3783],[8.6963,48.3852],[8.6763,48.4001],[8.6577,48.3945],[8.6302,48.4017],[8.6128,48.3961],[8.5845,48.404],[8.5558,48.4001],[8.546,48.4054],[8.5203,48.4008],[8.5184,48.3908],[8.4844,48.3822],[8.4972,48.3642],[8.4851,48.3424],[8.501,48.3292],[8.4946,48.3144],[8.4587,48.3128],[8.4383,48.3042],[8.4292,48.3236],[8.3953,48.3229],[8.3594,48.3385],[8.3575,48.379],[8.3401,48.3859],[8.3208,48.379],[8.3208,48.3595],[8.3046,48.3493],[8.322,48.3299],[8.3292,48.3035],[8.3227,48.2919],[8.3091,48.2942],[8.2869,48.2833],[8.288,48.2481],[8.3008,48.2405],[8.2925,48.2319],[8.2982,48.2178],[8.3118,48.2139],[8.3091,48.1905],[8.2925,48.1835],[8.2823,48.1719],[8.3061,48.1726],[8.3303,48.1587],[8.3862,48.1743],[8.4073,48.1671],[8.4228,48.1687],[8.4428,48.1562],[8.4447,48.171],[8.4576,48.1812],[8.478,48.1766],[8.4806,48.1687],[8.5184,48.1657],[8.5229,48.1548],[8.5475,48.1344],[8.5512,48.1228],[8.5429,48.1134],[8.5781,48.0879],[8.5826,48.0721],[8.6045,48.0744],[8.5988,48.0846],[8.6136,48.0964],[8.6377,48.1018],[8.6411,48.1103],[8.6604,48.1205],[8.6827,48.1173],[8.688,48.1282],[8.7065,48.14],[8.7257,48.1391],[8.7457,48.1453],[8.7514,48.1594],[8.7495,48.1657],[8.7238,48.1726],[8.7193,48.1812],[8.7386,48.1898],[8.7439,48.2007],[8.7129,48.2092],[8.7034,48.2224],[8.6982,48.2451],[8.7084,48.2528],[8.6853,48.2669],[8.6834,48.2808],[8.6506,48.288],[8.6679,48.3051],[8.6936,48.3065],[8.7201,48.3167],[8.7046,48.3236],[8.7174,48.3417],[8.7329,48.344],[8.7431,48.3556],[8.7329,48.3658],[8.7374,48.3783]]]}},{"type":"Feature","properties":{"codes":["BK","CR","SHA"],"name":"Schwäbisch Hall","state":"Baden-Württemberg","districtType":"Landkreis"},"geometry":{"type":"Polygon","coordinates":[[[10.1122,49.385],[10.1084,49.3952],[10.068,49.3929],[10.0314,49.382],[10.0397,49.3695],[9.9921,49.3718],[9.9736,49.3765],[9.9664,49.3642],[9.9343,49.3593],[9.9241,49.3741],[9.9003,49.3672],[9.8781,49.3741],[9.8554,49.3679],[9.8535,49.3517],[9.8433,49.3454],[9.858,49.3306],[9.8471,49.3204],[9.8599,49.3049],[9.8554,49.2871],[9.8259,49.2762],[9.8267,49.2653],[9.758,49.2449],[9.7655,49.2248],[9.7462,49.2225],[9.7542,49.2116],[9.7451,49.1951],[9.7092,49.1967],[9.6956,49.1882],[9.6892,49.1664],[9.6718,49.1609],[9.6662,49.1407],[9.6526,49.1312],[9.5918,49.1407],[9.5891,49.1236],[9.6122,49.1164],[9.5929,49.1078],[9.5672,49.1298],[9.5532,49.1335],[9.5321,49.121],[9.5276,49.1087],[9.5019,49.1025],[9.5011,49.0791],[9.5359,49.0573],[9.5755,49.0495],[9.5937,49.0564],[9.5974,49.0418],[9.6122,49.0231],[9.602,49.0052],[9.636,49.0043],[9.6405,48.9967],[9.6624,48.9941],[9.6745,48.9709],[9.6937,48.9638],[9.7047,48.9575],[9.736,48.9709],[9.7489,48.9568],[9.7791,48.9522],[9.7965,48.9436],[9.8342,48.9381],[9.8452,48.9334],[9.835,48.9179],[9.8645,48.9242],[9.8781,48.9195],[9.9011,48.9429],[9.8939,48.9522],[9.9222,48.9647],[9.946,48.9624],[9.946,48.974],[9.9664,48.9786],[10.014,48.9818],[9.9993,48.9934],[9.9902,49.0161],[9.9781,49.0284],[10.0178,49.0441],[10.0699,49.0448],[10.102,49.0409],[10.1213,49.0464],[10.147,49.0425],[10.1489,49.0518],[10.1662,49.059],[10.19,49.0541],[10.1949,49.0418],[10.2316,49.0464],[10.2482,49.0603],[10.2573,49.0596],[10.2452,49.0745],[10.2497,49.0916],[10.2278,49.09],[10.2157,49.1064],[10.2342,49.121],[10.2573,49.1305],[10.2482,49.1493],[10.215,49.1639],[10.1931,49.1678],[10.1591,49.1835],[10.1572,49.1928],[10.1258,49.2014],[10.1398,49.209],[10.1258,49.2271],[10.1224,49.241],[10.1315,49.2512],[10.1141,49.2558],[10.147,49.2683],[10.1534,49.2848],[10.1387,49.2917],[10.1315,49.3049],[10.1451,49.3165],[10.1398,49.326],[10.1205,49.3251],[10.105,49.3385],[10.1039,49.3471],[10.1243,49.357],[10.1077,49.379],[10.1122,49.385]]]}},{"type":"Feature","properties":{"codes":["DS","VS"],"name":"Schwarzwald-Baar-Kreis","state":"Baden-Württemberg","districtType":"Landkreis"},"geometry":{"type":"Polygon","coordinates":[[[8.2823,48.1719],[8.2514,48.1835],[8.2245,48.1578],[8.2079,48.1719],[8.1807,48.1835],[8.155,48.1733],[8.1346,48.1587],[8.1418,48.1407],[8.1256,48.133],[8.1328,48.1173],[8.1539,48.0978],[8.1456,48.0853],[8.1603,48.0698],[8.1486,48.0668],[8.1294,48.0738],[8.109,48.0636],[8.1256,48.052],[8.1282,48.0411],[8.1146,48.0286],[8.1339,48.0147],[8.1358,48.0098],[8.1475,48.0013],[8.1905,47.9936],[8.1989,47.9834],[8.2238,47.9983],[8.2823,47.9874],[8.308,47.9927],[8.3201,47.989],[8.3144,47.9702],[8.2823,47.9508],[8.3137,47.9515],[8.3144,47.9436],[8.3458,47.936],[8.356,47.9258],[8.4073,47.9056],[8.4376,47.8743],[8.4394,47.8533],[8.4621,47.8503],[8.4734,47.8424],[8.4723,47.8292],[8.4961,47.8301],[8.5089,47.8246],[8.5138,47.8114],[8.5089,47.7982],[8.5293,47.7856],[8.5101,47.7764],[8.5203,47.7708],[8.5524,47.785],[8.5769,47.7817],[8.575,47.7995],[8.6136,47.8012],[8.6256,47.8144],[8.6283,47.8401],[8.6404,47.8549],[8.609,47.8776],[8.6211,47.8892],[8.5917,47.9024],[8.5935,47.9195],[8.5871,47.9258],[8.589,47.9452],[8.6037,47.9515],[8.6358,47.9498],[8.6577,47.9818],[8.6577,47.9999],[8.6411,48.0045],[8.6302,48.0147],[8.6441,48.0341],[8.6366,48.0487],[8.6045,48.0744],[8.5826,48.0721],[8.5781,48.0879],[8.5429,48.1134],[8.5512,48.1228],[8.5475,48.1344],[8.5229,48.1548],[8.5184,48.1657],[8.4806,48.1687],[8.478,48.1766],[8.4576,48.1812],[8.4447,48.171],[8.4428,48.1562],[8.4228,48.1687],[8.4073,48.1671],[8.3862,48.1743],[8.3303,48.1587],[8.3061,48.1726],[8.2823,48.1719]]]}},{"type":"Feature","properties":{"codes":["SIG","SLG","STO","ÜB"],"name":"Sigmaringen","state":"Baden-Württemberg","districtType":"Landkreis"},"geometry":{"type":"Polygon","coordinates":[[[9.3478,48.2396],[9.3304,48.256],[9.31,48.259],[9.2881,48.2847],[9.2552,48.2692],[9.2213,48.2676],[9.2194,48.2801],[9.2028,48.2864],[9.1873,48.2808],[9.1873,48.2722],[9.1487,48.2623],[9.1321,48.263],[9.1076,48.2521],[9.1121,48.2366],[9.1268,48.2296],[9.179,48.2148],[9.1771,48.1891],[9.1854,48.1733],[9.1642,48.1453],[9.1476,48.1416],[9.1212,48.1446],[9.1121,48.1571],[9.0872,48.1486],[9.0634,48.1516],[9.0351,48.1657],[9.0101,48.1594],[8.9837,48.1245],[8.955,48.1196],[8.9542,48.1073],[8.9625,48.0916],[8.9799,48.0853],[8.9962,48.0707],[8.9742,48.0559],[8.9357,48.0582],[8.9357,48.0464],[8.9641,48.0395],[8.9769,48.0325],[9.0075,48.0256],[9.0211,47.9795],[9.012,47.9742],[9.012,47.9366],[9.0494,47.9353],[9.0706,47.9422],[9.0653,47.9181],[9.0845,47.9165],[9.1283,47.8984],[9.1487,47.897],[9.1461,47.873],[9.1219,47.8611],[9.1283,47.8473],[9.1899,47.841],[9.2046,47.8456],[9.222,47.8588],[9.2432,47.8581],[9.2386,47.8737],[9.2586,47.8822],[9.2707,47.8799],[9.2764,47.8667],[9.3021,47.8588],[9.3202,47.8674],[9.3799,47.8308],[9.4093,47.8215],[9.4018,47.8378],[9.401,47.8618],[9.3837,47.8644],[9.3761,47.879],[9.401,47.9017],[9.3954,47.9172],[9.412,47.9234],[9.4067,47.9406],[9.4467,47.957],[9.4562,47.9647],[9.4788,47.9577],[9.5075,47.9772],[9.537,47.9679],[9.5642,47.9679],[9.5642,47.9966],[9.5789,47.9943],[9.5891,48.0029],[9.6046,48.0022],[9.591,48.0223],[9.5808,48.0223],[9.5718,48.0427],[9.5378,48.0527],[9.5276,48.0659],[9.5075,48.0684],[9.5019,48.0761],[9.4736,48.0738],[9.4286,48.087],[9.412,48.1025],[9.3973,48.0932],[9.3542,48.0939],[9.3553,48.1041],[9.3278,48.112],[9.3164,48.1305],[9.2919,48.1384],[9.2734,48.1502],[9.3021,48.1664],[9.301,48.175],[9.3202,48.1891],[9.3111,48.2016],[9.3074,48.2241],[9.3304,48.2271],[9.3478,48.2396]]]}},{"type":"Feature","properties":{"codes":["S"],"name":"Stuttgart","state":"Baden-Württemberg","districtType":"Stadtkreis"},"geometry":{"type":"Polygon","coordinates":[[[9.3138,48.7746],[9.2991,48.7785],[9.2862,48.7901],[9.2632,48.7926],[9.2552,48.8003],[9.2534,48.8197],[9.2432,48.823],[9.2443,48.847],[9.2296,48.8549],[9.1899,48.8477],[9.1718,48.8494],[9.1533,48.8609],[9.1385,48.8517],[9.1385,48.8299],[9.1129,48.822],[9.1083,48.8292],[9.0853,48.8322],[9.0864,48.8042],[9.0762,48.7871],[9.0853,48.7715],[9.0653,48.756],[9.0615,48.7294],[9.0781,48.7241],[9.0834,48.7146],[9.1046,48.7092],[9.1412,48.7083],[9.1744,48.7023],[9.1975,48.6905],[9.2451,48.6944],[9.2375,48.706],[9.2129,48.7271],[9.2137,48.7317],[9.2617,48.7442],[9.2745,48.7683],[9.3138,48.7746]]]}},{"type":"Feature","properties":{"codes":["TÜ"],"name":"Tübingen","state":"Baden-Württemberg","districtType":"Landkreis"},"geometry":{"type":"Polygon","coordinates":[[[9.1295,48.6009],[9.1102,48.6057],[9.0898,48.6032],[9.0743,48.5893],[9.0543,48.5939],[9.0351,48.5768],[9.0056,48.5886],[8.9769,48.59],[8.9478,48.5863],[8.9357,48.5775],[8.9319,48.5643],[8.9112,48.5721],[8.89,48.5643],[8.887,48.5418],[8.8515,48.5372],[8.8587,48.5168],[8.8466,48.4997],[8.7964,48.5105],[8.7899,48.52],[8.7688,48.5214],[8.7559,48.5043],[8.7688,48.502],[8.7771,48.4865],[8.7952,48.4848],[8.8258,48.4631],[8.7862,48.4475],[8.7643,48.4288],[8.7745,48.4163],[8.7952,48.4172],[8.8009,48.4079],[8.8356,48.411],[8.8696,48.4172],[8.8753,48.3978],[8.8919,48.3984],[8.9486,48.3892],[8.9542,48.3806],[8.9754,48.3852],[9.0056,48.3751],[9.0339,48.3704],[9.046,48.3737],[9.0845,48.3651],[9.1147,48.3737],[9.1295,48.3727],[9.1212,48.3899],[9.1476,48.411],[9.1166,48.4274],[9.1193,48.4452],[9.1385,48.4686],[9.12,48.4726],[9.1276,48.4834],[9.1533,48.492],[9.1367,48.5105],[9.1412,48.5237],[9.1623,48.5223],[9.1733,48.5277],[9.1718,48.5488],[9.1533,48.5488],[9.1283,48.5698],[9.1295,48.6009]]]}},{"type":"Feature","properties":{"codes":["TUT"],"name":"Tuttlingen","state":"Baden-Württemberg","districtType":"Landkreis"},"geometry":{"type":"Polygon","coordinates":[[[8.9542,48.1073],[8.9319,48.1034],[8.9138,48.1103],[8.8836,48.1064],[8.867,48.1354],[8.8496,48.1493],[8.8356,48.1516],[8.833,48.1648],[8.8164,48.1733],[8.8137,48.1828],[8.7707,48.1828],[8.7643,48.1634],[8.7514,48.1594],[8.7457,48.1453],[8.7257,48.1391],[8.7065,48.14],[8.688,48.1282],[8.6827,48.1173],[8.6604,48.1205],[8.6411,48.1103],[8.6377,48.1018],[8.6136,48.0964],[8.5988,48.0846],[8.6045,48.0744],[8.6366,48.0487],[8.6441,48.0341],[8.6302,48.0147],[8.6411,48.0045],[8.6577,47.9999],[8.6577,47.9818],[8.6358,47.9498],[8.6037,47.9515],[8.589,47.9452],[8.5871,47.9258],[8.5935,47.9195],[8.5917,47.9024],[8.6211,47.8892],[8.609,47.8776],[8.6404,47.8549],[8.6668,47.8479],[8.6872,47.8526],[8.7257,47.901],[8.7393,47.8845],[8.7733,47.8947],[8.7862,47.8947],[8.8047,47.907],[8.8001,47.9156],[8.8228,47.9195],[8.8175,47.8869],[8.8258,47.8815],[8.8523,47.8822],[8.8806,47.9126],[8.9017,47.9149],[8.9531,47.9343],[8.9652,47.9241],[8.9852,47.9376],[9.012,47.9366],[9.012,47.9742],[9.0211,47.9795],[9.0075,48.0256],[8.9769,48.0325],[8.9641,48.0395],[8.9357,48.0464],[8.9357,48.0582],[8.9742,48.0559],[8.9962,48.0707],[8.9799,48.0853],[8.9625,48.0916],[8.9542,48.1073]]]}},{"type":"Feature","properties":{"codes":["UL"],"name":"Ulm","state":"Baden-Württemberg","districtType":"Stadtkreis"},"geometry":{"type":"Polygon","coordinates":[[[9.9974,48.3503],[9.9993,48.3612],[9.9774,48.3625],[9.9672,48.3744],[9.991,48.3945],[10.0114,48.4017],[10.0167,48.4163],[10.0405,48.4311],[10.0325,48.4568],[10.0212,48.4647],[9.9819,48.4631],[9.96,48.4468],[9.9408,48.4515],[9.9158,48.442],[9.9075,48.4258],[9.9324,48.4163],[9.9121,48.4086],[9.9011,48.3954],[9.8754,48.3961],[9.869,48.376],[9.8452,48.3674],[9.849,48.3533],[9.9268,48.3408],[9.9294,48.3315],[9.9094,48.319],[9.9215,48.3121],[9.9487,48.3121],[9.9921,48.3276],[9.9827,48.3487],[9.9974,48.3503]]]}},{"type":"Feature","properties":{"codes":["SÄK","WT"],"name":"Waldshut","state":"Baden-Württemberg","districtType":"Landkreis"},"geometry":{"type":"Polygon","coordinates":[[[8.4394,47.8533],[8.4107,47.8519],[8.39,47.841],[8.3575,47.8447],[8.3099,47.8447],[8.2925,47.8486],[8.2899,47.8542],[8.2593,47.8503],[8.2476,47.8354],[8.2302,47.8338],[8.2117,47.8192],[8.2219,47.8081],[8.2072,47.7856],[8.2174,47.7669],[8.1924,47.763],[8.1834,47.7833],[8.155,47.7724],[8.1456,47.7863],[8.1218,47.7935],[8.1245,47.8021],[8.0999,47.8067],[8.0935,47.8144],[8.075,47.8542],[8.0429,47.8549],[8.0179,47.8417],[7.9998,47.8278],[7.9979,47.8058],[8.0043,47.7942],[8.0017,47.7701],[7.9806,47.7669],[7.9696,47.7521],[7.9685,47.7342],[7.9806,47.7118],[7.9779,47.6953],[7.9401,47.6749],[7.9209,47.6719],[7.9088,47.6634],[7.9126,47.6532],[7.899,47.6446],[7.8805,47.6423],[7.8778,47.6166],[7.9016,47.6018],[7.8941,47.5862],[7.9118,47.5691],[7.9137,47.5497],[7.9458,47.5434],[7.9575,47.5582],[8.0017,47.5566],[8.0179,47.5506],[8.044,47.5543],[8.0704,47.5645],[8.0825,47.5575],[8.0999,47.5638],[8.1135,47.5839],[8.1339,47.5832],[8.1486,47.5955],[8.1622,47.5932],[8.1834,47.6043],[8.1989,47.6198],[8.2385,47.6126],[8.2604,47.6152],[8.2816,47.612],[8.2971,47.6043],[8.2952,47.5925],[8.322,47.5737],[8.3851,47.5661],[8.3998,47.577],[8.4285,47.5668],[8.4851,47.577],[8.4606,47.5886],[8.4613,47.6018],[8.4833,47.6136],[8.5082,47.6175],[8.5154,47.6337],[8.5577,47.6245],[8.566,47.6096],[8.5614,47.6011],[8.5826,47.5964],[8.6052,47.6159],[8.5954,47.6432],[8.609,47.6525],[8.6064,47.6719],[8.5788,47.6617],[8.5539,47.6696],[8.5301,47.6611],[8.5312,47.6455],[8.4999,47.6469],[8.4715,47.6423],[8.4542,47.6548],[8.4447,47.6541],[8.4055,47.6743],[8.4183,47.6884],[8.4043,47.6983],[8.4447,47.7234],[8.4493,47.7389],[8.4704,47.7616],[8.4878,47.7724],[8.5101,47.7764],[8.5293,47.7856],[8.5089,47.7982],[8.5138,47.8114],[8.5089,47.8246],[8.4961,47.8301],[8.4723,47.8292],[8.4734,47.8424],[8.4621,47.8503],[8.4394,47.8533]]]}},{"type":"Feature","properties":{"codes":["BL","HCH"],"name":"Zollernalbkreis","state":"Baden-Württemberg","districtType":"Landkreis"},"geometry":{"type":"Polygon","coordinates":[[[9.1295,48.3727],[9.1147,48.3737],[9.0845,48.3651],[9.046,48.3737],[9.0339,48.3704],[9.0056,48.3751],[8.9754,48.3852],[8.9542,48.3806],[8.9486,48.3892],[8.8919,48.3984],[8.8753,48.3978],[8.8696,48.4172],[8.8356,48.411],[8.8009,48.4079],[8.7952,48.4172],[8.7745,48.4163],[8.7605,48.4024],[8.7567,48.3822],[8.7374,48.3783],[8.7329,48.3658],[8.7431,48.3556],[8.7329,48.344],[8.7174,48.3417],[8.7046,48.3236],[8.7201,48.3167],[8.6936,48.3065],[8.6679,48.3051],[8.6506,48.288],[8.6834,48.2808],[8.6853,48.2669],[8.7084,48.2528],[8.6982,48.2451],[8.7034,48.2224],[8.7129,48.2092],[8.7439,48.2007],[8.7386,48.1898],[8.7193,48.1812],[8.7238,48.1726],[8.7495,48.1657],[8.7514,48.1594],[8.7643,48.1634],[8.7707,48.1828],[8.8137,48.1828],[8.8164,48.1733],[8.833,48.1648],[8.8356,48.1516],[8.8496,48.1493],[8.867,48.1354],[8.8836,48.1064],[8.9138,48.1103],[8.9319,48.1034],[8.9542,48.1073],[8.955,48.1196],[8.9837,48.1245],[9.0101,48.1594],[9.0351,48.1657],[9.0634,48.1516],[9.0872,48.1486],[9.1121,48.1571],[9.1212,48.1446],[9.1476,48.1416],[9.1642,48.1453],[9.1854,48.1733],[9.1771,48.1891],[9.179,48.2148],[9.1268,48.2296],[9.1121,48.2366],[9.1076,48.2521],[9.1321,48.263],[9.1487,48.2623],[9.1873,48.2722],[9.1873,48.2808],[9.1718,48.2996],[9.168,48.3114],[9.2103,48.3074],[9.2167,48.3167],[9.2129,48.3331],[9.1892,48.3378],[9.1669,48.3533],[9.179,48.3674],[9.1295,48.3727]]]}},{"type":"Feature","properties":{"codes":["AIC","FDB"],"name":"Aichach-Friedberg","state":"Bayern","districtType":"Landkreis"},"geometry":{"type":"Polygon","coordinates":[[[11.2951,48.4749],[11.2612,48.4686],[11.2483,48.4858],[11.2207,48.4911],[11.2105,48.5006],[11.2071,48.527],[11.1841,48.5379],[11.152,48.5481],[11.1335,48.5494],[11.138,48.5613],[11.1573,48.5666],[11.1656,48.5791],[11.1546,48.5939],[11.1252,48.5916],[11.1199,48.6009],[11.0757,48.6057],[11.0508,48.6009],[11.0236,48.6203],[10.9813,48.5978],[10.9718,48.6018],[10.9382,48.6009],[10.9243,48.587],[10.9299,48.5752],[10.962,48.5752],[10.973,48.5698],[10.9851,48.5481],[10.9594,48.5441],[10.9409,48.5339],[10.9254,48.5372],[10.871,48.5309],[10.8646,48.5043],[10.8774,48.4841],[10.8838,48.4584],[10.9012,48.4538],[10.9088,48.4343],[10.9269,48.4251],[10.9575,48.3797],[10.9518,48.3619],[10.9582,48.3361],[10.9492,48.3338],[10.9492,48.3121],[10.9545,48.3028],[10.9416,48.2692],[10.9216,48.2676],[10.9107,48.2583],[10.9031,48.2366],[10.928,48.2349],[10.9473,48.2194],[10.9454,48.2053],[10.9609,48.199],[10.982,48.2099],[11.0345,48.1928],[11.0557,48.1967],[11.0602,48.2099],[11.0428,48.2201],[11.0398,48.2356],[11.0576,48.2412],[11.0666,48.2553],[11.0591,48.2715],[11.0666,48.2778],[11.0878,48.2715],[11.0961,48.2606],[11.1161,48.2685],[11.1169,48.3097],[11.1297,48.3236],[11.163,48.326],[11.1694,48.3355],[11.1675,48.3688],[11.1886,48.376],[11.1988,48.3869],[11.183,48.414],[11.2143,48.4304],[11.2392,48.4304],[11.2457,48.439],[11.2793,48.4468],[11.2959,48.4436],[11.3114,48.4522],[11.3016,48.4531],[11.2951,48.4749]]]}},{"type":"Feature","properties":{"codes":["AÖ","LF"],"name":"Altötting","state":"Bayern","districtType":"Landkreis"},"geometry":{"type":"Polygon","coordinates":[[[12.9422,48.2069],[12.9219,48.2132],[12.8947,48.2389],[12.9011,48.2583],[12.878,48.2646],[12.8761,48.2715],[12.8641,48.2748],[12.844,48.2956],[12.8221,48.3019],[12.8176,48.3167],[12.7836,48.3276],[12.733,48.3213],[12.7175,48.3308],[12.7017,48.3308],[12.6907,48.344],[12.656,48.3378],[12.6393,48.3385],[12.6072,48.3533],[12.5989,48.3378],[12.5706,48.3401],[12.5751,48.3167],[12.5634,48.3088],[12.5989,48.2833],[12.5989,48.2685],[12.5763,48.2676],[12.5661,48.26],[12.5649,48.2419],[12.5853,48.2389],[12.6008,48.2303],[12.5816,48.2234],[12.5778,48.203],[12.5861,48.1805],[12.5661,48.1587],[12.5423,48.1391],[12.5487,48.1252],[12.5661,48.1245],[12.5649,48.1002],[12.5808,48.0777],[12.5808,48.0698],[12.6099,48.0645],[12.6155,48.0457],[12.6533,48.0497],[12.6805,48.045],[12.6816,48.0543],[12.7073,48.0668],[12.7001,48.0948],[12.7035,48.1064],[12.7258,48.1018],[12.7515,48.1127],[12.7579,48.1259],[12.7863,48.1235],[12.7972,48.1446],[12.8267,48.1525],[12.835,48.1641],[12.8478,48.168],[12.8743,48.203],[12.9422,48.2069]]]}},{"type":"Feature","properties":{"codes":["AS","BUL","ESB","NAB","SUL"],"name":"Amberg-Sulzbach","state":"Bayern","districtType":"Landkreis"},"geometry":{"type":"Polygon","coordinates":[[[11.6309,49.7604],[11.5969,49.7551],[11.5981,49.7394],[11.5603,49.7146],[11.561,49.6787],[11.5712,49.6694],[11.5648,49.6546],[11.5724,49.6398],[11.5931,49.6391],[11.6015,49.6233],[11.5897,49.6134],[11.5603,49.6125],[11.5501,49.6039],[11.5675,49.5939],[11.5712,49.5798],[11.5512,49.5729],[11.5448,49.5597],[11.527,49.5597],[11.5429,49.5393],[11.5448,49.5221],[11.532,49.5113],[11.5603,49.505],[11.5693,49.4911],[11.5916,49.4849],[11.5962,49.4716],[11.5558,49.4288],[11.5576,49.4193],[11.5724,49.4156],[11.5731,49.4022],[11.5981,49.3883],[11.6135,49.3968],[11.6373,49.3695],[11.6245,49.3593],[11.6347,49.3517],[11.6366,49.3362],[11.6573,49.3336],[11.6649,49.3244],[11.6978,49.3151],[11.7072,49.3352],[11.7208,49.3385],[11.742,49.3244],[11.7759,49.3079],[11.7997,49.2917],[11.8594,49.2854],[11.8787,49.2769],[11.9198,49.2644],[11.9346,49.2208],[11.9467,49.241],[11.9833,49.2519],[11.9659,49.2644],[11.9474,49.2706],[11.955,49.2799],[11.9769,49.2799],[11.9667,49.3042],[11.9731,49.3135],[11.9999,49.3244],[11.9969,49.3501],[12.0373,49.3547],[12.0585,49.3603],[12.063,49.3735],[12.0494,49.3827],[12.0513,49.3922],[12.0199,49.3968],[11.9769,49.4226],[11.9833,49.4334],[12.0339,49.4295],[12.0392,49.4506],[12.0339,49.4668],[12.0449,49.4948],[12.0694,49.4918],[12.0796,49.4849],[12.0962,49.4941],[12.0743,49.5175],[12.0724,49.5284],[12.086,49.5416],[12.1155,49.5478],[12.12,49.5564],[12.0687,49.565],[12.0732,49.5736],[12.0532,49.5791],[12.0365,49.5752],[12.0154,49.5782],[11.9942,49.5742],[11.9825,49.5969],[11.9897,49.6085],[11.9742,49.6405],[11.9455,49.6444],[11.9146,49.6382],[11.9127,49.6451],[11.8779,49.6352],[11.8364,49.6405],[11.8118,49.6523],[11.7805,49.6491],[11.7714,49.6391],[11.7457,49.6328],[11.7355,49.6243],[11.663,49.6243],[11.64,49.6312],[11.6539,49.6553],[11.6483,49.6843],[11.6558,49.7137],[11.6438,49.7364],[11.6475,49.7496],[11.6309,49.7604]],[[11.8666,49.4948],[11.8843,49.4865],[11.8889,49.4668],[11.9134,49.4631],[11.9146,49.4473],[11.8594,49.4239],[11.8292,49.4147],[11.8062,49.4239],[11.7831,49.4256],[11.7767,49.4427],[11.7869,49.4545],[11.7786,49.4645],[11.7933,49.4707],[11.8171,49.4654],[11.8318,49.4723],[11.8458,49.4693],[11.8666,49.4948]]]}},{"type":"Feature","properties":{"codes":["AM"],"name":"Amberg","state":"Bayern","districtType":"Kreisfreie Stadt"},"geometry":{"type":"Polygon","coordinates":[[[11.8666,49.4948],[11.8458,49.4693],[11.8318,49.4723],[11.8171,49.4654],[11.7933,49.4707],[11.7786,49.4645],[11.7869,49.4545],[11.7767,49.4427],[11.7831,49.4256],[11.8062,49.4239],[11.8292,49.4147],[11.8594,49.4239],[11.9146,49.4473],[11.9134,49.4631],[11.8889,49.4668],[11.8843,49.4865],[11.8666,49.4948]]]}},{"type":"Feature","properties":{"codes":["AN","DKB","FEU","ROT"],"name":"Ansbach","state":"Bayern","districtType":"Kreisfreie Stadt"},"geometry":{"type":"Polygon","coordinates":[[[10.4635,49.2785],[10.4718,49.2667],[10.5296,49.2628],[10.6051,49.2442],[10.6149,49.2373],[10.6399,49.2347],[10.6399,49.2581],[10.6263,49.2644],[10.6244,49.2815],[10.6353,49.3026],[10.6565,49.3151],[10.6399,49.3251],[10.5923,49.3329],[10.5877,49.3422],[10.5409,49.3369],[10.5288,49.3237],[10.4737,49.326],[10.4793,49.3095],[10.4929,49.3056],[10.4986,49.2917],[10.4654,49.2924],[10.4635,49.2785]]]}},{"type":"Feature","properties":{"codes":["AN","DKB","FEU","ROT"],"name":"Ansbach","state":"Bayern","districtType":"Landkreis"},"geometry":{"type":"Polygon","coordinates":[[[10.6976,49.4364],[10.672,49.4249],[10.6436,49.4226],[10.6134,49.4302],[10.6179,49.4404],[10.604,49.4466],[10.573,49.4381],[10.5553,49.445],[10.5379,49.4381],[10.5205,49.4506],[10.5114,49.4358],[10.496,49.4358],[10.4782,49.4272],[10.4756,49.4124],[10.448,49.417],[10.4351,49.4279],[10.403,49.4327],[10.3894,49.414],[10.349,49.41],[10.3471,49.4232],[10.3324,49.4288],[10.2882,49.414],[10.2527,49.449],[10.2644,49.4661],[10.2406,49.4839],[10.2187,49.4911],[10.181,49.4888],[10.1727,49.4754],[10.147,49.4802],[10.1296,49.4707],[10.1186,49.473],[10.116,49.4615],[10.0956,49.4473],[10.1334,49.4374],[10.1372,49.4249],[10.1507,49.4124],[10.15,49.4022],[10.1609,49.3906],[10.1122,49.385],[10.1077,49.379],[10.1243,49.357],[10.1039,49.3471],[10.105,49.3385],[10.1205,49.3251],[10.1398,49.326],[10.1451,49.3165],[10.1315,49.3049],[10.1387,49.2917],[10.1534,49.2848],[10.147,49.2683],[10.1141,49.2558],[10.1315,49.2512],[10.1224,49.241],[10.1258,49.2271],[10.1398,49.209],[10.1258,49.2014],[10.1572,49.1928],[10.1591,49.1835],[10.1931,49.1678],[10.215,49.1639],[10.2482,49.1493],[10.2573,49.1305],[10.2342,49.121],[10.2157,49.1064],[10.2278,49.09],[10.2497,49.0916],[10.2452,49.0745],[10.2573,49.0596],[10.2516,49.0495],[10.2727,49.0425],[10.3022,49.0386],[10.3203,49.0254],[10.3498,49.0284],[10.3453,49.0168],[10.3517,49.0059],[10.38,48.9997],[10.4095,48.977],[10.4268,48.9818],[10.4216,48.9934],[10.4344,49.0036],[10.4555,49.0089],[10.491,49.0112],[10.5058,49.0059],[10.5409,49.0059],[10.539,49.0214],[10.5545,49.0339],[10.5957,49.0346],[10.6059,49.0175],[10.6655,49.0168],[10.6765,49.0386],[10.6874,49.0471],[10.681,49.0573],[10.6856,49.0722],[10.6738,49.083],[10.6455,49.09],[10.6648,49.1157],[10.6553,49.1328],[10.695,49.1523],[10.7086,49.1787],[10.76,49.2037],[10.7792,49.2053],[10.7951,49.1991],[10.8234,49.1951],[10.8381,49.1974],[10.8529,49.2067],[10.8593,49.2192],[10.8767,49.231],[10.8922,49.2333],[10.8997,49.2433],[10.8986,49.2667],[10.9069,49.2917],[10.8967,49.3049],[10.8702,49.3197],[10.8619,49.3461],[10.8676,49.3563],[10.8419,49.3633],[10.8215,49.3751],[10.7517,49.3992],[10.7418,49.4077],[10.7517,49.4193],[10.7335,49.4358],[10.7131,49.4327],[10.6976,49.4364]],[[10.4635,49.2785],[10.4654,49.2924],[10.4986,49.2917],[10.4929,49.3056],[10.4793,49.3095],[10.4737,49.326],[10.5288,49.3237],[10.5409,49.3369],[10.5877,49.3422],[10.5923,49.3329],[10.6399,49.3251],[10.6565,49.3151],[10.6353,49.3026],[10.6244,49.2815],[10.6263,49.2644],[10.6399,49.2581],[10.6399,49.2347],[10.6149,49.2373],[10.6051,49.2442],[10.5296,49.2628],[10.4718,49.2667],[10.4635,49.2785]]]}},{"type":"Feature","properties":{"codes":["AB","ALZ"],"name":"Aschaffenburg","state":"Bayern","districtType":"Kreisfreie Stadt"},"geometry":{"type":"Polygon","coordinates":[[[9.2375,49.9348],[9.1835,49.9675],[9.1926,49.9793],[9.168,49.9932],[9.1083,50.0103],[9.0974,50.0159],[9.08,50.008],[9.0917,49.9948],[9.1091,49.9856],[9.1083,49.9747],[9.0872,49.9747],[9.0955,49.9615],[9.0834,49.9559],[9.1076,49.9309],[9.1147,49.9388],[9.1385,49.9286],[9.1442,49.9209],[9.1899,49.9272],[9.2175,49.9358],[9.2375,49.9348]]]}},{"type":"Feature","properties":{"codes":["AB","ALZ"],"name":"Aschaffenburg","state":"Bayern","districtType":"Landkreis"},"geometry":{"type":"Polygon","coordinates":[[[9.4048,50.0875],[9.3946,50.0976],[9.3754,50.1296],[9.3414,50.1312],[9.3229,50.1405],[9.3074,50.1335],[9.2862,50.1421],[9.2522,50.1398],[9.222,50.1491],[9.1846,50.1389],[9.1918,50.1273],[9.1744,50.1194],[9.1597,50.0953],[9.145,50.097],[9.1559,50.1118],[9.12,50.1264],[9.0974,50.1257],[9.0891,50.1171],[9.0468,50.1155],[9.0147,50.1092],[8.998,50.0898],[8.9992,50.0696],[8.9909,50.0673],[8.9761,50.0525],[8.989,50.0416],[9.0082,50.0462],[9.032,50.0384],[9.0301,50.0221],[9.0396,50.0103],[9.0415,49.9895],[9.0166,49.9909],[9.0267,49.9552],[9.0256,49.9388],[9.032,49.9249],[9.023,49.9101],[9.0358,49.8992],[9.0385,49.8765],[9.0505,49.8663],[9.0724,49.882],[9.0993,49.8804],[9.0936,49.8913],[9.1083,49.9084],[9.1019,49.917],[9.1076,49.9309],[9.0834,49.9559],[9.0955,49.9615],[9.0872,49.9747],[9.1083,49.9747],[9.1091,49.9856],[9.0917,49.9948],[9.08,50.008],[9.0974,50.0159],[9.1083,50.0103],[9.168,49.9932],[9.1926,49.9793],[9.1835,49.9675],[9.2375,49.9348],[9.267,49.9249],[9.2817,49.9022],[9.2598,49.8702],[9.2972,49.8593],[9.3183,49.8353],[9.3293,49.8383],[9.3708,49.8336],[9.3708,49.8563],[9.3973,49.8656],[9.4101,49.8788],[9.4229,49.8811],[9.435,49.8906],[9.4267,49.9015],[9.4286,49.917],[9.4634,49.9279],[9.48,49.9443],[9.4543,49.948],[9.4433,49.9575],[9.4441,49.9737],[9.4305,49.9909],[9.4082,49.9971],[9.4165,50.0136],[9.4056,50.0238],[9.4075,50.0495],[9.3856,50.0548],[9.3946,50.0828],[9.4048,50.0875]]]}},{"type":"Feature","properties":{"codes":["A","SMÜ","WER"],"name":"Augsburg","state":"Bayern","districtType":"Kreisfreie Stadt"},"geometry":{"type":"Polygon","coordinates":[[[10.9107,48.2583],[10.9216,48.2676],[10.9416,48.2692],[10.9545,48.3028],[10.9492,48.3121],[10.9492,48.3338],[10.9582,48.3361],[10.9518,48.3619],[10.9575,48.3797],[10.9269,48.4251],[10.9088,48.4343],[10.9012,48.4538],[10.8838,48.4584],[10.8903,48.4281],[10.8884,48.4126],[10.8702,48.404],[10.8472,48.407],[10.8408,48.3852],[10.851,48.354],[10.8196,48.3424],[10.8094,48.3493],[10.7838,48.3338],[10.794,48.3269],[10.7822,48.3137],[10.7683,48.3128],[10.7637,48.3012],[10.8042,48.291],[10.8113,48.2996],[10.8646,48.2919],[10.9012,48.2942],[10.8986,48.2824],[10.9107,48.2583]]]}},{"type":"Feature","properties":{"codes":["A","SMÜ","WER"],"name":"Augsburg","state":"Bayern","districtType":"Landkreis"},"geometry":{"type":"Polygon","coordinates":[[[10.9243,48.587],[10.8978,48.5916],[10.8884,48.5978],[10.8793,48.6173],[10.8838,48.6368],[10.8355,48.6344],[10.8242,48.6252],[10.7792,48.6189],[10.7856,48.608],[10.7645,48.5932],[10.7766,48.5691],[10.7637,48.5566],[10.7728,48.5339],[10.7611,48.5191],[10.7452,48.5098],[10.7581,48.499],[10.7086,48.4848],[10.6976,48.4927],[10.6746,48.4983],[10.6391,48.495],[10.6123,48.4983],[10.5923,48.4934],[10.5847,48.4858],[10.559,48.4795],[10.5454,48.4811],[10.5281,48.4716],[10.5417,48.4258],[10.5296,48.4251],[10.5058,48.411],[10.5443,48.4047],[10.5133,48.3744],[10.5198,48.3688],[10.5186,48.348],[10.5012,48.3322],[10.4975,48.3206],[10.5141,48.3144],[10.5473,48.3121],[10.5564,48.3213],[10.5866,48.3081],[10.5821,48.2956],[10.5976,48.2771],[10.5821,48.2715],[10.5571,48.2349],[10.5617,48.2194],[10.5738,48.2125],[10.5877,48.1868],[10.5545,48.1805],[10.5685,48.1671],[10.6278,48.1657],[10.6553,48.1719],[10.6848,48.1726],[10.7014,48.1446],[10.684,48.1305],[10.6939,48.0971],[10.7316,48.0995],[10.7509,48.1103],[10.7728,48.0939],[10.8015,48.1041],[10.7856,48.1502],[10.8143,48.1525],[10.8434,48.1469],[10.86,48.1571],[10.8774,48.1828],[10.8903,48.1914],[10.9107,48.2583],[10.8986,48.2824],[10.9012,48.2942],[10.8646,48.2919],[10.8113,48.2996],[10.8042,48.291],[10.7637,48.3012],[10.7683,48.3128],[10.7822,48.3137],[10.794,48.3269],[10.7838,48.3338],[10.8094,48.3493],[10.8196,48.3424],[10.851,48.354],[10.8408,48.3852],[10.8472,48.407],[10.8702,48.404],[10.8884,48.4126],[10.8903,48.4281],[10.8774,48.4841],[10.8646,48.5043],[10.871,48.5309],[10.9254,48.5372],[10.9409,48.5339],[10.9594,48.5441],[10.9851,48.5481],[10.973,48.5698],[10.962,48.5752],[10.9299,48.5752],[10.9243,48.587]]]}},{"type":"Feature","properties":{"codes":["BRK","HAB","KG"],"name":"Bad Kissingen","state":"Bayern","districtType":"Landkreis"},"geometry":{"type":"Polygon","coordinates":[[[9.9362,50.4193],[9.9011,50.4036],[9.8599,50.3976],[9.815,50.4108],[9.8093,50.4216],[9.7946,50.4256],[9.7783,50.4193],[9.7617,50.4256],[9.7508,50.4138],[9.7591,50.4022],[9.7432,50.3624],[9.7334,50.3561],[9.747,50.3413],[9.7478,50.3133],[9.7304,50.2961],[9.713,50.2915],[9.7039,50.2806],[9.6809,50.2783],[9.648,50.2651],[9.6397,50.248],[9.6681,50.2394],[9.6533,50.2324],[9.6231,50.2292],[9.6424,50.2246],[9.679,50.2269],[9.6919,50.2137],[9.7002,50.1817],[9.7232,50.1678],[9.7334,50.1553],[9.7496,50.1514],[9.747,50.1264],[9.7719,50.1319],[9.7991,50.1055],[9.8067,50.0921],[9.8312,50.0844],[9.8169,50.075],[9.8184,50.065],[9.8067,50.0548],[9.8093,50.0462],[9.8395,50.0384],[9.8754,50.0347],[9.9003,50.0541],[9.9313,50.0307],[9.9562,50.0393],[9.9645,50.0548],[9.9589,50.0703],[9.9698,50.0844],[9.9827,50.0844],[9.9891,50.097],[10.0019,50.097],[10.0133,50.1085],[10.0454,50.1062],[10.0635,50.0983],[10.0737,50.1062],[10.0986,50.1102],[10.1194,50.1085],[10.1379,50.1141],[10.1553,50.1382],[10.1526,50.1451],[10.2187,50.1498],[10.238,50.156],[10.2546,50.1498],[10.2765,50.156],[10.3067,50.1544],[10.3188,50.1725],[10.3407,50.1725],[10.3426,50.1873],[10.3305,50.1949],[10.3298,50.2067],[10.3464,50.2107],[10.3702,50.2292],[10.3453,50.2447],[10.349,50.2605],[10.3305,50.273],[10.3434,50.2862],[10.3003,50.304],[10.2848,50.2984],[10.2848,50.2845],[10.2644,50.2845],[10.2489,50.2651],[10.2123,50.2681],[10.1662,50.2618],[10.1534,50.2744],[10.1387,50.2674],[10.1066,50.2704],[10.0975,50.2767],[10.1288,50.2885],[10.116,50.3001],[10.0809,50.3033],[10.0571,50.2984],[10.0197,50.3149],[10.0159,50.3258],[9.9974,50.3251],[9.9876,50.3126],[9.9517,50.3383],[9.9351,50.3399],[9.9389,50.3531],[9.9517,50.364],[9.9544,50.3827],[9.9313,50.3881],[9.9434,50.4075],[9.9362,50.4193]]]}},{"type":"Feature","properties":{"codes":["TÖL","WOR"],"name":"Bad Tölz-Wolfratshausen","state":"Bayern","districtType":"Landkreis"},"geometry":{"type":"Polygon","coordinates":[[[11.6237,47.9204],[11.6033,47.9241],[11.6052,47.9343],[11.5693,47.9561],[11.5199,47.9492],[11.518,47.9624],[11.4949,47.9732],[11.4742,47.9679],[11.4292,47.9788],[11.396,47.9399],[11.4062,47.9313],[11.3941,47.9204],[11.3824,47.9204],[11.3684,47.9313],[11.3465,47.9274],[11.3325,47.9313],[11.3325,47.873],[11.3382,47.8479],[11.3371,47.8269],[11.3291,47.8215],[11.3401,47.8021],[11.3722,47.7935],[11.3896,47.7989],[11.3998,47.7856],[11.4032,47.7646],[11.4153,47.7521],[11.4081,47.7389],[11.3805,47.7326],[11.3658,47.7187],[11.3722,47.7069],[11.3439,47.6937],[11.3465,47.6766],[11.3189,47.6743],[11.3042,47.6641],[11.2831,47.665],[11.2729,47.6509],[11.274,47.6337],[11.2793,47.6152],[11.263,47.5879],[11.2951,47.5691],[11.2906,47.5529],[11.3114,47.5529],[11.3216,47.5381],[11.3639,47.5131],[11.3775,47.5114],[11.3839,47.5006],[11.4096,47.4952],[11.4353,47.5154],[11.4519,47.5084],[11.4878,47.5091],[11.5051,47.5045],[11.518,47.5107],[11.5399,47.5091],[11.5712,47.5138],[11.5879,47.5256],[11.5867,47.5552],[11.6007,47.5675],[11.6052,47.5809],[11.6309,47.5846],[11.6328,47.5925],[11.5996,47.5948],[11.6071,47.6096],[11.6759,47.6291],[11.6785,47.6432],[11.6706,47.6555],[11.643,47.6736],[11.6509,47.6868],[11.6713,47.6898],[11.663,47.7078],[11.6604,47.7273],[11.6271,47.721],[11.6226,47.728],[11.663,47.7467],[11.6566,47.7616],[11.6392,47.7778],[11.6366,47.7919],[11.6547,47.7935],[11.6657,47.8028],[11.6528,47.8222],[11.6283,47.8229],[11.6143,47.8361],[11.6283,47.8473],[11.6411,47.8681],[11.6585,47.8829],[11.6509,47.9063],[11.6366,47.9086],[11.6237,47.9204]]]}},{"type":"Feature","properties":{"codes":["BA"],"name":"Bamberg","state":"Bayern","districtType":"Kreisfreie Stadt"},"geometry":{"type":"Polygon","coordinates":[[[10.9575,49.8501],[10.9473,49.8711],[10.9518,49.8936],[10.9409,49.9147],[10.9171,49.9272],[10.8869,49.9209],[10.8755,49.9131],[10.8408,49.9163],[10.8465,49.9061],[10.8261,49.8982],[10.84,49.8758],[10.8499,49.8765],[10.8831,49.8554],[10.9261,49.8422],[10.928,49.8508],[10.9511,49.8563],[10.9575,49.8501]]]}},{"type":"Feature","properties":{"codes":["BA"],"name":"Bamberg","state":"Bayern","districtType":"Landkreis"},"geometry":{"type":"Polygon","coordinates":[[[10.885,50.093],[10.86,50.0914],[10.8593,50.0736],[10.8363,50.0726],[10.837,50.0509],[10.8242,50.04],[10.806,50.0377],[10.7921,50.0469],[10.7758,50.0432],[10.7645,50.0004],[10.7509,49.9925],[10.7547,49.9622],[10.7245,49.9592],[10.7426,49.948],[10.7362,49.9388],[10.7169,49.9325],[10.7124,49.9216],[10.6939,49.9163],[10.7022,49.9038],[10.6693,49.8867],[10.6315,49.8735],[10.6289,49.864],[10.6123,49.8577],[10.5866,49.8617],[10.5756,49.8742],[10.5571,49.8702],[10.5424,49.8765],[10.505,49.8765],[10.4948,49.8718],[10.4589,49.8788],[10.448,49.854],[10.4397,49.8454],[10.4589,49.8369],[10.4491,49.8221],[10.4608,49.8089],[10.4827,49.8056],[10.4665,49.7917],[10.491,49.7868],[10.516,49.8033],[10.5352,49.7924],[10.539,49.7713],[10.5537,49.7697],[10.5519,49.7558],[10.6187,49.7387],[10.6391,49.741],[10.6546,49.7208],[10.6712,49.7222],[10.6856,49.7331],[10.7033,49.7331],[10.6757,49.7598],[10.695,49.7746],[10.7161,49.7799],[10.7418,49.776],[10.7838,49.7628],[10.8049,49.738],[10.8234,49.7403],[10.8287,49.7496],[10.8563,49.7581],[10.8786,49.7574],[10.8876,49.7736],[10.928,49.7845],[10.9178,49.776],[10.9269,49.7683],[10.9345,49.7792],[10.9666,49.7706],[10.9885,49.7862],[11.0206,49.7845],[11.0493,49.7947],[11.0666,49.7947],[11.1006,49.8056],[11.1033,49.8343],[11.1263,49.8376],[11.141,49.8445],[11.1682,49.8454],[11.1747,49.832],[11.2087,49.8383],[11.2264,49.8353],[11.2272,49.8626],[11.2381,49.8702],[11.1988,49.8811],[11.1988,49.8929],[11.1849,49.9061],[11.2022,49.9131],[11.2117,49.9256],[11.2117,49.9443],[11.1958,49.9536],[11.2162,49.9629],[11.2189,49.973],[11.2502,49.9793],[11.2464,49.9895],[11.2207,50.0043],[11.2162,50.0152],[11.1905,50.008],[11.1475,50.0212],[11.1565,50.0314],[11.186,50.0409],[11.1939,50.0525],[11.1796,50.058],[11.1437,50.0439],[11.1271,50.0485],[11.0961,50.0384],[11.07,50.0347],[11.0462,50.0245],[11.0217,50.0291],[11.0005,50.0159],[10.9941,50.0298],[10.9802,50.0409],[10.9658,50.0393],[10.9511,50.0485],[10.9269,50.0377],[10.8948,50.0525],[10.8755,50.0712],[10.8884,50.0743],[10.885,50.093]],[[10.9575,49.8501],[10.9511,49.8563],[10.928,49.8508],[10.9261,49.8422],[10.8831,49.8554],[10.8499,49.8765],[10.84,49.8758],[10.8261,49.8982],[10.8465,49.9061],[10.8408,49.9163],[10.8755,49.9131],[10.8869,49.9209],[10.9171,49.9272],[10.9409,49.9147],[10.9518,49.8936],[10.9473,49.8711],[10.9575,49.8501]]]}},{"type":"Feature","properties":{"codes":["BT","EBS","ESB","KEM","MÜB","PEG"],"name":"Bayreuth","state":"Bayern","districtType":"Kreisfreie Stadt"},"geometry":{"type":"Polygon","coordinates":[[[11.6283,49.924],[11.6539,49.9358],[11.6449,49.9543],[11.6475,49.973],[11.62,49.9668],[11.5788,49.9754],[11.561,49.9747],[11.5327,49.9605],[11.4968,49.9559],[11.527,49.9365],[11.5354,49.924],[11.5546,49.9108],[11.5539,49.8952],[11.5693,49.889],[11.6071,49.8952],[11.6264,49.9052],[11.6188,49.9147],[11.6283,49.924]]]}},{"type":"Feature","properties":{"codes":["BT","EBS","ESB","KEM","MÜB","PEG"],"name":"Bayreuth","state":"Bayern","districtType":"Landkreis"},"geometry":{"type":"Polygon","coordinates":[[[11.7888,50.1032],[11.7759,50.1264],[11.751,50.1194],[11.7291,50.124],[11.6777,50.125],[11.6766,50.0937],[11.683,50.0875],[11.6411,50.0726],[11.6381,50.058],[11.6483,50.0423],[11.6026,50.0307],[11.6026,50.0175],[11.5777,50.008],[11.561,50.0103],[11.5384,49.9995],[11.5051,49.9941],[11.4768,49.9955],[11.4677,49.9839],[11.4474,49.9793],[11.4421,49.9909],[11.419,49.9895],[11.4153,49.9754],[11.4209,49.9598],[11.3941,49.9582],[11.3869,49.9418],[11.3646,49.9381],[11.3171,49.9638],[11.2989,49.9638],[11.2812,49.9747],[11.2849,49.9879],[11.2566,50.0004],[11.2464,49.9895],[11.2502,49.9793],[11.2189,49.973],[11.2162,49.9629],[11.1958,49.9536],[11.2117,49.9443],[11.2117,49.9256],[11.2022,49.9131],[11.1849,49.9061],[11.1988,49.8929],[11.1988,49.8811],[11.2381,49.8702],[11.2612,49.8742],[11.2702,49.86],[11.2638,49.8438],[11.2997,49.804],[11.3144,49.8003],[11.3325,49.8112],[11.3594,49.8079],[11.3684,49.801],[11.3529,49.7868],[11.3567,49.7799],[11.3805,49.7776],[11.3813,49.7519],[11.3639,49.741],[11.3556,49.7044],[11.3775,49.7014],[11.3767,49.6889],[11.3631,49.6794],[11.3684,49.6671],[11.3941,49.6421],[11.3967,49.6257],[11.4319,49.6187],[11.4307,49.6273],[11.4602,49.6289],[11.4711,49.6428],[11.5134,49.65],[11.5467,49.6405],[11.5603,49.6467],[11.5641,49.6678],[11.5565,49.6731],[11.5558,49.7051],[11.5603,49.7146],[11.5981,49.7394],[11.5969,49.7551],[11.6309,49.7604],[11.6302,49.7806],[11.6438,49.8072],[11.6592,49.8026],[11.6996,49.8072],[11.7008,49.8197],[11.7208,49.8274],[11.7382,49.8399],[11.7869,49.8359],[11.8016,49.8422],[11.8549,49.8468],[11.8594,49.8563],[11.842,49.8656],[11.8409,49.8936],[11.8311,49.9286],[11.8126,49.9348],[11.8118,49.9605],[11.8621,49.9615],[11.8987,49.9691],[11.9036,49.9793],[11.8987,49.9988],[11.8749,50.0175],[11.8677,50.0416],[11.8356,50.0541],[11.8311,50.0673],[11.8005,50.0719],[11.7971,50.0798],[11.8088,50.0976],[11.7888,50.1032]],[[11.6283,49.924],[11.6188,49.9147],[11.6264,49.9052],[11.6071,49.8952],[11.5693,49.889],[11.5539,49.8952],[11.5546,49.9108],[11.5354,49.924],[11.527,49.9365],[11.4968,49.9559],[11.5327,49.9605],[11.561,49.9747],[11.5788,49.9754],[11.62,49.9668],[11.6475,49.973],[11.6449,49.9543],[11.6539,49.9358],[11.6283,49.924]]]}},{"type":"Feature","properties":{"codes":["BGD","BGL","LF","REI"],"name":"Berchtesgadener Land","state":"Bayern","districtType":"Landkreis"},"geometry":{"type":"Polygon","coordinates":[[[12.6964,47.6821],[12.7145,47.6766],[12.7451,47.6759],[12.778,47.6611],[12.7587,47.6509],[12.7817,47.6323],[12.79,47.633],[12.8248,47.612],[12.8074,47.6103],[12.7908,47.5981],[12.7953,47.5925],[12.7798,47.5793],[12.7946,47.5566],[12.8074,47.548],[12.8486,47.545],[12.8497,47.5348],[12.8826,47.5209],[12.8845,47.5131],[12.9101,47.4959],[12.9642,47.4749],[12.9845,47.482],[13.0019,47.4633],[13.0359,47.489],[13.0469,47.492],[13.0476,47.5216],[13.0314,47.5318],[13.045,47.5506],[13.0559,47.5575],[13.0412,47.577],[13.045,47.5839],[13.0699,47.5862],[13.0624,47.6018],[13.0963,47.6291],[13.0975,47.6409],[13.0771,47.6696],[13.0797,47.6875],[13.0624,47.696],[13.0386,47.7155],[13.0083,47.7227],[12.9879,47.7078],[12.9332,47.7092],[12.9045,47.7234],[12.9211,47.7444],[12.9358,47.7491],[12.9449,47.7646],[12.9404,47.7794],[12.9751,47.813],[12.9834,47.8278],[13.0038,47.8433],[13.0,47.8558],[12.9827,47.8743],[12.966,47.9017],[12.9468,47.9211],[12.9385,47.9383],[12.9219,47.939],[12.9192,47.9538],[12.8761,47.9624],[12.8761,47.9376],[12.8512,47.9234],[12.8531,47.9033],[12.8807,47.8931],[12.8754,47.8845],[12.8101,47.8822],[12.8017,47.8899],[12.7466,47.8815],[12.7394,47.873],[12.7413,47.8588],[12.7323,47.8473],[12.7323,47.8278],[12.7485,47.8044],[12.7644,47.8044],[12.7734,47.788],[12.832,47.7833],[12.8357,47.7639],[12.8229,47.753],[12.8017,47.7567],[12.7855,47.7537],[12.7708,47.7389],[12.7356,47.7326],[12.7194,47.7342],[12.7137,47.7118],[12.7164,47.6969],[12.6964,47.6821]]]}},{"type":"Feature","properties":{"codes":["CHA","KÖZ","ROD","WÜM"],"name":"Cham","state":"Bayern","districtType":"Landkreis"},"geometry":{"type":"Polygon","coordinates":[[[12.6341,49.4763],[12.611,49.4763],[12.588,49.4654],[12.543,49.4615],[12.5264,49.4473],[12.5423,49.4388],[12.5494,49.414],[12.5128,49.4045],[12.4962,49.4054],[12.4852,49.3936],[12.5019,49.3797],[12.4815,49.3603],[12.4852,49.3313],[12.4815,49.3197],[12.5102,49.3158],[12.4807,49.2956],[12.4879,49.2878],[12.4762,49.2706],[12.4422,49.2753],[12.421,49.2739],[12.4108,49.2574],[12.3935,49.259],[12.4063,49.2458],[12.3878,49.2324],[12.3595,49.2287],[12.3376,49.1905],[12.3126,49.1602],[12.3107,49.1523],[12.3247,49.1335],[12.3062,49.1312],[12.3138,49.1196],[12.3395,49.1111],[12.3395,49.0907],[12.3697,49.0877],[12.3844,49.1009],[12.4203,49.0962],[12.4248,49.0682],[12.4358,49.0573],[12.4475,49.0356],[12.4788,49.0323],[12.475,49.0418],[12.5026,49.062],[12.5275,49.0573],[12.5321,49.0745],[12.5551,49.0893],[12.5989,49.0992],[12.622,49.0986],[12.6533,49.1101],[12.6899,49.1016],[12.7375,49.1187],[12.7542,49.1111],[12.7678,49.115],[12.7863,49.1351],[12.7934,49.1219],[12.8331,49.1321],[12.8614,49.1298],[12.8799,49.1375],[12.8992,49.1273],[12.9147,49.1391],[12.9377,49.1407],[12.9743,49.1609],[13.0121,49.1602],[13.0488,49.1553],[13.0661,49.146],[13.068,49.1298],[13.1315,49.1111],[13.136,49.1273],[13.1651,49.1493],[13.1598,49.1578],[13.1707,49.1734],[13.1488,49.1819],[13.1315,49.1958],[13.1103,49.203],[13.1148,49.2176],[13.0861,49.2287],[13.0809,49.2472],[13.0616,49.2496],[13.054,49.2644],[13.0359,49.2644],[13.0257,49.2792],[13.0295,49.3042],[13.0046,49.3119],[12.9725,49.3336],[12.9494,49.3431],[12.9203,49.3431],[12.9037,49.3494],[12.8799,49.3508],[12.8871,49.3369],[12.8769,49.3322],[12.8433,49.3422],[12.8127,49.3408],[12.7787,49.3477],[12.7825,49.3593],[12.7579,49.3751],[12.7579,49.3945],[12.733,49.41],[12.7145,49.414],[12.7092,49.4249],[12.679,49.4265],[12.6567,49.4351],[12.6578,49.4506],[12.6488,49.4684],[12.6341,49.4763]]]}},{"type":"Feature","properties":{"codes":["CO","NEC"],"name":"Coburg","state":"Bayern","districtType":"Kreisfreie Stadt"},"geometry":{"type":"Polygon","coordinates":[[[11.0251,50.251],[11.0591,50.2651],[11.0444,50.2753],[11.0123,50.2667],[11.0058,50.2737],[10.9851,50.2767],[10.9941,50.2876],[10.9647,50.2924],[10.9601,50.2977],[10.9254,50.2954],[10.9061,50.2862],[10.8884,50.2838],[10.9205,50.2595],[10.8922,50.2503],[10.9141,50.2401],[10.9582,50.2447],[10.9711,50.2364],[10.9775,50.2215],[10.9987,50.2331],[10.9941,50.2394],[11.0251,50.251]]]}},{"type":"Feature","properties":{"codes":["CO","NEC"],"name":"Coburg","state":"Bayern","districtType":"Landkreis"},"geometry":{"type":"Polygon","coordinates":[[[10.9454,50.3864],[10.9326,50.3927],[10.9114,50.3851],[10.8876,50.3927],[10.8619,50.3874],[10.8306,50.3927],[10.8042,50.3788],[10.7804,50.3811],[10.7739,50.3719],[10.749,50.3577],[10.7388,50.3633],[10.715,50.364],[10.7143,50.3492],[10.7279,50.3383],[10.715,50.3327],[10.715,50.3211],[10.7418,50.3156],[10.7747,50.2947],[10.8042,50.2908],[10.8042,50.2799],[10.8325,50.2737],[10.8465,50.2753],[10.8517,50.2519],[10.8483,50.2456],[10.8223,50.2378],[10.8004,50.251],[10.7694,50.241],[10.7501,50.2424],[10.7324,50.2519],[10.729,50.2301],[10.7547,50.2239],[10.7535,50.213],[10.7804,50.1942],[10.7811,50.1764],[10.7739,50.1725],[10.7766,50.1498],[10.7951,50.1444],[10.8355,50.1474],[10.8582,50.153],[10.8793,50.1428],[10.86,50.1155],[10.86,50.0914],[10.885,50.093],[10.8876,50.1092],[10.9205,50.1194],[10.9352,50.1132],[10.948,50.1227],[10.9224,50.1428],[10.9235,50.1507],[10.948,50.1553],[10.953,50.1708],[11.0077,50.1771],[11.0043,50.1958],[10.9877,50.2051],[10.9987,50.2153],[11.0345,50.2183],[11.061,50.2081],[11.0897,50.2058],[11.1025,50.2107],[11.1373,50.1926],[11.1796,50.185],[11.1977,50.2021],[11.1803,50.2097],[11.1815,50.2253],[11.1932,50.2417],[11.1796,50.2486],[11.2015,50.2565],[11.1841,50.2806],[11.1456,50.2852],[11.1335,50.3001],[11.1346,50.3142],[11.1592,50.3258],[11.1373,50.3522],[11.1154,50.367],[11.0897,50.3656],[11.0814,50.3515],[11.0372,50.3452],[11.0327,50.36],[10.993,50.3656],[10.9858,50.3475],[10.9564,50.3686],[10.9601,50.3756],[10.9454,50.3864]],[[11.0251,50.251],[10.9941,50.2394],[10.9987,50.2331],[10.9775,50.2215],[10.9711,50.2364],[10.9582,50.2447],[10.9141,50.2401],[10.8922,50.2503],[10.9205,50.2595],[10.8884,50.2838],[10.9061,50.2862],[10.9254,50.2954],[10.9601,50.2977],[10.9647,50.2924],[10.9941,50.2876],[10.9851,50.2767],[11.0058,50.2737],[11.0123,50.2667],[11.0444,50.2753],[11.0591,50.2651],[11.0251,50.251]]]}},{"type":"Feature","properties":{"codes":["DAH"],"name":"Dachau","state":"Bayern","districtType":"Landkreis"},"geometry":{"type":"Polygon","coordinates":[[[11.4934,48.4406],[11.4723,48.439],[11.4372,48.4265],[11.4402,48.414],[11.4115,48.4079],[11.4005,48.4242],[11.3813,48.4242],[11.3722,48.439],[11.3446,48.4554],[11.3246,48.4482],[11.3114,48.4522],[11.2959,48.4436],[11.2793,48.4468],[11.2457,48.439],[11.2392,48.4304],[11.2143,48.4304],[11.183,48.414],[11.1988,48.3869],[11.1886,48.376],[11.1675,48.3688],[11.1694,48.3355],[11.163,48.326],[11.1297,48.3236],[11.1169,48.3097],[11.1161,48.2685],[11.1509,48.2732],[11.1528,48.2887],[11.1784,48.2956],[11.1969,48.287],[11.2015,48.2785],[11.2264,48.2817],[11.2483,48.2699],[11.251,48.2623],[11.2748,48.2646],[11.294,48.2606],[11.3106,48.2319],[11.3254,48.2271],[11.3371,48.2333],[11.3684,48.2373],[11.4032,48.2194],[11.4032,48.203],[11.4564,48.2085],[11.4711,48.2194],[11.4885,48.2224],[11.4904,48.2458],[11.4999,48.2481],[11.4999,48.2623],[11.5153,48.2685],[11.5191,48.2794],[11.5788,48.2996],[11.5731,48.3097],[11.5731,48.3361],[11.5153,48.351],[11.5244,48.3625],[11.5044,48.376],[11.5108,48.3908],[11.527,48.3908],[11.5006,48.4156],[11.4934,48.4406]]]}},{"type":"Feature","properties":{"codes":["DEG"],"name":"Deggendorf","state":"Bayern","districtType":"Landkreis"},"geometry":{"type":"Polygon","coordinates":[[[13.1957,48.8626],[13.1945,48.8711],[13.1707,48.8704],[13.1496,48.8751],[13.1232,48.8883],[13.0854,48.8797],[13.0616,48.882],[13.0284,48.9061],[13.014,48.9209],[13.0276,48.9242],[13.025,48.942],[13.0091,48.9489],[12.9789,48.9513],[12.9513,48.9397],[12.9128,48.9357],[12.8916,48.9545],[12.8641,48.942],[12.8626,48.9179],[12.8743,48.9077],[12.8607,48.8975],[12.8433,48.8968],[12.8376,48.8853],[12.8486,48.8734],[12.8384,48.8672],[12.8478,48.8549],[12.8486,48.8392],[12.8255,48.8243],[12.8036,48.823],[12.7772,48.8315],[12.7568,48.8269],[12.7496,48.8183],[12.7651,48.8098],[12.7644,48.7979],[12.7696,48.766],[12.7787,48.7458],[12.8082,48.7389],[12.8138,48.7241],[12.7972,48.7218],[12.8119,48.6997],[12.821,48.696],[12.832,48.6773],[12.8467,48.6819],[12.8561,48.6632],[12.8743,48.668],[12.8981,48.6632],[12.9075,48.6546],[12.9449,48.6532],[12.9506,48.6414],[12.946,48.6229],[12.9672,48.611],[12.9853,48.6104],[12.9944,48.6009],[13.0193,48.612],[13.0276,48.6275],[13.0597,48.6219],[13.0937,48.6282],[13.1009,48.6717],[13.1137,48.6898],[13.1296,48.6898],[13.1515,48.7046],[13.1991,48.6991],[13.224,48.7146],[13.2486,48.7123],[13.2587,48.7412],[13.2486,48.7488],[13.2553,48.763],[13.2259,48.7722],[13.2248,48.7847],[13.2387,48.7887],[13.2459,48.8035],[13.235,48.8121],[13.2138,48.8144],[13.2085,48.822],[13.1874,48.8183],[13.1972,48.8362],[13.2074,48.8424],[13.1957,48.8626]]]}},{"type":"Feature","properties":{"codes":["DLG","WER"],"name":"Dillingen an der Donau","state":"Bayern","districtType":"Landkreis"},"geometry":{"type":"Polygon","coordinates":[[[10.7792,48.6189],[10.76,48.6344],[10.7452,48.6368],[10.7373,48.6486],[10.7116,48.6601],[10.6995,48.6509],[10.6629,48.6578],[10.6535,48.6733],[10.6278,48.6803],[10.6519,48.6984],[10.6584,48.7326],[10.6501,48.7373],[10.6142,48.738],[10.6096,48.7505],[10.5809,48.7435],[10.5507,48.7551],[10.5315,48.7521],[10.5133,48.7396],[10.5058,48.7162],[10.4876,48.6967],[10.4782,48.6803],[10.4491,48.6648],[10.4242,48.671],[10.4268,48.6865],[10.437,48.6951],[10.4087,48.6984],[10.3921,48.6889],[10.3864,48.6671],[10.3683,48.6641],[10.3509,48.6546],[10.3471,48.6789],[10.3351,48.6889],[10.3132,48.6859],[10.2811,48.7014],[10.2682,48.6991],[10.2727,48.6859],[10.2561,48.6803],[10.2546,48.6664],[10.2682,48.6469],[10.2965,48.6337],[10.2977,48.6242],[10.3222,48.6094],[10.2965,48.6041],[10.2946,48.5923],[10.3094,48.5791],[10.3139,48.5557],[10.3011,48.5448],[10.303,48.53],[10.2965,48.5168],[10.2784,48.5161],[10.2965,48.4927],[10.3241,48.4795],[10.3351,48.4865],[10.3728,48.4957],[10.3894,48.4934],[10.3913,48.5105],[10.4087,48.5223],[10.4223,48.5161],[10.4287,48.4802],[10.4453,48.4841],[10.4635,48.4795],[10.4748,48.4881],[10.491,48.4779],[10.5281,48.4716],[10.5454,48.4811],[10.559,48.4795],[10.5847,48.4858],[10.5923,48.4934],[10.6123,48.4983],[10.6391,48.495],[10.6746,48.4983],[10.6976,48.4927],[10.7086,48.4848],[10.7581,48.499],[10.7452,48.5098],[10.7611,48.5191],[10.7728,48.5339],[10.7637,48.5566],[10.7766,48.5691],[10.7645,48.5932],[10.7856,48.608],[10.7792,48.6189]]]}},{"type":"Feature","properties":{"codes":["DGF","LAN"],"name":"Dingolfing-Landau","state":"Bayern","districtType":"Landkreis"},"geometry":{"type":"Polygon","coordinates":[[[12.7644,48.7979],[12.753,48.7996],[12.733,48.7901],[12.7258,48.7778],[12.6983,48.7583],[12.679,48.7521],[12.6567,48.7551],[12.6514,48.7419],[12.6284,48.7435],[12.6001,48.7271],[12.5457,48.7271],[12.5257,48.7498],[12.5109,48.7597],[12.4936,48.762],[12.4539,48.7583],[12.4301,48.766],[12.4146,48.7637],[12.3852,48.7498],[12.3908,48.735],[12.3595,48.7363],[12.3447,48.7248],[12.3293,48.7218],[12.3459,48.7023],[12.3447,48.6944],[12.3889,48.6757],[12.3942,48.646],[12.3704,48.6423],[12.3742,48.6344],[12.3549,48.6266],[12.3716,48.6041],[12.3542,48.5978],[12.3557,48.5846],[12.3485,48.5714],[12.3716,48.5698],[12.3972,48.5566],[12.398,48.5418],[12.4282,48.5471],[12.4539,48.5596],[12.4954,48.555],[12.5071,48.5441],[12.4834,48.5339],[12.5219,48.4834],[12.5551,48.4841],[12.5585,48.495],[12.5506,48.5161],[12.6035,48.5184],[12.6284,48.5115],[12.6246,48.4818],[12.6714,48.5036],[12.6918,48.5082],[12.6918,48.5191],[12.7047,48.5154],[12.7183,48.5481],[12.753,48.5362],[12.7772,48.5441],[12.7606,48.5566],[12.7708,48.59],[12.7798,48.5978],[12.8146,48.6025],[12.8422,48.5909],[12.8403,48.6032],[12.9064,48.6064],[12.9109,48.6173],[12.9385,48.6057],[12.9672,48.611],[12.946,48.6229],[12.9506,48.6414],[12.9449,48.6532],[12.9075,48.6546],[12.8981,48.6632],[12.8743,48.668],[12.8561,48.6632],[12.8467,48.6819],[12.832,48.6773],[12.821,48.696],[12.8119,48.6997],[12.7972,48.7218],[12.8138,48.7241],[12.8082,48.7389],[12.7787,48.7458],[12.7696,48.766],[12.7644,48.7979]]]}},{"type":"Feature","properties":{"codes":["DON","NÖ"],"name":"Donau-Ries","state":"Bayern","districtType":"Landkreis"},"geometry":{"type":"Polygon","coordinates":[[[10.6425,49.0168],[10.6059,49.0175],[10.5957,49.0346],[10.5545,49.0339],[10.539,49.0214],[10.5409,49.0059],[10.5058,49.0059],[10.491,49.0112],[10.4555,49.0089],[10.4344,49.0036],[10.4216,48.9934],[10.4268,48.9818],[10.4095,48.977],[10.4242,48.9638],[10.4299,48.9476],[10.448,48.939],[10.4408,48.9311],[10.4571,48.9172],[10.4435,48.9086],[10.4253,48.9077],[10.4537,48.8876],[10.4525,48.8517],[10.4268,48.8431],[10.448,48.8322],[10.4461,48.8105],[10.4287,48.7933],[10.428,48.7785],[10.4178,48.763],[10.4234,48.7442],[10.4563,48.734],[10.4876,48.6967],[10.5058,48.7162],[10.5133,48.7396],[10.5315,48.7521],[10.5507,48.7551],[10.5809,48.7435],[10.6096,48.7505],[10.6142,48.738],[10.6501,48.7373],[10.6584,48.7326],[10.6519,48.6984],[10.6278,48.6803],[10.6535,48.6733],[10.6629,48.6578],[10.6995,48.6509],[10.7116,48.6601],[10.7373,48.6486],[10.7452,48.6368],[10.76,48.6344],[10.7792,48.6189],[10.8242,48.6252],[10.8355,48.6344],[10.8838,48.6368],[10.8793,48.6173],[10.8884,48.5978],[10.8978,48.5916],[10.9243,48.587],[10.9382,48.6009],[10.9718,48.6018],[10.9813,48.5978],[11.0379,48.6266],[11.0217,48.6516],[11.0024,48.6657],[10.9839,48.7178],[10.996,48.7278],[10.9851,48.7373],[10.9968,48.7512],[10.9987,48.7644],[10.9703,48.7715],[10.9858,48.7887],[10.9756,48.7996],[10.9839,48.8121],[11.0058,48.822],[10.9885,48.8408],[10.9703,48.8415],[10.9647,48.8549],[10.9371,48.8635],[10.9061,48.8829],[10.8755,48.8758],[10.8536,48.8843],[10.8548,48.8968],[10.8287,48.8952],[10.8208,48.91],[10.8298,48.9186],[10.8143,48.9452],[10.7951,48.9436],[10.7702,48.9249],[10.7388,48.9258],[10.7214,48.9001],[10.7116,48.9001],[10.6701,48.9195],[10.7014,48.9436],[10.6924,48.9598],[10.681,48.9654],[10.6712,48.9825],[10.6417,48.9809],[10.6308,48.9957],[10.6425,49.0168]]]}},{"type":"Feature","properties":{"codes":["EBE"],"name":"Ebersberg","state":"Bayern","districtType":"Landkreis"},"geometry":{"type":"Polygon","coordinates":[[[12.043,48.1416],[12.0199,48.1555],[12.009,48.1719],[11.9788,48.1696],[11.9576,48.1726],[11.9376,48.1657],[11.9244,48.1796],[11.9089,48.1875],[11.9062,48.1977],[11.8658,48.2076],[11.8273,48.2053],[11.8005,48.2125],[11.7971,48.2201],[11.7555,48.221],[11.7631,48.2085],[11.7548,48.1891],[11.7669,48.1812],[11.7759,48.1618],[11.7476,48.1377],[11.7567,48.1268],[11.7593,48.108],[11.7714,48.0932],[11.7812,48.0916],[11.788,48.0573],[11.785,48.0223],[11.7669,48.0223],[11.7676,47.9999],[11.8292,47.9624],[11.842,47.964],[11.8485,47.9485],[11.8602,47.9547],[11.8832,47.9498],[11.9255,47.9313],[11.9365,47.9515],[11.9263,47.9841],[11.9357,47.9943],[11.9988,47.961],[12.0218,47.9617],[12.0264,47.9709],[12.0615,47.9702],[12.0705,47.9874],[12.0924,47.9904],[12.0962,48.0115],[12.077,48.0177],[12.0796,48.0332],[12.0743,48.0691],[12.0751,48.083],[12.0622,48.0988],[12.086,48.1222],[12.0494,48.1291],[12.043,48.1416]]]}},{"type":"Feature","properties":{"codes":["EI"],"name":"Eichstätt","state":"Bayern","districtType":"Landkreis"},"geometry":{"type":"Polygon","coordinates":[[[11.5996,48.9513],[11.5788,48.974],[11.5769,48.9888],[11.5629,48.9895],[11.541,49.0099],[11.541,49.027],[11.5225,49.0293],[11.5218,49.0393],[11.5335,49.0495],[11.5384,49.0698],[11.5078,49.0752],[11.4878,49.0636],[11.4428,49.0643],[11.3952,49.083],[11.3858,49.0791],[11.3967,49.0712],[11.4069,49.0379],[11.3869,49.0307],[11.3794,49.0175],[11.3548,49.0175],[11.3356,49.0082],[11.3272,48.998],[11.2876,49.0052],[11.2638,49.0145],[11.2664,49.0247],[11.2536,49.0455],[11.2309,49.0495],[11.2015,49.0464],[11.1822,49.0323],[11.1894,49.0198],[11.1611,49.0122],[11.163,49.0027],[11.1482,48.9855],[11.1392,48.9647],[11.1014,48.9661],[11.0848,48.9614],[11.0508,48.9327],[11.0738,48.9147],[11.0462,48.9054],[11.0289,48.8952],[11.0289,48.8876],[10.996,48.8843],[10.9737,48.879],[10.9628,48.8595],[10.9371,48.8635],[10.9647,48.8549],[10.9703,48.8415],[10.9885,48.8408],[11.0058,48.822],[11.0372,48.8197],[11.0455,48.8135],[11.0398,48.7996],[11.0674,48.791],[11.0731,48.8072],[11.1078,48.8049],[11.1161,48.8128],[11.1732,48.7917],[11.2034,48.7894],[11.2071,48.7801],[11.2343,48.7732],[11.2555,48.7792],[11.2612,48.7894],[11.3053,48.7817],[11.3227,48.7864],[11.3575,48.7801],[11.3824,48.7801],[11.3915,48.7917],[11.3888,48.8121],[11.3941,48.8206],[11.4209,48.8121],[11.4538,48.7949],[11.4934,48.7878],[11.5033,48.7607],[11.4897,48.7449],[11.4968,48.7363],[11.5263,48.7326],[11.5346,48.7465],[11.5539,48.7419],[11.5667,48.7498],[11.575,48.7722],[11.5724,48.7831],[11.6052,48.8081],[11.6449,48.8121],[11.6528,48.7854],[11.7117,48.7894],[11.7189,48.7824],[11.7363,48.7901],[11.7265,48.8105],[11.7023,48.8206],[11.7023,48.8299],[11.72,48.8369],[11.7227,48.8695],[11.7438,48.8744],[11.7393,48.8899],[11.717,48.8968],[11.7155,48.9195],[11.7023,48.9186],[11.6861,48.9304],[11.6668,48.9249],[11.6539,48.935],[11.6347,48.9327],[11.6317,48.9429],[11.5996,48.9513]]]}},{"type":"Feature","properties":{"codes":["ED"],"name":"Erding","state":"Bayern","districtType":"Landkreis"},"geometry":{"type":"Polygon","coordinates":[[[12.0173,48.4304],[11.9961,48.4311],[11.9603,48.4545],[11.9346,48.4413],[11.9198,48.4274],[11.8877,48.4211],[11.8768,48.4133],[11.8402,48.4116],[11.8428,48.3978],[11.808,48.3892],[11.8088,48.3806],[11.7812,48.3579],[11.765,48.326],[11.7657,48.2979],[11.7393,48.2956],[11.731,48.2887],[11.7382,48.2762],[11.7593,48.2553],[11.7484,48.2373],[11.7555,48.221],[11.7971,48.2201],[11.8005,48.2125],[11.8273,48.2053],[11.8658,48.2076],[11.9062,48.1977],[11.9089,48.1875],[11.9244,48.1796],[11.9376,48.1657],[11.9576,48.1726],[11.9788,48.1696],[12.009,48.1719],[12.0199,48.1555],[12.043,48.1416],[12.0494,48.1562],[12.0622,48.1648],[12.0989,48.1696],[12.111,48.1858],[12.1257,48.1828],[12.1585,48.2007],[12.1706,48.2],[12.1854,48.2155],[12.1982,48.2171],[12.2061,48.2039],[12.2273,48.2053],[12.2201,48.2419],[12.2337,48.2498],[12.222,48.2623],[12.2265,48.2755],[12.2511,48.288],[12.2549,48.3088],[12.2503,48.3223],[12.2099,48.3612],[12.1963,48.3625],[12.1963,48.3813],[12.174,48.3961],[12.165,48.4202],[12.1374,48.4251],[12.0853,48.4242],[12.0724,48.4281],[12.0275,48.4163],[12.0173,48.4304]]]}},{"type":"Feature","properties":{"codes":["ERH","HÖS"],"name":"Erlangen-Höchstadt","state":"Bayern","districtType":"Landkreis"},"geometry":{"type":"Polygon","coordinates":[[[10.9269,49.7683],[10.9178,49.776],[10.928,49.7845],[10.8876,49.7736],[10.8786,49.7574],[10.8563,49.7581],[10.8287,49.7496],[10.8234,49.7403],[10.8049,49.738],[10.7838,49.7628],[10.7418,49.776],[10.7161,49.7799],[10.695,49.7746],[10.6757,49.7598],[10.7033,49.7331],[10.6856,49.7331],[10.6712,49.7222],[10.6244,49.7208],[10.6161,49.7083],[10.5923,49.7021],[10.5949,49.6896],[10.6134,49.678],[10.6663,49.6817],[10.7003,49.688],[10.7309,49.6856],[10.7675,49.6585],[10.783,49.6569],[10.7838,49.6342],[10.7618,49.6257],[10.7535,49.6094],[10.7554,49.5851],[10.7766,49.5861],[10.7958,49.5775],[10.7958,49.5673],[10.8189,49.5518],[10.8162,49.5353],[10.8593,49.5393],[10.8831,49.537],[10.8978,49.5471],[10.9326,49.5386],[10.9371,49.558],[10.9171,49.5634],[10.9261,49.5805],[10.9216,49.6352],[10.9288,49.6451],[10.9609,49.6233],[10.9839,49.6141],[11.0217,49.6164],[11.0444,49.6108],[11.0493,49.6],[11.0364,49.5884],[11.0372,49.5604],[11.03,49.5353],[11.0648,49.5254],[11.064,49.5113],[11.0757,49.5034],[11.1199,49.5129],[11.1271,49.4925],[11.149,49.4825],[11.1501,49.4716],[11.1784,49.474],[11.1675,49.4911],[11.1841,49.5027],[11.1796,49.5089],[11.1969,49.5425],[11.1951,49.5597],[11.2079,49.5673],[11.2343,49.5673],[11.2419,49.5736],[11.2695,49.5729],[11.2721,49.5877],[11.2876,49.593],[11.2804,49.6039],[11.2657,49.6071],[11.2536,49.5946],[11.2264,49.6078],[11.2087,49.5946],[11.1875,49.5891],[11.1225,49.5884],[11.1052,49.6],[11.0859,49.6025],[11.0602,49.6382],[11.0417,49.6273],[11.027,49.6358],[11.0493,49.6421],[11.0462,49.6623],[11.0327,49.6717],[11.0179,49.6717],[11.0096,49.6849],[10.9866,49.6817],[10.9326,49.7014],[10.948,49.7192],[10.9409,49.7301],[10.9205,49.738],[10.9345,49.7551],[10.9269,49.7683]]]}},{"type":"Feature","properties":{"codes":["ER"],"name":"Erlangen","state":"Bayern","districtType":"Kreisfreie Stadt"},"geometry":{"type":"Polygon","coordinates":[[[11.03,49.5353],[11.0372,49.5604],[11.0364,49.5884],[11.0493,49.6],[11.0444,49.6108],[11.0217,49.6164],[10.9839,49.6141],[10.9609,49.6233],[10.9288,49.6451],[10.9216,49.6352],[10.9261,49.5805],[10.9171,49.5634],[10.9371,49.558],[10.9326,49.5386],[10.9345,49.5346],[10.9692,49.533],[11.0013,49.5402],[11.03,49.5353]]]}},{"type":"Feature","properties":{"codes":["FFB"],"name":"Fürstenfeldbruck","state":"Bayern","districtType":"Landkreis"},"geometry":{"type":"Polygon","coordinates":[[[11.4032,48.203],[11.4032,48.2194],[11.3684,48.2373],[11.3371,48.2333],[11.3254,48.2271],[11.3106,48.2319],[11.294,48.2606],[11.2748,48.2646],[11.251,48.2623],[11.2483,48.2699],[11.2264,48.2817],[11.2015,48.2785],[11.1969,48.287],[11.1784,48.2956],[11.1528,48.2887],[11.1509,48.2732],[11.1161,48.2685],[11.0961,48.2606],[11.0878,48.2715],[11.0666,48.2778],[11.0591,48.2715],[11.0666,48.2553],[11.0576,48.2412],[11.0398,48.2356],[11.0428,48.2201],[11.0602,48.2099],[11.0557,48.1967],[11.0345,48.1928],[11.0251,48.1782],[10.993,48.1759],[11.0051,48.1571],[11.0281,48.1486],[11.0417,48.1486],[11.0685,48.0978],[11.0904,48.0879],[11.1071,48.0939],[11.1373,48.0978],[11.1426,48.1087],[11.1924,48.1011],[11.2022,48.1143],[11.2521,48.1354],[11.3042,48.1275],[11.3087,48.1166],[11.3446,48.1064],[11.3711,48.115],[11.385,48.112],[11.4005,48.1166],[11.4126,48.1275],[11.3877,48.1291],[11.3903,48.1462],[11.3639,48.1587],[11.3722,48.1782],[11.3922,48.1845],[11.3922,48.2007],[11.4032,48.203]]]}},{"type":"Feature","properties":{"codes":["FÜ"],"name":"Fürth","state":"Bayern","districtType":"Kreisfreie Stadt"},"geometry":{"type":"Polygon","coordinates":[[[10.9345,49.5346],[10.9337,49.5066],[10.9076,49.5066],[10.8933,49.4957],[10.9012,49.4895],[10.9069,49.4668],[10.9345,49.4591],[10.9684,49.4568],[10.9858,49.449],[10.9904,49.4364],[10.9949,49.449],[11.0077,49.4536],[11.0096,49.4645],[11.0262,49.474],[11.0141,49.4941],[11.0251,49.5073],[10.9994,49.5129],[10.9949,49.5353],[10.9877,49.537],[10.9692,49.533],[10.9345,49.5346]]]}},{"type":"Feature","properties":{"codes":["FÜ"],"name":"Fürth","state":"Bayern","districtType":"Landkreis"},"geometry":{"type":"Polygon","coordinates":[[[10.9326,49.5386],[10.8978,49.5471],[10.8831,49.537],[10.8593,49.5393],[10.8162,49.5353],[10.7875,49.5245],[10.7894,49.5096],[10.7581,49.5191],[10.7418,49.5145],[10.7407,49.5034],[10.7086,49.5034],[10.7003,49.4948],[10.681,49.4948],[10.6829,49.4825],[10.6976,49.4786],[10.6905,49.4443],[10.6976,49.4364],[10.7131,49.4327],[10.7335,49.4358],[10.7517,49.4193],[10.7418,49.4077],[10.7517,49.3992],[10.8215,49.3751],[10.8419,49.3633],[10.8676,49.3563],[10.928,49.357],[10.9518,49.3813],[10.993,49.3813],[11.0236,49.3945],[11.0243,49.4038],[10.9904,49.4364],[10.9858,49.449],[10.9684,49.4568],[10.9345,49.4591],[10.9069,49.4668],[10.9012,49.4895],[10.8933,49.4957],[10.9076,49.5066],[10.9337,49.5066],[10.9345,49.5346],[10.9326,49.5386]]]}},{"type":"Feature","properties":{"codes":["EBS","FO","PEG"],"name":"Forchheim","state":"Bayern","districtType":"Landkreis"},"geometry":{"type":"Polygon","coordinates":[[[11.3684,49.6671],[11.3631,49.6794],[11.3767,49.6889],[11.3775,49.7014],[11.3556,49.7044],[11.3639,49.741],[11.3813,49.7519],[11.3805,49.7776],[11.3567,49.7799],[11.3529,49.7868],[11.3684,49.801],[11.3594,49.8079],[11.3325,49.8112],[11.3144,49.8003],[11.2997,49.804],[11.2638,49.8438],[11.2702,49.86],[11.2612,49.8742],[11.2381,49.8702],[11.2272,49.8626],[11.2264,49.8353],[11.2087,49.8383],[11.1747,49.832],[11.1682,49.8454],[11.141,49.8445],[11.1263,49.8376],[11.1033,49.8343],[11.1006,49.8056],[11.0666,49.7947],[11.0493,49.7947],[11.0206,49.7845],[10.9885,49.7862],[10.9666,49.7706],[10.9345,49.7792],[10.9269,49.7683],[10.9345,49.7551],[10.9205,49.738],[10.9409,49.7301],[10.948,49.7192],[10.9326,49.7014],[10.9866,49.6817],[11.0096,49.6849],[11.0179,49.6717],[11.0327,49.6717],[11.0462,49.6623],[11.0493,49.6421],[11.027,49.6358],[11.0417,49.6273],[11.0602,49.6382],[11.0859,49.6025],[11.1052,49.6],[11.1225,49.5884],[11.1875,49.5891],[11.2087,49.5946],[11.2264,49.6078],[11.2536,49.5946],[11.2657,49.6071],[11.2804,49.6039],[11.2959,49.6266],[11.3163,49.6319],[11.3408,49.6523],[11.3408,49.6576],[11.3684,49.6671]]]}},{"type":"Feature","properties":{"codes":["FS"],"name":"Freising","state":"Bayern","districtType":"Landkreis"},"geometry":{"type":"Polygon","coordinates":[[[11.91,48.5853],[11.8813,48.5814],[11.8549,48.5853],[11.8292,48.5948],[11.799,48.6143],[11.7824,48.611],[11.7741,48.5995],[11.751,48.6009],[11.7072,48.6166],[11.6978,48.611],[11.7042,48.5837],[11.6759,48.5745],[11.6611,48.5582],[11.6573,48.5372],[11.6657,48.5191],[11.6604,48.499],[11.6464,48.4983],[11.6366,48.4772],[11.6218,48.4631],[11.606,48.4654],[11.5705,48.4897],[11.532,48.4686],[11.5354,48.46],[11.5089,48.442],[11.4934,48.4406],[11.5006,48.4156],[11.527,48.3908],[11.5108,48.3908],[11.5044,48.376],[11.5244,48.3625],[11.5153,48.351],[11.5731,48.3361],[11.5731,48.3097],[11.5788,48.2996],[11.5931,48.2847],[11.6154,48.2699],[11.6438,48.2732],[11.6989,48.2699],[11.7034,48.2762],[11.7382,48.2762],[11.731,48.2887],[11.7393,48.2956],[11.7657,48.2979],[11.765,48.326],[11.7812,48.3579],[11.8088,48.3806],[11.808,48.3892],[11.8428,48.3978],[11.8402,48.4116],[11.8768,48.4133],[11.8877,48.4211],[11.9198,48.4274],[11.9346,48.4413],[11.9603,48.4545],[11.9961,48.4311],[12.0173,48.4304],[12.0018,48.4663],[12.0082,48.4966],[11.9731,48.492],[11.9648,48.523],[11.9633,48.5728],[11.9402,48.5752],[11.91,48.5853]]]}},{"type":"Feature","properties":{"codes":["FRG","GRA","WOS"],"name":"Freyung-Grafenau","state":"Bayern","districtType":"Landkreis"},"geometry":{"type":"Polygon","coordinates":[[[13.4166,48.9802],[13.3717,48.9832],[13.3645,48.9716],[13.3313,48.9466],[13.3101,48.9489],[13.2837,48.9584],[13.2818,48.939],[13.2965,48.9272],[13.281,48.9117],[13.2856,48.9031],[13.2856,48.8781],[13.2716,48.8727],[13.2504,48.8767],[13.2497,48.8635],[13.2214,48.8572],[13.1957,48.8626],[13.2074,48.8424],[13.1972,48.8362],[13.1874,48.8183],[13.2085,48.822],[13.2138,48.8144],[13.235,48.8121],[13.2459,48.8035],[13.2387,48.7887],[13.2248,48.7847],[13.2259,48.7722],[13.2553,48.763],[13.2486,48.7488],[13.2587,48.7412],[13.2973,48.731],[13.3222,48.7442],[13.346,48.7363],[13.3543,48.756],[13.3838,48.7535],[13.3902,48.7607],[13.4121,48.7544],[13.423,48.7567],[13.4468,48.7194],[13.4627,48.7139],[13.4982,48.7287],[13.5186,48.7264],[13.5314,48.7132],[13.5496,48.7106],[13.5533,48.7007],[13.59,48.6835],[13.6123,48.6826],[13.6406,48.6912],[13.667,48.6835],[13.6882,48.6905],[13.7305,48.6889],[13.7214,48.7083],[13.7709,48.7241],[13.7958,48.7139],[13.8196,48.7326],[13.8223,48.7567],[13.8396,48.766],[13.8132,48.7739],[13.8038,48.7808],[13.8151,48.7956],[13.7883,48.826],[13.769,48.8315],[13.7497,48.8579],[13.7505,48.8672],[13.7297,48.8866],[13.7214,48.879],[13.7048,48.8813],[13.6735,48.879],[13.6701,48.8906],[13.6553,48.8938],[13.6379,48.9258],[13.6221,48.939],[13.6047,48.942],[13.59,48.9538],[13.5802,48.9709],[13.5481,48.967],[13.5296,48.974],[13.5058,48.9608],[13.5084,48.942],[13.4956,48.9413],[13.4578,48.9631],[13.4449,48.9654],[13.4166,48.9802]]]}},{"type":"Feature","properties":{"codes":["GZ","KRU"],"name":"Günzburg","state":"Bayern","districtType":"Landkreis"},"geometry":{"type":"Polygon","coordinates":[[[10.5281,48.4716],[10.491,48.4779],[10.4748,48.4881],[10.4635,48.4795],[10.4453,48.4841],[10.4287,48.4802],[10.4223,48.5161],[10.4087,48.5223],[10.3913,48.5105],[10.3894,48.4934],[10.3728,48.4957],[10.3351,48.4865],[10.3241,48.4795],[10.2965,48.4927],[10.2784,48.5161],[10.2644,48.52],[10.2304,48.5105],[10.238,48.5006],[10.2354,48.4888],[10.2176,48.4888],[10.1847,48.4763],[10.1719,48.4577],[10.1341,48.4545],[10.15,48.4436],[10.1791,48.4459],[10.1821,48.4274],[10.1674,48.4202],[10.1655,48.3892],[10.1847,48.3883],[10.1836,48.3737],[10.2278,48.3579],[10.2342,48.3456],[10.2573,48.3493],[10.2727,48.3345],[10.2784,48.3035],[10.2984,48.3012],[10.2894,48.2857],[10.3022,48.2692],[10.2875,48.2662],[10.2848,48.2435],[10.272,48.2296],[10.2931,48.2241],[10.3011,48.2148],[10.2946,48.1868],[10.3369,48.1796],[10.3517,48.1733],[10.3573,48.1618],[10.3883,48.1726],[10.4197,48.1937],[10.4351,48.1905],[10.4427,48.2076],[10.4703,48.2076],[10.4793,48.2171],[10.5012,48.2185],[10.5186,48.2248],[10.5454,48.203],[10.5738,48.2125],[10.5617,48.2194],[10.5571,48.2349],[10.5821,48.2715],[10.5976,48.2771],[10.5821,48.2956],[10.5866,48.3081],[10.5564,48.3213],[10.5473,48.3121],[10.5141,48.3144],[10.4975,48.3206],[10.5012,48.3322],[10.5186,48.348],[10.5198,48.3688],[10.5133,48.3744],[10.5443,48.4047],[10.5058,48.411],[10.5296,48.4251],[10.5417,48.4258],[10.5281,48.4716]]]}},{"type":"Feature","properties":{"codes":["GAP"],"name":"Garmisch-Partenkirchen","state":"Bayern","districtType":"Landkreis"},"geometry":{"type":"Polygon","coordinates":[[[11.3439,47.6937],[11.3208,47.7046],[11.2895,47.7148],[11.2136,47.725],[11.2007,47.7326],[11.1803,47.7155],[11.1399,47.7359],[11.1225,47.7366],[11.1033,47.7264],[11.0942,47.7326],[11.0648,47.728],[11.0444,47.7164],[11.0417,47.7078],[10.9786,47.7141],[10.9647,47.6976],[10.9832,47.6828],[10.9896,47.6564],[10.9666,47.6446],[10.9628,47.6212],[10.9416,47.6096],[10.9409,47.5955],[10.9076,47.58],[10.8903,47.58],[10.8729,47.5724],[10.8793,47.5427],[10.9042,47.5177],[10.8786,47.5038],[10.8691,47.4843],[10.8869,47.4795],[10.905,47.485],[10.9352,47.4827],[10.928,47.4718],[10.9575,47.4524],[10.9839,47.4297],[10.9711,47.4174],[10.9711,47.3994],[11.0077,47.3947],[11.0243,47.397],[11.1025,47.3947],[11.1218,47.3977],[11.1263,47.4112],[11.1554,47.4211],[11.2207,47.4306],[11.2536,47.4283],[11.2328,47.4112],[11.2226,47.397],[11.274,47.3977],[11.2906,47.4072],[11.2906,47.4258],[11.3133,47.4306],[11.3382,47.4501],[11.3711,47.4454],[11.376,47.4491],[11.4069,47.4461],[11.416,47.4515],[11.4069,47.4672],[11.3839,47.4725],[11.3915,47.482],[11.4096,47.4952],[11.3839,47.5006],[11.3775,47.5114],[11.3639,47.5131],[11.3216,47.5381],[11.3114,47.5529],[11.2906,47.5529],[11.2951,47.5691],[11.263,47.5879],[11.2793,47.6152],[11.274,47.6337],[11.2729,47.6509],[11.2831,47.665],[11.3042,47.6641],[11.3189,47.6743],[11.3465,47.6766],[11.3439,47.6937]]]}},{"type":"Feature","properties":{"codes":["EBN","GEO","HAS","HOH"],"name":"Haßberge","state":"Bayern","districtType":"Landkreis"},"geometry":{"type":"Polygon","coordinates":[[[10.6104,50.2278],[10.5911,50.2199],[10.5866,50.209],[10.559,50.2067],[10.5462,50.2246],[10.5326,50.2324],[10.5024,50.2246],[10.4986,50.2121],[10.4737,50.209],[10.451,50.1965],[10.4378,50.1857],[10.4242,50.1569],[10.4004,50.1412],[10.4068,50.1203],[10.38,50.093],[10.4042,50.0861],[10.4299,50.0835],[10.3993,50.0479],[10.3555,50.0347],[10.3203,50.0298],[10.3317,50.0205],[10.3921,50.0143],[10.3978,50.0073],[10.394,49.9932],[10.4446,49.9786],[10.4446,49.9592],[10.4635,49.9543],[10.4793,49.9395],[10.5141,49.9318],[10.5103,49.9084],[10.4941,49.8834],[10.505,49.8765],[10.5424,49.8765],[10.5571,49.8702],[10.5756,49.8742],[10.5866,49.8617],[10.6123,49.8577],[10.6289,49.864],[10.6315,49.8735],[10.6693,49.8867],[10.7022,49.9038],[10.6939,49.9163],[10.7124,49.9216],[10.7169,49.9325],[10.7362,49.9388],[10.7426,49.948],[10.7245,49.9592],[10.7547,49.9622],[10.7509,49.9925],[10.7645,50.0004],[10.7758,50.0432],[10.7921,50.0469],[10.806,50.0377],[10.8242,50.04],[10.837,50.0509],[10.8363,50.0726],[10.8593,50.0736],[10.86,50.1155],[10.8793,50.1428],[10.8582,50.153],[10.8355,50.1474],[10.7951,50.1444],[10.7766,50.1498],[10.7739,50.1725],[10.7811,50.1764],[10.7804,50.1942],[10.7535,50.213],[10.7547,50.2239],[10.729,50.2301],[10.7316,50.213],[10.7245,50.2058],[10.6958,50.2121],[10.6856,50.2253],[10.6123,50.2239],[10.6104,50.2278]]]}},{"type":"Feature","properties":{"codes":["HO","MÜB","NAI","REH","SAN"],"name":"Hof","state":"Bayern","districtType":"Kreisfreie Stadt"},"geometry":{"type":"Polygon","coordinates":[[[11.9576,50.3096],[11.9712,50.3165],[11.9686,50.329],[11.9512,50.3452],[11.9319,50.3438],[11.9191,50.3522],[11.873,50.3399],[11.8779,50.3258],[11.8356,50.3149],[11.8099,50.3156],[11.808,50.3086],[11.8632,50.2852],[11.8696,50.2753],[11.8896,50.269],[11.9127,50.2697],[11.9357,50.2845],[11.9383,50.3024],[11.9576,50.3096]]]}},{"type":"Feature","properties":{"codes":["HO","MÜB","NAI","REH","SAN"],"name":"Hof","state":"Bayern","districtType":"Landkreis"},"geometry":{"type":"Polygon","coordinates":[[[12.1008,50.3181],[12.0879,50.3327],[12.0585,50.3274],[12.032,50.3297],[12.0116,50.3461],[11.9924,50.3531],[11.9788,50.3695],[11.9833,50.3857],[11.9648,50.3999],[11.9191,50.4247],[11.9062,50.417],[11.8806,50.4138],[11.8677,50.4013],[11.8503,50.4013],[11.819,50.3913],[11.8182,50.4006],[11.7926,50.4184],[11.7593,50.4154],[11.7382,50.4091],[11.7265,50.3999],[11.7072,50.4036],[11.6951,50.3959],[11.6475,50.392],[11.6245,50.3864],[11.6033,50.399],[11.5996,50.3834],[11.5803,50.3857],[11.5758,50.3624],[11.5527,50.3633],[11.5391,50.3538],[11.5391,50.339],[11.5282,50.329],[11.5584,50.3056],[11.5648,50.2892],[11.5365,50.2753],[11.541,50.2651],[11.5814,50.2542],[11.6045,50.2681],[11.6116,50.2338],[11.6218,50.2269],[11.6449,50.2315],[11.6573,50.2285],[11.6547,50.2035],[11.6713,50.2035],[11.674,50.1787],[11.6592,50.1764],[11.6528,50.1616],[11.6849,50.1623],[11.6732,50.1461],[11.6475,50.1389],[11.6419,50.1287],[11.6528,50.1155],[11.6777,50.125],[11.7291,50.124],[11.751,50.1194],[11.7759,50.1264],[11.7888,50.1032],[11.8126,50.1046],[11.8345,50.1171],[11.8485,50.1194],[11.9006,50.156],[11.9376,50.1741],[11.941,50.1896],[11.9327,50.1982],[11.964,50.2028],[11.9833,50.1896],[11.9961,50.1715],[12.032,50.184],[12.0449,50.1942],[12.0494,50.209],[12.077,50.2206],[12.1291,50.2121],[12.1604,50.2199],[12.1533,50.2292],[12.1091,50.2378],[12.1008,50.2628],[12.14,50.2776],[12.1219,50.2924],[12.1264,50.3063],[12.1008,50.3181]],[[11.9576,50.3096],[11.9383,50.3024],[11.9357,50.2845],[11.9127,50.2697],[11.8896,50.269],[11.8696,50.2753],[11.8632,50.2852],[11.808,50.3086],[11.8099,50.3156],[11.8356,50.3149],[11.8779,50.3258],[11.873,50.3399],[11.9191,50.3522],[11.9319,50.3438],[11.9512,50.3452],[11.9686,50.329],[11.9712,50.3165],[11.9576,50.3096]]]}},{"type":"Feature","properties":{"codes":["IN"],"name":"Ingolstadt","state":"Bayern","districtType":"Kreisfreie Stadt"},"geometry":{"type":"Polygon","coordinates":[[[11.2555,48.7792],[11.2695,48.7644],[11.3004,48.7505],[11.3254,48.7224],[11.3548,48.7303],[11.3537,48.7185],[11.3684,48.7053],[11.3767,48.6889],[11.4326,48.6991],[11.4326,48.7116],[11.4538,48.7271],[11.487,48.7271],[11.4897,48.7449],[11.5033,48.7607],[11.4934,48.7878],[11.4538,48.7949],[11.4209,48.8121],[11.3941,48.8206],[11.3888,48.8121],[11.3915,48.7917],[11.3824,48.7801],[11.3575,48.7801],[11.3227,48.7864],[11.3053,48.7817],[11.2612,48.7894],[11.2555,48.7792]]]}},{"type":"Feature","properties":{"codes":["KF"],"name":"Kaufbeuren","state":"Bayern","districtType":"Kreisfreie Stadt"},"geometry":{"type":"Polygon","coordinates":[[[10.6051,47.8542],[10.6444,47.8503],[10.6591,47.8658],[10.6535,47.8704],[10.6565,47.897],[10.6501,47.9165],[10.6278,47.9218],[10.573,47.8869],[10.5519,47.8829],[10.5719,47.872],[10.5847,47.8526],[10.6051,47.8542]]]}},{"type":"Feature","properties":{"codes":["KEH","MAI","PAR","RID","ROL"],"name":"Kelheim","state":"Bayern","districtType":"Landkreis"},"geometry":{"type":"Polygon","coordinates":[[[12.097,48.7722],[12.1,48.7949],[12.1091,48.8035],[12.1008,48.8392],[12.1064,48.8579],[12.1227,48.8649],[12.1329,48.8804],[12.1091,48.8961],[12.1091,48.9054],[12.0796,48.9047],[12.0853,48.9202],[12.0687,48.9429],[12.0146,48.9538],[11.9859,48.9522],[11.9807,48.9647],[11.9659,48.9647],[11.9595,48.9538],[11.9274,48.9459],[11.9293,48.9654],[11.918,48.9818],[11.8972,49.0004],[11.8575,49.0214],[11.8254,49.0207],[11.7926,49.0075],[11.7843,48.9888],[11.7657,48.9865],[11.7291,48.999],[11.7155,49.0112],[11.6887,49.0214],[11.6804,49.0152],[11.6592,49.0161],[11.6464,49.0043],[11.6162,49.0089],[11.6116,48.9802],[11.5962,48.9568],[11.5996,48.9513],[11.6317,48.9429],[11.6347,48.9327],[11.6539,48.935],[11.6668,48.9249],[11.6861,48.9304],[11.7023,48.9186],[11.7155,48.9195],[11.717,48.8968],[11.7393,48.8899],[11.7438,48.8744],[11.7227,48.8695],[11.72,48.8369],[11.7023,48.8299],[11.7023,48.8206],[11.7265,48.8105],[11.7363,48.7901],[11.7189,48.7824],[11.697,48.7864],[11.7023,48.7683],[11.7155,48.756],[11.6657,48.7482],[11.6558,48.7442],[11.6573,48.7294],[11.6687,48.7241],[11.6558,48.6991],[11.6751,48.6882],[11.6951,48.6835],[11.6898,48.6632],[11.7125,48.6476],[11.6944,48.618],[11.7072,48.6166],[11.751,48.6009],[11.7741,48.5995],[11.7824,48.611],[11.799,48.6143],[11.8292,48.5948],[11.8549,48.5853],[11.8813,48.5814],[11.91,48.5853],[11.8972,48.6025],[11.8908,48.643],[11.8787,48.6595],[11.8979,48.6789],[11.887,48.6889],[11.8908,48.6997],[11.9081,48.7023],[11.9467,48.7271],[11.9712,48.731],[11.9878,48.7419],[11.9916,48.7521],[12.052,48.7574],[12.0834,48.7521],[12.097,48.7722]]]}},{"type":"Feature","properties":{"codes":["KE"],"name":"Kempten (Allgäu)","state":"Bayern","districtType":"Kreisfreie Stadt"},"geometry":{"type":"Polygon","coordinates":[[[10.2369,47.7701],[10.2433,47.7544],[10.2618,47.7507],[10.261,47.7201],[10.2508,47.7141],[10.2803,47.7],[10.3196,47.6953],[10.3434,47.7132],[10.3672,47.7171],[10.3626,47.7366],[10.3785,47.7553],[10.3702,47.763],[10.349,47.7685],[10.3086,47.7685],[10.2946,47.7771],[10.2709,47.7708],[10.2369,47.7701]]]}},{"type":"Feature","properties":{"codes":["KT"],"name":"Kitzingen","state":"Bayern","districtType":"Landkreis"},"geometry":{"type":"Polygon","coordinates":[[[10.4491,49.8221],[10.428,49.8234],[10.3947,49.8329],[10.3913,49.8649],[10.3766,49.8672],[10.3638,49.8593],[10.3388,49.8663],[10.3196,49.8547],[10.2931,49.8695],[10.2901,49.8913],[10.2803,49.892],[10.2489,49.8811],[10.2354,49.892],[10.2259,49.9163],[10.2066,49.9084],[10.2032,49.8929],[10.1893,49.892],[10.1628,49.8781],[10.1662,49.8695],[10.1609,49.8461],[10.1288,49.8491],[10.1096,49.8359],[10.0865,49.8376],[10.0673,49.8274],[10.0563,49.8003],[10.0616,49.7845],[10.0544,49.769],[10.0616,49.7581],[10.0435,49.7479],[10.0507,49.7294],[10.0661,49.7199],[10.0956,49.7153],[10.1032,49.7021],[10.1277,49.6866],[10.1334,49.6685],[10.0918,49.6599],[10.082,49.6477],[10.0847,49.6328],[10.1288,49.6125],[10.1451,49.6125],[10.1564,49.5962],[10.1719,49.5953],[10.2002,49.6032],[10.2002,49.6257],[10.2112,49.6312],[10.2701,49.625],[10.2829,49.6187],[10.3011,49.6273],[10.3498,49.6226],[10.3657,49.6319],[10.3864,49.6352],[10.38,49.6491],[10.3626,49.6662],[10.3619,49.6771],[10.3728,49.6903],[10.3555,49.6951],[10.3517,49.7037],[10.3702,49.7113],[10.3766,49.7232],[10.4351,49.7466],[10.4635,49.741],[10.491,49.7426],[10.505,49.7519],[10.5519,49.7558],[10.5537,49.7697],[10.539,49.7713],[10.5352,49.7924],[10.516,49.8033],[10.491,49.7868],[10.4665,49.7917],[10.4827,49.8056],[10.4608,49.8089],[10.4491,49.8221]]]}},{"type":"Feature","properties":{"codes":["KC","SAN"],"name":"Kronach","state":"Bayern","districtType":"Landkreis"},"geometry":{"type":"Polygon","coordinates":[[[11.4813,50.4316],[11.4511,50.4309],[11.4228,50.4418],[11.419,50.4543],[11.4217,50.4932],[11.4409,50.4995],[11.4254,50.5159],[11.3888,50.5159],[11.3696,50.5229],[11.3439,50.5205],[11.3254,50.5103],[11.3208,50.4893],[11.2857,50.4853],[11.2657,50.4793],[11.2472,50.4784],[11.2464,50.4684],[11.2638,50.4418],[11.2695,50.4193],[11.2585,50.3999],[11.2778,50.3788],[11.2842,50.36],[11.2664,50.3522],[11.2566,50.3228],[11.2702,50.3072],[11.2536,50.2977],[11.26,50.2753],[11.251,50.2681],[11.2245,50.2776],[11.1977,50.2915],[11.1894,50.2713],[11.2015,50.2565],[11.1796,50.2486],[11.1932,50.2417],[11.1815,50.2253],[11.1803,50.2097],[11.1977,50.2021],[11.2298,50.2028],[11.2279,50.1833],[11.2491,50.184],[11.2555,50.1708],[11.2812,50.1606],[11.3004,50.1639],[11.342,50.1599],[11.3594,50.1655],[11.3646,50.1863],[11.3767,50.1926],[11.3952,50.1764],[11.4345,50.1833],[11.4153,50.2012],[11.4326,50.2153],[11.4757,50.2331],[11.4859,50.2496],[11.5134,50.2549],[11.541,50.2651],[11.5365,50.2753],[11.5648,50.2892],[11.5584,50.3056],[11.5282,50.329],[11.5391,50.339],[11.5391,50.3538],[11.5527,50.3633],[11.5758,50.3624],[11.5803,50.3857],[11.5996,50.3834],[11.6033,50.399],[11.5943,50.4029],[11.5705,50.399],[11.5622,50.3851],[11.5206,50.3811],[11.5191,50.3959],[11.4787,50.4013],[11.4878,50.4138],[11.4813,50.4316]]]}},{"type":"Feature","properties":{"codes":["EBS","KU","SAN"],"name":"Kulmbach","state":"Bayern","districtType":"Landkreis"},"geometry":{"type":"Polygon","coordinates":[[[11.6777,50.125],[11.6528,50.1155],[11.6419,50.1287],[11.6475,50.1389],[11.6732,50.1461],[11.6849,50.1623],[11.6528,50.1616],[11.6592,50.1764],[11.674,50.1787],[11.6713,50.2035],[11.6547,50.2035],[11.6573,50.2285],[11.6449,50.2315],[11.6218,50.2269],[11.6116,50.2338],[11.6045,50.2681],[11.5814,50.2542],[11.541,50.2651],[11.5134,50.2549],[11.4859,50.2496],[11.4757,50.2331],[11.4326,50.2153],[11.4153,50.2012],[11.4345,50.1833],[11.3952,50.1764],[11.3767,50.1926],[11.3646,50.1863],[11.3594,50.1655],[11.342,50.1599],[11.3439,50.1326],[11.3299,50.1164],[11.3069,50.1069],[11.3178,50.0875],[11.3004,50.0835],[11.3042,50.0393],[11.2831,50.0238],[11.2521,50.0152],[11.2566,50.0004],[11.2849,49.9879],[11.2812,49.9747],[11.2989,49.9638],[11.3171,49.9638],[11.3646,49.9381],[11.3869,49.9418],[11.3941,49.9582],[11.4209,49.9598],[11.4153,49.9754],[11.419,49.9895],[11.4421,49.9909],[11.4474,49.9793],[11.4677,49.9839],[11.4768,49.9955],[11.5051,49.9941],[11.5384,49.9995],[11.561,50.0103],[11.5777,50.008],[11.6026,50.0175],[11.6026,50.0307],[11.6483,50.0423],[11.6381,50.058],[11.6411,50.0726],[11.683,50.0875],[11.6766,50.0937],[11.6777,50.125]]]}},{"type":"Feature","properties":{"codes":["LL"],"name":"Landsberg am Lech","state":"Bayern","districtType":"Landkreis"},"geometry":{"type":"Polygon","coordinates":[[[11.0345,48.1928],[10.982,48.2099],[10.9609,48.199],[10.9454,48.2053],[10.9473,48.2194],[10.928,48.2349],[10.9031,48.2366],[10.8903,48.1914],[10.8774,48.1828],[10.86,48.1571],[10.8434,48.1469],[10.8143,48.1525],[10.7856,48.1502],[10.8015,48.1041],[10.8162,48.1018],[10.7966,48.08],[10.76,48.0464],[10.76,48.0348],[10.794,48.0402],[10.8113,48.0302],[10.8113,48.0036],[10.8261,47.9913],[10.7875,47.9376],[10.7728,47.9297],[10.783,47.9218],[10.7856,47.9033],[10.7709,47.8876],[10.7838,47.8743],[10.7694,47.8658],[10.7675,47.844],[10.7804,47.8424],[10.794,47.8542],[10.8317,47.8526],[10.874,47.8713],[10.8948,47.8697],[10.8978,47.8618],[10.9171,47.8581],[10.9235,47.8737],[10.9428,47.879],[10.9556,47.8644],[10.982,47.869],[10.9737,47.8799],[11.0013,47.904],[11.0225,47.9063],[11.0353,47.8984],[11.0655,47.8984],[11.084,47.9063],[11.075,47.9204],[11.1188,47.9274],[11.129,47.9383],[11.149,47.9399],[11.149,47.9732],[11.1701,47.9904],[11.1603,48.0045],[11.1418,48.0052],[11.1354,48.0147],[11.1297,48.0434],[11.1392,48.0652],[11.1346,48.0816],[11.1373,48.0978],[11.1071,48.0939],[11.0904,48.0879],[11.0685,48.0978],[11.0417,48.1486],[11.0281,48.1486],[11.0051,48.1571],[10.993,48.1759],[11.0251,48.1782],[11.0345,48.1928]]]}},{"type":"Feature","properties":{"codes":["LA","MAI","MAL","ROL","VIB"],"name":"Landshut","state":"Bayern","districtType":"Kreisfreie Stadt"},"geometry":{"type":"Polygon","coordinates":[[[12.1495,48.5122],[12.1804,48.5177],[12.1944,48.5316],[12.2118,48.5339],[12.2669,48.5807],[12.2715,48.5955],[12.2447,48.5923],[12.2209,48.583],[12.2175,48.5761],[12.1869,48.5643],[12.1676,48.5494],[12.1393,48.5659],[12.1053,48.5464],[12.063,48.5349],[12.0282,48.5145],[12.0577,48.5105],[12.086,48.5168],[12.1128,48.5184],[12.1495,48.5122]]]}},{"type":"Feature","properties":{"codes":["LA","MAI","MAL","ROL","VIB"],"name":"Landshut","state":"Bayern","districtType":"Landkreis"},"geometry":{"type":"Polygon","coordinates":[[[12.1355,48.766],[12.097,48.7722],[12.0834,48.7521],[12.052,48.7574],[11.9916,48.7521],[11.9878,48.7419],[11.9712,48.731],[11.9467,48.7271],[11.9081,48.7023],[11.8908,48.6997],[11.887,48.6889],[11.8979,48.6789],[11.8787,48.6595],[11.8908,48.643],[11.8972,48.6025],[11.91,48.5853],[11.9402,48.5752],[11.9633,48.5728],[11.9648,48.523],[11.9731,48.492],[12.0082,48.4966],[12.0018,48.4663],[12.0173,48.4304],[12.0275,48.4163],[12.0724,48.4281],[12.0853,48.4242],[12.1374,48.4251],[12.165,48.4202],[12.174,48.3961],[12.1963,48.3813],[12.1963,48.3625],[12.2099,48.3612],[12.2503,48.3223],[12.2658,48.3292],[12.3028,48.3299],[12.3036,48.3167],[12.3236,48.3199],[12.33,48.3408],[12.3557,48.3299],[12.3621,48.3456],[12.3806,48.3487],[12.3878,48.3588],[12.4135,48.3612],[12.4267,48.3859],[12.4422,48.3994],[12.4422,48.4116],[12.4686,48.4172],[12.4834,48.4297],[12.4815,48.4545],[12.4716,48.4871],[12.4943,48.4934],[12.5083,48.5029],[12.4834,48.5339],[12.5071,48.5448],[12.4954,48.555],[12.4539,48.5596],[12.4282,48.5471],[12.398,48.5418],[12.3972,48.5566],[12.3716,48.5698],[12.3485,48.5714],[12.3557,48.5846],[12.3542,48.5978],[12.3716,48.6041],[12.3549,48.6266],[12.3742,48.6344],[12.3704,48.6423],[12.3942,48.646],[12.3889,48.6757],[12.3447,48.6944],[12.3459,48.7023],[12.3293,48.7218],[12.3074,48.7255],[12.3009,48.7465],[12.2696,48.7356],[12.2639,48.7231],[12.2265,48.7264],[12.2227,48.7356],[12.1982,48.7449],[12.1687,48.7498],[12.165,48.7583],[12.1355,48.766]],[[12.1495,48.5122],[12.1128,48.5184],[12.086,48.5168],[12.0577,48.5105],[12.0282,48.5145],[12.063,48.5349],[12.1053,48.5464],[12.1393,48.5659],[12.1676,48.5494],[12.1869,48.5643],[12.2175,48.5761],[12.2209,48.583],[12.2447,48.5923],[12.2715,48.5955],[12.2669,48.5807],[12.2118,48.5339],[12.1944,48.5316],[12.1804,48.5177],[12.1495,48.5122]]]}},{"type":"Feature","properties":{"codes":["LIF","STE"],"name":"Lichtenfels","state":"Bayern","districtType":"Landkreis"},"geometry":{"type":"Polygon","coordinates":[[[11.1977,50.2021],[11.1796,50.185],[11.1373,50.1926],[11.1025,50.2107],[11.0897,50.2058],[11.061,50.2081],[11.0345,50.2183],[10.9987,50.2153],[10.9877,50.2051],[11.0043,50.1958],[11.0077,50.1771],[10.953,50.1708],[10.948,50.1553],[10.9235,50.1507],[10.9224,50.1428],[10.948,50.1227],[10.9352,50.1132],[10.9205,50.1194],[10.8876,50.1092],[10.885,50.093],[10.8884,50.0743],[10.8755,50.0712],[10.8948,50.0525],[10.9269,50.0377],[10.9511,50.0485],[10.9658,50.0393],[10.9802,50.0409],[10.9941,50.0298],[11.0005,50.0159],[11.0217,50.0291],[11.0462,50.0245],[11.07,50.0347],[11.0961,50.0384],[11.1271,50.0485],[11.1437,50.0439],[11.1796,50.058],[11.1939,50.0525],[11.186,50.0409],[11.1565,50.0314],[11.1475,50.0212],[11.1905,50.008],[11.2162,50.0152],[11.2207,50.0043],[11.2464,49.9895],[11.2566,50.0004],[11.2521,50.0152],[11.2831,50.0238],[11.3042,50.0393],[11.3004,50.0835],[11.3178,50.0875],[11.3069,50.1069],[11.3299,50.1164],[11.3439,50.1326],[11.342,50.1599],[11.3004,50.1639],[11.2812,50.1606],[11.2555,50.1708],[11.2491,50.184],[11.2279,50.1833],[11.2298,50.2028],[11.1977,50.2021]]]}},{"type":"Feature","properties":{"codes":["LI"],"name":"Lindau (Bodensee)","state":"Bayern","districtType":"Landkreis"},"geometry":{"type":"Polygon","coordinates":[[[10.0775,47.6393],[10.0756,47.6587],[10.059,47.6805],[10.0288,47.6766],[10.0288,47.6868],[10.0019,47.6821],[9.9763,47.6657],[9.971,47.6532],[9.8883,47.665],[9.8792,47.6743],[9.8618,47.6775],[9.8305,47.6719],[9.8297,47.6587],[9.8139,47.6492],[9.801,47.6509],[9.7957,47.636],[9.7783,47.6284],[9.7478,47.6034],[9.7266,47.6066],[9.7092,47.6027],[9.6919,47.6103],[9.6579,47.612],[9.6416,47.6034],[9.6424,47.5941],[9.6269,47.5925],[9.6193,47.5832],[9.602,47.5846],[9.6065,47.573],[9.6288,47.5707],[9.6533,47.5566],[9.6783,47.5575],[9.6919,47.5497],[9.713,47.5506],[9.7315,47.5341],[9.7296,47.5341],[9.7315,47.5341],[9.7349,47.5466],[9.747,47.5552],[9.7561,47.58],[9.7765,47.5948],[9.804,47.5955],[9.8248,47.5856],[9.8203,47.5707],[9.8259,47.5589],[9.8157,47.5473],[9.8497,47.5418],[9.8599,47.5332],[9.8754,47.5443],[9.8992,47.545],[9.9222,47.5295],[9.9415,47.5381],[9.9562,47.5348],[9.9679,47.5466],[9.9627,47.5598],[9.9876,47.5684],[10.0004,47.5652],[10.0178,47.5816],[10.0359,47.5737],[10.0616,47.5816],[10.0597,47.5988],[10.0756,47.6182],[10.0775,47.6393]]]}},{"type":"Feature","properties":{"codes":["MÜ","WS"],"name":"Mühldorf am Inn","state":"Bayern","districtType":"Landkreis"},"geometry":{"type":"Polygon","coordinates":[[[12.6072,48.3533],[12.6035,48.3697],[12.5918,48.3869],[12.5789,48.3869],[12.5661,48.404],[12.543,48.4001],[12.5192,48.4211],[12.4834,48.4297],[12.4686,48.4172],[12.4422,48.4116],[12.4422,48.3994],[12.4267,48.3859],[12.4135,48.3612],[12.3878,48.3588],[12.3806,48.3487],[12.3621,48.3456],[12.3557,48.3299],[12.33,48.3408],[12.3236,48.3199],[12.3036,48.3167],[12.3028,48.3299],[12.2658,48.3292],[12.2503,48.3223],[12.2549,48.3088],[12.2511,48.288],[12.2265,48.2755],[12.222,48.2623],[12.2337,48.2498],[12.2201,48.2419],[12.2273,48.2053],[12.2061,48.2039],[12.1982,48.2171],[12.1854,48.2155],[12.1706,48.2],[12.1585,48.2007],[12.1257,48.1828],[12.111,48.1858],[12.0989,48.1696],[12.0622,48.1648],[12.0494,48.1562],[12.043,48.1416],[12.0494,48.1291],[12.086,48.1222],[12.0962,48.1252],[12.1355,48.1228],[12.1449,48.112],[12.1347,48.0978],[12.1457,48.0853],[12.1623,48.083],[12.1835,48.0925],[12.177,48.1034],[12.2099,48.1291],[12.2099,48.143],[12.2447,48.1268],[12.2613,48.1259],[12.2703,48.115],[12.2836,48.1166],[12.2926,48.1057],[12.3081,48.1096],[12.3293,48.1064],[12.3504,48.1259],[12.3716,48.1282],[12.3878,48.1173],[12.4037,48.1182],[12.4237,48.1314],[12.4411,48.111],[12.4603,48.1182],[12.4954,48.1453],[12.4988,48.1539],[12.5294,48.1525],[12.5559,48.1641],[12.5661,48.1587],[12.5861,48.1805],[12.5778,48.203],[12.5816,48.2234],[12.6008,48.2303],[12.5853,48.2389],[12.5649,48.2419],[12.5661,48.26],[12.5763,48.2676],[12.5989,48.2685],[12.5989,48.2833],[12.5634,48.3088],[12.5751,48.3167],[12.5706,48.3401],[12.5989,48.3378],[12.6072,48.3533]]]}},{"type":"Feature","properties":{"codes":["AIB","M","MU","MUC","WOR"],"name":"München","state":"Bayern","districtType":"Kreisfreie Stadt"},"geometry":{"type":"Polygon","coordinates":[[[11.4126,48.1275],[11.4273,48.1367],[11.4647,48.1291],[11.4628,48.105],[11.4711,48.0988],[11.4711,48.083],[11.5033,48.0698],[11.527,48.0684],[11.5493,48.0714],[11.5558,48.0846],[11.586,48.0939],[11.5916,48.0846],[11.6135,48.0886],[11.6649,48.0784],[11.6815,48.0823],[11.6823,48.0916],[11.7136,48.105],[11.697,48.1212],[11.7125,48.1245],[11.72,48.1344],[11.7091,48.1486],[11.6777,48.1446],[11.6751,48.1571],[11.6963,48.1743],[11.6868,48.1796],[11.6411,48.1733],[11.6283,48.1796],[11.6381,48.2039],[11.6502,48.2171],[11.6381,48.2264],[11.6154,48.2296],[11.6015,48.2139],[11.5852,48.2139],[11.5814,48.2296],[11.5474,48.228],[11.5308,48.2319],[11.5263,48.2412],[11.4999,48.2481],[11.4904,48.2458],[11.4885,48.2224],[11.4711,48.2194],[11.4564,48.2085],[11.3922,48.2007],[11.3922,48.1845],[11.3722,48.1782],[11.3639,48.1587],[11.3903,48.1462],[11.3877,48.1291],[11.4126,48.1275]]]}},{"type":"Feature","properties":{"codes":["AIB","M","MU","MUC","WOR"],"name":"München","state":"Bayern","districtType":"Landkreis"},"geometry":{"type":"Polygon","coordinates":[[[11.7382,48.2762],[11.7034,48.2762],[11.6989,48.2699],[11.6438,48.2732],[11.6154,48.2699],[11.5931,48.2847],[11.5788,48.2996],[11.5191,48.2794],[11.5153,48.2685],[11.4999,48.2623],[11.4999,48.2481],[11.5263,48.2412],[11.5308,48.2319],[11.5474,48.228],[11.5814,48.2296],[11.5852,48.2139],[11.6015,48.2139],[11.6154,48.2296],[11.6381,48.2264],[11.6502,48.2171],[11.6381,48.2039],[11.6283,48.1796],[11.6411,48.1733],[11.6868,48.1796],[11.6963,48.1743],[11.6751,48.1571],[11.6777,48.1446],[11.7091,48.1486],[11.72,48.1344],[11.7125,48.1245],[11.697,48.1212],[11.7136,48.105],[11.6823,48.0916],[11.6815,48.0823],[11.6649,48.0784],[11.6135,48.0886],[11.5916,48.0846],[11.586,48.0939],[11.5558,48.0846],[11.5493,48.0714],[11.527,48.0684],[11.5033,48.0698],[11.4711,48.083],[11.4711,48.0988],[11.4628,48.105],[11.4647,48.1291],[11.4273,48.1367],[11.4126,48.1275],[11.4005,48.1166],[11.385,48.112],[11.4217,48.1018],[11.4243,48.0964],[11.4043,48.0744],[11.4134,48.0668],[11.4198,48.0418],[11.4326,48.0161],[11.4217,48.0006],[11.4043,47.995],[11.4292,47.9788],[11.4742,47.9679],[11.4949,47.9732],[11.518,47.9624],[11.5199,47.9492],[11.5693,47.9561],[11.6052,47.9343],[11.6033,47.9241],[11.6237,47.9204],[11.6823,47.9376],[11.7072,47.9366],[11.717,47.9172],[11.7567,47.9218],[11.7586,47.9376],[11.7767,47.9429],[11.788,47.929],[11.8062,47.9258],[11.8273,47.9251],[11.83,47.939],[11.8485,47.9485],[11.842,47.964],[11.8292,47.9624],[11.7676,47.9999],[11.7669,48.0223],[11.785,48.0223],[11.788,48.0573],[11.7812,48.0916],[11.7714,48.0932],[11.7593,48.108],[11.7567,48.1268],[11.7476,48.1377],[11.7759,48.1618],[11.7669,48.1812],[11.7548,48.1891],[11.7631,48.2085],[11.7484,48.2373],[11.7593,48.2553],[11.7382,48.2762]]]}},{"type":"Feature","properties":{"codes":["MSP"],"name":"Main-Spessart","state":"Bayern","districtType":"Landkreis"},"geometry":{"type":"Polygon","coordinates":[[[9.6231,50.2292],[9.6046,50.2222],[9.5801,50.2239],[9.5763,50.2324],[9.5378,50.2269],[9.503,50.2433],[9.4947,50.2269],[9.5159,50.1949],[9.5011,50.1926],[9.4985,50.1771],[9.5049,50.1692],[9.5287,50.1685],[9.5223,50.1498],[9.5075,50.1461],[9.5193,50.1062],[9.5094,50.0946],[9.4781,50.0946],[9.4358,50.0851],[9.4048,50.0875],[9.3946,50.0828],[9.3856,50.0548],[9.4075,50.0495],[9.4056,50.0238],[9.4165,50.0136],[9.4082,49.9971],[9.4305,49.9909],[9.4441,49.9737],[9.4433,49.9575],[9.4543,49.948],[9.48,49.9443],[9.4634,49.9279],[9.4286,49.917],[9.4267,49.9015],[9.435,49.8906],[9.4229,49.8811],[9.4358,49.8781],[9.4415,49.8524],[9.435,49.8445],[9.4543,49.8306],[9.4467,49.8221],[9.4532,49.8112],[9.4698,49.801],[9.4717,49.7799],[9.4788,49.7868],[9.5,49.7894],[9.5121,49.7838],[9.5113,49.7667],[9.5257,49.7611],[9.548,49.766],[9.5544,49.7489],[9.5691,49.7519],[9.5578,49.7651],[9.5578,49.7776],[9.6205,49.7838],[9.6488,49.7917],[9.6533,49.804],[9.67,49.8033],[9.6801,49.8197],[9.6752,49.8313],[9.6975,49.8383],[9.724,49.8336],[9.7444,49.8438],[9.7534,49.8649],[9.7799,49.8781],[9.8048,49.8811],[9.8278,49.8725],[9.8388,49.8913],[9.8505,49.8952],[9.883,49.892],[9.9287,49.8929],[9.9177,49.9077],[9.9139,49.9348],[9.9396,49.949],[9.9536,49.9388],[9.9838,49.9404],[10.0084,49.9372],[10.014,49.952],[10.0306,49.952],[10.0405,49.9615],[10.0405,49.9886],[10.0084,49.9872],[10.0068,49.9971],[10.0416,50.0027],[10.0371,50.037],[10.0269,50.0409],[10.0057,50.033],[9.9865,50.0377],[9.9812,50.058],[9.9645,50.0548],[9.9562,50.0393],[9.9313,50.0307],[9.9003,50.0541],[9.8754,50.0347],[9.8395,50.0384],[9.8093,50.0462],[9.8067,50.0548],[9.8184,50.065],[9.8169,50.075],[9.8312,50.0844],[9.8067,50.0921],[9.7991,50.1055],[9.7719,50.1319],[9.747,50.1264],[9.7496,50.1514],[9.7334,50.1553],[9.7232,50.1678],[9.7002,50.1817],[9.6919,50.2137],[9.679,50.2269],[9.6424,50.2246],[9.6231,50.2292]]]}},{"type":"Feature","properties":{"codes":["MM"],"name":"Memmingen","state":"Bayern","districtType":"Kreisfreie Stadt"},"geometry":{"type":"Polygon","coordinates":[[[10.1745,47.9313],[10.1893,47.9413],[10.1866,47.9522],[10.2021,47.967],[10.2048,47.9795],[10.1995,48.0013],[10.227,48.0108],[10.224,48.0441],[10.2002,48.0402],[10.1931,48.0325],[10.136,48.024],[10.1322,48.0154],[10.1553,47.9989],[10.1526,47.989],[10.1341,47.9851],[10.1288,47.9577],[10.1149,47.964],[10.1149,47.9765],[10.0873,47.9686],[10.0911,47.9461],[10.1103,47.9376],[10.1617,47.9181],[10.1745,47.9313]]]}},{"type":"Feature","properties":{"codes":["MB"],"name":"Miesbach","state":"Bayern","districtType":"Landkreis"},"geometry":{"type":"Polygon","coordinates":[[[11.8062,47.9258],[11.788,47.929],[11.7767,47.9429],[11.7586,47.9376],[11.7567,47.9218],[11.717,47.9172],[11.7072,47.9366],[11.6823,47.9376],[11.6237,47.9204],[11.6366,47.9086],[11.6509,47.9063],[11.6585,47.8829],[11.6411,47.8681],[11.6283,47.8473],[11.6143,47.8361],[11.6283,47.8229],[11.6528,47.8222],[11.6657,47.8028],[11.6547,47.7935],[11.6366,47.7919],[11.6392,47.7778],[11.6566,47.7616],[11.663,47.7467],[11.6226,47.728],[11.6271,47.721],[11.6604,47.7273],[11.663,47.7078],[11.6713,47.6898],[11.6509,47.6868],[11.643,47.6736],[11.6706,47.6555],[11.6785,47.6432],[11.6759,47.6291],[11.6071,47.6096],[11.5996,47.5948],[11.6328,47.5925],[11.6585,47.5839],[11.7042,47.5895],[11.7382,47.5879],[11.7824,47.5909],[11.8292,47.5823],[11.8473,47.5823],[11.8537,47.6011],[11.8639,47.6011],[11.9119,47.6136],[11.9346,47.6126],[11.9999,47.6212],[12.0192,47.612],[12.0603,47.6189],[12.0603,47.6314],[12.0392,47.637],[12.0301,47.6455],[12.0384,47.6743],[12.0199,47.6921],[12.0097,47.7108],[12.0109,47.7264],[12.0226,47.7366],[11.9916,47.7474],[11.998,47.7692],[11.9814,47.7801],[11.9504,47.7856],[11.9584,47.7935],[11.9274,47.8012],[11.9282,47.8176],[11.9504,47.8239],[11.9485,47.8447],[11.8915,47.8628],[11.8621,47.8618],[11.8088,47.9056],[11.8062,47.9258]]]}},{"type":"Feature","properties":{"codes":["MIL","OBB"],"name":"Miltenberg","state":"Bayern","districtType":"Landkreis"},"geometry":{"type":"Polygon","coordinates":[[[9.2375,49.9348],[9.2175,49.9358],[9.1899,49.9272],[9.1442,49.9209],[9.1385,49.9286],[9.1147,49.9388],[9.1076,49.9309],[9.1019,49.917],[9.1083,49.9084],[9.0936,49.8913],[9.0993,49.8804],[9.0724,49.882],[9.0505,49.8663],[9.0358,49.8461],[9.0551,49.8431],[9.0641,49.832],[9.0808,49.8383],[9.0864,49.8267],[9.077,49.8197],[9.091,49.7908],[9.1083,49.7977],[9.1302,49.7947],[9.134,49.7822],[9.1136,49.7736],[9.1064,49.7588],[9.145,49.7472],[9.1359,49.7183],[9.1219,49.7123],[9.1257,49.6998],[9.0898,49.6935],[9.0891,49.6694],[9.1008,49.6609],[9.1019,49.6421],[9.0864,49.6358],[9.0653,49.6148],[9.066,49.6025],[9.0826,49.6016],[9.1027,49.5775],[9.12,49.5736],[9.1589,49.5798],[9.1654,49.5752],[9.1944,49.5742],[9.2284,49.5791],[9.2586,49.593],[9.2643,49.6071],[9.2855,49.6148],[9.2707,49.6342],[9.3138,49.6537],[9.3368,49.6444],[9.367,49.6562],[9.3825,49.6428],[9.4075,49.6467],[9.4112,49.6632],[9.3984,49.6701],[9.4203,49.6903],[9.4203,49.7067],[9.4003,49.7285],[9.3818,49.7255],[9.3825,49.7074],[9.3534,49.7074],[9.3451,49.7183],[9.3735,49.7278],[9.3414,49.734],[9.3229,49.7308],[9.324,49.7449],[9.313,49.766],[9.3478,49.7683],[9.3746,49.7792],[9.392,49.7697],[9.4203,49.7885],[9.4377,49.7855],[9.4441,49.7746],[9.4596,49.7697],[9.4717,49.7799],[9.4698,49.801],[9.4532,49.8112],[9.4467,49.8221],[9.4543,49.8306],[9.435,49.8445],[9.4415,49.8524],[9.4358,49.8781],[9.4229,49.8811],[9.4101,49.8788],[9.3973,49.8656],[9.3708,49.8563],[9.3708,49.8336],[9.3293,49.8383],[9.3183,49.8353],[9.2972,49.8593],[9.2598,49.8702],[9.2817,49.9022],[9.267,49.9249],[9.2375,49.9348]]]}},{"type":"Feature","properties":{"codes":["ESB","HEB","LAU","N","PEG"],"name":"Nürnberger Land","state":"Bayern","districtType":"Landkreis"},"geometry":{"type":"Polygon","coordinates":[[[11.5576,49.4193],[11.5558,49.4288],[11.5962,49.4716],[11.5916,49.4849],[11.5693,49.4911],[11.5603,49.505],[11.532,49.5113],[11.5448,49.5221],[11.5429,49.5393],[11.527,49.5597],[11.5448,49.5597],[11.5512,49.5729],[11.5712,49.5798],[11.5675,49.5939],[11.5501,49.6039],[11.5603,49.6125],[11.5897,49.6134],[11.6015,49.6233],[11.5931,49.6391],[11.5724,49.6398],[11.5648,49.6546],[11.5712,49.6694],[11.561,49.6787],[11.5603,49.7146],[11.5558,49.7051],[11.5565,49.6731],[11.5641,49.6678],[11.5603,49.6467],[11.5467,49.6405],[11.5134,49.65],[11.4711,49.6428],[11.4602,49.6289],[11.4307,49.6273],[11.4319,49.6187],[11.3967,49.6257],[11.3941,49.6421],[11.3684,49.6671],[11.3408,49.6576],[11.3408,49.6523],[11.3163,49.6319],[11.2959,49.6266],[11.2804,49.6039],[11.2876,49.593],[11.2721,49.5877],[11.2695,49.5729],[11.2419,49.5736],[11.2343,49.5673],[11.2079,49.5673],[11.1951,49.5597],[11.1969,49.5425],[11.1796,49.5089],[11.1841,49.5027],[11.1675,49.4911],[11.1784,49.474],[11.1796,49.4661],[11.152,49.4575],[11.1554,49.4459],[11.1346,49.445],[11.1335,49.4334],[11.1796,49.417],[11.1939,49.4279],[11.2071,49.4179],[11.1777,49.4124],[11.1913,49.3906],[11.1694,49.3883],[11.1648,49.3765],[11.1924,49.3804],[11.1969,49.3688],[11.2143,49.3593],[11.2124,49.3517],[11.2464,49.3336],[11.2472,49.3251],[11.2664,49.3244],[11.2831,49.3142],[11.3261,49.3026],[11.3492,49.3181],[11.3831,49.3276],[11.3941,49.3563],[11.4096,49.3728],[11.4209,49.3758],[11.4236,49.3929],[11.4372,49.3952],[11.4621,49.4226],[11.4832,49.4272],[11.4915,49.4202],[11.5448,49.4107],[11.5576,49.4193]],[[11.2566,49.4397],[11.263,49.4411],[11.2804,49.4163],[11.2619,49.4163],[11.2521,49.4351],[11.2566,49.4397]]]}},{"type":"Feature","properties":{"codes":["N"],"name":"Nürnberg","state":"Bayern","districtType":"Kreisfreie Stadt"},"geometry":{"type":"MultiPolygon","coordinates":[[[[11.1694,49.3883],[11.1913,49.3906],[11.1777,49.4124],[11.2071,49.4179],[11.1939,49.4279],[11.1796,49.417],[11.1335,49.4334],[11.1346,49.445],[11.1554,49.4459],[11.152,49.4575],[11.1796,49.4661],[11.1784,49.474],[11.1501,49.4716],[11.149,49.4825],[11.1271,49.4925],[11.1199,49.5129],[11.0757,49.5034],[11.064,49.5113],[11.0648,49.5254],[11.03,49.5353],[11.0013,49.5402],[10.9877,49.537],[10.9949,49.5353],[10.9994,49.5129],[11.0251,49.5073],[11.0141,49.4941],[11.0262,49.474],[11.0096,49.4645],[11.0077,49.4536],[10.9949,49.449],[10.9904,49.4364],[11.0243,49.4038],[11.0236,49.3945],[10.993,49.3813],[10.9979,49.3758],[11.0391,49.3679],[11.0474,49.3471],[11.0731,49.3352],[11.1142,49.357],[11.1014,49.3728],[11.1142,49.3899],[11.1694,49.3883]]],[[[11.2566,49.4397],[11.2521,49.4351],[11.2619,49.4163],[11.2804,49.4163],[11.263,49.4411],[11.2566,49.4397]]]]}},{"type":"Feature","properties":{"codes":["ILL","NU"],"name":"Neu-Ulm","state":"Bayern","districtType":"Landkreis"},"geometry":{"type":"Polygon","coordinates":[[[10.1341,48.4545],[10.105,48.4772],[10.0873,48.4631],[10.0544,48.4568],[10.0325,48.4568],[10.0405,48.4311],[10.0167,48.4163],[10.0114,48.4017],[9.991,48.3945],[9.9672,48.3744],[9.9774,48.3625],[9.9993,48.3612],[9.9974,48.3503],[10.0084,48.344],[10.0121,48.3308],[10.0673,48.2778],[10.0627,48.2722],[10.0692,48.2537],[10.0609,48.2389],[10.0692,48.2234],[10.0839,48.2092],[10.0847,48.1851],[10.0956,48.1641],[10.1077,48.1305],[10.136,48.1087],[10.1507,48.1182],[10.1912,48.1252],[10.2142,48.1446],[10.2104,48.1641],[10.2259,48.1819],[10.258,48.2053],[10.2546,48.2178],[10.272,48.2296],[10.2848,48.2435],[10.2875,48.2662],[10.3022,48.2692],[10.2894,48.2857],[10.2984,48.3012],[10.2784,48.3035],[10.2727,48.3345],[10.2573,48.3493],[10.2342,48.3456],[10.2278,48.3579],[10.1836,48.3737],[10.1847,48.3883],[10.1655,48.3892],[10.1674,48.4202],[10.1821,48.4274],[10.1791,48.4459],[10.15,48.4436],[10.1341,48.4545]]]}},{"type":"Feature","properties":{"codes":["ND","SOB"],"name":"Neuburg-Schrobenhausen","state":"Bayern","districtType":"Landkreis"},"geometry":{"type":"Polygon","coordinates":[[[11.2555,48.7792],[11.2343,48.7732],[11.2071,48.7801],[11.2034,48.7894],[11.1732,48.7917],[11.1161,48.8128],[11.1078,48.8049],[11.0731,48.8072],[11.0674,48.791],[11.0398,48.7996],[11.0455,48.8135],[11.0372,48.8197],[11.0058,48.822],[10.9839,48.8121],[10.9756,48.7996],[10.9858,48.7887],[10.9703,48.7715],[10.9987,48.7644],[10.9968,48.7512],[10.9851,48.7373],[10.996,48.7278],[10.9839,48.7178],[11.0024,48.6657],[11.0217,48.6516],[11.0379,48.6266],[11.0236,48.6203],[11.0508,48.6009],[11.0757,48.6057],[11.1199,48.6009],[11.1252,48.5916],[11.1546,48.5939],[11.1656,48.5791],[11.1573,48.5666],[11.138,48.5613],[11.1335,48.5494],[11.152,48.5481],[11.1841,48.5379],[11.2071,48.527],[11.2105,48.5006],[11.2207,48.4911],[11.2483,48.4858],[11.2612,48.4686],[11.2951,48.4749],[11.3178,48.4934],[11.3144,48.5161],[11.362,48.5464],[11.3503,48.5527],[11.3356,48.5705],[11.3439,48.5775],[11.3748,48.5705],[11.385,48.587],[11.3484,48.5995],[11.3454,48.6064],[11.4032,48.643],[11.4273,48.643],[11.4409,48.6493],[11.4474,48.6819],[11.4576,48.6921],[11.4466,48.7007],[11.3767,48.6889],[11.3684,48.7053],[11.3537,48.7185],[11.3548,48.7303],[11.3254,48.7224],[11.3004,48.7505],[11.2695,48.7644],[11.2555,48.7792]]]}},{"type":"Feature","properties":{"codes":["NM"],"name":"Neumarkt in der Oberpfalz","state":"Bayern","districtType":"Landkreis"},"geometry":{"type":"Polygon","coordinates":[[[11.5576,49.4193],[11.5448,49.4107],[11.4915,49.4202],[11.4832,49.4272],[11.4621,49.4226],[11.4372,49.3952],[11.4236,49.3929],[11.4209,49.3758],[11.4096,49.3728],[11.3941,49.3563],[11.3831,49.3276],[11.3492,49.3181],[11.3261,49.3026],[11.2831,49.3142],[11.2664,49.3244],[11.2472,49.3251],[11.251,49.3088],[11.2298,49.3142],[11.2117,49.3128],[11.1867,49.298],[11.2143,49.2871],[11.2041,49.2776],[11.2464,49.2699],[11.2593,49.2739],[11.2812,49.2542],[11.3035,49.2442],[11.294,49.2347],[11.3106,49.2139],[11.2664,49.2106],[11.2695,49.1889],[11.2868,49.1873],[11.3133,49.178],[11.3099,49.1585],[11.3246,49.1562],[11.328,49.1421],[11.3189,49.1289],[11.3254,49.1173],[11.3556,49.1164],[11.3677,49.0916],[11.3858,49.0791],[11.3952,49.083],[11.4428,49.0643],[11.4878,49.0636],[11.5078,49.0752],[11.5384,49.0698],[11.5335,49.0495],[11.5218,49.0393],[11.5225,49.0293],[11.541,49.027],[11.541,49.0099],[11.5629,48.9895],[11.5769,48.9888],[11.5788,48.974],[11.5996,48.9513],[11.5962,48.9568],[11.6116,48.9802],[11.6162,49.0089],[11.6464,49.0043],[11.6592,49.0161],[11.663,49.0323],[11.6777,49.0518],[11.6898,49.0564],[11.6759,49.0791],[11.6963,49.0821],[11.7091,49.0923],[11.751,49.1064],[11.7465,49.1203],[11.7639,49.1282],[11.7767,49.1305],[11.7944,49.1648],[11.8145,49.1671],[11.8439,49.1507],[11.8632,49.1592],[11.8613,49.1701],[11.8813,49.1701],[11.9108,49.1803],[11.9357,49.1951],[11.9429,49.2044],[11.9346,49.2208],[11.9198,49.2644],[11.8787,49.2769],[11.8594,49.2854],[11.7997,49.2917],[11.7759,49.3079],[11.742,49.3244],[11.7208,49.3385],[11.7072,49.3352],[11.6978,49.3151],[11.6649,49.3244],[11.6573,49.3336],[11.6366,49.3362],[11.6347,49.3517],[11.6245,49.3593],[11.6373,49.3695],[11.6135,49.3968],[11.5981,49.3883],[11.5731,49.4022],[11.5724,49.4156],[11.5576,49.4193]]]}},{"type":"Feature","properties":{"codes":["NEA","SEF","UFF"],"name":"Neustadt an der Aisch-Bad Windsheim","state":"Bayern","districtType":"Landkreis"},"geometry":{"type":"Polygon","coordinates":[[[10.6546,49.7208],[10.6391,49.741],[10.6187,49.7387],[10.5519,49.7558],[10.505,49.7519],[10.491,49.7426],[10.4635,49.741],[10.4351,49.7466],[10.3766,49.7232],[10.3702,49.7113],[10.3517,49.7037],[10.3555,49.6951],[10.3728,49.6903],[10.3619,49.6771],[10.3626,49.6662],[10.38,49.6491],[10.3864,49.6352],[10.3657,49.6319],[10.3498,49.6226],[10.3011,49.6273],[10.2829,49.6187],[10.2701,49.625],[10.2112,49.6312],[10.2002,49.6257],[10.2002,49.6032],[10.1719,49.5953],[10.1564,49.5962],[10.1451,49.6125],[10.1288,49.6125],[10.1103,49.621],[10.0865,49.6085],[10.0711,49.5939],[10.0718,49.5673],[10.0801,49.561],[10.0839,49.5432],[10.0794,49.5277],[10.0839,49.5145],[10.1213,49.5113],[10.1013,49.4941],[10.1013,49.4855],[10.1186,49.473],[10.1296,49.4707],[10.147,49.4802],[10.1727,49.4754],[10.181,49.4888],[10.2187,49.4911],[10.2406,49.4839],[10.2644,49.4661],[10.2527,49.449],[10.2882,49.414],[10.3324,49.4288],[10.3471,49.4232],[10.349,49.41],[10.3894,49.414],[10.403,49.4327],[10.4351,49.4279],[10.448,49.417],[10.4756,49.4124],[10.4782,49.4272],[10.496,49.4358],[10.5114,49.4358],[10.5205,49.4506],[10.5379,49.4381],[10.5553,49.445],[10.573,49.4381],[10.604,49.4466],[10.6179,49.4404],[10.6134,49.4302],[10.6436,49.4226],[10.672,49.4249],[10.6976,49.4364],[10.6905,49.4443],[10.6976,49.4786],[10.6829,49.4825],[10.681,49.4948],[10.7003,49.4948],[10.7086,49.5034],[10.7407,49.5034],[10.7418,49.5145],[10.7581,49.5191],[10.7894,49.5096],[10.7875,49.5245],[10.8162,49.5353],[10.8189,49.5518],[10.7958,49.5673],[10.7958,49.5775],[10.7766,49.5861],[10.7554,49.5851],[10.7535,49.6094],[10.7618,49.6257],[10.7838,49.6342],[10.783,49.6569],[10.7675,49.6585],[10.7309,49.6856],[10.7003,49.688],[10.6663,49.6817],[10.6134,49.678],[10.5949,49.6896],[10.5923,49.7021],[10.6161,49.7083],[10.6244,49.7208],[10.6546,49.7208]]]}},{"type":"Feature","properties":{"codes":["ESB","NEW","VOH"],"name":"Neustadt an der Waldnaab","state":"Bayern","districtType":"Landkreis"},"geometry":{"type":"Polygon","coordinates":[[[12.4018,49.7581],[12.3878,49.7535],[12.3723,49.7706],[12.3512,49.7667],[12.3349,49.7581],[12.2945,49.7713],[12.2715,49.766],[12.2367,49.7713],[12.2318,49.8017],[12.2126,49.801],[12.1816,49.8399],[12.1657,49.8438],[12.1457,49.8392],[12.1329,49.8221],[12.1091,49.8227],[12.0943,49.8142],[12.1,49.801],[12.0777,49.7838],[12.0539,49.7947],[12.0456,49.7855],[12.0044,49.7908],[12.018,49.8072],[12.0052,49.8165],[11.9795,49.8165],[11.9531,49.8056],[11.9293,49.8112],[11.91,49.7994],[11.8915,49.8033],[11.8587,49.829],[11.8549,49.8468],[11.8016,49.8422],[11.7869,49.8359],[11.7382,49.8399],[11.7208,49.8274],[11.7008,49.8197],[11.6996,49.8072],[11.6592,49.8026],[11.6438,49.8072],[11.6302,49.7806],[11.6309,49.7604],[11.6475,49.7496],[11.6438,49.7364],[11.6558,49.7137],[11.6483,49.6843],[11.6539,49.6553],[11.64,49.6312],[11.663,49.6243],[11.7355,49.6243],[11.7457,49.6328],[11.7714,49.6391],[11.7805,49.6491],[11.8118,49.6523],[11.8364,49.6405],[11.8779,49.6352],[11.9127,49.6451],[11.9146,49.6382],[11.9455,49.6444],[11.9742,49.6405],[11.9897,49.6085],[11.9825,49.5969],[11.9942,49.5742],[12.0154,49.5782],[12.0365,49.5752],[12.0532,49.5791],[12.0732,49.5736],[12.0687,49.565],[12.12,49.5564],[12.1155,49.5478],[12.1465,49.5682],[12.174,49.5666],[12.1842,49.5736],[12.188,49.5884],[12.1997,49.59],[12.2318,49.5837],[12.2458,49.5752],[12.2367,49.5627],[12.2447,49.5511],[12.276,49.5439],[12.3191,49.5129],[12.3364,49.5113],[12.3632,49.5159],[12.378,49.5221],[12.3961,49.5198],[12.4135,49.5323],[12.4312,49.5291],[12.4494,49.5377],[12.5037,49.5478],[12.5283,49.5346],[12.5661,49.5518],[12.5936,49.5425],[12.5744,49.5597],[12.5706,49.5689],[12.577,49.5861],[12.5642,49.5962],[12.5566,49.621],[12.5283,49.618],[12.5294,49.6391],[12.5173,49.646],[12.5302,49.6662],[12.5219,49.6866],[12.4917,49.6856],[12.4845,49.6935],[12.4411,49.7044],[12.4256,49.7308],[12.4063,49.7394],[12.4018,49.7581]],[[12.0694,49.6717],[12.0872,49.6912],[12.0751,49.7005],[12.1155,49.7014],[12.1302,49.7113],[12.1502,49.7044],[12.1816,49.7028],[12.1906,49.6866],[12.2239,49.6856],[12.2239,49.6724],[12.253,49.6662],[12.2632,49.653],[12.2375,49.6398],[12.2092,49.6623],[12.2027,49.653],[12.1861,49.653],[12.1778,49.6632],[12.1457,49.6375],[12.1465,49.625],[12.1272,49.6148],[12.1136,49.6421],[12.0694,49.6717]]]}},{"type":"Feature","properties":{"codes":["OA"],"name":"Oberallgäu","state":"Bayern","districtType":"Landkreis"},"geometry":{"type":"Polygon","coordinates":[[[10.3271,47.8581],[10.3041,47.8628],[10.2516,47.8558],[10.2535,47.8456],[10.2316,47.8394],[10.19,47.8519],[10.1919,47.8394],[10.1693,47.8292],[10.1315,47.8199],[10.116,47.8035],[10.0884,47.7972],[10.0646,47.7856],[10.0828,47.7708],[10.116,47.7616],[10.1186,47.7342],[10.116,47.7194],[10.1398,47.703],[10.1288,47.6907],[10.127,47.6759],[10.113,47.6673],[10.0986,47.668],[10.082,47.6548],[10.0775,47.6393],[10.0756,47.6182],[10.0597,47.5988],[10.0616,47.5816],[10.0359,47.5737],[10.0178,47.5816],[10.0004,47.5652],[9.9876,47.5684],[9.9627,47.5598],[9.9679,47.5466],[9.9698,47.5186],[9.9902,47.5052],[9.9883,47.4982],[10.0012,47.482],[10.0424,47.4874],[10.0699,47.4563],[10.0903,47.46],[10.093,47.4422],[10.1058,47.429],[10.0873,47.4149],[10.0763,47.4149],[10.0711,47.4079],[10.0828,47.3947],[10.0994,47.3551],[10.1194,47.376],[10.1417,47.3674],[10.1693,47.3713],[10.1693,47.3862],[10.1949,47.3892],[10.2131,47.3806],[10.227,47.3885],[10.2369,47.3736],[10.2059,47.3394],[10.2021,47.3239],[10.215,47.3123],[10.19,47.2942],[10.1783,47.2926],[10.1738,47.2701],[10.2059,47.2757],[10.2425,47.278],[10.2792,47.288],[10.315,47.3067],[10.3298,47.3044],[10.3464,47.3153],[10.3573,47.3371],[10.3864,47.3565],[10.3947,47.376],[10.4114,47.3776],[10.4287,47.3908],[10.4351,47.4095],[10.4718,47.432],[10.4654,47.454],[10.4703,47.4686],[10.4635,47.4827],[10.4397,47.4867],[10.4314,47.5038],[10.4544,47.5559],[10.4299,47.577],[10.4351,47.5839],[10.4563,47.5823],[10.4729,47.5872],[10.4748,47.6011],[10.4563,47.6018],[10.4499,47.612],[10.4767,47.6314],[10.5031,47.6393],[10.5039,47.6587],[10.4922,47.6712],[10.4975,47.6868],[10.4665,47.6898],[10.4608,47.696],[10.4635,47.7178],[10.451,47.7319],[10.4673,47.7366],[10.4544,47.7616],[10.4427,47.7748],[10.4351,47.7989],[10.4151,47.7972],[10.4068,47.8051],[10.3894,47.8044],[10.3619,47.8121],[10.3626,47.8206],[10.3369,47.8433],[10.3271,47.8581]],[[10.2369,47.7701],[10.2709,47.7708],[10.2946,47.7771],[10.3086,47.7685],[10.349,47.7685],[10.3702,47.763],[10.3785,47.7553],[10.3626,47.7366],[10.3672,47.7171],[10.3434,47.7132],[10.3196,47.6953],[10.2803,47.7],[10.2508,47.7141],[10.261,47.7201],[10.2618,47.7507],[10.2433,47.7544],[10.2369,47.7701]]]}},{"type":"Feature","properties":{"codes":["FÜS","MOD","OAL"],"name":"Ostallgäu","state":"Bayern","districtType":"Landkreis"},"geometry":{"type":"Polygon","coordinates":[[[10.8015,48.1041],[10.7728,48.0939],[10.7509,48.1103],[10.7316,48.0995],[10.7014,48.0978],[10.7067,48.0589],[10.6905,48.048],[10.6867,48.0302],[10.6776,48.0154],[10.6591,48.0161],[10.661,48.0022],[10.6463,47.9904],[10.6455,47.9709],[10.6213,47.9475],[10.6104,47.9593],[10.593,47.9679],[10.5647,47.9756],[10.5232,47.9804],[10.5133,47.9429],[10.491,47.9336],[10.4691,47.939],[10.4582,47.9267],[10.4042,47.9119],[10.383,47.8931],[10.3638,47.8876],[10.3555,47.873],[10.3415,47.876],[10.3271,47.8581],[10.3369,47.8433],[10.3626,47.8206],[10.3619,47.8121],[10.3894,47.8044],[10.4068,47.8051],[10.4151,47.7972],[10.4351,47.7989],[10.4427,47.7748],[10.4544,47.7616],[10.4673,47.7366],[10.451,47.7319],[10.4635,47.7178],[10.4608,47.696],[10.4665,47.6898],[10.4975,47.6868],[10.4922,47.6712],[10.5039,47.6587],[10.5031,47.6393],[10.4767,47.6314],[10.4499,47.612],[10.4563,47.6018],[10.4748,47.6011],[10.4729,47.573],[10.4544,47.5559],[10.4729,47.5513],[10.4858,47.5418],[10.525,47.5348],[10.559,47.5371],[10.5711,47.5332],[10.5794,47.5529],[10.5957,47.5675],[10.6198,47.5668],[10.6334,47.5589],[10.6765,47.5589],[10.6939,47.5457],[10.7188,47.5381],[10.7573,47.5348],[10.763,47.5209],[10.7773,47.5138],[10.8113,47.5256],[10.837,47.5263],[10.8548,47.5341],[10.8869,47.5365],[10.8793,47.5427],[10.8729,47.5724],[10.8903,47.58],[10.9076,47.58],[10.9409,47.5955],[10.9416,47.6096],[10.9545,47.6166],[10.9363,47.6159],[10.9261,47.6298],[10.9031,47.6377],[10.9152,47.6604],[10.8804,47.6555],[10.8483,47.6673],[10.8242,47.6571],[10.7985,47.6564],[10.7785,47.6627],[10.7985,47.6868],[10.7977,47.7016],[10.8287,47.7187],[10.8287,47.728],[10.794,47.7187],[10.7739,47.7],[10.7547,47.6884],[10.7252,47.6976],[10.7161,47.7055],[10.7324,47.7132],[10.7335,47.7444],[10.7407,47.7678],[10.7773,47.7669],[10.7811,47.781],[10.7664,47.785],[10.7483,47.7972],[10.7528,47.8176],[10.7675,47.844],[10.7694,47.8658],[10.7838,47.8743],[10.7709,47.8876],[10.7856,47.9033],[10.783,47.9218],[10.7728,47.9297],[10.7875,47.9376],[10.8261,47.9913],[10.8113,48.0036],[10.8113,48.0302],[10.794,48.0402],[10.76,48.0348],[10.76,48.0464],[10.7966,48.08],[10.8162,48.1018],[10.8015,48.1041]],[[10.6051,47.8542],[10.5847,47.8526],[10.5719,47.872],[10.5519,47.8829],[10.573,47.8869],[10.6278,47.9218],[10.6501,47.9165],[10.6565,47.897],[10.6535,47.8704],[10.6591,47.8658],[10.6444,47.8503],[10.6051,47.8542]]]}},{"type":"Feature","properties":{"codes":["PA"],"name":"Passau","state":"Bayern","districtType":"Kreisfreie Stadt"},"geometry":{"type":"Polygon","coordinates":[[[13.4385,48.5488],[13.4499,48.5643],[13.4661,48.5534],[13.4789,48.5643],[13.5039,48.5721],[13.5039,48.5863],[13.5129,48.5909],[13.5058,48.6057],[13.4808,48.6041],[13.4725,48.5962],[13.4212,48.6104],[13.4083,48.6048],[13.3864,48.6094],[13.3505,48.6094],[13.3505,48.6018],[13.3203,48.6041],[13.3029,48.6009],[13.3165,48.5886],[13.3267,48.59],[13.3452,48.5791],[13.3645,48.5582],[13.3928,48.5448],[13.4385,48.5488]]]}},{"type":"Feature","properties":{"codes":["PA"],"name":"Passau","state":"Bayern","districtType":"Landkreis"},"geometry":{"type":"Polygon","coordinates":[[[13.7958,48.7139],[13.7709,48.7241],[13.7214,48.7083],[13.7305,48.6889],[13.6882,48.6905],[13.667,48.6835],[13.6406,48.6912],[13.6123,48.6826],[13.59,48.6835],[13.5533,48.7007],[13.5496,48.7106],[13.5314,48.7132],[13.5186,48.7264],[13.4982,48.7287],[13.4627,48.7139],[13.4468,48.7194],[13.423,48.7567],[13.4121,48.7544],[13.3902,48.7607],[13.3838,48.7535],[13.3543,48.756],[13.346,48.7363],[13.3222,48.7442],[13.2973,48.731],[13.2587,48.7412],[13.2486,48.7123],[13.224,48.7146],[13.1991,48.6991],[13.1515,48.7046],[13.1296,48.6898],[13.1137,48.6898],[13.1009,48.6717],[13.0937,48.6282],[13.0597,48.6219],[13.0276,48.6275],[13.0193,48.612],[12.9944,48.6009],[12.9834,48.587],[12.9993,48.58],[13.0193,48.58],[13.0219,48.5613],[13.0,48.5471],[13.0083,48.5316],[13.0442,48.5504],[13.0763,48.5543],[13.0771,48.5481],[13.1001,48.5395],[13.0854,48.4888],[13.113,48.4871],[13.1175,48.4482],[13.1715,48.4242],[13.1745,48.4133],[13.1553,48.4126],[13.1488,48.3984],[13.1201,48.3961],[13.0937,48.3859],[13.088,48.3619],[13.1009,48.347],[13.1341,48.344],[13.1541,48.3345],[13.1515,48.3246],[13.1734,48.3114],[13.1772,48.2942],[13.1836,48.2956],[13.2569,48.2933],[13.3248,48.3206],[13.3717,48.3556],[13.4094,48.3727],[13.4185,48.3852],[13.4212,48.404],[13.4397,48.4311],[13.4268,48.4568],[13.4578,48.5105],[13.4461,48.5237],[13.4506,48.5379],[13.4385,48.5488],[13.3928,48.5448],[13.3645,48.5582],[13.3452,48.5791],[13.3267,48.59],[13.3165,48.5886],[13.3029,48.6009],[13.3203,48.6041],[13.3505,48.6018],[13.3505,48.6094],[13.3864,48.6094],[13.4083,48.6048],[13.4212,48.6104],[13.4725,48.5962],[13.4808,48.6041],[13.5058,48.6057],[13.5129,48.5909],[13.5333,48.5837],[13.57,48.5613],[13.59,48.5691],[13.6047,48.5675],[13.6213,48.5557],[13.6534,48.5488],[13.6617,48.5355],[13.6836,48.5293],[13.7048,48.5177],[13.7305,48.5145],[13.7331,48.5254],[13.749,48.5316],[13.7433,48.5441],[13.7554,48.5652],[13.7683,48.5534],[13.8075,48.5846],[13.8022,48.5985],[13.8223,48.615],[13.826,48.6361],[13.814,48.65],[13.8196,48.675],[13.8113,48.7023],[13.7958,48.7139]]]}},{"type":"Feature","properties":{"codes":["PAF"],"name":"Pfaffenhofen an der Ilm","state":"Bayern","districtType":"Landkreis"},"geometry":{"type":"Polygon","coordinates":[[[11.7189,48.7824],[11.7117,48.7894],[11.6528,48.7854],[11.6449,48.8121],[11.6052,48.8081],[11.5724,48.7831],[11.575,48.7722],[11.5667,48.7498],[11.5539,48.7419],[11.5346,48.7465],[11.5263,48.7326],[11.4968,48.7363],[11.4897,48.7449],[11.487,48.7271],[11.4538,48.7271],[11.4326,48.7116],[11.4326,48.6991],[11.4466,48.7007],[11.4576,48.6921],[11.4474,48.6819],[11.4409,48.6493],[11.4273,48.643],[11.4032,48.643],[11.3454,48.6064],[11.3484,48.5995],[11.385,48.587],[11.3748,48.5705],[11.3439,48.5775],[11.3356,48.5705],[11.3503,48.5527],[11.362,48.5464],[11.3144,48.5161],[11.3178,48.4934],[11.2951,48.4749],[11.3016,48.4531],[11.3246,48.4482],[11.3446,48.4554],[11.3722,48.439],[11.3813,48.4242],[11.4005,48.4242],[11.4115,48.4079],[11.4402,48.414],[11.4372,48.4265],[11.4723,48.439],[11.5089,48.442],[11.5354,48.46],[11.532,48.4686],[11.5705,48.4897],[11.606,48.4654],[11.6218,48.4631],[11.6366,48.4772],[11.6464,48.4983],[11.6604,48.499],[11.6657,48.5191],[11.6573,48.5372],[11.6611,48.5582],[11.6759,48.5745],[11.7042,48.5837],[11.6978,48.611],[11.7072,48.6166],[11.6944,48.618],[11.7125,48.6476],[11.6898,48.6632],[11.6951,48.6835],[11.6751,48.6882],[11.6558,48.6991],[11.6687,48.7241],[11.6573,48.7294],[11.6558,48.7442],[11.6657,48.7482],[11.7155,48.756],[11.7023,48.7683],[11.697,48.7864],[11.7189,48.7824]]]}},{"type":"Feature","properties":{"codes":["REG","VIT"],"name":"Regen","state":"Bayern","districtType":"Landkreis"},"geometry":{"type":"Polygon","coordinates":[[[13.4166,48.9802],[13.403,48.9872],[13.4094,49.0027],[13.3974,49.0511],[13.3781,49.0573],[13.3467,49.086],[13.289,49.1187],[13.2735,49.1203],[13.2357,49.1134],[13.2085,49.1219],[13.1707,49.1437],[13.1772,49.1639],[13.1707,49.1734],[13.1598,49.1578],[13.1651,49.1493],[13.136,49.1273],[13.1315,49.1111],[13.068,49.1298],[13.0661,49.146],[13.0488,49.1553],[13.0121,49.1602],[12.9743,49.1609],[12.9377,49.1407],[12.9147,49.1391],[12.8992,49.1273],[12.8799,49.1375],[12.8614,49.1298],[12.8331,49.1321],[12.7934,49.1219],[12.7863,49.1351],[12.7678,49.115],[12.787,49.0962],[12.7972,49.0807],[12.7983,49.0613],[12.8101,49.0518],[12.8229,49.0237],[12.8724,48.9904],[12.878,48.9677],[12.9128,48.9357],[12.9513,48.9397],[12.9789,48.9513],[13.0091,48.9489],[13.025,48.942],[13.0276,48.9242],[13.014,48.9209],[13.0284,48.9061],[13.0616,48.882],[13.0854,48.8797],[13.1232,48.8883],[13.1496,48.8751],[13.1707,48.8704],[13.1945,48.8711],[13.1957,48.8626],[13.2214,48.8572],[13.2497,48.8635],[13.2504,48.8767],[13.2716,48.8727],[13.2856,48.8781],[13.2856,48.9031],[13.281,48.9117],[13.2965,48.9272],[13.2818,48.939],[13.2837,48.9584],[13.3101,48.9489],[13.3313,48.9466],[13.3645,48.9716],[13.3717,48.9832],[13.4166,48.9802]]]}},{"type":"Feature","properties":{"codes":["R"],"name":"Regensburg","state":"Bayern","districtType":"Kreisfreie Stadt"},"geometry":{"type":"Polygon","coordinates":[[[12.0365,49.0386],[12.0449,49.0237],[12.0301,49.0082],[12.066,48.998],[12.0751,48.974],[12.1,48.967],[12.1174,48.9756],[12.1264,48.967],[12.1578,48.9786],[12.1752,48.9733],[12.1899,48.9904],[12.1869,49.0043],[12.1597,49.0231],[12.1676,49.0323],[12.1642,49.0488],[12.1457,49.0471],[12.1336,49.0557],[12.1393,49.0666],[12.1155,49.0682],[12.0962,49.0627],[12.0951,49.0495],[12.0807,49.0332],[12.0365,49.0386]]]}},{"type":"Feature","properties":{"codes":["R"],"name":"Regensburg","state":"Bayern","districtType":"Landkreis"},"geometry":{"type":"Polygon","coordinates":[[[12.3107,49.1523],[12.2888,49.1664],[12.2632,49.1553],[12.2367,49.1523],[12.2254,49.1787],[12.2046,49.1787],[12.1869,49.1974],[12.1842,49.2162],[12.174,49.2238],[12.1604,49.2083],[12.1465,49.203],[12.1567,49.1835],[12.1034,49.1585],[12.1026,49.1493],[12.0724,49.15],[12.0603,49.1678],[12.0384,49.1625],[11.9999,49.1625],[12.0116,49.1773],[11.9999,49.1859],[11.955,49.1842],[11.9357,49.1951],[11.9108,49.1803],[11.8813,49.1701],[11.8613,49.1701],[11.8632,49.1592],[11.8439,49.1507],[11.8145,49.1671],[11.7944,49.1648],[11.7767,49.1305],[11.7639,49.1282],[11.7465,49.1203],[11.751,49.1064],[11.7091,49.0923],[11.6963,49.0821],[11.6759,49.0791],[11.6898,49.0564],[11.6777,49.0518],[11.663,49.0323],[11.6592,49.0161],[11.6804,49.0152],[11.6887,49.0214],[11.7155,49.0112],[11.7291,48.999],[11.7657,48.9865],[11.7843,48.9888],[11.7926,49.0075],[11.8254,49.0207],[11.8575,49.0214],[11.8972,49.0004],[11.918,48.9818],[11.9293,48.9654],[11.9274,48.9459],[11.9595,48.9538],[11.9659,48.9647],[11.9807,48.9647],[11.9859,48.9522],[12.0146,48.9538],[12.0687,48.9429],[12.0853,48.9202],[12.0796,48.9047],[12.1091,48.9054],[12.1091,48.8961],[12.1329,48.8804],[12.1227,48.8649],[12.1064,48.8579],[12.1008,48.8392],[12.1091,48.8035],[12.1,48.7949],[12.097,48.7722],[12.1355,48.766],[12.1302,48.7792],[12.1687,48.791],[12.1861,48.7933],[12.222,48.8105],[12.2311,48.8299],[12.2458,48.8306],[12.2688,48.8431],[12.2896,48.8415],[12.3009,48.8549],[12.3255,48.8619],[12.3429,48.8602],[12.3614,48.847],[12.3863,48.8517],[12.4218,48.8767],[12.4275,48.8992],[12.4403,48.9077],[12.4467,48.9258],[12.4395,48.935],[12.4429,48.9538],[12.4531,48.9654],[12.4395,48.97],[12.4441,48.9825],[12.475,48.9747],[12.486,48.9825],[12.4845,49.0059],[12.489,49.0214],[12.4788,49.0323],[12.4475,49.0356],[12.4358,49.0573],[12.4248,49.0682],[12.4203,49.0962],[12.3844,49.1009],[12.3697,49.0877],[12.3395,49.0907],[12.3395,49.1111],[12.3138,49.1196],[12.3062,49.1312],[12.3247,49.1335],[12.3107,49.1523]],[[12.0365,49.0386],[12.0807,49.0332],[12.0951,49.0495],[12.0962,49.0627],[12.1155,49.0682],[12.1393,49.0666],[12.1336,49.0557],[12.1457,49.0471],[12.1642,49.0488],[12.1676,49.0323],[12.1597,49.0231],[12.1869,49.0043],[12.1899,48.9904],[12.1752,48.9733],[12.1578,48.9786],[12.1264,48.967],[12.1174,48.9756],[12.1,48.967],[12.0751,48.974],[12.066,48.998],[12.0301,49.0082],[12.0449,49.0237],[12.0365,49.0386]]]}},{"type":"Feature","properties":{"codes":["KÖN","MET","NES"],"name":"Rhön-Grabfeld","state":"Bayern","districtType":"Landkreis"},"geometry":{"type":"Polygon","coordinates":[[[10.2316,50.512],[10.2304,50.5275],[10.2097,50.54],[10.204,50.5548],[10.1591,50.5502],[10.1387,50.543],[10.1213,50.5641],[10.1066,50.5641],[10.0937,50.5486],[10.0699,50.5354],[10.0518,50.5189],[10.0416,50.5166],[10.0333,50.4807],[10.0186,50.4668],[9.9974,50.4612],[9.9857,50.4434],[9.9672,50.4348],[9.9581,50.4233],[9.9362,50.4193],[9.9434,50.4075],[9.9313,50.3881],[9.9544,50.3827],[9.9517,50.364],[9.9389,50.3531],[9.9351,50.3399],[9.9517,50.3383],[9.9876,50.3126],[9.9974,50.3251],[10.0159,50.3258],[10.0197,50.3149],[10.0571,50.2984],[10.0809,50.3033],[10.116,50.3001],[10.1288,50.2885],[10.0975,50.2767],[10.1066,50.2704],[10.1387,50.2674],[10.1534,50.2744],[10.1662,50.2618],[10.2123,50.2681],[10.2489,50.2651],[10.2644,50.2845],[10.2848,50.2845],[10.2848,50.2984],[10.3003,50.304],[10.3434,50.2862],[10.3305,50.273],[10.349,50.2605],[10.3453,50.2447],[10.3702,50.2292],[10.3985,50.2222],[10.4333,50.2215],[10.4427,50.2012],[10.451,50.1965],[10.4737,50.209],[10.4986,50.2121],[10.5024,50.2246],[10.5326,50.2324],[10.5462,50.2246],[10.559,50.2067],[10.5866,50.209],[10.5911,50.2199],[10.6104,50.2278],[10.6032,50.2417],[10.6115,50.2486],[10.593,50.2697],[10.6051,50.2938],[10.5923,50.3109],[10.6006,50.3336],[10.5617,50.3367],[10.5507,50.3468],[10.5443,50.3647],[10.5141,50.3515],[10.4922,50.3554],[10.4876,50.3756],[10.4635,50.3756],[10.451,50.4022],[10.4234,50.3927],[10.3876,50.3983],[10.3849,50.4091],[10.4012,50.4193],[10.3921,50.4302],[10.3709,50.4316],[10.3479,50.4629],[10.3362,50.4659],[10.3415,50.483],[10.3305,50.4939],[10.3067,50.4925],[10.2561,50.5127],[10.2316,50.512]]]}},{"type":"Feature","properties":{"codes":["AIB","RO","WS"],"name":"Rosenheim","state":"Bayern","districtType":"Kreisfreie Stadt"},"geometry":{"type":"Polygon","coordinates":[[[12.0539,47.8176],[12.1098,47.8107],[12.1302,47.8153],[12.1476,47.8308],[12.1521,47.8456],[12.1347,47.8605],[12.1374,47.8806],[12.1034,47.8845],[12.077,47.8605],[12.0788,47.8378],[12.0577,47.8262],[12.0539,47.8176]]]}},{"type":"Feature","properties":{"codes":["AIB","RO","WS"],"name":"Rosenheim","state":"Bayern","districtType":"Landkreis"},"geometry":{"type":"Polygon","coordinates":[[[12.3878,48.1173],[12.3716,48.1282],[12.3504,48.1259],[12.3293,48.1064],[12.3081,48.1096],[12.2926,48.1057],[12.2836,48.1166],[12.2703,48.115],[12.2613,48.1259],[12.2447,48.1268],[12.2099,48.143],[12.2099,48.1291],[12.177,48.1034],[12.1835,48.0925],[12.1623,48.083],[12.1457,48.0853],[12.1347,48.0978],[12.1449,48.112],[12.1355,48.1228],[12.0962,48.1252],[12.086,48.1222],[12.0622,48.0988],[12.0751,48.083],[12.0743,48.0691],[12.0796,48.0332],[12.077,48.0177],[12.0962,48.0115],[12.0924,47.9904],[12.0705,47.9874],[12.0615,47.9702],[12.0264,47.9709],[12.0218,47.9617],[11.9988,47.961],[11.9357,47.9943],[11.9263,47.9841],[11.9365,47.9515],[11.9255,47.9313],[11.8832,47.9498],[11.8602,47.9547],[11.83,47.939],[11.8273,47.9251],[11.8062,47.9258],[11.8088,47.9056],[11.8621,47.8618],[11.8915,47.8628],[11.9485,47.8447],[11.9504,47.8239],[11.9282,47.8176],[11.9274,47.8012],[11.9584,47.7935],[11.9504,47.7856],[11.9814,47.7801],[11.998,47.7692],[11.9916,47.7474],[12.0226,47.7366],[12.0109,47.7264],[12.0097,47.7108],[12.0199,47.6921],[12.0384,47.6743],[12.0301,47.6455],[12.0392,47.637],[12.0603,47.6314],[12.0603,47.6189],[12.0822,47.6096],[12.1098,47.612],[12.14,47.605],[12.1631,47.6136],[12.1797,47.605],[12.208,47.6113],[12.1971,47.6446],[12.1823,47.668],[12.1687,47.6798],[12.1623,47.7007],[12.1842,47.7007],[12.2273,47.7187],[12.2496,47.7412],[12.265,47.7326],[12.2465,47.7108],[12.2413,47.6937],[12.2632,47.6782],[12.276,47.6875],[12.3383,47.6969],[12.333,47.721],[12.3478,47.7444],[12.375,47.7537],[12.3814,47.7616],[12.3787,47.7817],[12.3999,47.7989],[12.3889,47.8144],[12.4346,47.8153],[12.4358,47.8292],[12.4267,47.8347],[12.375,47.8347],[12.364,47.8697],[12.3863,47.8776],[12.412,47.8767],[12.4248,47.8908],[12.4441,47.9218],[12.4282,47.9267],[12.4282,47.9452],[12.4154,47.9547],[12.3991,47.9422],[12.3311,47.9719],[12.3402,48.0059],[12.333,48.0121],[12.3576,48.0402],[12.3247,48.0659],[12.3504,48.0916],[12.3549,48.1034],[12.3814,48.1041],[12.3878,48.1173]],[[12.0539,47.8176],[12.0577,47.8262],[12.0788,47.8378],[12.077,47.8605],[12.1034,47.8845],[12.1374,47.8806],[12.1347,47.8605],[12.1521,47.8456],[12.1476,47.8308],[12.1302,47.8153],[12.1098,47.8107],[12.0539,47.8176]]]}},{"type":"Feature","properties":{"codes":["HIP","RH"],"name":"Roth","state":"Bayern","districtType":"Landkreis"},"geometry":{"type":"Polygon","coordinates":[[[11.1694,49.3883],[11.1142,49.3899],[11.1014,49.3728],[11.1142,49.357],[11.0795,49.3392],[11.0776,49.319],[11.0481,49.3142],[11.0428,49.301],[11.0141,49.294],[10.9949,49.3213],[10.9768,49.3251],[10.9922,49.3385],[10.9775,49.3461],[10.9839,49.3616],[10.9979,49.3758],[10.993,49.3813],[10.9518,49.3813],[10.928,49.357],[10.8676,49.3563],[10.8619,49.3461],[10.8702,49.3197],[10.8967,49.3049],[10.9069,49.2917],[10.8986,49.2667],[10.8997,49.2433],[10.8922,49.2333],[10.8767,49.231],[10.8593,49.2192],[10.8529,49.2067],[10.8381,49.1974],[10.8491,49.1889],[10.8755,49.1882],[10.8555,49.1609],[10.894,49.1516],[10.9107,49.1398],[10.9382,49.1312],[10.939,49.1483],[10.9968,49.1553],[11.0508,49.125],[11.0655,49.1298],[11.0776,49.1118],[11.1078,49.0962],[11.1142,49.0893],[11.1463,49.0814],[11.1656,49.083],[11.1815,49.058],[11.2015,49.0464],[11.2309,49.0495],[11.2536,49.0455],[11.2664,49.0247],[11.2638,49.0145],[11.2876,49.0052],[11.3272,48.998],[11.3356,49.0082],[11.3548,49.0175],[11.3794,49.0175],[11.3869,49.0307],[11.4069,49.0379],[11.3967,49.0712],[11.3677,49.0916],[11.3556,49.1164],[11.3254,49.1173],[11.3189,49.1289],[11.328,49.1421],[11.3246,49.1562],[11.3099,49.1585],[11.3133,49.178],[11.2868,49.1873],[11.2695,49.1889],[11.2664,49.2106],[11.3106,49.2139],[11.294,49.2347],[11.3035,49.2442],[11.2812,49.2542],[11.2593,49.2739],[11.2464,49.2699],[11.2041,49.2776],[11.2143,49.2871],[11.1867,49.298],[11.2117,49.3128],[11.2298,49.3142],[11.251,49.3088],[11.2464,49.3336],[11.2124,49.3517],[11.2143,49.3593],[11.1969,49.3688],[11.1924,49.3804],[11.1648,49.3765],[11.1694,49.3883]]]}},{"type":"Feature","properties":{"codes":["EG","GRI","PAN","VIB"],"name":"Rottal-Inn","state":"Bayern","districtType":"Landkreis"},"geometry":{"type":"Polygon","coordinates":[[[12.9672,48.611],[12.9385,48.6057],[12.9109,48.6173],[12.9064,48.6064],[12.8403,48.6032],[12.8422,48.5909],[12.8146,48.6025],[12.7798,48.5978],[12.7708,48.59],[12.7606,48.5566],[12.7772,48.5441],[12.753,48.5362],[12.7183,48.5481],[12.7047,48.5154],[12.6918,48.5191],[12.6918,48.5082],[12.6714,48.5036],[12.6246,48.4818],[12.6284,48.5115],[12.6035,48.5184],[12.5506,48.5161],[12.5585,48.495],[12.5551,48.4841],[12.5219,48.4834],[12.5083,48.5029],[12.4943,48.4934],[12.4716,48.4871],[12.4815,48.4545],[12.4834,48.4297],[12.5192,48.4211],[12.543,48.4001],[12.5661,48.404],[12.5789,48.3869],[12.5918,48.3869],[12.6035,48.3697],[12.6072,48.3533],[12.6393,48.3385],[12.656,48.3378],[12.6907,48.344],[12.7017,48.3308],[12.7175,48.3308],[12.733,48.3213],[12.7836,48.3276],[12.8176,48.3167],[12.8221,48.3019],[12.844,48.2956],[12.8641,48.2748],[12.8761,48.2715],[12.878,48.2646],[12.9011,48.2583],[12.8947,48.2389],[12.9219,48.2132],[12.9422,48.2069],[12.9653,48.2132],[13.0038,48.2412],[13.0219,48.2583],[13.0525,48.2646],[13.0835,48.2778],[13.1296,48.2785],[13.1772,48.2942],[13.1734,48.3114],[13.1515,48.3246],[13.1541,48.3345],[13.1341,48.344],[13.1009,48.347],[13.088,48.3619],[13.0937,48.3859],[13.1201,48.3961],[13.1488,48.3984],[13.1553,48.4126],[13.1745,48.4133],[13.1715,48.4242],[13.1175,48.4482],[13.113,48.4871],[13.0854,48.4888],[13.1001,48.5395],[13.0771,48.5481],[13.0763,48.5543],[13.0442,48.5504],[13.0083,48.5316],[13.0,48.5471],[13.0219,48.5613],[13.0193,48.58],[12.9993,48.58],[12.9834,48.587],[12.9944,48.6009],[12.9853,48.6104],[12.9672,48.611]]]}},{"type":"Feature","properties":{"codes":["SC"],"name":"Schwabach","state":"Bayern","districtType":"Kreisfreie Stadt"},"geometry":{"type":"Polygon","coordinates":[[[10.9979,49.3758],[10.9839,49.3616],[10.9775,49.3461],[10.9922,49.3385],[10.9768,49.3251],[10.9949,49.3213],[11.0141,49.294],[11.0428,49.301],[11.0481,49.3142],[11.0776,49.319],[11.0795,49.3392],[11.0731,49.3352],[11.0474,49.3471],[11.0391,49.3679],[10.9979,49.3758]]]}},{"type":"Feature","properties":{"codes":["BUL","NAB","NEN","OVI","ROD","SAD"],"name":"Schwandorf","state":"Bayern","districtType":"Landkreis"},"geometry":{"type":"Polygon","coordinates":[[[12.5936,49.5425],[12.5661,49.5518],[12.5283,49.5346],[12.5037,49.5478],[12.4494,49.5377],[12.4312,49.5291],[12.4135,49.5323],[12.3961,49.5198],[12.378,49.5221],[12.3632,49.5159],[12.3364,49.5113],[12.3191,49.5129],[12.276,49.5439],[12.2447,49.5511],[12.2367,49.5627],[12.2458,49.5752],[12.2318,49.5837],[12.1997,49.59],[12.188,49.5884],[12.1842,49.5736],[12.174,49.5666],[12.1465,49.5682],[12.1155,49.5478],[12.086,49.5416],[12.0724,49.5284],[12.0743,49.5175],[12.0962,49.4941],[12.0796,49.4849],[12.0694,49.4918],[12.0449,49.4948],[12.0339,49.4668],[12.0392,49.4506],[12.0339,49.4295],[11.9833,49.4334],[11.9769,49.4226],[12.0199,49.3968],[12.0513,49.3922],[12.0494,49.3827],[12.063,49.3735],[12.0585,49.3603],[12.0373,49.3547],[11.9969,49.3501],[11.9999,49.3244],[11.9731,49.3135],[11.9667,49.3042],[11.9769,49.2799],[11.955,49.2799],[11.9474,49.2706],[11.9659,49.2644],[11.9833,49.2519],[11.9467,49.241],[11.9346,49.2208],[11.9429,49.2044],[11.9357,49.1951],[11.955,49.1842],[11.9999,49.1859],[12.0116,49.1773],[11.9999,49.1625],[12.0384,49.1625],[12.0603,49.1678],[12.0724,49.15],[12.1026,49.1493],[12.1034,49.1585],[12.1567,49.1835],[12.1465,49.203],[12.1604,49.2083],[12.174,49.2238],[12.1842,49.2162],[12.1869,49.1974],[12.2046,49.1787],[12.2254,49.1787],[12.2367,49.1523],[12.2632,49.1553],[12.2888,49.1664],[12.3107,49.1523],[12.3126,49.1602],[12.3376,49.1905],[12.3595,49.2287],[12.3878,49.2324],[12.4063,49.2458],[12.3935,49.259],[12.4108,49.2574],[12.421,49.2739],[12.4422,49.2753],[12.4762,49.2706],[12.4879,49.2878],[12.4807,49.2956],[12.5102,49.3158],[12.4815,49.3197],[12.4852,49.3313],[12.4815,49.3603],[12.5019,49.3797],[12.4852,49.3936],[12.4962,49.4054],[12.5128,49.4045],[12.5494,49.414],[12.5423,49.4388],[12.5264,49.4473],[12.543,49.4615],[12.588,49.4654],[12.611,49.4763],[12.6341,49.4763],[12.6439,49.4839],[12.6393,49.5011],[12.6439,49.5214],[12.6375,49.5314],[12.6212,49.5268],[12.5989,49.533],[12.5936,49.5425]]]}},{"type":"Feature","properties":{"codes":["GEO","SW"],"name":"Schweinfurt","state":"Bayern","districtType":"Kreisfreie Stadt"},"geometry":{"type":"Polygon","coordinates":[[[10.2489,50.0205],[10.2418,50.04],[10.272,50.0555],[10.2618,50.068],[10.2297,50.0844],[10.224,50.0657],[10.2002,50.0719],[10.1674,50.0284],[10.1983,50.0129],[10.2176,50.0096],[10.2489,50.0205]]]}},{"type":"Feature","properties":{"codes":["GEO","SW"],"name":"Schweinfurt","state":"Bayern","districtType":"Landkreis"},"geometry":{"type":"Polygon","coordinates":[[[10.451,50.1965],[10.4427,50.2012],[10.4333,50.2215],[10.3985,50.2222],[10.3702,50.2292],[10.3464,50.2107],[10.3298,50.2067],[10.3305,50.1949],[10.3426,50.1873],[10.3407,50.1725],[10.3188,50.1725],[10.3067,50.1544],[10.2765,50.156],[10.2546,50.1498],[10.238,50.156],[10.2187,50.1498],[10.1526,50.1451],[10.1553,50.1382],[10.1379,50.1141],[10.1194,50.1085],[10.0986,50.1102],[10.0737,50.1062],[10.0635,50.0983],[10.0454,50.1062],[10.0133,50.1085],[10.0019,50.097],[9.9891,50.097],[9.9827,50.0844],[9.9698,50.0844],[9.9589,50.0703],[9.9645,50.0548],[9.9812,50.058],[9.9865,50.0377],[10.0057,50.033],[10.0269,50.0409],[10.0371,50.037],[10.0416,50.0027],[10.0068,49.9971],[10.0084,49.9872],[10.0405,49.9886],[10.0405,49.9615],[10.0306,49.952],[10.0616,49.9434],[10.0699,49.9318],[10.1058,49.9286],[10.1032,49.9101],[10.136,49.9091],[10.1515,49.9045],[10.1738,49.9138],[10.1893,49.9038],[10.1893,49.892],[10.2032,49.8929],[10.2066,49.9084],[10.2259,49.9163],[10.2354,49.892],[10.2489,49.8811],[10.2803,49.892],[10.2901,49.8913],[10.2931,49.8695],[10.3196,49.8547],[10.3388,49.8663],[10.3638,49.8593],[10.3766,49.8672],[10.3913,49.8649],[10.3947,49.8329],[10.428,49.8234],[10.4491,49.8221],[10.4589,49.8369],[10.4397,49.8454],[10.448,49.854],[10.4589,49.8788],[10.4948,49.8718],[10.505,49.8765],[10.4941,49.8834],[10.5103,49.9084],[10.5141,49.9318],[10.4793,49.9395],[10.4635,49.9543],[10.4446,49.9592],[10.4446,49.9786],[10.394,49.9932],[10.3978,50.0073],[10.3921,50.0143],[10.3317,50.0205],[10.3203,50.0298],[10.3555,50.0347],[10.3993,50.0479],[10.4299,50.0835],[10.4042,50.0861],[10.38,50.093],[10.4068,50.1203],[10.4004,50.1412],[10.4242,50.1569],[10.4378,50.1857],[10.451,50.1965]],[[10.2489,50.0205],[10.2176,50.0096],[10.1983,50.0129],[10.1674,50.0284],[10.2002,50.0719],[10.224,50.0657],[10.2297,50.0844],[10.2618,50.068],[10.272,50.0555],[10.2418,50.04],[10.2489,50.0205]]]}},{"type":"Feature","properties":{"codes":["STA","WOR"],"name":"Starnberg","state":"Bayern","districtType":"Landkreis"},"geometry":{"type":"Polygon","coordinates":[[[11.385,48.112],[11.3711,48.115],[11.3446,48.1064],[11.3087,48.1166],[11.3042,48.1275],[11.2521,48.1354],[11.2022,48.1143],[11.1924,48.1011],[11.1426,48.1087],[11.1373,48.0978],[11.1346,48.0816],[11.1392,48.0652],[11.1297,48.0434],[11.1354,48.0147],[11.1418,48.0052],[11.1603,48.0045],[11.1701,47.9904],[11.149,47.9732],[11.149,47.9531],[11.1815,47.9498],[11.1913,47.9336],[11.2215,47.932],[11.2309,47.9181],[11.217,47.9156],[11.1924,47.9017],[11.1913,47.8852],[11.2189,47.8806],[11.2502,47.8822],[11.2887,47.8743],[11.3023,47.8588],[11.2921,47.8479],[11.2895,47.8331],[11.3152,47.8206],[11.3291,47.8215],[11.3371,47.8269],[11.3382,47.8479],[11.3325,47.873],[11.3325,47.9313],[11.3465,47.9274],[11.3684,47.9313],[11.3824,47.9204],[11.3941,47.9204],[11.4062,47.9313],[11.396,47.9399],[11.4292,47.9788],[11.4043,47.995],[11.4217,48.0006],[11.4326,48.0161],[11.4198,48.0418],[11.4134,48.0668],[11.4043,48.0744],[11.4243,48.0964],[11.4217,48.1018],[11.385,48.112]]]}},{"type":"Feature","properties":{"codes":["BOG","MAL","SR"],"name":"Straubing-Bogen","state":"Bayern","districtType":"Landkreis"},"geometry":{"type":"Polygon","coordinates":[[[12.7678,49.115],[12.7542,49.1111],[12.7375,49.1187],[12.6899,49.1016],[12.6533,49.1101],[12.622,49.0986],[12.5989,49.0992],[12.5551,49.0893],[12.5321,49.0745],[12.5275,49.0573],[12.5026,49.062],[12.475,49.0418],[12.4788,49.0323],[12.489,49.0214],[12.4845,49.0059],[12.486,48.9825],[12.475,48.9747],[12.4441,48.9825],[12.4395,48.97],[12.4531,48.9654],[12.4429,48.9538],[12.4395,48.935],[12.4467,48.9258],[12.4403,48.9077],[12.4275,48.8992],[12.4218,48.8767],[12.3863,48.8517],[12.3614,48.847],[12.3429,48.8602],[12.3255,48.8619],[12.3009,48.8549],[12.2896,48.8415],[12.2688,48.8431],[12.2458,48.8306],[12.2311,48.8299],[12.222,48.8105],[12.1861,48.7933],[12.1687,48.791],[12.1302,48.7792],[12.1355,48.766],[12.165,48.7583],[12.1687,48.7498],[12.1982,48.7449],[12.2227,48.7356],[12.2265,48.7264],[12.2639,48.7231],[12.2696,48.7356],[12.3009,48.7465],[12.3074,48.7255],[12.3293,48.7218],[12.3447,48.7248],[12.3595,48.7363],[12.3908,48.735],[12.3852,48.7498],[12.4146,48.7637],[12.4301,48.766],[12.4539,48.7583],[12.4936,48.762],[12.5109,48.7597],[12.5257,48.7498],[12.5457,48.7271],[12.6001,48.7271],[12.6284,48.7435],[12.6514,48.7419],[12.6567,48.7551],[12.679,48.7521],[12.6983,48.7583],[12.7258,48.7778],[12.733,48.7901],[12.753,48.7996],[12.7644,48.7979],[12.7651,48.8098],[12.7496,48.8183],[12.7568,48.8269],[12.7772,48.8315],[12.8036,48.823],[12.8255,48.8243],[12.8486,48.8392],[12.8478,48.8549],[12.8384,48.8672],[12.8486,48.8734],[12.8376,48.8853],[12.8433,48.8968],[12.8607,48.8975],[12.8743,48.9077],[12.8626,48.9179],[12.8641,48.942],[12.8916,48.9545],[12.878,48.9677],[12.8724,48.9904],[12.8229,49.0237],[12.8101,49.0518],[12.7983,49.0613],[12.7972,49.0807],[12.787,49.0962],[12.7678,49.115]],[[12.5328,48.9163],[12.543,48.9242],[12.5649,48.9186],[12.6155,48.8961],[12.6322,48.9077],[12.6495,48.9061],[12.6669,48.8883],[12.6476,48.8635],[12.6182,48.8602],[12.5899,48.8533],[12.5521,48.8477],[12.5128,48.8494],[12.489,48.8556],[12.4807,48.8711],[12.5083,48.8727],[12.5238,48.8781],[12.5155,48.8899],[12.5238,48.91],[12.5328,48.9163]]]}},{"type":"Feature","properties":{"codes":["SR"],"name":"Straubing","state":"Bayern","districtType":"Kreisfreie Stadt"},"geometry":{"type":"Polygon","coordinates":[[[12.5328,48.9163],[12.5238,48.91],[12.5155,48.8899],[12.5238,48.8781],[12.5083,48.8727],[12.4807,48.8711],[12.489,48.8556],[12.5128,48.8494],[12.5521,48.8477],[12.5899,48.8533],[12.6182,48.8602],[12.6476,48.8635],[12.6669,48.8883],[12.6495,48.9061],[12.6322,48.9077],[12.6155,48.8961],[12.5649,48.9186],[12.543,48.9242],[12.5328,48.9163]]]}},{"type":"Feature","properties":{"codes":["KEM","TIR"],"name":"Tirschenreuth","state":"Bayern","districtType":"Landkreis"},"geometry":{"type":"Polygon","coordinates":[[[12.4018,49.7581],[12.4044,49.7628],[12.4743,49.7885],[12.4705,49.8026],[12.475,49.8369],[12.4988,49.8399],[12.4981,49.857],[12.5109,49.8586],[12.5192,49.8772],[12.5487,49.8992],[12.5449,49.9223],[12.4788,49.9358],[12.4698,49.9473],[12.4909,49.9582],[12.4943,49.9754],[12.4769,49.9809],[12.4622,49.9948],[12.4403,49.9872],[12.4358,49.9971],[12.4025,50.0136],[12.3825,50.0129],[12.3493,50.0314],[12.3228,50.0416],[12.3172,50.0532],[12.2979,50.0587],[12.2613,50.0587],[12.2484,50.0416],[12.2201,50.0337],[12.1982,50.033],[12.1997,50.008],[12.1933,50.0004],[12.1465,49.9932],[12.0943,49.977],[12.0777,49.9846],[12.0694,49.9955],[12.0494,49.98],[11.9769,49.9832],[11.9603,49.9777],[11.9134,49.9707],[11.9036,49.9793],[11.8987,49.9691],[11.8621,49.9615],[11.8118,49.9605],[11.8126,49.9348],[11.8311,49.9286],[11.8409,49.8936],[11.842,49.8656],[11.8594,49.8563],[11.8549,49.8468],[11.8587,49.829],[11.8915,49.8033],[11.91,49.7994],[11.9293,49.8112],[11.9531,49.8056],[11.9795,49.8165],[12.0052,49.8165],[12.018,49.8072],[12.0044,49.7908],[12.0456,49.7855],[12.0539,49.7947],[12.0777,49.7838],[12.1,49.801],[12.0943,49.8142],[12.1091,49.8227],[12.1329,49.8221],[12.1457,49.8392],[12.1657,49.8438],[12.1816,49.8399],[12.2126,49.801],[12.2318,49.8017],[12.2367,49.7713],[12.2715,49.766],[12.2945,49.7713],[12.3349,49.7581],[12.3512,49.7667],[12.3723,49.7706],[12.3878,49.7535],[12.4018,49.7581]]]}},{"type":"Feature","properties":{"codes":["LF","TS"],"name":"Traunstein","state":"Bayern","districtType":"Landkreis"},"geometry":{"type":"Polygon","coordinates":[[[12.5661,48.1587],[12.5559,48.1641],[12.5294,48.1525],[12.4988,48.1539],[12.4954,48.1453],[12.4603,48.1182],[12.4411,48.111],[12.4237,48.1314],[12.4037,48.1182],[12.3878,48.1173],[12.3814,48.1041],[12.3549,48.1034],[12.3504,48.0916],[12.3247,48.0659],[12.3576,48.0402],[12.333,48.0121],[12.3402,48.0059],[12.3311,47.9719],[12.3991,47.9422],[12.4154,47.9547],[12.4282,47.9452],[12.4282,47.9267],[12.4441,47.9218],[12.4248,47.8908],[12.412,47.8767],[12.3863,47.8776],[12.364,47.8697],[12.375,47.8347],[12.4267,47.8347],[12.4358,47.8292],[12.4346,47.8153],[12.3889,47.8144],[12.3999,47.7989],[12.3787,47.7817],[12.3814,47.7616],[12.375,47.7537],[12.3478,47.7444],[12.333,47.721],[12.3383,47.6969],[12.364,47.6835],[12.4055,47.693],[12.4403,47.6953],[12.4395,47.6759],[12.4524,47.668],[12.4652,47.6492],[12.4898,47.6377],[12.4988,47.6252],[12.5117,47.6252],[12.5366,47.636],[12.5778,47.6337],[12.5827,47.6479],[12.6046,47.6736],[12.6322,47.6759],[12.6548,47.6719],[12.665,47.6805],[12.6964,47.6821],[12.7164,47.6969],[12.7137,47.7118],[12.7194,47.7342],[12.7356,47.7326],[12.7708,47.7389],[12.7855,47.7537],[12.8017,47.7567],[12.8229,47.753],[12.8357,47.7639],[12.832,47.7833],[12.7734,47.788],[12.7644,47.8044],[12.7485,47.8044],[12.7323,47.8278],[12.7323,47.8473],[12.7413,47.8588],[12.7394,47.873],[12.7466,47.8815],[12.8017,47.8899],[12.8101,47.8822],[12.8754,47.8845],[12.8807,47.8931],[12.8531,47.9033],[12.8512,47.9234],[12.8761,47.9376],[12.8761,47.9624],[12.8705,47.9663],[12.8569,48.0084],[12.835,48.0279],[12.7678,48.0675],[12.753,48.0853],[12.7515,48.1127],[12.7258,48.1018],[12.7035,48.1064],[12.7001,48.0948],[12.7073,48.0668],[12.6816,48.0543],[12.6805,48.045],[12.6533,48.0497],[12.6155,48.0457],[12.6099,48.0645],[12.5808,48.0698],[12.5808,48.0777],[12.5649,48.1002],[12.5661,48.1245],[12.5487,48.1252],[12.5423,48.1391],[12.5661,48.1587]]]}},{"type":"Feature","properties":{"codes":["MN"],"name":"Unterallgäu","state":"Bayern","districtType":"Landkreis"},"geometry":{"type":"MultiPolygon","coordinates":[[[[10.1322,48.0154],[10.1194,48.0036],[10.1149,47.9765],[10.1149,47.964],[10.1288,47.9577],[10.1341,47.9851],[10.1526,47.989],[10.1553,47.9989],[10.1322,48.0154]]],[[[10.5738,48.2125],[10.5454,48.203],[10.5186,48.2248],[10.5012,48.2185],[10.4793,48.2171],[10.4703,48.2076],[10.4427,48.2076],[10.4351,48.1905],[10.4197,48.1937],[10.3883,48.1726],[10.3573,48.1618],[10.3517,48.1733],[10.3369,48.1796],[10.2946,48.1868],[10.3011,48.2148],[10.2931,48.2241],[10.272,48.2296],[10.2546,48.2178],[10.258,48.2053],[10.2259,48.1819],[10.2104,48.1641],[10.2142,48.1446],[10.1912,48.1252],[10.1507,48.1182],[10.136,48.1087],[10.1443,48.0596],[10.1341,48.0379],[10.136,48.024],[10.1931,48.0325],[10.2002,48.0402],[10.224,48.0441],[10.227,48.0108],[10.1995,48.0013],[10.2048,47.9795],[10.2021,47.967],[10.1866,47.9522],[10.1893,47.9413],[10.1745,47.9313],[10.1617,47.9181],[10.1103,47.9376],[10.105,47.9228],[10.1103,47.9109],[10.0918,47.8674],[10.105,47.8565],[10.1084,47.841],[10.1315,47.8199],[10.1693,47.8292],[10.1919,47.8394],[10.19,47.8519],[10.2316,47.8394],[10.2535,47.8456],[10.2516,47.8558],[10.3041,47.8628],[10.3271,47.8581],[10.3415,47.876],[10.3555,47.873],[10.3638,47.8876],[10.383,47.8931],[10.4042,47.9119],[10.4582,47.9267],[10.4691,47.939],[10.491,47.9336],[10.5133,47.9429],[10.5232,47.9804],[10.5647,47.9756],[10.593,47.9679],[10.6104,47.9593],[10.6213,47.9475],[10.6455,47.9709],[10.6463,47.9904],[10.661,48.0022],[10.6591,48.0161],[10.6776,48.0154],[10.6867,48.0302],[10.6905,48.048],[10.7067,48.0589],[10.7014,48.0978],[10.6939,48.0971],[10.684,48.1305],[10.7014,48.1446],[10.6848,48.1726],[10.6553,48.1719],[10.6278,48.1657],[10.5685,48.1671],[10.5545,48.1805],[10.5877,48.1868],[10.5738,48.2125]]]]}},{"type":"Feature","properties":{"codes":["OCH","WÜ"],"name":"Würzburg","state":"Bayern","districtType":"Kreisfreie Stadt"},"geometry":{"type":"Polygon","coordinates":[[[9.9389,49.7278],[9.9396,49.7199],[9.9627,49.7107],[9.98,49.7123],[9.9857,49.7222],[9.9729,49.7294],[9.9857,49.7456],[9.9634,49.772],[9.9857,49.7901],[10.0095,49.7954],[10.0038,49.8197],[9.9902,49.8336],[9.971,49.8399],[9.9377,49.8336],[9.9094,49.8438],[9.9075,49.8251],[9.8947,49.8274],[9.8728,49.8221],[9.8837,49.7931],[9.8966,49.7894],[9.8966,49.7674],[9.8765,49.7535],[9.8875,49.744],[9.9022,49.7479],[9.9362,49.7347],[9.9389,49.7278]]]}},{"type":"Feature","properties":{"codes":["OCH","WÜ"],"name":"Würzburg","state":"Bayern","districtType":"Landkreis"},"geometry":{"type":"Polygon","coordinates":[[[10.1893,49.892],[10.1893,49.9038],[10.1738,49.9138],[10.1515,49.9045],[10.136,49.9091],[10.1032,49.9101],[10.1058,49.9286],[10.0699,49.9318],[10.0616,49.9434],[10.0306,49.952],[10.014,49.952],[10.0084,49.9372],[9.9838,49.9404],[9.9536,49.9388],[9.9396,49.949],[9.9139,49.9348],[9.9177,49.9077],[9.9287,49.8929],[9.883,49.892],[9.8505,49.8952],[9.8388,49.8913],[9.8278,49.8725],[9.8048,49.8811],[9.7799,49.8781],[9.7534,49.8649],[9.7444,49.8438],[9.724,49.8336],[9.6975,49.8383],[9.6752,49.8313],[9.6801,49.8197],[9.67,49.8033],[9.6533,49.804],[9.6488,49.7917],[9.645,49.7776],[9.6514,49.7667],[9.6378,49.7542],[9.6443,49.744],[9.6352,49.7278],[9.6303,49.7014],[9.6507,49.688],[9.6764,49.6935],[9.6771,49.716],[9.7092,49.7269],[9.7149,49.709],[9.7398,49.688],[9.7527,49.709],[9.7791,49.7222],[9.7965,49.7208],[9.8312,49.7037],[9.835,49.6919],[9.824,49.6632],[9.8312,49.6507],[9.8554,49.6414],[9.8709,49.6085],[9.8414,49.5923],[9.8478,49.5768],[9.8176,49.5587],[9.8267,49.5518],[9.8588,49.5462],[9.8645,49.5682],[9.8754,49.5782],[9.8985,49.5884],[9.9056,49.5775],[9.8985,49.562],[9.9204,49.5634],[9.9249,49.5089],[9.9139,49.4934],[9.9268,49.4849],[9.9517,49.4802],[9.9921,49.4865],[10.0204,49.4865],[10.0295,49.5034],[10.0461,49.5066],[10.0571,49.5191],[10.0397,49.5291],[10.059,49.5363],[10.0616,49.5448],[10.0839,49.5432],[10.0801,49.561],[10.0718,49.5673],[10.0711,49.5939],[10.0865,49.6085],[10.1103,49.621],[10.0847,49.6328],[10.082,49.6477],[10.0918,49.6599],[10.1334,49.6685],[10.1277,49.6866],[10.1032,49.7021],[10.0956,49.7153],[10.0661,49.7199],[10.0507,49.7294],[10.0435,49.7479],[10.0616,49.7581],[10.0544,49.769],[10.0616,49.7845],[10.0563,49.8003],[10.0673,49.8274],[10.0865,49.8376],[10.1096,49.8359],[10.1288,49.8491],[10.1609,49.8461],[10.1662,49.8695],[10.1628,49.8781],[10.1893,49.892]],[[9.9389,49.7278],[9.9362,49.7347],[9.9022,49.7479],[9.8875,49.744],[9.8765,49.7535],[9.8966,49.7674],[9.8966,49.7894],[9.8837,49.7931],[9.8728,49.8221],[9.8947,49.8274],[9.9075,49.8251],[9.9094,49.8438],[9.9377,49.8336],[9.971,49.8399],[9.9902,49.8336],[10.0038,49.8197],[10.0095,49.7954],[9.9857,49.7901],[9.9634,49.772],[9.9857,49.7456],[9.9729,49.7294],[9.9857,49.7222],[9.98,49.7123],[9.9627,49.7107],[9.9396,49.7199],[9.9389,49.7278]]]}},{"type":"Feature","properties":{"codes":["GUN","WUG"],"name":"Weißenburg-Gunzenhausen","state":"Bayern","districtType":"Landkreis"},"geometry":{"type":"Polygon","coordinates":[[[10.8381,49.1974],[10.8234,49.1951],[10.7951,49.1991],[10.7792,49.2053],[10.76,49.2037],[10.7086,49.1787],[10.695,49.1523],[10.6553,49.1328],[10.6648,49.1157],[10.6455,49.09],[10.6738,49.083],[10.6856,49.0722],[10.681,49.0573],[10.6874,49.0471],[10.6765,49.0386],[10.6655,49.0168],[10.6425,49.0168],[10.6308,48.9957],[10.6417,48.9809],[10.6712,48.9825],[10.681,48.9654],[10.6924,48.9598],[10.7014,48.9436],[10.6701,48.9195],[10.7116,48.9001],[10.7214,48.9001],[10.7388,48.9258],[10.7702,48.9249],[10.7951,48.9436],[10.8143,48.9452],[10.8298,48.9186],[10.8208,48.91],[10.8287,48.8952],[10.8548,48.8968],[10.8536,48.8843],[10.8755,48.8758],[10.9061,48.8829],[10.9371,48.8635],[10.9628,48.8595],[10.9737,48.879],[10.996,48.8843],[11.0289,48.8876],[11.0289,48.8952],[11.0462,48.9054],[11.0738,48.9147],[11.0508,48.9327],[11.0848,48.9614],[11.1014,48.9661],[11.1392,48.9647],[11.1482,48.9855],[11.163,49.0027],[11.1611,49.0122],[11.1894,49.0198],[11.1822,49.0323],[11.2015,49.0464],[11.1815,49.058],[11.1656,49.083],[11.1463,49.0814],[11.1142,49.0893],[11.1078,49.0962],[11.0776,49.1118],[11.0655,49.1298],[11.0508,49.125],[10.9968,49.1553],[10.939,49.1483],[10.9382,49.1312],[10.9107,49.1398],[10.894,49.1516],[10.8555,49.1609],[10.8755,49.1882],[10.8491,49.1889],[10.8381,49.1974]]]}},{"type":"Feature","properties":{"codes":["WEN"],"name":"Weiden in der Oberpfalz","state":"Bayern","districtType":"Kreisfreie Stadt"},"geometry":{"type":"Polygon","coordinates":[[[12.0694,49.6717],[12.1136,49.6421],[12.1272,49.6148],[12.1465,49.625],[12.1457,49.6375],[12.1778,49.6632],[12.1861,49.653],[12.2027,49.653],[12.2092,49.6623],[12.2375,49.6398],[12.2632,49.653],[12.253,49.6662],[12.2239,49.6724],[12.2239,49.6856],[12.1906,49.6866],[12.1816,49.7028],[12.1502,49.7044],[12.1302,49.7113],[12.1155,49.7014],[12.0751,49.7005],[12.0872,49.6912],[12.0694,49.6717]]]}},{"type":"Feature","properties":{"codes":["SOG","WM"],"name":"Weilheim-Schongau","state":"Bayern","districtType":"Landkreis"},"geometry":{"type":"Polygon","coordinates":[[[11.3291,47.8215],[11.3152,47.8206],[11.2895,47.8331],[11.2921,47.8479],[11.3023,47.8588],[11.2887,47.8743],[11.2502,47.8822],[11.2189,47.8806],[11.1913,47.8852],[11.1924,47.9017],[11.217,47.9156],[11.2309,47.9181],[11.2215,47.932],[11.1913,47.9336],[11.1815,47.9498],[11.149,47.9531],[11.149,47.9399],[11.129,47.9383],[11.1188,47.9274],[11.075,47.9204],[11.084,47.9063],[11.0655,47.8984],[11.0353,47.8984],[11.0225,47.9063],[11.0013,47.904],[10.9737,47.8799],[10.982,47.869],[10.9556,47.8644],[10.9428,47.879],[10.9235,47.8737],[10.9171,47.8581],[10.8978,47.8618],[10.8948,47.8697],[10.874,47.8713],[10.8317,47.8526],[10.794,47.8542],[10.7804,47.8424],[10.7675,47.844],[10.7528,47.8176],[10.7483,47.7972],[10.7664,47.785],[10.7811,47.781],[10.7773,47.7669],[10.7407,47.7678],[10.7335,47.7444],[10.7324,47.7132],[10.7161,47.7055],[10.7252,47.6976],[10.7547,47.6884],[10.7739,47.7],[10.794,47.7187],[10.8287,47.728],[10.8287,47.7187],[10.7977,47.7016],[10.7985,47.6868],[10.7785,47.6627],[10.7985,47.6564],[10.8242,47.6571],[10.8483,47.6673],[10.8804,47.6555],[10.9152,47.6604],[10.9031,47.6377],[10.9261,47.6298],[10.9363,47.6159],[10.9545,47.6166],[10.9628,47.6212],[10.9666,47.6446],[10.9896,47.6564],[10.9832,47.6828],[10.9647,47.6976],[10.9786,47.7141],[11.0417,47.7078],[11.0444,47.7164],[11.0648,47.728],[11.0942,47.7326],[11.1033,47.7264],[11.1225,47.7366],[11.1399,47.7359],[11.1803,47.7155],[11.2007,47.7326],[11.2136,47.725],[11.2895,47.7148],[11.3208,47.7046],[11.3439,47.6937],[11.3722,47.7069],[11.3658,47.7187],[11.3805,47.7326],[11.4081,47.7389],[11.4153,47.7521],[11.4032,47.7646],[11.3998,47.7856],[11.3896,47.7989],[11.3722,47.7935],[11.3401,47.8021],[11.3291,47.8215]]]}},{"type":"Feature","properties":{"codes":["MAK","REH","SEL","WUN"],"name":"Wunsiedel im Fichtelgebirge","state":"Bayern","districtType":"Landkreis"},"geometry":{"type":"Polygon","coordinates":[[[12.1604,50.2199],[12.1291,50.2121],[12.077,50.2206],[12.0494,50.209],[12.0449,50.1942],[12.032,50.184],[11.9961,50.1715],[11.9833,50.1896],[11.964,50.2028],[11.9327,50.1982],[11.941,50.1896],[11.9376,50.1741],[11.9006,50.156],[11.8485,50.1194],[11.8345,50.1171],[11.8126,50.1046],[11.7888,50.1032],[11.8088,50.0976],[11.7971,50.0798],[11.8005,50.0719],[11.8311,50.0673],[11.8356,50.0541],[11.8677,50.0416],[11.8749,50.0175],[11.8987,49.9988],[11.9036,49.9793],[11.9134,49.9707],[11.9603,49.9777],[11.9769,49.9832],[12.0494,49.98],[12.0694,49.9955],[12.0777,49.9846],[12.0943,49.977],[12.1465,49.9932],[12.1933,50.0004],[12.1997,50.008],[12.1982,50.033],[12.2201,50.0337],[12.2484,50.0416],[12.2613,50.0587],[12.2669,50.0782],[12.2292,50.1023],[12.2016,50.1085],[12.1944,50.1382],[12.2163,50.1685],[12.2016,50.1887],[12.1888,50.1949],[12.1759,50.213],[12.1604,50.2199]]]}},{"type":"Feature","properties":{"codes":["B"],"name":"Berlin","state":"Berlin","districtType":"Kreisfreie Stadt"},"geometry":{"type":"Polygon","coordinates":[[[13.1662,52.3941],[13.1598,52.4027],[13.1957,52.4152],[13.2459,52.4205],[13.2497,52.4096],[13.2671,52.4043],[13.2965,52.4136],[13.312,52.3995],[13.3434,52.412],[13.3434,52.4073],[13.3872,52.3886],[13.3883,52.3777],[13.4212,52.3761],[13.4276,52.3872],[13.4185,52.4096],[13.468,52.4198],[13.4789,52.4004],[13.5186,52.4011],[13.536,52.3886],[13.5654,52.3886],[13.593,52.3941],[13.6123,52.377],[13.6277,52.3816],[13.647,52.3661],[13.6379,52.3575],[13.647,52.3381],[13.6682,52.3638],[13.6938,52.3691],[13.6991,52.3777],[13.6912,52.3856],[13.7169,52.3995],[13.7343,52.4018],[13.7297,52.4159],[13.7535,52.4479],[13.7286,52.4509],[13.704,52.4666],[13.6863,52.465],[13.667,52.4743],[13.6478,52.4789],[13.6111,52.4703],[13.6138,52.4726],[13.633,52.5118],[13.6591,52.5257],[13.6315,52.5312],[13.6111,52.5444],[13.5873,52.5484],[13.5817,52.5708],[13.5673,52.5748],[13.5469,52.588],[13.5084,52.5919],[13.4993,52.6051],[13.5058,52.6262],[13.5175,52.6292],[13.5129,52.6456],[13.4755,52.6667],[13.4525,52.6635],[13.4699,52.6519],[13.4404,52.6496],[13.4242,52.6354],[13.3985,52.648],[13.3671,52.6262],[13.3369,52.6229],[13.3082,52.6301],[13.3094,52.6417],[13.2946,52.6588],[13.2825,52.641],[13.2625,52.641],[13.2644,52.6269],[13.2278,52.6278],[13.2021,52.6067],[13.2183,52.591],[13.2176,52.5873],[13.1919,52.5903],[13.1643,52.5989],[13.1488,52.591],[13.1534,52.5725],[13.147,52.5546],[13.1303,52.556],[13.1175,52.5171],[13.1451,52.5178],[13.1662,52.5102],[13.1534,52.5016],[13.1111,52.4666],[13.1092,52.4509],[13.1232,52.4393],[13.0899,52.412],[13.1247,52.3971],[13.1662,52.3941]]]}},{"type":"Feature","properties":{"codes":["BAR","BER","EW"],"name":"Barnim","state":"Brandenburg","districtType":"Landkreis"},"geometry":{"type":"Polygon","coordinates":[[[14.1433,52.9611],[14.1104,52.9657],[14.0727,52.9594],[14.0719,52.9493],[14.0277,52.9564],[14.0141,52.9321],[14.0002,52.9321],[13.9775,52.9486],[13.9866,52.9588],[13.9692,52.9641],[13.9597,52.9548],[13.9424,52.9555],[13.9469,52.9611],[13.9269,52.9819],[13.9012,52.9759],[13.8615,52.9733],[13.8517,52.9858],[13.826,52.9891],[13.8306,53.0201],[13.8525,53.0178],[13.86,53.0396],[13.8857,53.0521],[13.8487,53.0583],[13.8177,53.0576],[13.8196,53.0505],[13.7664,53.0451],[13.7516,53.0396],[13.7343,53.0442],[13.7112,53.0349],[13.6874,53.0419],[13.6655,53.0139],[13.6719,53.0007],[13.6194,53.003],[13.6168,53.0],[13.5552,52.9882],[13.5175,52.9891],[13.5129,52.975],[13.4846,52.9641],[13.4525,52.965],[13.4295,52.9486],[13.4038,52.9407],[13.4094,52.911],[13.4725,52.9189],[13.4808,52.9041],[13.4616,52.8856],[13.4846,52.8527],[13.5194,52.8457],[13.5001,52.8309],[13.491,52.8108],[13.4223,52.8045],[13.4306,52.7897],[13.4038,52.7756],[13.4147,52.7515],[13.4083,52.7376],[13.4057,52.6737],[13.414,52.6681],[13.3985,52.648],[13.4242,52.6354],[13.4404,52.6496],[13.4699,52.6519],[13.4525,52.6635],[13.4755,52.6667],[13.5129,52.6456],[13.5175,52.6292],[13.5058,52.6262],[13.4993,52.6051],[13.5084,52.5919],[13.5469,52.588],[13.5673,52.5748],[13.5817,52.5708],[13.5873,52.5484],[13.6111,52.5444],[13.6157,52.5616],[13.6406,52.5685],[13.6655,52.5669],[13.715,52.588],[13.715,52.6028],[13.7297,52.6121],[13.7747,52.6216],[13.8196,52.6278],[13.8453,52.6473],[13.8487,52.6697],[13.8581,52.6845],[13.8434,52.6915],[13.8158,52.6783],[13.78,52.6667],[13.7581,52.7086],[13.7599,52.7165],[13.7369,52.7343],[13.7637,52.7438],[13.7928,52.7492],[13.7992,52.7445],[13.837,52.7554],[13.8615,52.7584],[13.8627,52.7719],[13.8763,52.7795],[13.9231,52.7943],[13.9405,52.8075],[13.9405,52.8247],[13.9756,52.8256],[13.9873,52.852],[13.9994,52.855],[14.0213,52.8474],[14.0938,52.8606],[14.0802,52.8738],[14.061,52.8691],[14.0591,52.8846],[14.0727,52.8988],[14.1252,52.9034],[14.1297,52.8893],[14.1561,52.8955],[14.1388,52.9509],[14.1433,52.9611]]]}},{"type":"Feature","properties":{"codes":["BRB"],"name":"Brandenburg an der Havel","state":"Brandenburg","districtType":"Kreisfreie Stadt"},"geometry":{"type":"Polygon","coordinates":[[[12.3614,52.4432],[12.3659,52.4284],[12.387,52.4337],[12.3878,52.4034],[12.3991,52.3793],[12.3954,52.3622],[12.4127,52.348],[12.4191,52.3114],[12.4743,52.3186],[12.4815,52.3263],[12.5053,52.3223],[12.5366,52.3536],[12.5615,52.3467],[12.5936,52.348],[12.5944,52.3605],[12.6118,52.3925],[12.6514,52.3957],[12.6873,52.4189],[12.6707,52.4386],[12.6918,52.4462],[12.6578,52.4555],[12.6393,52.4509],[12.6227,52.4587],[12.5732,52.4455],[12.5732,52.465],[12.5816,52.4752],[12.5963,52.4775],[12.6053,52.4851],[12.6514,52.4835],[12.6458,52.4835],[12.6424,52.4907],[12.6046,52.4907],[12.5955,52.4798],[12.5649,52.4752],[12.5649,52.4509],[12.5173,52.4532],[12.5083,52.4689],[12.4924,52.4689],[12.4679,52.4502],[12.4448,52.4532],[12.4475,52.4252],[12.4411,52.4238],[12.4203,52.4354],[12.4282,52.458],[12.4063,52.4571],[12.3935,52.4479],[12.3614,52.4432]]]}},{"type":"Feature","properties":{"codes":["CB"],"name":"Cottbus","state":"Brandenburg","districtType":"Kreisfreie Stadt"},"geometry":{"type":"Polygon","coordinates":[[[14.493,51.7751],[14.5013,51.7781],[14.4885,51.7992],[14.4553,51.8022],[14.4462,51.8156],[14.4296,51.8031],[14.4058,51.8008],[14.371,51.8311],[14.3877,51.8536],[14.3427,51.8522],[14.3042,51.8638],[14.3004,51.8483],[14.3042,51.8242],[14.2993,51.8094],[14.2747,51.8031],[14.2736,51.7936],[14.2849,51.7695],[14.2755,51.7376],[14.2913,51.7336],[14.3095,51.7197],[14.3114,51.7019],[14.3397,51.6924],[14.371,51.698],[14.3846,51.7135],[14.4031,51.7026],[14.4436,51.7033],[14.4507,51.7213],[14.4198,51.7299],[14.396,51.7422],[14.3922,51.7517],[14.416,51.7547],[14.4488,51.7471],[14.4719,51.7742],[14.493,51.7751]]]}},{"type":"Feature","properties":{"codes":["KW","LC","LDS","LN"],"name":"Dahme-Spreewald","state":"Brandenburg","districtType":"Landkreis"},"geometry":{"type":"Polygon","coordinates":[[[13.6991,52.3777],[13.6938,52.3691],[13.6682,52.3638],[13.647,52.3381],[13.6379,52.3575],[13.647,52.3661],[13.6277,52.3816],[13.6123,52.377],[13.593,52.3941],[13.5654,52.3886],[13.536,52.3886],[13.5186,52.4011],[13.4789,52.4004],[13.468,52.4198],[13.4185,52.4096],[13.4276,52.3872],[13.4212,52.3761],[13.4212,52.3645],[13.4423,52.3629],[13.4415,52.3529],[13.4563,52.342],[13.4993,52.3365],[13.4827,52.3223],[13.4974,52.3068],[13.4835,52.2857],[13.5076,52.282],[13.5046,52.2649],[13.4706,52.2617],[13.4525,52.2563],[13.4608,52.2422],[13.4771,52.2336],[13.4929,52.2336],[13.5175,52.2431],[13.5533,52.2346],[13.5764,52.2112],[13.5809,52.1947],[13.5462,52.1931],[13.5443,52.173],[13.5488,52.1526],[13.5496,52.1215],[13.5405,52.0975],[13.5598,52.0903],[13.5771,52.0903],[13.6304,52.0708],[13.6527,52.0484],[13.6368,52.0352],[13.6425,52.0101],[13.6028,52.0078],[13.5911,52.0009],[13.5654,51.9993],[13.5443,51.9891],[13.5258,51.9877],[13.5031,51.9689],[13.4835,51.9666],[13.4468,51.9752],[13.4166,51.9768],[13.4185,51.9416],[13.4121,51.93],[13.4314,51.9245],[13.482,51.933],[13.4918,51.9277],[13.5194,51.93],[13.5515,51.9214],[13.5462,51.905],[13.5688,51.8957],[13.5386,51.8654],[13.5481,51.8622],[13.5481,51.8327],[13.5552,51.8094],[13.5076,51.7922],[13.5205,51.782],[13.5277,51.7626],[13.5496,51.7461],[13.579,51.7563],[13.6092,51.7408],[13.6617,51.7471],[13.6644,51.7329],[13.6946,51.7267],[13.6976,51.7431],[13.7407,51.7563],[13.783,51.7547],[13.783,51.7352],[13.8306,51.7415],[13.8442,51.7352],[13.8551,51.7524],[13.8313,51.7579],[13.8223,51.7742],[13.8056,51.785],[13.8377,51.7899],[13.837,51.8107],[13.8434,51.8311],[13.8408,51.8506],[13.8268,51.8575],[13.8472,51.8763],[13.8634,51.8802],[13.8634,51.8918],[13.8955,51.8941],[13.9371,51.902],[13.9526,51.8981],[13.9809,51.9004],[14.0307,51.8839],[14.0885,51.8786],[14.1342,51.8717],[14.1739,51.8568],[14.1811,51.8645],[14.2151,51.8693],[14.2253,51.8888],[14.2234,51.9043],[14.2528,51.9082],[14.3197,51.9353],[14.3491,51.9323],[14.3929,51.9353],[14.3756,51.9719],[14.3699,52.0],[14.3929,52.0078],[14.4296,52.0085],[14.4538,52.0141],[14.4462,52.0266],[14.4152,52.0243],[14.4031,52.0312],[14.4013,52.053],[14.3684,52.0685],[14.3472,52.0724],[14.3049,52.0562],[14.3023,52.0477],[14.2581,52.0319],[14.2415,52.0398],[14.2196,52.0421],[14.2139,52.0523],[14.2253,52.0757],[14.2124,52.081],[14.1931,52.0592],[14.1271,52.0537],[14.1252,52.0671],[14.1142,52.0717],[14.1123,52.0873],[14.0553,52.1051],[14.0168,52.1123],[13.9858,52.1215],[13.968,52.1364],[13.9378,52.138],[13.871,52.1185],[13.8453,52.1215],[13.8717,52.141],[13.8563,52.1644],[13.86,52.1723],[13.8891,52.1697],[13.8782,52.1822],[13.8563,52.1894],[13.8351,52.1855],[13.8479,52.2049],[13.8415,52.2188],[13.8204,52.2445],[13.8306,52.2454],[13.8479,52.261],[13.8563,52.2758],[13.8544,52.2897],[13.8215,52.2883],[13.8396,52.3045],[13.8185,52.3131],[13.7781,52.3233],[13.7664,52.317],[13.735,52.3233],[13.7535,52.3443],[13.7286,52.3675],[13.7407,52.3714],[13.7286,52.3863],[13.7074,52.3895],[13.6991,52.3777]]]}},{"type":"Feature","properties":{"codes":["EE","FI","LIB"],"name":"Elbe-Elster","state":"Brandenburg","districtType":"Landkreis"},"geometry":{"type":"Polygon","coordinates":[[[13.5076,51.7922],[13.4635,51.7936],[13.4442,51.8077],[13.3909,51.817],[13.3543,51.8327],[13.3403,51.8279],[13.3131,51.8302],[13.3067,51.8202],[13.2818,51.8265],[13.2697,51.8202],[13.2478,51.8226],[13.2278,51.8381],[13.2202,51.8568],[13.2331,51.8684],[13.2304,51.8779],[13.2085,51.8786],[13.1836,51.8865],[13.1624,51.8839],[13.1636,51.8608],[13.1239,51.8575],[13.1424,51.8209],[13.1636,51.8022],[13.1598,51.7742],[13.1477,51.7665],[13.1636,51.7547],[13.1541,51.7447],[13.1798,51.7313],[13.1541,51.7105],[13.1624,51.6917],[13.1277,51.6762],[13.0514,51.6472],[13.0809,51.6178],[13.0854,51.609],[13.1194,51.6185],[13.1617,51.5921],[13.1424,51.5724],[13.147,51.5632],[13.1855,51.5578],[13.19,51.5398],[13.2085,51.5243],[13.2074,51.5048],[13.1828,51.4712],[13.2036,51.458],[13.1972,51.4346],[13.2138,51.3967],[13.2561,51.3918],[13.2599,51.4004],[13.2863,51.3997],[13.2863,51.4112],[13.3112,51.4224],[13.3581,51.4339],[13.3762,51.4247],[13.3883,51.4478],[13.4019,51.4541],[13.411,51.4402],[13.4287,51.4316],[13.4653,51.4214],[13.4635,51.4122],[13.5212,51.402],[13.525,51.3841],[13.5507,51.3795],[13.57,51.3855],[13.5881,51.3848],[13.5938,51.3693],[13.6829,51.3677],[13.7022,51.3825],[13.692,51.402],[13.6991,51.4254],[13.7158,51.4168],[13.7222,51.4309],[13.7176,51.4511],[13.6927,51.462],[13.6927,51.4798],[13.6818,51.4877],[13.6489,51.493],[13.658,51.5064],[13.6542,51.5289],[13.6855,51.5289],[13.6893,51.5213],[13.7093,51.5187],[13.7267,51.5236],[13.7343,51.5358],[13.7671,51.5328],[13.7909,51.5358],[13.8498,51.5632],[13.8755,51.5664],[13.8808,51.5773],[13.8664,51.5912],[13.8902,51.6192],[13.8865,51.6465],[13.8453,51.6667],[13.826,51.6956],[13.8094,51.6956],[13.7985,51.7369],[13.783,51.7352],[13.783,51.7547],[13.7407,51.7563],[13.6976,51.7431],[13.6946,51.7267],[13.6644,51.7329],[13.6617,51.7471],[13.6092,51.7408],[13.579,51.7563],[13.5496,51.7461],[13.5277,51.7626],[13.5205,51.782],[13.5076,51.7922]]]}},{"type":"Feature","properties":{"codes":["FF"],"name":"Frankfurt (Oder)","state":"Brandenburg","districtType":"Kreisfreie Stadt"},"geometry":{"type":"Polygon","coordinates":[[[14.4232,52.3737],[14.4077,52.3536],[14.4326,52.3427],[14.3975,52.3077],[14.4039,52.2936],[14.3948,52.2686],[14.4315,52.2702],[14.4674,52.2758],[14.4923,52.2531],[14.518,52.2626],[14.5353,52.2563],[14.5682,52.2765],[14.6014,52.2718],[14.5939,52.2735],[14.5757,52.2969],[14.5848,52.3038],[14.552,52.3536],[14.552,52.3754],[14.5342,52.3948],[14.5104,52.3918],[14.4764,52.3981],[14.4307,52.3941],[14.4232,52.3737]]]}},{"type":"Feature","properties":{"codes":["HVL","NAU","RN"],"name":"Havelland","state":"Brandenburg","districtType":"Landkreis"},"geometry":{"type":"Polygon","coordinates":[[[12.8286,52.6947],[12.8293,52.6839],[12.7625,52.6954],[12.7402,52.7033],[12.7356,52.7142],[12.7073,52.729],[12.7221,52.7461],[12.7183,52.7584],[12.6745,52.7695],[12.6696,52.7818],[12.6488,52.8013],[12.6091,52.792],[12.6019,52.8013],[12.5827,52.8084],[12.5487,52.8108],[12.534,52.7927],[12.5449,52.7811],[12.5506,52.7633],[12.5468,52.7531],[12.5181,52.7531],[12.4871,52.761],[12.4603,52.7561],[12.4384,52.757],[12.4082,52.7524],[12.3954,52.7719],[12.4055,52.7858],[12.3972,52.8022],[12.3787,52.8022],[12.3319,52.7952],[12.2945,52.8006],[12.2639,52.8006],[12.2496,52.792],[12.2239,52.7874],[12.2209,52.7732],[12.2061,52.7624],[12.2201,52.7468],[12.2227,52.7399],[12.2046,52.7304],[12.2175,52.6977],[12.2356,52.6806],[12.2382,52.6628],[12.2311,52.6301],[12.2035,52.6183],[12.1695,52.6216],[12.1733,52.5826],[12.1816,52.5755],[12.1604,52.5623],[12.1449,52.5296],[12.174,52.5389],[12.1888,52.5326],[12.1676,52.5148],[12.1714,52.5062],[12.1854,52.496],[12.1997,52.497],[12.2239,52.5118],[12.2329,52.5234],[12.2586,52.5178],[12.2688,52.5007],[12.2715,52.4875],[12.2979,52.496],[12.3126,52.4898],[12.3092,52.4782],[12.3266,52.4743],[12.3172,52.4541],[12.3285,52.44],[12.3935,52.4479],[12.4063,52.4571],[12.4282,52.458],[12.4395,52.4641],[12.4358,52.4759],[12.4135,52.4759],[12.4237,52.4923],[12.4165,52.5102],[12.4293,52.5141],[12.4256,52.5296],[12.4282,52.5537],[12.4539,52.5507],[12.4781,52.5576],[12.4988,52.5389],[12.5136,52.5342],[12.5366,52.5382],[12.5468,52.5312],[12.5834,52.5273],[12.6137,52.5373],[12.6514,52.5421],[12.6726,52.5373],[12.6907,52.5498],[12.7164,52.5461],[12.7239,52.5398],[12.7164,52.525],[12.7496,52.5092],[12.7349,52.4983],[12.7594,52.4812],[12.7421,52.4775],[12.7787,52.4627],[12.8127,52.4657],[12.8101,52.4726],[12.8184,52.4736],[12.8769,52.4532],[12.8947,52.458],[12.8935,52.4611],[12.8954,52.468],[12.9173,52.4743],[12.9449,52.5046],[12.9955,52.5102],[13.0038,52.5148],[13.0276,52.4828],[13.045,52.4689],[13.0688,52.4611],[13.0956,52.4703],[13.0982,52.4946],[13.1213,52.4907],[13.1368,52.5016],[13.1534,52.5016],[13.1662,52.5102],[13.1451,52.5178],[13.1175,52.5171],[13.1303,52.556],[13.147,52.5546],[13.1534,52.5725],[13.1488,52.591],[13.1643,52.5989],[13.1534,52.6012],[13.1598,52.6167],[13.156,52.6285],[13.1111,52.6348],[13.0899,52.6644],[13.0956,52.6776],[13.0763,52.6776],[13.0469,52.669],[13.02,52.6704],[13.0231,52.6869],[12.9917,52.6924],[12.977,52.7109],[12.9608,52.7204],[12.9294,52.7251],[12.9237,52.7195],[12.8716,52.7096],[12.8671,52.704],[12.8286,52.6947]]]}},{"type":"Feature","properties":{"codes":["FRW","MOL","SEE","SRB"],"name":"Märkisch-Oderland","state":"Brandenburg","districtType":"Landkreis"},"geometry":{"type":"Polygon","coordinates":[[[14.1561,52.8955],[14.1297,52.8893],[14.1252,52.9034],[14.0727,52.8988],[14.0591,52.8846],[14.061,52.8691],[14.0802,52.8738],[14.0938,52.8606],[14.0213,52.8474],[13.9994,52.855],[13.9873,52.852],[13.9756,52.8256],[13.9405,52.8247],[13.9405,52.8075],[13.9231,52.7943],[13.8763,52.7795],[13.8627,52.7719],[13.8615,52.7584],[13.837,52.7554],[13.7992,52.7445],[13.7928,52.7492],[13.7637,52.7438],[13.7369,52.7343],[13.7599,52.7165],[13.7581,52.7086],[13.78,52.6667],[13.8158,52.6783],[13.8434,52.6915],[13.8581,52.6845],[13.8487,52.6697],[13.8453,52.6473],[13.8196,52.6278],[13.7747,52.6216],[13.7297,52.6121],[13.715,52.6028],[13.715,52.588],[13.6655,52.5669],[13.6406,52.5685],[13.6157,52.5616],[13.6111,52.5444],[13.6315,52.5312],[13.6591,52.5257],[13.633,52.5118],[13.6138,52.4726],[13.6111,52.4703],[13.6478,52.4789],[13.667,52.4743],[13.6784,52.4937],[13.692,52.5032],[13.7112,52.4937],[13.7414,52.4861],[13.7407,52.4673],[13.7618,52.4571],[13.7671,52.4462],[13.8249,52.44],[13.8536,52.4525],[13.8793,52.4571],[13.8993,52.4743],[13.9507,52.4766],[13.9654,52.4657],[13.9873,52.4657],[14.0066,52.4469],[14.0277,52.4712],[14.0738,52.4805],[14.0893,52.4509],[14.0976,52.4618],[14.1176,52.4594],[14.1361,52.4657],[14.1675,52.4666],[14.183,52.4766],[14.1882,52.4983],[14.2298,52.4907],[14.2592,52.4673],[14.2755,52.4627],[14.2728,52.4509],[14.2849,52.4245],[14.2812,52.4089],[14.3031,52.4034],[14.328,52.4034],[14.3159,52.3823],[14.3499,52.3737],[14.362,52.3856],[14.3775,52.3863],[14.4232,52.3737],[14.4307,52.3941],[14.4764,52.3981],[14.5104,52.3918],[14.5342,52.3948],[14.547,52.4143],[14.5463,52.4307],[14.5591,52.4393],[14.5757,52.44],[14.6105,52.465],[14.6131,52.4775],[14.6354,52.4946],[14.6124,52.5102],[14.6048,52.5359],[14.6196,52.5576],[14.64,52.5685],[14.618,52.5833],[14.5977,52.6097],[14.5674,52.6239],[14.5051,52.6433],[14.4628,52.6628],[14.4526,52.6776],[14.4352,52.6799],[14.4288,52.6908],[14.3525,52.7508],[14.3235,52.7624],[14.2793,52.7742],[14.2453,52.7943],[14.2177,52.817],[14.1414,52.824],[14.1233,52.8355],[14.1233,52.8457],[14.158,52.8745],[14.1561,52.8955]]]}},{"type":"Feature","properties":{"codes":["OHV"],"name":"Oberhavel","state":"Brandenburg","districtType":"Landkreis"},"geometry":{"type":"Polygon","coordinates":[[[13.2414,53.2327],[13.2293,53.2165],[13.2047,53.2202],[13.1817,53.2506],[13.1394,53.2459],[13.1028,53.236],[13.1065,53.2156],[13.0873,53.2156],[13.0782,53.2047],[13.0431,53.1968],[13.02,53.176],[12.9845,53.1651],[13.0083,53.1503],[13.0102,53.1417],[12.991,53.1299],[12.9634,53.1331],[12.9377,53.1042],[12.943,53.0903],[12.9679,53.084],[12.9725,53.0732],[13.0212,53.0739],[13.025,53.0567],[13.0231,53.0319],[13.0333,53.0241],[13.011,53.0109],[13.0072,52.999],[13.0265,52.9898],[13.0506,52.9905],[13.0476,52.9766],[13.0552,52.9493],[13.0469,52.9173],[13.0174,52.9057],[13.025,52.8784],[13.0397,52.877],[13.0397,52.8543],[13.0155,52.8652],[12.9751,52.8622],[12.9872,52.8434],[12.966,52.8427],[12.9524,52.8342],[12.9864,52.8286],[12.98,52.8177],[12.9404,52.8045],[12.9313,52.7913],[12.9173,52.7874],[12.9101,52.7726],[12.923,52.7702],[12.9211,52.7445],[12.9101,52.7445],[12.8716,52.7274],[12.8807,52.7188],[12.8467,52.7056],[12.8248,52.7079],[12.8286,52.6947],[12.8671,52.704],[12.8716,52.7096],[12.9237,52.7195],[12.9294,52.7251],[12.9608,52.7204],[12.977,52.7109],[12.9917,52.6924],[13.0231,52.6869],[13.02,52.6704],[13.0469,52.669],[13.0763,52.6776],[13.0956,52.6776],[13.0899,52.6644],[13.1111,52.6348],[13.156,52.6285],[13.1598,52.6167],[13.1534,52.6012],[13.1919,52.5903],[13.2176,52.5873],[13.2183,52.591],[13.2021,52.6067],[13.2278,52.6278],[13.2644,52.6269],[13.2625,52.641],[13.2825,52.641],[13.2946,52.6588],[13.3094,52.6417],[13.3082,52.6301],[13.3369,52.6229],[13.3671,52.6262],[13.3985,52.648],[13.414,52.6681],[13.4057,52.6737],[13.4083,52.7376],[13.4147,52.7515],[13.4038,52.7756],[13.4306,52.7897],[13.4223,52.8045],[13.491,52.8108],[13.5001,52.8309],[13.5194,52.8457],[13.4846,52.8527],[13.4616,52.8856],[13.4808,52.9041],[13.4725,52.9189],[13.4094,52.911],[13.4038,52.9407],[13.4295,52.9486],[13.4525,52.965],[13.4846,52.9641],[13.5129,52.975],[13.5175,52.9891],[13.4854,53.0092],[13.4661,53.0076],[13.4525,53.0224],[13.414,53.0234],[13.403,53.0319],[13.411,53.0435],[13.4083,53.0583],[13.369,53.0692],[13.3671,53.0824],[13.3486,53.0966],[13.3324,53.0979],[13.3222,53.1121],[13.2882,53.1401],[13.3037,53.1549],[13.2939,53.1588],[13.3139,53.1767],[13.2837,53.1876],[13.2746,53.2031],[13.247,53.2063],[13.2523,53.2195],[13.2414,53.2327]]]}},{"type":"Feature","properties":{"codes":["CA","OSL","SFB"],"name":"Oberspreewald-Lausitz","state":"Brandenburg","districtType":"Landkreis"},"geometry":{"type":"Polygon","coordinates":[[[14.0885,51.8786],[14.0307,51.8839],[13.9809,51.9004],[13.9526,51.8981],[13.9371,51.902],[13.8955,51.8941],[13.8634,51.8918],[13.8634,51.8802],[13.8472,51.8763],[13.8268,51.8575],[13.8408,51.8506],[13.8434,51.8311],[13.837,51.8107],[13.8377,51.7899],[13.8056,51.785],[13.8223,51.7742],[13.8313,51.7579],[13.8551,51.7524],[13.8442,51.7352],[13.8306,51.7415],[13.7985,51.7369],[13.8094,51.6956],[13.826,51.6956],[13.8453,51.6667],[13.8865,51.6465],[13.8902,51.6192],[13.8664,51.5912],[13.8808,51.5773],[13.8755,51.5664],[13.8498,51.5632],[13.7909,51.5358],[13.7671,51.5328],[13.7343,51.5358],[13.7267,51.5236],[13.7093,51.5187],[13.6893,51.5213],[13.6855,51.5289],[13.6542,51.5289],[13.658,51.5064],[13.6489,51.493],[13.6818,51.4877],[13.6927,51.4798],[13.6927,51.462],[13.7176,51.4511],[13.7222,51.4309],[13.7158,51.4168],[13.6991,51.4254],[13.692,51.402],[13.7022,51.3825],[13.6912,51.374],[13.7086,51.3647],[13.7388,51.3615],[13.7535,51.3661],[13.8634,51.3818],[13.8729,51.3756],[13.9103,51.3786],[13.948,51.395],[13.9726,51.3934],[13.9699,51.3756],[13.9994,51.374],[13.9975,51.3848],[14.0443,51.4191],[14.0451,51.4393],[14.0628,51.4455],[14.0553,51.4613],[14.0334,51.4752],[14.0387,51.4798],[14.0719,51.4722],[14.0885,51.4791],[14.0738,51.4916],[14.0931,51.4969],[14.1078,51.5219],[14.1354,51.5213],[14.1297,51.5358],[14.1369,51.543],[14.1637,51.5414],[14.1637,51.5602],[14.1463,51.5741],[14.1573,51.5921],[14.1754,51.5905],[14.1901,51.5991],[14.2086,51.6178],[14.1803,51.6364],[14.1663,51.6396],[14.1407,51.6357],[14.1289,51.6396],[14.1195,51.6614],[14.0919,51.6746],[14.124,51.7056],[14.1369,51.7128],[14.1433,51.7267],[14.1388,51.7399],[14.1123,51.7392],[14.1002,51.754],[14.1176,51.7906],[14.1169,51.8147],[14.1014,51.8265],[14.0764,51.8318],[14.0802,51.8717],[14.0885,51.8786]]]}},{"type":"Feature","properties":{"codes":["BSK","EH","FW","LOS"],"name":"Oder-Spree","state":"Brandenburg","districtType":"Landkreis"},"geometry":{"type":"Polygon","coordinates":[[[14.4232,52.3737],[14.3775,52.3863],[14.362,52.3856],[14.3499,52.3737],[14.3159,52.3823],[14.328,52.4034],[14.3031,52.4034],[14.2812,52.4089],[14.2849,52.4245],[14.2728,52.4509],[14.2755,52.4627],[14.2592,52.4673],[14.2298,52.4907],[14.1882,52.4983],[14.183,52.4766],[14.1675,52.4666],[14.1361,52.4657],[14.1176,52.4594],[14.0976,52.4618],[14.0893,52.4509],[14.0738,52.4805],[14.0277,52.4712],[14.0066,52.4469],[13.9873,52.4657],[13.9654,52.4657],[13.9507,52.4766],[13.8993,52.4743],[13.8793,52.4571],[13.8536,52.4525],[13.8249,52.44],[13.7671,52.4462],[13.7618,52.4571],[13.7407,52.4673],[13.7414,52.4861],[13.7112,52.4937],[13.692,52.5032],[13.6784,52.4937],[13.667,52.4743],[13.6863,52.465],[13.704,52.4666],[13.7286,52.4509],[13.7535,52.4479],[13.7297,52.4159],[13.7343,52.4018],[13.7169,52.3995],[13.6912,52.3856],[13.6991,52.3777],[13.7074,52.3895],[13.7286,52.3863],[13.7407,52.3714],[13.7286,52.3675],[13.7535,52.3443],[13.735,52.3233],[13.7664,52.317],[13.7781,52.3233],[13.8185,52.3131],[13.8396,52.3045],[13.8215,52.2883],[13.8544,52.2897],[13.8563,52.2758],[13.8479,52.261],[13.8306,52.2454],[13.8204,52.2445],[13.8415,52.2188],[13.8479,52.2049],[13.8351,52.1855],[13.8563,52.1894],[13.8782,52.1822],[13.8891,52.1697],[13.86,52.1723],[13.8563,52.1644],[13.8717,52.141],[13.8453,52.1215],[13.871,52.1185],[13.9378,52.138],[13.968,52.1364],[13.9858,52.1215],[14.0168,52.1123],[14.0553,52.1051],[14.1123,52.0873],[14.1142,52.0717],[14.1252,52.0671],[14.1271,52.0537],[14.1931,52.0592],[14.2124,52.081],[14.2253,52.0757],[14.2139,52.0523],[14.2196,52.0421],[14.2415,52.0398],[14.2581,52.0319],[14.3023,52.0477],[14.3049,52.0562],[14.3472,52.0724],[14.3684,52.0685],[14.4013,52.053],[14.4031,52.0312],[14.4152,52.0243],[14.4462,52.0266],[14.4488,52.0405],[14.4802,52.0569],[14.4828,52.0375],[14.5006,52.0078],[14.527,52.0101],[14.5618,52.0085],[14.5629,52.0194],[14.5905,52.0342],[14.6162,52.0289],[14.6452,52.0282],[14.6611,52.0111],[14.6823,52.0048],[14.6996,52.0071],[14.717,52.0009],[14.7419,52.0233],[14.7499,52.0414],[14.7465,52.0553],[14.7574,52.0685],[14.7427,52.0843],[14.7242,52.0935],[14.7049,52.0965],[14.6857,52.109],[14.6792,52.1449],[14.703,52.1644],[14.7049,52.1737],[14.6849,52.194],[14.7087,52.2119],[14.7159,52.2359],[14.6985,52.2524],[14.6169,52.2718],[14.6014,52.2718],[14.5682,52.2765],[14.5353,52.2563],[14.518,52.2626],[14.4923,52.2531],[14.4674,52.2758],[14.4315,52.2702],[14.3948,52.2686],[14.4039,52.2936],[14.3975,52.3077],[14.4326,52.3427],[14.4077,52.3536],[14.4232,52.3737]]]}},{"type":"Feature","properties":{"codes":["KY","NP","OPR","WK"],"name":"Ostprignitz-Ruppin","state":"Brandenburg","districtType":"Landkreis"},"geometry":{"type":"Polygon","coordinates":[[[12.9845,53.1651],[12.9672,53.1674],[12.9608,53.1846],[12.9789,53.1899],[12.9751,53.1985],[12.9543,53.2001],[12.9275,53.1899],[12.9037,53.1938],[12.878,53.1799],[12.8595,53.1876],[12.8448,53.2017],[12.7787,53.1892],[12.7394,53.1994],[12.7579,53.2218],[12.7311,53.2218],[12.6662,53.2311],[12.6662,53.2531],[12.6284,53.2545],[12.6065,53.2445],[12.5494,53.2624],[12.5026,53.2624],[12.4973,53.2554],[12.4667,53.2561],[12.4448,53.2499],[12.4267,53.2756],[12.3916,53.2848],[12.3942,53.302],[12.3651,53.3059],[12.3247,53.3214],[12.3236,53.3131],[12.3036,53.3036],[12.3164,53.2881],[12.3157,53.2726],[12.3338,53.2522],[12.3512,53.2429],[12.3364,53.2274],[12.3074,53.2079],[12.3092,53.1931],[12.3293,53.1899],[12.3228,53.1767],[12.333,53.1635],[12.3081,53.151],[12.2915,53.1362],[12.2934,53.1213],[12.33,53.1019],[12.3274,53.084],[12.3092,53.0864],[12.2972,53.0778],[12.2915,53.0537],[12.3221,53.0396],[12.3504,53.0155],[12.3814,53.0257],[12.4089,53.0528],[12.4191,53.0419],[12.4071,53.0303],[12.4173,53.0046],[12.378,52.999],[12.3557,52.9914],[12.3247,52.9914],[12.3236,52.9773],[12.3062,52.9532],[12.2798,52.9564],[12.2669,52.9486],[12.2824,52.9182],[12.2458,52.9127],[12.1997,52.9136],[12.1906,52.9027],[12.1264,52.8902],[12.12,52.8754],[12.1329,52.8659],[12.1238,52.8536],[12.1721,52.8645],[12.1925,52.8777],[12.208,52.8659],[12.2337,52.8599],[12.2318,52.8497],[12.2477,52.8147],[12.2575,52.8052],[12.2496,52.792],[12.2639,52.8006],[12.2945,52.8006],[12.3319,52.7952],[12.3787,52.8022],[12.3972,52.8022],[12.4055,52.7858],[12.3954,52.7719],[12.4082,52.7524],[12.4384,52.757],[12.4603,52.7561],[12.4871,52.761],[12.5181,52.7531],[12.5468,52.7531],[12.5506,52.7633],[12.5449,52.7811],[12.534,52.7927],[12.5487,52.8108],[12.5827,52.8084],[12.6019,52.8013],[12.6091,52.792],[12.6488,52.8013],[12.6696,52.7818],[12.6745,52.7695],[12.7183,52.7584],[12.7221,52.7461],[12.7073,52.729],[12.7356,52.7142],[12.7402,52.7033],[12.7625,52.6954],[12.8293,52.6839],[12.8286,52.6947],[12.8248,52.7079],[12.8467,52.7056],[12.8807,52.7188],[12.8716,52.7274],[12.9101,52.7445],[12.9211,52.7445],[12.923,52.7702],[12.9101,52.7726],[12.9173,52.7874],[12.9313,52.7913],[12.9404,52.8045],[12.98,52.8177],[12.9864,52.8286],[12.9524,52.8342],[12.966,52.8427],[12.9872,52.8434],[12.9751,52.8622],[13.0155,52.8652],[13.0397,52.8543],[13.0397,52.877],[13.025,52.8784],[13.0174,52.9057],[13.0469,52.9173],[13.0552,52.9493],[13.0476,52.9766],[13.0506,52.9905],[13.0265,52.9898],[13.0072,52.999],[13.011,53.0109],[13.0333,53.0241],[13.0231,53.0319],[13.025,53.0567],[13.0212,53.0739],[12.9725,53.0732],[12.9679,53.084],[12.943,53.0903],[12.9377,53.1042],[12.9634,53.1331],[12.991,53.1299],[13.0102,53.1417],[13.0083,53.1503],[12.9845,53.1651]]]}},{"type":"Feature","properties":{"codes":["BEL","PM"],"name":"Potsdam-Mittelmark","state":"Brandenburg","districtType":"Landkreis"},"geometry":{"type":"Polygon","coordinates":[[[12.7239,52.5398],[12.7164,52.5461],[12.6907,52.5498],[12.6726,52.5373],[12.6514,52.5421],[12.6137,52.5373],[12.5834,52.5273],[12.5468,52.5312],[12.5366,52.5382],[12.5136,52.5342],[12.4988,52.5389],[12.4781,52.5576],[12.4539,52.5507],[12.4282,52.5537],[12.4256,52.5296],[12.4293,52.5141],[12.4165,52.5102],[12.4237,52.4923],[12.4135,52.4759],[12.4358,52.4759],[12.4395,52.4641],[12.4282,52.458],[12.4203,52.4354],[12.4411,52.4238],[12.4475,52.4252],[12.4448,52.4532],[12.4679,52.4502],[12.4924,52.4689],[12.5083,52.4689],[12.5173,52.4532],[12.5649,52.4509],[12.5649,52.4752],[12.5955,52.4798],[12.6046,52.4907],[12.6424,52.4907],[12.6458,52.4835],[12.6514,52.4835],[12.6053,52.4851],[12.5963,52.4775],[12.5816,52.4752],[12.5732,52.465],[12.5732,52.4455],[12.6227,52.4587],[12.6393,52.4509],[12.6578,52.4555],[12.6918,52.4462],[12.6707,52.4386],[12.6873,52.4189],[12.6514,52.3957],[12.6118,52.3925],[12.5944,52.3605],[12.5936,52.348],[12.5615,52.3467],[12.5366,52.3536],[12.5053,52.3223],[12.4815,52.3263],[12.4743,52.3186],[12.4191,52.3114],[12.4127,52.348],[12.3954,52.3622],[12.3991,52.3793],[12.3878,52.4034],[12.387,52.4337],[12.3659,52.4284],[12.3614,52.4432],[12.3285,52.44],[12.3172,52.4541],[12.3055,52.4518],[12.3028,52.4347],[12.2752,52.412],[12.3028,52.405],[12.2915,52.3863],[12.3055,52.3786],[12.2836,52.3645],[12.3081,52.345],[12.2669,52.2999],[12.2511,52.2725],[12.2447,52.2478],[12.2613,52.2461],[12.2888,52.2251],[12.2786,52.2174],[12.2465,52.2095],[12.2413,52.1822],[12.2284,52.1862],[12.2209,52.166],[12.242,52.141],[12.2632,52.1324],[12.2771,52.1044],[12.3191,52.0903],[12.3293,52.0694],[12.3485,52.0592],[12.3595,52.0467],[12.3897,52.0437],[12.4301,52.018],[12.4505,52.0164],[12.4603,52.0352],[12.4807,52.0335],[12.4834,52.0194],[12.5045,52.0071],[12.5359,52.0009],[12.5393,51.9854],[12.6027,51.9814],[12.6148,51.9914],[12.645,51.9946],[12.6488,52.0085],[12.6745,52.0111],[12.7311,51.9884],[12.7568,51.9861],[12.7696,51.9791],[12.8138,51.993],[12.8448,51.9976],[12.8542,52.0194],[12.8761,52.0194],[12.9045,52.0359],[12.9415,52.0335],[12.9577,52.0421],[12.9558,52.0562],[12.9698,52.0655],[12.9725,52.078],[12.9879,52.0935],[12.9751,52.113],[12.9781,52.1232],[12.9513,52.1426],[12.9736,52.1456],[12.9981,52.1551],[13.0835,52.197],[13.0899,52.2112],[13.113,52.2376],[13.1054,52.2438],[13.1167,52.2563],[13.1553,52.2695],[13.1624,52.2788],[13.1488,52.2952],[13.1764,52.3022],[13.1651,52.3177],[13.1945,52.3286],[13.2221,52.324],[13.2516,52.3318],[13.2523,52.345],[13.2754,52.3559],[13.3067,52.3816],[13.312,52.3995],[13.2965,52.4136],[13.2671,52.4043],[13.2497,52.4096],[13.2459,52.4205],[13.1957,52.4152],[13.1598,52.4027],[13.1662,52.3941],[13.147,52.38],[13.147,52.3615],[13.1368,52.3513],[13.1213,52.3552],[13.0725,52.3543],[13.0559,52.3443],[13.0231,52.3473],[12.9929,52.3668],[12.9717,52.3737],[12.9717,52.3856],[12.9506,52.3925],[12.9351,52.3909],[12.9351,52.4261],[12.946,52.433],[12.9441,52.4525],[12.8935,52.4611],[12.8947,52.458],[12.8769,52.4532],[12.8184,52.4736],[12.8101,52.4726],[12.8127,52.4657],[12.7787,52.4627],[12.7421,52.4775],[12.7594,52.4812],[12.7349,52.4983],[12.7496,52.5092],[12.7164,52.525],[12.7239,52.5398]]]}},{"type":"Feature","properties":{"codes":["P"],"name":"Potsdam","state":"Brandenburg","districtType":"Kreisfreie Stadt"},"geometry":{"type":"Polygon","coordinates":[[[12.8935,52.4611],[12.9441,52.4525],[12.946,52.433],[12.9351,52.4261],[12.9351,52.3909],[12.9506,52.3925],[12.9717,52.3856],[12.9717,52.3737],[12.9929,52.3668],[13.0231,52.3473],[13.0559,52.3443],[13.0725,52.3543],[13.1213,52.3552],[13.1368,52.3513],[13.147,52.3615],[13.147,52.38],[13.1662,52.3941],[13.1247,52.3971],[13.0899,52.412],[13.1232,52.4393],[13.1092,52.4509],[13.1111,52.4666],[13.1534,52.5016],[13.1368,52.5016],[13.1213,52.4907],[13.0982,52.4946],[13.0956,52.4703],[13.0688,52.4611],[13.045,52.4689],[13.0276,52.4828],[13.0038,52.5148],[12.9955,52.5102],[12.9449,52.5046],[12.9173,52.4743],[12.8954,52.468],[12.8935,52.4611]]]}},{"type":"Feature","properties":{"codes":["PR"],"name":"Prignitz","state":"Brandenburg","districtType":"Landkreis"},"geometry":{"type":"Polygon","coordinates":[[[12.3247,53.3214],[12.3107,53.327],[12.2715,53.324],[12.2458,53.3332],[12.2292,53.358],[12.1906,53.3543],[12.1861,53.3434],[12.1687,53.3395],[12.1412,53.3589],[12.1347,53.3488],[12.0822,53.3464],[12.0777,53.3691],[12.0513,53.3668],[12.0558,53.3488],[12.0146,53.3349],[12.0218,53.3214],[12.018,53.2997],[11.9742,53.299],[11.9705,53.2904],[11.9455,53.274],[11.91,53.274],[11.8979,53.2788],[11.8851,53.2647],[11.8602,53.2492],[11.8145,53.2545],[11.8318,53.2343],[11.8099,53.2265],[11.7695,53.2274],[11.7401,53.2179],[11.7272,53.232],[11.7072,53.2343],[11.7008,53.2445],[11.6668,53.2445],[11.6509,53.239],[11.629,53.2422],[11.5867,53.2149],[11.5648,53.2133],[11.5584,53.2056],[11.5576,53.1846],[11.5693,53.1697],[11.5501,53.151],[11.5558,53.1385],[11.5346,53.1253],[11.484,53.1292],[11.4594,53.1401],[11.4236,53.1401],[11.3915,53.1299],[11.3986,53.1167],[11.3813,53.1104],[11.3575,53.116],[11.3371,53.1137],[11.3171,53.1199],[11.2906,53.1167],[11.2657,53.1223],[11.2676,53.1035],[11.2842,53.0887],[11.308,53.0785],[11.3325,53.0576],[11.3537,53.0544],[11.4024,53.0725],[11.4485,53.0785],[11.464,53.0748],[11.498,53.0514],[11.5263,53.0468],[11.5456,53.0528],[11.5629,53.0419],[11.5981,53.0356],[11.6207,53.0419],[11.6411,53.0326],[11.6264,53.0125],[11.6509,53.0053],[11.674,53.0092],[11.6842,53.0007],[11.6823,52.9875],[11.7015,52.9773],[11.7329,52.9891],[11.762,52.9828],[11.7824,52.9625],[11.8235,52.9578],[11.8473,52.9509],[11.8492,52.943],[11.8228,52.9236],[11.842,52.9087],[11.8696,52.9097],[11.8998,52.8925],[11.9319,52.8916],[11.9595,52.88],[11.9859,52.8761],[12.0063,52.8879],[12.0532,52.8886],[12.077,52.8863],[12.0815,52.877],[12.1128,52.8761],[12.1264,52.8902],[12.1906,52.9027],[12.1997,52.9136],[12.2458,52.9127],[12.2824,52.9182],[12.2669,52.9486],[12.2798,52.9564],[12.3062,52.9532],[12.3236,52.9773],[12.3247,52.9914],[12.3557,52.9914],[12.378,52.999],[12.4173,53.0046],[12.4071,53.0303],[12.4191,53.0419],[12.4089,53.0528],[12.3814,53.0257],[12.3504,53.0155],[12.3221,53.0396],[12.2915,53.0537],[12.2972,53.0778],[12.3092,53.0864],[12.3274,53.084],[12.33,53.1019],[12.2934,53.1213],[12.2915,53.1362],[12.3081,53.151],[12.333,53.1635],[12.3228,53.1767],[12.3293,53.1899],[12.3092,53.1931],[12.3074,53.2079],[12.3364,53.2274],[12.3512,53.2429],[12.3338,53.2522],[12.3157,53.2726],[12.3164,53.2881],[12.3036,53.3036],[12.3236,53.3131],[12.3247,53.3214]]]}},{"type":"Feature","properties":{"codes":["FOR","GUB","SPB","SPN"],"name":"Spree-Neiße","state":"Brandenburg","districtType":"Landkreis"},"geometry":{"type":"Polygon","coordinates":[[[14.717,52.0009],[14.6996,52.0071],[14.6823,52.0048],[14.6611,52.0111],[14.6452,52.0282],[14.6162,52.0289],[14.5905,52.0342],[14.5629,52.0194],[14.5618,52.0085],[14.527,52.0101],[14.5006,52.0078],[14.4828,52.0375],[14.4802,52.0569],[14.4488,52.0405],[14.4462,52.0266],[14.4538,52.0141],[14.4296,52.0085],[14.3929,52.0078],[14.3699,52.0],[14.3756,51.9719],[14.3929,51.9353],[14.3491,51.9323],[14.3197,51.9353],[14.2528,51.9082],[14.2234,51.9043],[14.2253,51.8888],[14.2151,51.8693],[14.1811,51.8645],[14.1739,51.8568],[14.1342,51.8717],[14.0885,51.8786],[14.0802,51.8717],[14.0764,51.8318],[14.1014,51.8265],[14.1169,51.8147],[14.1176,51.7906],[14.1002,51.754],[14.1123,51.7392],[14.1388,51.7399],[14.1433,51.7267],[14.1369,51.7128],[14.124,51.7056],[14.0919,51.6746],[14.1195,51.6614],[14.1289,51.6396],[14.1407,51.6357],[14.1663,51.6396],[14.1803,51.6364],[14.2086,51.6178],[14.1901,51.5991],[14.1754,51.5905],[14.1573,51.5921],[14.1463,51.5741],[14.1637,51.5602],[14.1637,51.5414],[14.2132,51.5398],[14.2287,51.5328],[14.2721,51.5328],[14.3235,51.5196],[14.3435,51.518],[14.3635,51.5243],[14.3986,51.5421],[14.4096,51.5375],[14.4481,51.5421],[14.459,51.5569],[14.5085,51.5585],[14.5149,51.5539],[14.547,51.5641],[14.5784,51.581],[14.5988,51.5717],[14.606,51.5546],[14.6316,51.5507],[14.6554,51.5546],[14.6739,51.5507],[14.7061,51.5773],[14.6966,51.5968],[14.7079,51.5974],[14.7298,51.5819],[14.7612,51.6021],[14.7657,51.6116],[14.7536,51.6271],[14.7574,51.6591],[14.737,51.6885],[14.7242,51.6901],[14.6894,51.7088],[14.6566,51.7408],[14.6536,51.7843],[14.6335,51.8015],[14.6067,51.8038],[14.5969,51.8179],[14.5905,51.8388],[14.6528,51.874],[14.6547,51.8832],[14.6747,51.8895],[14.694,51.902],[14.6913,51.9089],[14.7049,51.9231],[14.703,51.9307],[14.7196,51.9416],[14.7215,51.9525],[14.7068,51.9657],[14.7049,51.9775],[14.717,51.9828],[14.717,52.0009]],[[14.493,51.7751],[14.4719,51.7742],[14.4488,51.7471],[14.416,51.7547],[14.3922,51.7517],[14.396,51.7422],[14.4198,51.7299],[14.4507,51.7213],[14.4436,51.7033],[14.4031,51.7026],[14.3846,51.7135],[14.371,51.698],[14.3397,51.6924],[14.3114,51.7019],[14.3095,51.7197],[14.2913,51.7336],[14.2755,51.7376],[14.2849,51.7695],[14.2736,51.7936],[14.2747,51.8031],[14.2993,51.8094],[14.3042,51.8242],[14.3004,51.8483],[14.3042,51.8638],[14.3427,51.8522],[14.3877,51.8536],[14.371,51.8311],[14.4058,51.8008],[14.4296,51.8031],[14.4462,51.8156],[14.4553,51.8022],[14.4885,51.7992],[14.5013,51.7781],[14.493,51.7751]]]}},{"type":"Feature","properties":{"codes":["JB","LUK","TF","ZS"],"name":"Teltow-Fläming","state":"Brandenburg","districtType":"Landkreis"},"geometry":{"type":"Polygon","coordinates":[[[13.4212,52.3761],[13.3883,52.3777],[13.3872,52.3886],[13.3434,52.4073],[13.3434,52.412],[13.312,52.3995],[13.3067,52.3816],[13.2754,52.3559],[13.2523,52.345],[13.2516,52.3318],[13.2221,52.324],[13.1945,52.3286],[13.1651,52.3177],[13.1764,52.3022],[13.1488,52.2952],[13.1624,52.2788],[13.1553,52.2695],[13.1167,52.2563],[13.1054,52.2438],[13.113,52.2376],[13.0899,52.2112],[13.0835,52.197],[12.9981,52.1551],[12.9736,52.1456],[12.9513,52.1426],[12.9781,52.1232],[12.9751,52.113],[12.9879,52.0935],[12.9725,52.078],[12.9698,52.0655],[12.9558,52.0562],[12.9577,52.0421],[12.9415,52.0335],[12.9045,52.0359],[12.8761,52.0194],[12.8542,52.0194],[12.8448,51.9976],[12.8138,51.993],[12.7696,51.9791],[12.7761,51.965],[12.801,51.962],[12.844,51.9673],[12.8505,51.9587],[12.8524,51.9346],[12.8882,51.9346],[12.8962,51.9284],[12.9185,51.9393],[12.9608,51.9346],[12.9558,51.9231],[12.9762,51.9198],[12.9853,51.9043],[13.045,51.9004],[13.0378,51.8911],[13.0423,51.87],[13.0809,51.8684],[13.1322,51.8825],[13.1507,51.8598],[13.1636,51.8608],[13.1624,51.8839],[13.1836,51.8865],[13.2085,51.8786],[13.2304,51.8779],[13.2331,51.8684],[13.2202,51.8568],[13.2278,51.8381],[13.2478,51.8226],[13.2697,51.8202],[13.2818,51.8265],[13.3067,51.8202],[13.3131,51.8302],[13.3403,51.8279],[13.3543,51.8327],[13.3909,51.817],[13.4442,51.8077],[13.4635,51.7936],[13.5076,51.7922],[13.5552,51.8094],[13.5481,51.8327],[13.5481,51.8622],[13.5386,51.8654],[13.5688,51.8957],[13.5462,51.905],[13.5515,51.9214],[13.5194,51.93],[13.4918,51.9277],[13.482,51.933],[13.4314,51.9245],[13.4121,51.93],[13.4185,51.9416],[13.4166,51.9768],[13.4468,51.9752],[13.4835,51.9666],[13.5031,51.9689],[13.5258,51.9877],[13.5443,51.9891],[13.5654,51.9993],[13.5911,52.0009],[13.6028,52.0078],[13.6425,52.0101],[13.6368,52.0352],[13.6527,52.0484],[13.6304,52.0708],[13.5771,52.0903],[13.5598,52.0903],[13.5405,52.0975],[13.5496,52.1215],[13.5488,52.1526],[13.5443,52.173],[13.5462,52.1931],[13.5809,52.1947],[13.5764,52.2112],[13.5533,52.2346],[13.5175,52.2431],[13.4929,52.2336],[13.4771,52.2336],[13.4608,52.2422],[13.4525,52.2563],[13.4706,52.2617],[13.5046,52.2649],[13.5076,52.282],[13.4835,52.2857],[13.4974,52.3068],[13.4827,52.3223],[13.4993,52.3365],[13.4563,52.342],[13.4415,52.3529],[13.4423,52.3629],[13.4212,52.3645],[13.4212,52.3761]]]}},{"type":"Feature","properties":{"codes":["ANG","PZ","SDT","TP","UM"],"name":"Uckermark","state":"Brandenburg","districtType":"Landkreis"},"geometry":{"type":"Polygon","coordinates":[[[14.4122,53.3293],[14.3994,53.33],[14.3491,53.3098],[14.317,53.3122],[14.3133,53.302],[14.2913,53.2834],[14.2619,53.2763],[14.2664,53.2594],[14.2113,53.2545],[14.2003,53.2617],[14.1784,53.2617],[14.1626,53.2677],[14.1252,53.2608],[14.0983,53.2617],[14.1097,53.2825],[14.203,53.3402],[14.2253,53.3606],[14.2434,53.3925],[14.237,53.415],[14.2415,53.4229],[14.2253,53.4344],[14.2113,53.4259],[14.1773,53.4229],[14.1425,53.4375],[14.1214,53.4414],[14.1059,53.4229],[14.0791,53.4127],[14.0553,53.4127],[14.0451,53.4298],[14.0066,53.4305],[14.0013,53.4351],[13.9371,53.4291],[13.9167,53.4219],[13.9038,53.4321],[13.9069,53.4453],[13.9186,53.4562],[13.8755,53.4734],[13.8846,53.4842],[13.8736,53.4905],[13.8793,53.5037],[13.8442,53.5155],[13.823,53.5178],[13.7985,53.5458],[13.7811,53.5449],[13.7773,53.5139],[13.803,53.4984],[13.8268,53.4991],[13.8113,53.4835],[13.7837,53.4743],[13.7361,53.4812],[13.7105,53.4789],[13.6735,53.4602],[13.6515,53.4453],[13.6406,53.447],[13.6361,53.4252],[13.6266,53.4104],[13.6123,53.4143],[13.5719,53.4071],[13.556,53.3925],[13.5431,53.3643],[13.5258,53.3668],[13.5231,53.32],[13.5103,53.32],[13.4835,53.2911],[13.4608,53.2888],[13.4415,53.2983],[13.4242,53.2726],[13.4083,53.2631],[13.4038,53.2459],[13.3891,53.2429],[13.3607,53.2779],[13.3369,53.2733],[13.2973,53.2802],[13.2478,53.2568],[13.2414,53.2327],[13.2523,53.2195],[13.247,53.2063],[13.2746,53.2031],[13.2837,53.1876],[13.3139,53.1767],[13.2939,53.1588],[13.3037,53.1549],[13.2882,53.1401],[13.3222,53.1121],[13.3324,53.0979],[13.3486,53.0966],[13.3671,53.0824],[13.369,53.0692],[13.4083,53.0583],[13.411,53.0435],[13.403,53.0319],[13.414,53.0234],[13.4525,53.0224],[13.4661,53.0076],[13.4854,53.0092],[13.5175,52.9891],[13.5552,52.9882],[13.6168,53.0],[13.6194,53.003],[13.6719,53.0007],[13.6655,53.0139],[13.6874,53.0419],[13.7112,53.0349],[13.7343,53.0442],[13.7516,53.0396],[13.7664,53.0451],[13.8196,53.0505],[13.8177,53.0576],[13.8487,53.0583],[13.8857,53.0521],[13.86,53.0396],[13.8525,53.0178],[13.8306,53.0201],[13.826,52.9891],[13.8517,52.9858],[13.8615,52.9733],[13.9012,52.9759],[13.9269,52.9819],[13.9469,52.9611],[13.9424,52.9555],[13.9597,52.9548],[13.9692,52.9641],[13.9866,52.9588],[13.9775,52.9486],[14.0002,52.9321],[14.0141,52.9321],[14.0277,52.9564],[14.0719,52.9493],[14.0727,52.9594],[14.1104,52.9657],[14.1433,52.9611],[14.1618,52.965],[14.1701,52.975],[14.206,52.9875],[14.2351,52.993],[14.2849,53.0162],[14.3121,53.0356],[14.3397,53.0475],[14.3665,53.0794],[14.3699,53.1042],[14.3782,53.1114],[14.3877,53.1424],[14.3718,53.1556],[14.3665,53.1737],[14.3775,53.2017],[14.4039,53.2086],[14.4088,53.2235],[14.4307,53.239],[14.45,53.2594],[14.4436,53.2749],[14.4217,53.2763],[14.4152,53.302],[14.4069,53.3092],[14.4122,53.3293]]]}},{"type":"Feature","properties":{"codes":["HB"],"name":"Bremen","state":"Bremen","districtType":"Kreisfreie Stadt"},"geometry":{"type":"MultiPolygon","coordinates":[[[[8.9844,53.1262],[8.9569,53.147],[8.9369,53.151],[8.9119,53.1322],[8.8723,53.1338],[8.8421,53.1487],[8.8266,53.1635],[8.7707,53.1595],[8.7405,53.1658],[8.7284,53.1806],[8.7065,53.176],[8.6585,53.1774],[8.6551,53.1869],[8.6347,53.1961],[8.609,53.1922],[8.5924,53.1846],[8.5815,53.2001],[8.5988,53.2126],[8.5788,53.2172],[8.5539,53.2079],[8.5301,53.2165],[8.521,53.2265],[8.4851,53.2274],[8.5044,53.2008],[8.5346,53.1869],[8.5871,53.1727],[8.6117,53.1704],[8.6238,53.1635],[8.6321,53.1362],[8.6513,53.1223],[8.6551,53.1091],[8.6698,53.1028],[8.6744,53.0864],[8.7008,53.0824],[8.7091,53.0762],[8.7072,53.0514],[8.7118,53.0442],[8.731,53.0349],[8.7578,53.0396],[8.7797,53.0389],[8.8054,53.0319],[8.822,53.0211],[8.8836,53.0241],[8.8953,53.0132],[8.9157,53.0109],[8.9357,53.0139],[8.9384,53.0248],[8.9671,53.0366],[8.9799,53.0468],[8.9607,53.0662],[8.969,53.091],[8.9542,53.119],[8.9844,53.1262]]],[[[8.5652,53.5505],[8.5641,53.5597],[8.5769,53.5778],[8.5475,53.5841],[8.5267,53.5933],[8.5256,53.5878],[8.5486,53.563],[8.5652,53.5505]]]]}},{"type":"Feature","properties":{"codes":["HB"],"name":"Bremerhaven","state":"Bremen","districtType":"Kreisfreie Stadt"},"geometry":{"type":"Polygon","coordinates":[[[8.4927,53.4727],[8.5055,53.471],[8.5282,53.4803],[8.5705,53.4882],[8.6064,53.4842],[8.6309,53.4937],[8.6506,53.5109],[8.6392,53.5333],[8.6457,53.5544],[8.6309,53.556],[8.6238,53.5769],[8.6468,53.6035],[8.6256,53.6058],[8.5924,53.5933],[8.5358,53.6072],[8.521,53.6065],[8.5267,53.5933],[8.5475,53.5841],[8.5769,53.5778],[8.5641,53.5597],[8.5652,53.5505],[8.575,53.5412],[8.5705,53.5194],[8.5524,53.5069],[8.5172,53.503],[8.5036,53.4928],[8.4927,53.4727]]]}},{"type":"Feature","properties":{"codes":["HH"],"name":"Hamburg","state":"Hamburg","districtType":"Kreisfreie Stadt"},"geometry":{"type":"MultiPolygon","coordinates":[[[[8.4991,53.9312],[8.4878,53.925],[8.5025,53.9127],[8.5184,53.9226],[8.4991,53.9312]]],[[[10.2369,53.496],[10.2104,53.5201],[10.1885,53.5123],[10.1636,53.5208],[10.1674,53.5373],[10.1507,53.5449],[10.1609,53.5574],[10.1489,53.5623],[10.1515,53.5769],[10.1655,53.5824],[10.1957,53.5847],[10.1893,53.6128],[10.2168,53.6253],[10.2168,53.6355],[10.1957,53.6378],[10.1964,53.654],[10.1738,53.6681],[10.1564,53.6697],[10.1534,53.6836],[10.1609,53.7001],[10.1919,53.7225],[10.1893,53.7304],[10.1681,53.7381],[10.1213,53.7133],[10.082,53.7202],[10.0699,53.7063],[10.0718,53.6968],[10.0507,53.6767],[10.0405,53.682],[9.9985,53.6813],[9.9902,53.6704],[9.9902,53.651],[9.9736,53.6487],[9.9453,53.6533],[9.9151,53.6549],[9.8856,53.622],[9.8369,53.5878],[9.8157,53.5864],[9.7984,53.5956],[9.7984,53.6072],[9.7708,53.616],[9.7598,53.6244],[9.7432,53.5973],[9.747,53.5917],[9.7342,53.5653],[9.7719,53.563],[9.8203,53.5475],[9.8048,53.531],[9.7719,53.5435],[9.7765,53.5248],[9.7689,53.5053],[9.8021,53.4928],[9.8003,53.4694],[9.8361,53.4516],[9.8588,53.4338],[9.8992,53.4578],[9.9215,53.4368],[9.9166,53.4252],[9.9423,53.4212],[9.9634,53.4275],[9.9827,53.415],[9.9967,53.4259],[10.0186,53.4291],[10.0518,53.4641],[10.0782,53.4539],[10.0967,53.4414],[10.1084,53.4266],[10.1387,53.4212],[10.1553,53.4048],[10.1757,53.3962],[10.2014,53.3985],[10.2399,53.3962],[10.2637,53.4205],[10.3075,53.4328],[10.326,53.4493],[10.292,53.4546],[10.269,53.4641],[10.2656,53.4743],[10.238,53.4835],[10.2369,53.496]]]]}},{"type":"Feature","properties":{"codes":["HP"],"name":"Bergstraße","state":"Hessen","districtType":"Landkreis"},"geometry":{"type":"MultiPolygon","coordinates":[[[[8.8991,49.4849],[8.8761,49.4668],[8.8523,49.4832],[8.8266,49.4693],[8.8349,49.4506],[8.8304,49.4232],[8.8066,49.4193],[8.8081,49.4022],[8.8292,49.4084],[8.8541,49.3959],[8.8734,49.4131],[8.8934,49.4216],[8.8991,49.4404],[8.91,49.4374],[8.9421,49.4506],[8.9486,49.4582],[8.9093,49.4855],[8.8991,49.4849]]],[[[8.7971,49.7387],[8.776,49.7255],[8.7484,49.7222],[8.734,49.7255],[8.7238,49.7403],[8.7019,49.7503],[8.6797,49.744],[8.6861,49.7301],[8.6521,49.7245],[8.5962,49.7347],[8.589,49.7278],[8.5595,49.7285],[8.5486,49.7239],[8.4953,49.7232],[8.4806,49.7285],[8.4523,49.7285],[8.4485,49.734],[8.4466,49.7308],[8.4236,49.716],[8.3881,49.709],[8.3631,49.6988],[8.356,49.6794],[8.3696,49.6592],[8.3805,49.6296],[8.4145,49.5953],[8.4228,49.5837],[8.4459,49.5907],[8.4761,49.5844],[8.4799,49.5742],[8.4953,49.5729],[8.5267,49.5478],[8.532,49.5363],[8.5595,49.5175],[8.5917,49.5214],[8.6211,49.5448],[8.6083,49.5705],[8.6037,49.593],[8.5935,49.6108],[8.654,49.6187],[8.6797,49.6257],[8.6842,49.5705],[8.7034,49.5386],[8.7265,49.5254],[8.7514,49.5221],[8.7661,49.5145],[8.7964,49.5152],[8.8194,49.5254],[8.8164,49.5066],[8.8311,49.4934],[8.8477,49.502],[8.8779,49.5059],[8.8998,49.5034],[8.9112,49.5231],[8.8934,49.53],[8.8889,49.5525],[8.8806,49.5682],[8.887,49.5775],[8.8761,49.6171],[8.8844,49.622],[8.8779,49.6358],[8.8643,49.6421],[8.8549,49.6609],[8.8349,49.6632],[8.8311,49.6731],[8.7964,49.6833],[8.799,49.71],[8.7873,49.7255],[8.7971,49.7387]]]]}},{"type":"Feature","properties":{"codes":["DI"],"name":"Darmstadt-Dieburg","state":"Hessen","districtType":"Landkreis"},"geometry":{"type":"Polygon","coordinates":[[[9.0166,49.9909],[8.9486,49.9988],[8.8998,49.9661],[8.8606,49.9629],[8.8311,49.9506],[8.7809,49.9592],[8.7548,49.949],[8.7412,49.9582],[8.7257,49.9543],[8.7359,49.9457],[8.7495,49.9015],[8.7265,49.8827],[8.731,49.8686],[8.7053,49.8515],[8.6725,49.8343],[8.6725,49.8297],[8.6797,49.8181],[8.6551,49.7963],[8.6264,49.8063],[8.6117,49.8343],[8.5954,49.8383],[8.566,49.8313],[8.5622,49.8501],[8.5954,49.8617],[8.5988,49.882],[8.6328,49.8992],[8.6192,49.9124],[8.634,49.9365],[8.6328,49.9443],[8.6661,49.9457],[8.6744,49.9513],[8.6585,49.952],[8.62,49.9652],[8.6026,49.9652],[8.5845,49.945],[8.566,49.9427],[8.5705,49.9223],[8.5505,49.9209],[8.5505,49.9061],[8.5595,49.8999],[8.5652,49.8827],[8.5218,49.8725],[8.5203,49.8663],[8.5358,49.8383],[8.5493,49.8221],[8.5486,49.801],[8.5365,49.7954],[8.5365,49.7783],[8.555,49.7604],[8.5595,49.7285],[8.589,49.7278],[8.5962,49.7347],[8.6521,49.7245],[8.6861,49.7301],[8.6797,49.744],[8.7019,49.7503],[8.7238,49.7403],[8.734,49.7255],[8.7484,49.7222],[8.776,49.7255],[8.7971,49.7387],[8.8137,49.741],[8.8598,49.7917],[8.8934,49.7917],[8.9176,49.7868],[8.9274,49.7994],[8.9433,49.7931],[8.9697,49.7994],[8.9705,49.8181],[8.9909,49.8204],[9.0128,49.8353],[9.0056,49.854],[9.0358,49.8461],[9.0505,49.8663],[9.0385,49.8765],[9.0358,49.8992],[9.023,49.9101],[9.032,49.9249],[9.0256,49.9388],[9.0267,49.9552],[9.0166,49.9909]]]}},{"type":"Feature","properties":{"codes":["DA"],"name":"Darmstadt","state":"Hessen","districtType":"Kreisfreie Stadt"},"geometry":{"type":"Polygon","coordinates":[[[8.6744,49.9513],[8.6661,49.9457],[8.6328,49.9443],[8.634,49.9365],[8.6192,49.9124],[8.6328,49.8992],[8.5988,49.882],[8.5954,49.8617],[8.5622,49.8501],[8.566,49.8313],[8.5954,49.8383],[8.6117,49.8343],[8.6264,49.8063],[8.6551,49.7963],[8.6797,49.8181],[8.6725,49.8297],[8.6725,49.8343],[8.7053,49.8515],[8.731,49.8686],[8.7265,49.8827],[8.7495,49.9015],[8.7359,49.9457],[8.7257,49.9543],[8.6872,49.948],[8.6744,49.9513]]]}},{"type":"Feature","properties":{"codes":["F"],"name":"Frankfurt am Main","state":"Hessen","districtType":"Kreisfreie Stadt"},"geometry":{"type":"Polygon","coordinates":[[[8.7809,50.1366],[8.7835,50.1583],[8.8001,50.1692],[8.7899,50.1764],[8.7631,50.1794],[8.7386,50.1623],[8.7118,50.1725],[8.7065,50.1919],[8.7291,50.2021],[8.734,50.2153],[8.711,50.2262],[8.7019,50.2167],[8.6725,50.2176],[8.6521,50.2081],[8.6136,50.184],[8.6037,50.181],[8.5898,50.1593],[8.5898,50.1405],[8.5301,50.1155],[8.5138,50.1217],[8.4961,50.1062],[8.4806,50.1102],[8.4734,50.0983],[8.521,50.0618],[8.5218,50.0798],[8.5384,50.0798],[8.5531,50.0666],[8.5595,50.0485],[8.5154,50.033],[8.5191,50.0205],[8.5641,50.0268],[8.5762,50.0159],[8.5917,50.0175],[8.5917,50.0314],[8.6238,50.0548],[8.6423,50.0532],[8.7174,50.0627],[8.7484,50.1],[8.7431,50.1148],[8.7752,50.1085],[8.7707,50.1264],[8.7809,50.1366]]]}},{"type":"Feature","properties":{"codes":["FD"],"name":"Fulda","state":"Hessen","districtType":"Landkreis"},"geometry":{"type":"Polygon","coordinates":[[[9.926,50.7674],[9.8973,50.779],[9.8811,50.7961],[9.8426,50.7908],[9.8139,50.7938],[9.7901,50.804],[9.758,50.8008],[9.7251,50.7869],[9.713,50.7635],[9.7277,50.7533],[9.7221,50.7463],[9.679,50.7285],[9.6662,50.7176],[9.6507,50.7276],[9.611,50.7355],[9.6076,50.7199],[9.6224,50.6887],[9.6431,50.6715],[9.6205,50.6505],[9.6231,50.6412],[9.6416,50.628],[9.5872,50.6076],[9.5563,50.6217],[9.5563,50.6296],[9.5396,50.6405],[9.5011,50.6373],[9.4936,50.6491],[9.4728,50.6333],[9.5,50.6109],[9.4819,50.5914],[9.4788,50.5733],[9.4985,50.568],[9.4947,50.5594],[9.4634,50.5502],[9.4486,50.5229],[9.4486,50.505],[9.4369,50.4988],[9.4294,50.4761],[9.4596,50.477],[9.4543,50.4668],[9.4607,50.452],[9.4788,50.4411],[9.4883,50.4122],[9.5608,50.3811],[9.6091,50.392],[9.6322,50.3827],[9.67,50.3725],[9.6892,50.3617],[9.7334,50.3561],[9.7432,50.3624],[9.7591,50.4022],[9.7508,50.4138],[9.7617,50.4256],[9.7783,50.4193],[9.7946,50.4256],[9.8093,50.4216],[9.815,50.4108],[9.8599,50.3976],[9.9011,50.4036],[9.9362,50.4193],[9.9581,50.4233],[9.9672,50.4348],[9.9857,50.4434],[9.9974,50.4612],[10.0186,50.4668],[10.0333,50.4807],[10.0416,50.5166],[10.0378,50.5291],[10.0571,50.5548],[10.0454,50.5733],[10.0488,50.5984],[10.0371,50.6132],[10.0609,50.6264],[10.0809,50.6201],[10.0775,50.6373],[10.0699,50.656],[10.0488,50.6739],[9.9891,50.6748],[9.9736,50.6662],[9.9517,50.6662],[9.9487,50.6567],[9.9691,50.6412],[9.9608,50.6296],[9.9294,50.6287],[9.903,50.6396],[9.8864,50.6342],[9.8792,50.6662],[9.8947,50.684],[9.9068,50.684],[9.9215,50.6956],[9.9121,50.7088],[9.9306,50.7223],[9.9415,50.7394],[9.9396,50.7556],[9.926,50.7674]]]}},{"type":"Feature","properties":{"codes":["GI"],"name":"Gießen","state":"Hessen","districtType":"Landkreis"},"geometry":{"type":"Polygon","coordinates":[[[9.0422,50.4978],[9.0743,50.5173],[9.0891,50.5173],[9.1276,50.5407],[9.134,50.5571],[9.1102,50.5673],[9.077,50.5664],[9.0623,50.5898],[9.0403,50.6014],[9.012,50.5977],[9.0101,50.6116],[8.9946,50.6296],[8.9625,50.6319],[8.944,50.6481],[8.9716,50.6607],[8.9716,50.6778],[8.9576,50.6847],[8.9395,50.7058],[8.9184,50.7058],[8.9176,50.6965],[8.8998,50.6887],[8.89,50.6942],[8.8643,50.6956],[8.8515,50.7058],[8.8292,50.7065],[8.8047,50.7012],[8.7779,50.688],[8.7669,50.6965],[8.7374,50.6808],[8.7118,50.688],[8.7027,50.6817],[8.6706,50.6996],[8.6506,50.7035],[8.6238,50.6755],[8.5935,50.6824],[8.5731,50.6996],[8.5524,50.684],[8.5441,50.6583],[8.5274,50.6505],[8.5218,50.6271],[8.5358,50.6201],[8.5539,50.6271],[8.5652,50.6162],[8.5973,50.5967],[8.6192,50.5648],[8.6007,50.5502],[8.5769,50.54],[8.5943,50.5275],[8.6475,50.5205],[8.6328,50.5103],[8.6321,50.4995],[8.5962,50.5041],[8.5697,50.4909],[8.5475,50.4691],[8.5293,50.4668],[8.5376,50.4441],[8.5524,50.4223],[8.5781,50.4154],[8.5973,50.4177],[8.6018,50.4316],[8.5769,50.4427],[8.6,50.4612],[8.6264,50.4645],[8.6321,50.477],[8.6487,50.4839],[8.6853,50.483],[8.7118,50.4744],[8.7393,50.4784],[8.7559,50.4707],[8.7824,50.4784],[8.8054,50.4582],[8.7952,50.4527],[8.8111,50.4355],[8.853,50.4316],[8.8734,50.4348],[8.8998,50.427],[8.9063,50.4379],[8.9478,50.4309],[8.9633,50.4402],[8.9607,50.4487],[8.9863,50.4536],[8.989,50.4645],[8.9818,50.4916],[9.0422,50.4978]]]}},{"type":"Feature","properties":{"codes":["GG"],"name":"Groß-Gerau","state":"Hessen","districtType":"Landkreis"},"geometry":{"type":"Polygon","coordinates":[[[8.5917,50.0175],[8.5762,50.0159],[8.5641,50.0268],[8.5191,50.0205],[8.5154,50.033],[8.5595,50.0485],[8.5531,50.0666],[8.5384,50.0798],[8.5218,50.0798],[8.521,50.0618],[8.5055,50.0509],[8.4787,50.0423],[8.4587,50.0212],[8.4017,49.9964],[8.3696,50.0027],[8.331,50.0004],[8.3156,50.0018],[8.288,49.9948],[8.3227,49.9737],[8.3412,49.9513],[8.3431,49.9404],[8.3548,49.9163],[8.3439,49.8952],[8.3431,49.882],[8.3575,49.8649],[8.3786,49.86],[8.3851,49.8485],[8.3779,49.8329],[8.3824,49.8188],[8.3998,49.8033],[8.4172,49.772],[8.433,49.766],[8.4723,49.769],[8.4799,49.7598],[8.4485,49.734],[8.4523,49.7285],[8.4806,49.7285],[8.4953,49.7232],[8.5486,49.7239],[8.5595,49.7285],[8.555,49.7604],[8.5365,49.7783],[8.5365,49.7954],[8.5486,49.801],[8.5493,49.8221],[8.5358,49.8383],[8.5203,49.8663],[8.5218,49.8725],[8.5652,49.8827],[8.5595,49.8999],[8.5505,49.9061],[8.5505,49.9209],[8.5705,49.9223],[8.566,49.9427],[8.5845,49.945],[8.6026,49.9652],[8.62,49.9652],[8.6283,49.9761],[8.6109,49.9925],[8.6037,50.0136],[8.5917,50.0175]]]}},{"type":"Feature","properties":{"codes":["HEF","ROF"],"name":"Hersfeld-Rotenburg","state":"Hessen","districtType":"Landkreis"},"geometry":{"type":"Polygon","coordinates":[[[10.0212,50.9932],[10.0038,50.9916],[9.9827,51.0048],[10.0004,51.0289],[9.9664,51.0384],[9.9343,51.0523],[9.9177,51.0446],[9.8716,51.05],[9.8645,51.0618],[9.8267,51.0727],[9.8176,51.0852],[9.8021,51.0812],[9.7772,51.0835],[9.7478,51.0694],[9.7168,51.0803],[9.6956,51.078],[9.67,51.0601],[9.6405,51.0562],[9.6397,51.0407],[9.6001,51.0236],[9.5835,51.0243],[9.5755,50.9916],[9.5653,50.9916],[9.5461,50.9705],[9.5661,50.9543],[9.5642,50.9457],[9.5378,50.9457],[9.5057,50.9325],[9.5102,50.92],[9.489,50.9068],[9.4819,50.8966],[9.5019,50.8802],[9.5011,50.8677],[9.5094,50.8508],[9.5102,50.8288],[9.503,50.8149],[9.4826,50.8126],[9.4596,50.7984],[9.4415,50.7954],[9.4467,50.7806],[9.4339,50.7737],[9.4717,50.7658],[9.5064,50.7345],[9.5223,50.7394],[9.5385,50.7533],[9.5718,50.7658],[9.6039,50.7579],[9.611,50.7355],[9.6507,50.7276],[9.6662,50.7176],[9.679,50.7285],[9.7221,50.7463],[9.7277,50.7533],[9.713,50.7635],[9.7251,50.7869],[9.758,50.8008],[9.7901,50.804],[9.8139,50.7938],[9.8426,50.7908],[9.8811,50.7961],[9.8973,50.779],[9.926,50.7674],[9.9525,50.7737],[9.9551,50.7852],[9.9442,50.7938],[9.957,50.8093],[9.9525,50.8211],[9.9763,50.8337],[9.9876,50.8281],[10.0095,50.835],[10.0223,50.832],[10.0186,50.8584],[10.025,50.8677],[10.0563,50.8811],[10.0469,50.8997],[10.034,50.9105],[10.0038,50.9214],[9.9819,50.92],[9.9744,50.9316],[9.957,50.9224],[9.9544,50.9418],[10.0114,50.9349],[10.0533,50.9395],[10.0454,50.9471],[10.0405,50.9675],[10.0242,50.9761],[10.0212,50.9932]]]}},{"type":"Feature","properties":{"codes":["HG","USI"],"name":"Hochtaunuskreis","state":"Hessen","districtType":"Landkreis"},"geometry":{"type":"Polygon","coordinates":[[[8.5146,50.399],[8.4961,50.3959],[8.467,50.4154],[8.4587,50.4154],[8.4055,50.3976],[8.3888,50.4006],[8.3881,50.3857],[8.3631,50.3811],[8.3465,50.3656],[8.3541,50.361],[8.331,50.3452],[8.3156,50.3406],[8.3265,50.3297],[8.342,50.329],[8.3624,50.3086],[8.3375,50.3056],[8.3548,50.2938],[8.3779,50.2876],[8.3934,50.273],[8.4092,50.2667],[8.4062,50.251],[8.3851,50.2463],[8.4055,50.2292],[8.3926,50.2192],[8.3605,50.2153],[8.3541,50.2012],[8.3567,50.1863],[8.3677,50.1903],[8.4043,50.181],[8.4228,50.188],[8.4576,50.1701],[8.4761,50.1725],[8.4999,50.1606],[8.5237,50.1639],[8.5441,50.1731],[8.5603,50.1669],[8.5716,50.1553],[8.5898,50.1593],[8.6037,50.181],[8.6136,50.184],[8.6521,50.2081],[8.6725,50.2176],[8.7019,50.2167],[8.711,50.2262],[8.6842,50.2378],[8.6898,50.2535],[8.6661,50.2651],[8.6513,50.2815],[8.6052,50.2885],[8.6385,50.3133],[8.6411,50.3336],[8.6083,50.3522],[8.6117,50.3647],[8.5852,50.3732],[8.5705,50.3679],[8.5448,50.3695],[8.5358,50.392],[8.5146,50.399]]]}},{"type":"Feature","properties":{"codes":["HOG","KS","WOH"],"name":"Kassel","state":"Hessen","districtType":"Kreisfreie Stadt"},"geometry":{"type":"Polygon","coordinates":[[[9.557,51.3515],[9.5396,51.3374],[9.5057,51.3443],[9.4607,51.3436],[9.4222,51.3545],[9.3697,51.3489],[9.3799,51.3304],[9.3772,51.3172],[9.3568,51.3156],[9.3625,51.2929],[9.3746,51.2836],[9.4037,51.2813],[9.4248,51.2704],[9.4826,51.2619],[9.4909,51.2813],[9.5128,51.2721],[9.5597,51.2961],[9.5551,51.311],[9.5306,51.3179],[9.5449,51.3281],[9.5661,51.3281],[9.568,51.3397],[9.557,51.3515]]]}},{"type":"Feature","properties":{"codes":["HOG","KS","WOH"],"name":"Kassel","state":"Hessen","districtType":"Landkreis"},"geometry":{"type":"Polygon","coordinates":[[[9.6854,51.5819],[9.6609,51.5928],[9.6378,51.609],[9.6367,51.6232],[9.6091,51.6294],[9.5642,51.6255],[9.5442,51.6403],[9.5249,51.6262],[9.4966,51.631],[9.4955,51.6574],[9.4403,51.6505],[9.4331,51.634],[9.3991,51.6262],[9.3716,51.6255],[9.3368,51.6146],[9.3561,51.5974],[9.3708,51.5928],[9.3111,51.5375],[9.3157,51.5236],[9.3093,51.515],[9.2828,51.5141],[9.2624,51.4986],[9.2405,51.4969],[9.2167,51.4814],[9.2167,51.4596],[9.1854,51.4666],[9.1744,51.4627],[9.1552,51.4425],[9.1616,51.4191],[9.1412,51.4138],[9.1688,51.3934],[9.1654,51.3832],[9.1744,51.3716],[9.1571,51.3561],[9.134,51.3709],[9.1019,51.3647],[9.1249,51.3381],[9.1,51.3304],[9.1129,51.3209],[9.1046,51.3038],[9.1155,51.2813],[9.0944,51.2681],[9.0955,51.254],[9.1121,51.244],[9.1295,51.244],[9.1276,51.222],[9.1744,51.1903],[9.1771,51.1746],[9.1899,51.1706],[9.2303,51.1808],[9.222,51.1956],[9.2651,51.1979],[9.267,51.2121],[9.2836,51.2345],[9.2764,51.2494],[9.2983,51.2464],[9.313,51.2517],[9.3459,51.2549],[9.358,51.2362],[9.4195,51.2276],[9.4634,51.2269],[9.4826,51.2128],[9.5159,51.219],[9.5321,51.2121],[9.5449,51.2158],[9.5634,51.2088],[9.557,51.1979],[9.5835,51.1769],[9.6039,51.1706],[9.611,51.1778],[9.636,51.1831],[9.625,51.1926],[9.6431,51.2128],[9.6737,51.223],[9.6873,51.2447],[9.7342,51.2415],[9.7542,51.2501],[9.7553,51.2626],[9.693,51.2626],[9.6443,51.2843],[9.6571,51.3054],[9.6745,51.3093],[9.7323,51.2952],[9.7085,51.3038],[9.6462,51.3163],[9.6333,51.3265],[9.6046,51.3258],[9.5801,51.342],[9.568,51.3397],[9.5661,51.3281],[9.5449,51.3281],[9.5306,51.3179],[9.5551,51.311],[9.5597,51.2961],[9.5128,51.2721],[9.4909,51.2813],[9.4826,51.2619],[9.4248,51.2704],[9.4037,51.2813],[9.3746,51.2836],[9.3625,51.2929],[9.3568,51.3156],[9.3772,51.3172],[9.3799,51.3304],[9.3697,51.3489],[9.4222,51.3545],[9.4607,51.3436],[9.5057,51.3443],[9.5396,51.3374],[9.557,51.3515],[9.5487,51.3591],[9.5498,51.3615],[9.5653,51.3608],[9.577,51.3693],[9.5597,51.3756],[9.5642,51.3881],[9.5789,51.402],[9.5967,51.398],[9.6122,51.4075],[9.625,51.4059],[9.6431,51.4184],[9.6277,51.4441],[9.6295,51.458],[9.6424,51.465],[9.6084,51.4923],[9.5853,51.5187],[9.6091,51.5219],[9.6258,51.5483],[9.648,51.5523],[9.625,51.5734],[9.645,51.5819],[9.6726,51.5687],[9.6854,51.5819]]]}},{"type":"Feature","properties":{"codes":["DIL","LDK","WZ"],"name":"Lahn-Dill-Kreis","state":"Hessen","districtType":"Landkreis"},"geometry":{"type":"Polygon","coordinates":[[[8.356,50.8624],[8.3054,50.8647],[8.2887,50.8825],[8.2695,50.8811],[8.231,50.8508],[8.1822,50.8251],[8.166,50.8031],[8.1275,50.7859],[8.1358,50.7674],[8.1641,50.7447],[8.1668,50.7355],[8.1403,50.6942],[8.1256,50.6857],[8.1097,50.6708],[8.1097,50.6576],[8.1403,50.6319],[8.1282,50.6076],[8.1513,50.599],[8.1649,50.5766],[8.1871,50.5733],[8.2064,50.5641],[8.2276,50.5858],[8.2578,50.5743],[8.2612,50.5618],[8.2797,50.5462],[8.2899,50.5298],[8.3337,50.5103],[8.3567,50.5097],[8.3624,50.4846],[8.3715,50.4816],[8.3926,50.4566],[8.4402,50.4698],[8.4228,50.452],[8.4394,50.4293],[8.4659,50.4207],[8.467,50.4154],[8.4961,50.3959],[8.5146,50.399],[8.5395,50.417],[8.5781,50.4154],[8.5524,50.4223],[8.5376,50.4441],[8.5293,50.4668],[8.5475,50.4691],[8.5697,50.4909],[8.5962,50.5041],[8.6321,50.4995],[8.6328,50.5103],[8.6475,50.5205],[8.5943,50.5275],[8.5769,50.54],[8.6007,50.5502],[8.6192,50.5648],[8.5973,50.5967],[8.5652,50.6162],[8.5539,50.6271],[8.5358,50.6201],[8.5218,50.6271],[8.5274,50.6505],[8.5441,50.6583],[8.5524,50.684],[8.5731,50.6996],[8.5512,50.7074],[8.5441,50.7229],[8.521,50.7345],[8.498,50.7378],[8.4723,50.7246],[8.4549,50.7223],[8.444,50.7299],[8.4394,50.7572],[8.4338,50.7612],[8.4595,50.7852],[8.4523,50.7945],[8.4255,50.7945],[8.4062,50.7899],[8.3934,50.8093],[8.399,50.8475],[8.356,50.8624]]]}},{"type":"Feature","properties":{"codes":["LM","WEL"],"name":"Limburg-Weilburg","state":"Hessen","districtType":"Landkreis"},"geometry":{"type":"Polygon","coordinates":[[[8.467,50.4154],[8.4659,50.4207],[8.4394,50.4293],[8.4228,50.452],[8.4402,50.4698],[8.3926,50.4566],[8.3715,50.4816],[8.3624,50.4846],[8.3567,50.5097],[8.3337,50.5103],[8.2899,50.5298],[8.2797,50.5462],[8.2612,50.5618],[8.2578,50.5743],[8.2276,50.5858],[8.2064,50.5641],[8.1871,50.5733],[8.1649,50.5766],[8.1513,50.599],[8.1475,50.5819],[8.132,50.5571],[8.1109,50.5439],[8.1033,50.533],[8.0723,50.5391],[8.0667,50.5493],[8.0493,50.5525],[8.0281,50.5446],[7.9934,50.5222],[7.9832,50.511],[7.9877,50.5002],[7.9787,50.4879],[7.9877,50.4731],[8.0108,50.4527],[7.9907,50.4441],[7.9813,50.4177],[7.9715,50.4061],[7.9907,50.3999],[8.021,50.399],[8.0198,50.3857],[8.0595,50.3756],[8.0761,50.3475],[8.0742,50.3297],[8.0916,50.3297],[8.1071,50.3218],[8.1025,50.3096],[8.1211,50.2961],[8.1218,50.2776],[8.132,50.2815],[8.166,50.2776],[8.2181,50.2915],[8.2559,50.2644],[8.2899,50.2783],[8.3137,50.2713],[8.3284,50.2838],[8.3458,50.2838],[8.3548,50.2938],[8.3375,50.3056],[8.3624,50.3086],[8.342,50.329],[8.3265,50.3297],[8.3156,50.3406],[8.331,50.3452],[8.3541,50.361],[8.3465,50.3656],[8.3631,50.3811],[8.3881,50.3857],[8.3888,50.4006],[8.4055,50.3976],[8.4587,50.4154],[8.467,50.4154]]]}},{"type":"Feature","properties":{"codes":["GN","HU","MKK","SLÜ"],"name":"Main-Kinzig-Kreis","state":"Hessen","districtType":"Landkreis"},"geometry":{"type":"Polygon","coordinates":[[[9.4788,50.4411],[9.4736,50.4427],[9.4415,50.4223],[9.4339,50.4068],[9.412,50.4045],[9.3973,50.3897],[9.3395,50.4006],[9.3534,50.4147],[9.3542,50.4365],[9.3278,50.452],[9.2892,50.4622],[9.2862,50.4372],[9.29,50.4216],[9.2662,50.4108],[9.2515,50.3749],[9.2579,50.361],[9.2541,50.3429],[9.2643,50.332],[9.2239,50.3313],[9.2058,50.3165],[9.2167,50.3086],[9.2028,50.2822],[9.1827,50.2829],[9.1597,50.2644],[9.1635,50.2549],[9.1461,50.2473],[9.1257,50.2526],[9.1091,50.2486],[9.0687,50.2433],[9.0385,50.248],[9.0351,50.2387],[9.0158,50.2348],[8.9954,50.2535],[8.9742,50.244],[8.9478,50.2651],[8.9274,50.2635],[8.9191,50.2744],[8.8825,50.2737],[8.8677,50.2815],[8.8466,50.2744],[8.8549,50.2496],[8.833,50.2387],[8.81,50.2371],[8.822,50.2058],[8.8111,50.1958],[8.7918,50.1972],[8.7899,50.1764],[8.8001,50.1692],[8.7835,50.1583],[8.7809,50.1366],[8.8183,50.1335],[8.8613,50.1257],[8.8862,50.125],[8.8742,50.0953],[8.8855,50.0798],[8.9093,50.075],[8.9138,50.0851],[8.935,50.0861],[8.9512,50.0789],[8.9871,50.0759],[8.9909,50.0673],[8.9992,50.0696],[8.998,50.0898],[9.0147,50.1092],[9.0468,50.1155],[9.0891,50.1171],[9.0974,50.1257],[9.12,50.1264],[9.1559,50.1118],[9.145,50.097],[9.1597,50.0953],[9.1744,50.1194],[9.1918,50.1273],[9.1846,50.1389],[9.222,50.1491],[9.2522,50.1398],[9.2862,50.1421],[9.3074,50.1335],[9.3229,50.1405],[9.3414,50.1312],[9.3754,50.1296],[9.3946,50.0976],[9.4048,50.0875],[9.4358,50.0851],[9.4781,50.0946],[9.5094,50.0946],[9.5193,50.1062],[9.5075,50.1461],[9.5223,50.1498],[9.5287,50.1685],[9.5049,50.1692],[9.4985,50.1771],[9.5011,50.1926],[9.5159,50.1949],[9.4947,50.2269],[9.503,50.2433],[9.5378,50.2269],[9.5763,50.2324],[9.5801,50.2239],[9.6046,50.2222],[9.6231,50.2292],[9.6533,50.2324],[9.6681,50.2394],[9.6397,50.248],[9.648,50.2651],[9.6809,50.2783],[9.7039,50.2806],[9.713,50.2915],[9.7304,50.2961],[9.7478,50.3133],[9.747,50.3413],[9.7334,50.3561],[9.6892,50.3617],[9.67,50.3725],[9.6322,50.3827],[9.6091,50.392],[9.5608,50.3811],[9.4883,50.4122],[9.4788,50.4411]]]}},{"type":"Feature","properties":{"codes":["MTK"],"name":"Main-Taunus-Kreis","state":"Hessen","districtType":"Landkreis"},"geometry":{"type":"Polygon","coordinates":[[[8.5898,50.1593],[8.5716,50.1553],[8.5603,50.1669],[8.5441,50.1731],[8.5237,50.1639],[8.4999,50.1606],[8.4761,50.1725],[8.4576,50.1701],[8.4228,50.188],[8.4043,50.181],[8.3677,50.1903],[8.3567,50.1863],[8.3541,50.2012],[8.3567,50.1863],[8.3446,50.1764],[8.3613,50.1692],[8.3273,50.1461],[8.3265,50.1303],[8.3446,50.1217],[8.3541,50.1055],[8.3779,50.097],[8.3862,50.0821],[8.3752,50.068],[8.3541,50.0627],[8.3798,50.0462],[8.3318,50.0268],[8.331,50.0004],[8.3696,50.0027],[8.4017,49.9964],[8.4587,50.0212],[8.4787,50.0423],[8.5055,50.0509],[8.521,50.0618],[8.4734,50.0983],[8.4806,50.1102],[8.4961,50.1062],[8.5138,50.1217],[8.5301,50.1155],[8.5898,50.1405],[8.5898,50.1593]]]}},{"type":"Feature","properties":{"codes":["BID","MR"],"name":"Marburg-Biedenkopf","state":"Hessen","districtType":"Landkreis"},"geometry":{"type":"Polygon","coordinates":[[[8.9742,50.9386],[8.9478,50.9511],[8.9395,50.9652],[8.9017,50.9534],[8.8632,50.9589],[8.8496,50.9643],[8.8337,50.9573],[8.7835,50.9566],[8.7661,50.9784],[8.7393,50.9682],[8.6732,50.9972],[8.6551,50.9791],[8.6559,50.9714],[8.6366,50.9613],[8.5973,50.9494],[8.5686,50.9504],[8.5622,50.9557],[8.5165,50.955],[8.478,50.9691],[8.4595,50.9668],[8.4621,50.9494],[8.4493,50.9411],[8.4568,50.9168],[8.4266,50.9122],[8.3888,50.892],[8.3851,50.8756],[8.356,50.8624],[8.399,50.8475],[8.3934,50.8093],[8.4062,50.7899],[8.4255,50.7945],[8.4523,50.7945],[8.4595,50.7852],[8.4338,50.7612],[8.4394,50.7572],[8.444,50.7299],[8.4549,50.7223],[8.4723,50.7246],[8.498,50.7378],[8.521,50.7345],[8.5441,50.7229],[8.5512,50.7074],[8.5731,50.6996],[8.5935,50.6824],[8.6238,50.6755],[8.6506,50.7035],[8.6706,50.6996],[8.7027,50.6817],[8.7118,50.688],[8.7374,50.6808],[8.7669,50.6965],[8.7779,50.688],[8.8047,50.7012],[8.8292,50.7065],[8.8515,50.7058],[8.8643,50.6956],[8.89,50.6942],[8.8998,50.6887],[8.9176,50.6965],[8.9184,50.7058],[8.9074,50.7128],[8.9119,50.7253],[8.9414,50.7308],[8.9403,50.7385],[8.955,50.7517],[8.9761,50.7626],[8.9928,50.7619],[9.0158,50.7714],[9.0158,50.7883],[9.0267,50.7954],[9.057,50.7978],[9.0789,50.8093],[9.0936,50.807],[9.1008,50.8265],[9.1155,50.8311],[9.134,50.8281],[9.1487,50.8367],[9.1514,50.8469],[9.1423,50.8617],[9.1219,50.8802],[9.1083,50.8874],[9.1314,50.899],[9.1102,50.9191],[9.0898,50.9191],[9.0789,50.9115],[9.0513,50.9207],[9.0358,50.9145],[9.0275,50.9029],[9.012,50.9105],[9.0147,50.9191],[8.9742,50.9386]]]}},{"type":"Feature","properties":{"codes":["ERB"],"name":"Odenwaldkreis","state":"Hessen","districtType":"Landkreis"},"geometry":{"type":"Polygon","coordinates":[[[9.0358,49.8461],[9.0056,49.854],[9.0128,49.8353],[8.9909,49.8204],[8.9705,49.8181],[8.9697,49.7994],[8.9433,49.7931],[8.9274,49.7994],[8.9176,49.7868],[8.8934,49.7917],[8.8598,49.7917],[8.8137,49.741],[8.7971,49.7387],[8.7873,49.7255],[8.799,49.71],[8.7964,49.6833],[8.8311,49.6731],[8.8349,49.6632],[8.8549,49.6609],[8.8643,49.6421],[8.8779,49.6358],[8.8844,49.622],[8.8761,49.6171],[8.887,49.5775],[8.8806,49.5682],[8.8889,49.5525],[8.8934,49.53],[8.9112,49.5231],[8.8998,49.5034],[8.8991,49.4849],[8.9093,49.4855],[8.9319,49.4707],[8.9433,49.4855],[8.9633,49.5011],[9.0056,49.5043],[9.0128,49.4981],[9.043,49.4987],[9.0422,49.5066],[9.0653,49.53],[9.0834,49.5261],[9.0993,49.5261],[9.1076,49.5096],[9.1268,49.5214],[9.1147,49.5339],[9.0879,49.5485],[9.0993,49.5604],[9.1027,49.5775],[9.0826,49.6016],[9.066,49.6025],[9.0653,49.6148],[9.0864,49.6358],[9.1019,49.6421],[9.1008,49.6609],[9.0891,49.6694],[9.0898,49.6935],[9.1257,49.6998],[9.1219,49.7123],[9.1359,49.7183],[9.145,49.7472],[9.1064,49.7588],[9.1136,49.7736],[9.134,49.7822],[9.1302,49.7947],[9.1083,49.7977],[9.091,49.7908],[9.077,49.8197],[9.0864,49.8267],[9.0808,49.8383],[9.0641,49.832],[9.0551,49.8431],[9.0358,49.8461]]]}},{"type":"Feature","properties":{"codes":["OF"],"name":"Offenbach am Main","state":"Hessen","districtType":"Kreisfreie Stadt"},"geometry":{"type":"Polygon","coordinates":[[[8.7174,50.0627],[8.7476,50.0627],[8.7578,50.0469],[8.7797,50.0525],[8.7899,50.0696],[8.8368,50.0712],[8.8432,50.0868],[8.8209,50.093],[8.8137,50.1062],[8.8183,50.1335],[8.7809,50.1366],[8.7707,50.1264],[8.7752,50.1085],[8.7431,50.1148],[8.7484,50.1],[8.7174,50.0627]]]}},{"type":"Feature","properties":{"codes":["OF"],"name":"Offenbach","state":"Hessen","districtType":"Landkreis"},"geometry":{"type":"Polygon","coordinates":[[[8.9909,50.0673],[8.9871,50.0759],[8.9512,50.0789],[8.935,50.0861],[8.9138,50.0851],[8.9093,50.075],[8.8855,50.0798],[8.8742,50.0953],[8.8862,50.125],[8.8613,50.1257],[8.8183,50.1335],[8.8137,50.1062],[8.8209,50.093],[8.8432,50.0868],[8.8368,50.0712],[8.7899,50.0696],[8.7797,50.0525],[8.7578,50.0469],[8.7476,50.0627],[8.7174,50.0627],[8.6423,50.0532],[8.6238,50.0548],[8.5917,50.0314],[8.5917,50.0175],[8.6037,50.0136],[8.6109,49.9925],[8.6283,49.9761],[8.62,49.9652],[8.6585,49.952],[8.6744,49.9513],[8.6872,49.948],[8.7412,49.9582],[8.7548,49.949],[8.7809,49.9592],[8.8311,49.9506],[8.8606,49.9629],[8.8998,49.9661],[8.9486,49.9988],[9.0415,49.9895],[9.0396,50.0103],[9.0301,50.0221],[9.032,50.0384],[9.0082,50.0462],[8.989,50.0416],[8.9761,50.0525],[8.9909,50.0673]]]}},{"type":"Feature","properties":{"codes":["RÜD","SWA"],"name":"Rheingau-Taunus-Kreis","state":"Hessen","districtType":"Landkreis"},"geometry":{"type":"Polygon","coordinates":[[[8.3541,50.2012],[8.3605,50.2153],[8.3926,50.2192],[8.4055,50.2292],[8.3851,50.2463],[8.4062,50.251],[8.4092,50.2667],[8.3934,50.273],[8.3779,50.2876],[8.3548,50.2938],[8.3458,50.2838],[8.3284,50.2838],[8.3137,50.2713],[8.2899,50.2783],[8.2559,50.2644],[8.2181,50.2915],[8.166,50.2776],[8.132,50.2815],[8.1218,50.2776],[8.1033,50.2595],[8.0531,50.2744],[8.0357,50.2713],[8.0255,50.2618],[8.0383,50.2463],[8.0568,50.2364],[8.0383,50.2269],[8.0346,50.2153],[8.0025,50.2246],[7.9987,50.2308],[7.9602,50.2199],[7.9466,50.2097],[7.9209,50.2081],[7.9126,50.1958],[7.8831,50.181],[7.885,50.1678],[7.9299,50.1451],[7.9228,50.1349],[7.9273,50.1194],[7.9137,50.1155],[7.9009,50.1227],[7.8869,50.1155],[7.8529,50.128],[7.8348,50.1062],[7.8382,50.0851],[7.8034,50.0844],[7.7823,50.0666],[7.774,50.0666],[7.7796,50.0509],[7.8061,50.0393],[7.831,50.0205],[7.8586,50.0066],[7.8638,49.9823],[7.8778,49.973],[7.9401,49.9737],[7.9677,49.9777],[8.0089,49.9909],[8.0364,50.0027],[8.075,50.0057],[8.1063,50.0166],[8.1751,50.0347],[8.1577,50.0548],[8.1339,50.0703],[8.132,50.1032],[8.1603,50.124],[8.1853,50.121],[8.2321,50.1389],[8.2502,50.1491],[8.2759,50.1514],[8.2906,50.1474],[8.322,50.1514],[8.3273,50.1461],[8.3613,50.1692],[8.3446,50.1764],[8.3567,50.1863],[8.3541,50.2012]]]}},{"type":"Feature","properties":{"codes":["FZ","HR","MEG","ZIG"],"name":"Schwalm-Eder-Kreis","state":"Hessen","districtType":"Landkreis"},"geometry":{"type":"Polygon","coordinates":[[[9.636,51.1831],[9.611,51.1778],[9.6039,51.1706],[9.5835,51.1769],[9.557,51.1979],[9.5634,51.2088],[9.5449,51.2158],[9.5321,51.2121],[9.5159,51.219],[9.4826,51.2128],[9.4634,51.2269],[9.4195,51.2276],[9.358,51.2362],[9.3459,51.2549],[9.313,51.2517],[9.2983,51.2464],[9.2764,51.2494],[9.2836,51.2345],[9.267,51.2121],[9.2651,51.1979],[9.222,51.1956],[9.2303,51.1808],[9.1899,51.1706],[9.191,51.1488],[9.2058,51.134],[9.2213,51.128],[9.1899,51.0967],[9.1699,51.0912],[9.168,51.0773],[9.1552,51.0743],[9.1431,51.0555],[9.0981,51.046],[9.1027,51.0314],[9.0724,51.0048],[9.0615,51.0034],[9.0094,50.9728],[9.0339,50.9543],[9.032,50.9386],[8.9742,50.9386],[9.0147,50.9191],[9.012,50.9105],[9.0275,50.9029],[9.0358,50.9145],[9.0513,50.9207],[9.0789,50.9115],[9.0898,50.9191],[9.1102,50.9191],[9.1314,50.899],[9.1083,50.8874],[9.1219,50.8802],[9.1423,50.8617],[9.1514,50.8469],[9.1487,50.8367],[9.1846,50.8311],[9.2058,50.8218],[9.2322,50.8265],[9.2367,50.8188],[9.2598,50.8179],[9.2624,50.811],[9.2715,50.8054],[9.3111,50.8047],[9.3293,50.7954],[9.3633,50.8001],[9.3791,50.7767],[9.401,50.7774],[9.4048,50.7892],[9.4222,50.7883],[9.4415,50.7954],[9.4596,50.7984],[9.4826,50.8126],[9.503,50.8149],[9.5102,50.8288],[9.5094,50.8508],[9.5011,50.8677],[9.5019,50.8802],[9.4819,50.8966],[9.489,50.9068],[9.5102,50.92],[9.5057,50.9325],[9.5378,50.9457],[9.5642,50.9457],[9.5661,50.9543],[9.5461,50.9705],[9.5653,50.9916],[9.5755,50.9916],[9.5835,51.0243],[9.6001,51.0236],[9.6397,51.0407],[9.6405,51.0562],[9.67,51.0601],[9.6956,51.078],[9.7168,51.0803],[9.7478,51.0694],[9.7772,51.0835],[9.7746,51.1046],[9.7799,51.1231],[9.7734,51.1465],[9.7315,51.1442],[9.6919,51.1692],[9.69,51.1831],[9.636,51.1831]]]}},{"type":"Feature","properties":{"codes":["VB"],"name":"Vogelsbergkreis","state":"Hessen","districtType":"Landkreis"},"geometry":{"type":"Polygon","coordinates":[[[9.4415,50.7954],[9.4222,50.7883],[9.4048,50.7892],[9.401,50.7774],[9.3791,50.7767],[9.3633,50.8001],[9.3293,50.7954],[9.3111,50.8047],[9.2715,50.8054],[9.2624,50.811],[9.2598,50.8179],[9.2367,50.8188],[9.2322,50.8265],[9.2058,50.8218],[9.1846,50.8311],[9.1487,50.8367],[9.134,50.8281],[9.1155,50.8311],[9.1008,50.8265],[9.0936,50.807],[9.0789,50.8093],[9.057,50.7978],[9.0267,50.7954],[9.0158,50.7883],[9.0158,50.7714],[8.9928,50.7619],[8.9761,50.7626],[8.955,50.7517],[8.9403,50.7385],[8.9414,50.7308],[8.9119,50.7253],[8.9074,50.7128],[8.9184,50.7058],[8.9395,50.7058],[8.9576,50.6847],[8.9716,50.6778],[8.9716,50.6607],[8.944,50.6481],[8.9625,50.6319],[8.9946,50.6296],[9.0101,50.6116],[9.012,50.5977],[9.0403,50.6014],[9.0623,50.5898],[9.077,50.5664],[9.1102,50.5673],[9.134,50.5571],[9.1276,50.5407],[9.0891,50.5173],[9.0743,50.5173],[9.0422,50.4978],[9.077,50.4955],[9.0589,50.4754],[9.0706,50.4559],[9.0944,50.4573],[9.0955,50.4457],[9.1076,50.4348],[9.1231,50.4372],[9.1442,50.4309],[9.1654,50.4427],[9.1899,50.4434],[9.2182,50.4566],[9.2598,50.4636],[9.2707,50.4418],[9.2862,50.4372],[9.2892,50.4622],[9.3278,50.452],[9.3542,50.4365],[9.3534,50.4147],[9.3395,50.4006],[9.3973,50.3897],[9.412,50.4045],[9.4339,50.4068],[9.4415,50.4223],[9.4736,50.4427],[9.4788,50.4411],[9.4607,50.452],[9.4543,50.4668],[9.4596,50.477],[9.4294,50.4761],[9.4369,50.4988],[9.4486,50.505],[9.4486,50.5229],[9.4634,50.5502],[9.4947,50.5594],[9.4985,50.568],[9.4788,50.5733],[9.4819,50.5914],[9.5,50.6109],[9.4728,50.6333],[9.4936,50.6491],[9.5011,50.6373],[9.5396,50.6405],[9.5563,50.6296],[9.5563,50.6217],[9.5872,50.6076],[9.6416,50.628],[9.6231,50.6412],[9.6205,50.6505],[9.6431,50.6715],[9.6224,50.6887],[9.6076,50.7199],[9.611,50.7355],[9.6039,50.7579],[9.5718,50.7658],[9.5385,50.7533],[9.5223,50.7394],[9.5064,50.7345],[9.4717,50.7658],[9.4339,50.7737],[9.4467,50.7806],[9.4415,50.7954]]]}},{"type":"Feature","properties":{"codes":["FKB","KB","WA"],"name":"Waldeck-Frankenberg","state":"Hessen","districtType":"Landkreis"},"geometry":{"type":"Polygon","coordinates":[[[9.1552,51.4425],[9.1385,51.4478],[9.1027,51.4432],[9.0864,51.4488],[9.077,51.465],[9.0928,51.4946],[9.0762,51.5032],[9.0396,51.5016],[9.0147,51.5157],[8.9705,51.5071],[8.8972,51.486],[8.8946,51.4712],[8.9112,51.462],[8.9221,51.4464],[8.9184,51.43],[8.9478,51.4284],[8.9403,51.4106],[8.9395,51.3895],[8.89,51.3927],[8.8541,51.3772],[8.8035,51.3911],[8.7733,51.3855],[8.7578,51.3772],[8.7329,51.3723],[8.6936,51.3772],[8.677,51.3709],[8.6834,51.3624],[8.6211,51.3367],[8.6037,51.3225],[8.5917,51.3031],[8.5569,51.2774],[8.5781,51.2672],[8.589,51.2501],[8.6117,51.247],[8.6283,51.2602],[8.6808,51.2681],[8.6925,51.2767],[8.722,51.2734],[8.7367,51.2619],[8.7276,51.2501],[8.7412,51.2183],[8.768,51.2088],[8.7503,51.1996],[8.7533,51.1792],[8.7484,51.1683],[8.6944,51.1363],[8.7084,51.1076],[8.6898,51.1092],[8.6596,51.0951],[8.6018,51.1023],[8.5493,51.1023],[8.5267,51.096],[8.5018,51.0796],[8.5274,51.0632],[8.5146,51.0509],[8.5358,51.0219],[8.5248,51.0104],[8.5018,50.9985],[8.4972,50.9893],[8.4734,50.9752],[8.478,50.9691],[8.5165,50.955],[8.5622,50.9557],[8.5686,50.9504],[8.5973,50.9494],[8.6366,50.9613],[8.6559,50.9714],[8.6551,50.9791],[8.6732,50.9972],[8.7393,50.9682],[8.7661,50.9784],[8.7835,50.9566],[8.8337,50.9573],[8.8496,50.9643],[8.8632,50.9589],[8.9017,50.9534],[8.9395,50.9652],[8.9478,50.9511],[8.9742,50.9386],[9.032,50.9386],[9.0339,50.9543],[9.0094,50.9728],[9.0615,51.0034],[9.0724,51.0048],[9.1027,51.0314],[9.0981,51.046],[9.1431,51.0555],[9.1552,51.0743],[9.168,51.0773],[9.1699,51.0912],[9.1899,51.0967],[9.2213,51.128],[9.2058,51.134],[9.191,51.1488],[9.1899,51.1706],[9.1771,51.1746],[9.1744,51.1903],[9.1276,51.222],[9.1295,51.244],[9.1121,51.244],[9.0955,51.254],[9.0944,51.2681],[9.1155,51.2813],[9.1046,51.3038],[9.1129,51.3209],[9.1,51.3304],[9.1249,51.3381],[9.1019,51.3647],[9.134,51.3709],[9.1571,51.3561],[9.1744,51.3716],[9.1654,51.3832],[9.1688,51.3934],[9.1412,51.4138],[9.1616,51.4191],[9.1552,51.4425]]]}},{"type":"Feature","properties":{"codes":["ESW","WIZ"],"name":"Werra-Meißner-Kreis","state":"Hessen","districtType":"Landkreis"},"geometry":{"type":"Polygon","coordinates":[[[9.9287,51.3756],[9.9313,51.3927],[9.9094,51.4052],[9.9022,51.4184],[9.8818,51.4059],[9.8652,51.4145],[9.8505,51.4013],[9.8599,51.3934],[9.8395,51.3832],[9.8388,51.4027],[9.8169,51.4106],[9.7938,51.4075],[9.8021,51.3895],[9.7836,51.3895],[9.7561,51.3825],[9.7387,51.3693],[9.7232,51.3709],[9.7021,51.3608],[9.7206,51.3483],[9.7451,51.3186],[9.767,51.3318],[9.7753,51.3249],[9.7682,51.307],[9.7323,51.2952],[9.6745,51.3093],[9.6571,51.3054],[9.6443,51.2843],[9.693,51.2626],[9.7553,51.2626],[9.7542,51.2501],[9.7342,51.2415],[9.6873,51.2447],[9.6737,51.223],[9.6431,51.2128],[9.625,51.1926],[9.636,51.1831],[9.69,51.1831],[9.6919,51.1692],[9.7315,51.1442],[9.7734,51.1465],[9.7799,51.1231],[9.7746,51.1046],[9.7772,51.0835],[9.8021,51.0812],[9.8176,51.0852],[9.8267,51.0727],[9.8645,51.0618],[9.8716,51.05],[9.9177,51.0446],[9.9343,51.0523],[9.9664,51.0384],[10.0004,51.0289],[9.9827,51.0048],[10.0038,50.9916],[10.0212,50.9932],[10.0359,51.0127],[10.0763,51.0111],[10.1001,51.0057],[10.116,51.0117],[10.1424,50.9939],[10.1821,50.9985],[10.2021,51.0117],[10.215,51.0266],[10.1821,51.0476],[10.1462,51.0546],[10.1515,51.0694],[10.1443,51.0852],[10.1757,51.1069],[10.1745,51.1169],[10.1534,51.1185],[10.1186,51.1396],[10.1462,51.1442],[10.1693,51.1528],[10.1847,51.1412],[10.1791,51.128],[10.2002,51.1132],[10.2104,51.1231],[10.204,51.1326],[10.2104,51.1442],[10.2078,51.1653],[10.2297,51.1746],[10.1772,51.2098],[10.15,51.2065],[10.1417,51.219],[10.113,51.2151],[10.0903,51.2269],[10.0673,51.2276],[10.0726,51.2401],[10.0499,51.2556],[10.0597,51.2758],[10.0038,51.2866],[9.9857,51.2836],[9.9487,51.3172],[9.9415,51.3357],[9.926,51.3529],[9.9287,51.3756]]]}},{"type":"Feature","properties":{"codes":["BÜD","FB"],"name":"Wetteraukreis","state":"Hessen","districtType":"Landkreis"},"geometry":{"type":"Polygon","coordinates":[[[9.2862,50.4372],[9.2707,50.4418],[9.2598,50.4636],[9.2182,50.4566],[9.1899,50.4434],[9.1654,50.4427],[9.1442,50.4309],[9.1231,50.4372],[9.1076,50.4348],[9.0955,50.4457],[9.0944,50.4573],[9.0706,50.4559],[9.0589,50.4754],[9.077,50.4955],[9.0422,50.4978],[8.9818,50.4916],[8.989,50.4645],[8.9863,50.4536],[8.9607,50.4487],[8.9633,50.4402],[8.9478,50.4309],[8.9063,50.4379],[8.8998,50.427],[8.8734,50.4348],[8.853,50.4316],[8.8111,50.4355],[8.7952,50.4527],[8.8054,50.4582],[8.7824,50.4784],[8.7559,50.4707],[8.7393,50.4784],[8.7118,50.4744],[8.6853,50.483],[8.6487,50.4839],[8.6321,50.477],[8.6264,50.4645],[8.6,50.4612],[8.5769,50.4427],[8.6018,50.4316],[8.5973,50.4177],[8.5781,50.4154],[8.5395,50.417],[8.5146,50.399],[8.5358,50.392],[8.5448,50.3695],[8.5705,50.3679],[8.5852,50.3732],[8.6117,50.3647],[8.6083,50.3522],[8.6411,50.3336],[8.6385,50.3133],[8.6052,50.2885],[8.6513,50.2815],[8.6661,50.2651],[8.6898,50.2535],[8.6842,50.2378],[8.734,50.2153],[8.7291,50.2021],[8.7065,50.1919],[8.7118,50.1725],[8.7386,50.1623],[8.7631,50.1794],[8.7899,50.1764],[8.7918,50.1972],[8.8111,50.1958],[8.822,50.2058],[8.81,50.2371],[8.833,50.2387],[8.8549,50.2496],[8.8466,50.2744],[8.8677,50.2815],[8.8825,50.2737],[8.9191,50.2744],[8.9274,50.2635],[8.9478,50.2651],[8.9742,50.244],[8.9954,50.2535],[9.0158,50.2348],[9.0351,50.2387],[9.0385,50.248],[9.0687,50.2433],[9.1091,50.2486],[9.1257,50.2526],[9.1461,50.2473],[9.1635,50.2549],[9.1597,50.2644],[9.1827,50.2829],[9.2028,50.2822],[9.2167,50.3086],[9.2058,50.3165],[9.2239,50.3313],[9.2643,50.332],[9.2541,50.3429],[9.2579,50.361],[9.2515,50.3749],[9.2662,50.4108],[9.29,50.4216],[9.2862,50.4372]]]}},{"type":"Feature","properties":{"codes":["WI"],"name":"Wiesbaden","state":"Hessen","districtType":"Kreisfreie Stadt"},"geometry":{"type":"Polygon","coordinates":[[[8.1751,50.0347],[8.1898,50.0353],[8.2438,50.0284],[8.2725,50.0103],[8.288,49.9948],[8.3156,50.0018],[8.331,50.0004],[8.3318,50.0268],[8.3798,50.0462],[8.3541,50.0627],[8.3752,50.068],[8.3862,50.0821],[8.3779,50.097],[8.3541,50.1055],[8.3446,50.1217],[8.3265,50.1303],[8.3273,50.1461],[8.322,50.1514],[8.2906,50.1474],[8.2759,50.1514],[8.2502,50.1491],[8.2321,50.1389],[8.1853,50.121],[8.1603,50.124],[8.132,50.1032],[8.1339,50.0703],[8.1577,50.0548],[8.1751,50.0347]]]}},{"type":"Feature","properties":{"codes":["HGN","LBZ","LUP","LWL","PCH","STB"],"name":"Ludwigslust-Parchim","state":"Mecklenburg-Vorpommern","districtType":"Landkreis"},"geometry":{"type":"Polygon","coordinates":[[[11.7971,53.771],[11.765,53.7654],[11.751,53.7832],[11.7329,53.7809],[11.7284,53.7941],[11.6675,53.7842],[11.6623,53.7654],[11.64,53.7772],[11.6271,53.7608],[11.586,53.7608],[11.5693,53.767],[11.552,53.7631],[11.4949,53.7716],[11.4885,53.7661],[11.5025,53.7351],[11.4813,53.6883],[11.4659,53.6968],[11.4492,53.6806],[11.4768,53.6806],[11.4851,53.6672],[11.484,53.6345],[11.5044,53.622],[11.5051,53.6081],[11.4904,53.5933],[11.4519,53.5706],[11.4806,53.5623],[11.4594,53.5498],[11.4228,53.5498],[11.3677,53.5567],[11.3805,53.5778],[11.3582,53.594],[11.3665,53.6088],[11.3582,53.6244],[11.3261,53.6431],[11.3023,53.6533],[11.2868,53.6477],[11.294,53.6378],[11.2933,53.6206],[11.3171,53.6213],[11.2997,53.6049],[11.3016,53.594],[11.2831,53.5878],[11.274,53.5956],[11.2502,53.5963],[11.2253,53.6035],[11.2071,53.6012],[11.1977,53.5801],[11.1675,53.5699],[11.1426,53.5669],[11.1456,53.5894],[11.1161,53.5917],[11.1025,53.6058],[11.064,53.6042],[11.0345,53.5973],[11.0089,53.6081],[11.0134,53.6197],[10.9987,53.6355],[10.9518,53.6477],[10.9299,53.6283],[10.9178,53.5949],[10.9235,53.5841],[10.9107,53.5715],[10.8933,53.5722],[10.8499,53.5653],[10.8427,53.5746],[10.8223,53.5755],[10.8317,53.5435],[10.8189,53.534],[10.8162,53.5201],[10.7868,53.5109],[10.7773,53.4951],[10.7517,53.4842],[10.7014,53.478],[10.6931,53.4555],[10.6519,53.4618],[10.6353,53.4562],[10.6187,53.4259],[10.6161,53.383],[10.6006,53.3784],[10.5949,53.3636],[10.6149,53.3698],[10.681,53.3675],[10.7048,53.3691],[10.7279,53.3573],[10.7381,53.3425],[10.7637,53.3372],[10.7709,53.3263],[10.7932,53.3154],[10.8272,53.3122],[10.8363,53.3068],[10.8574,53.3168],[10.8857,53.3247],[10.919,53.3481],[10.9556,53.3332],[10.9877,53.3332],[11.0089,53.299],[11.0089,53.2818],[11.027,53.2795],[11.0674,53.2311],[11.0904,53.214],[11.1169,53.204],[11.138,53.2024],[11.1361,53.1922],[11.1611,53.1859],[11.1796,53.1869],[11.1951,53.1767],[11.1894,53.1658],[11.172,53.1565],[11.1822,53.1385],[11.2105,53.144],[11.2464,53.1362],[11.2657,53.1223],[11.2906,53.1167],[11.3171,53.1199],[11.3371,53.1137],[11.3575,53.116],[11.3813,53.1104],[11.3986,53.1167],[11.3915,53.1299],[11.4236,53.1401],[11.4594,53.1401],[11.484,53.1292],[11.5346,53.1253],[11.5558,53.1385],[11.5501,53.151],[11.5693,53.1697],[11.5576,53.1846],[11.5584,53.2056],[11.5648,53.2133],[11.5867,53.2149],[11.629,53.2422],[11.6509,53.239],[11.6668,53.2445],[11.7008,53.2445],[11.7072,53.2343],[11.7272,53.232],[11.7401,53.2179],[11.7695,53.2274],[11.8099,53.2265],[11.8318,53.2343],[11.8145,53.2545],[11.8602,53.2492],[11.8851,53.2647],[11.8979,53.2788],[11.91,53.274],[11.9455,53.274],[11.9705,53.2904],[11.9742,53.299],[12.018,53.2997],[12.0218,53.3214],[12.0146,53.3349],[12.0558,53.3488],[12.0513,53.3668],[12.0777,53.3691],[12.0822,53.3464],[12.1347,53.3488],[12.1412,53.3589],[12.1687,53.3395],[12.1861,53.3434],[12.1906,53.3543],[12.2292,53.358],[12.2458,53.3332],[12.2715,53.324],[12.3107,53.327],[12.3319,53.3177],[12.3447,53.3339],[12.3376,53.3425],[12.3119,53.352],[12.2752,53.3791],[12.3036,53.3916],[12.3009,53.4229],[12.3107,53.4361],[12.3081,53.4486],[12.3429,53.4608],[12.3485,53.4734],[12.3621,53.4796],[12.3285,53.4789],[12.3183,53.4937],[12.3009,53.4984],[12.2896,53.5178],[12.3043,53.5535],[12.3055,53.5676],[12.2888,53.5706],[12.2805,53.5824],[12.2503,53.5894],[12.2092,53.6035],[12.2144,53.6105],[12.2027,53.6237],[12.199,53.6424],[12.1597,53.6362],[12.1374,53.6369],[12.12,53.6477],[12.0822,53.647],[12.0694,53.6619],[12.0494,53.6658],[12.0282,53.6899],[12.0373,53.7077],[12.0162,53.7124],[12.0018,53.7225],[11.9961,53.7351],[11.9788,53.7436],[11.9584,53.7381],[11.9357,53.7429],[11.8953,53.7351],[11.8779,53.7436],[11.8409,53.7499],[11.8447,53.7615],[11.7971,53.771]]]}},{"type":"Feature","properties":{"codes":["AT","DM","MC","MSE","MST","MÜR","NB","NZ","RM","WRN"],"name":"Mecklenburgische Seenplatte","state":"Mecklenburg-Vorpommern","districtType":"Landkreis"},"geometry":{"type":"Polygon","coordinates":[[[12.9864,54.0037],[12.957,54.0044],[12.9377,53.9944],[12.9237,53.9951],[12.9075,53.9826],[12.8614,53.9741],[12.8395,53.9896],[12.8082,54.0053],[12.8157,53.9882],[12.7881,53.9585],[12.8074,53.943],[12.8119,53.9305],[12.7844,53.9236],[12.7651,53.8986],[12.8017,53.8722],[12.7678,53.8712],[12.753,53.8603],[12.7568,53.8448],[12.7504,53.8238],[12.7356,53.8175],[12.7035,53.8145],[12.6983,53.774],[12.6824,53.7684],[12.6431,53.771],[12.6488,53.7575],[12.6291,53.7522],[12.6276,53.7258],[12.6386,53.7163],[12.6246,53.6985],[12.6284,53.6806],[12.6578,53.6626],[12.6246,53.6424],[12.611,53.6424],[12.5955,53.6526],[12.5642,53.6533],[12.5578,53.6596],[12.5109,53.654],[12.5026,53.6586],[12.5019,53.6774],[12.4871,53.6899],[12.4531,53.6758],[12.3961,53.6665],[12.4173,53.647],[12.4101,53.6362],[12.4108,53.6098],[12.3991,53.6026],[12.4165,53.5841],[12.4025,53.5732],[12.3723,53.5762],[12.3761,53.5854],[12.3395,53.5854],[12.3055,53.5676],[12.3043,53.5535],[12.2896,53.5178],[12.3009,53.4984],[12.3183,53.4937],[12.3285,53.4789],[12.3621,53.4796],[12.3485,53.4734],[12.3429,53.4608],[12.3081,53.4486],[12.3107,53.4361],[12.3009,53.4229],[12.3036,53.3916],[12.2752,53.3791],[12.3119,53.352],[12.3376,53.3425],[12.3447,53.3339],[12.3319,53.3177],[12.3651,53.3059],[12.3942,53.302],[12.3916,53.2848],[12.4267,53.2756],[12.4448,53.2499],[12.4667,53.2561],[12.4973,53.2554],[12.5026,53.2624],[12.5494,53.2624],[12.6065,53.2445],[12.6284,53.2545],[12.6662,53.2531],[12.6662,53.2311],[12.7311,53.2218],[12.7579,53.2218],[12.7394,53.1994],[12.7787,53.1892],[12.8448,53.2017],[12.8595,53.1876],[12.878,53.1799],[12.9037,53.1938],[12.9275,53.1899],[12.9543,53.2001],[12.9751,53.1985],[12.9789,53.1899],[12.9608,53.1846],[12.9672,53.1674],[12.9845,53.1651],[13.02,53.176],[13.0431,53.1968],[13.0782,53.2047],[13.0873,53.2156],[13.1065,53.2156],[13.1028,53.236],[13.1394,53.2459],[13.1817,53.2506],[13.2047,53.2202],[13.2293,53.2165],[13.2414,53.2327],[13.2478,53.2568],[13.2973,53.2802],[13.3369,53.2733],[13.3607,53.2779],[13.3891,53.2429],[13.4038,53.2459],[13.4083,53.2631],[13.4242,53.2726],[13.4415,53.2983],[13.4608,53.2888],[13.4835,53.2911],[13.5103,53.32],[13.5231,53.32],[13.5258,53.3668],[13.5431,53.3643],[13.556,53.3925],[13.5719,53.4071],[13.6123,53.4143],[13.6266,53.4104],[13.6361,53.4252],[13.6406,53.447],[13.6515,53.4453],[13.6735,53.4602],[13.7105,53.4789],[13.6874,53.4921],[13.6938,53.5083],[13.6701,53.5093],[13.681,53.5218],[13.6784,53.5357],[13.7056,53.5366],[13.7241,53.5426],[13.7184,53.5607],[13.7248,53.5715],[13.7093,53.5755],[13.7022,53.591],[13.7445,53.6112],[13.7626,53.6151],[13.735,53.6362],[13.6946,53.651],[13.7233,53.6688],[13.7505,53.6721],[13.7581,53.6853],[13.7241,53.6968],[13.7003,53.7001],[13.6689,53.6968],[13.6221,53.7031],[13.5496,53.6952],[13.5231,53.7163],[13.5269,53.7225],[13.5058,53.742],[13.4242,53.7522],[13.4,53.7615],[13.3717,53.7483],[13.3607,53.7575],[13.3743,53.7677],[13.3441,53.7881],[13.3441,53.8036],[13.3679,53.7997],[13.3826,53.8029],[13.3936,53.8152],[13.3974,53.8309],[13.3724,53.8471],[13.3377,53.8488],[13.3332,53.8339],[13.3029,53.8238],[13.3003,53.8122],[13.281,53.8106],[13.2697,53.8184],[13.235,53.8082],[13.2119,53.8238],[13.19,53.8316],[13.1927,53.8495],[13.1828,53.862],[13.1964,53.8682],[13.2002,53.8893],[13.1919,53.8946],[13.2085,53.9118],[13.2029,53.9236],[13.1553,53.9444],[13.133,53.9321],[13.1084,53.947],[13.0892,53.946],[13.0642,53.9546],[13.0559,53.9671],[13.0295,53.9796],[13.0019,53.9757],[12.9963,53.9859],[13.0155,53.9928],[12.9864,54.0037]]]}},{"type":"Feature","properties":{"codes":["GDB","GVM","HWI","NWM","WIS"],"name":"Nordwestmecklenburg","state":"Mecklenburg-Vorpommern","districtType":"Landkreis"},"geometry":{"type":"Polygon","coordinates":[[[11.5622,54.0278],[11.5172,54.0255],[11.4923,53.9912],[11.4987,53.9819],[11.487,53.9687],[11.4685,53.9717],[11.4787,53.9842],[11.4776,53.9981],[11.4934,54.006],[11.4923,54.0232],[11.4576,54.0239],[11.396,54.006],[11.3775,53.9974],[11.3775,53.975],[11.3903,53.9741],[11.4281,53.9616],[11.4281,53.9866],[11.4455,53.9882],[11.4409,53.9664],[11.4519,53.9569],[11.4666,53.971],[11.484,53.9678],[11.4813,53.9298],[11.4511,53.915],[11.4447,53.9064],[11.4017,53.9226],[11.4062,53.9352],[11.3858,53.9391],[11.3639,53.9352],[11.3261,53.9562],[11.3189,53.9444],[11.2849,53.9298],[11.2612,53.9335],[11.2445,53.943],[11.2445,53.9648],[11.26,53.981],[11.2189,53.9836],[11.2034,53.9896],[11.1932,54.0044],[11.1815,54.0153],[11.1482,54.01],[11.1025,54.0139],[11.0398,54.0067],[10.9813,53.9873],[10.9447,53.9687],[10.9031,53.9562],[10.9095,53.9477],[10.8948,53.9335],[10.8948,53.9243],[10.9409,53.9187],[10.962,53.9104],[10.9352,53.9002],[10.9114,53.8979],[10.9114,53.9141],[10.8812,53.9243],[10.8755,53.915],[10.8491,53.9055],[10.8483,53.8969],[10.8208,53.8932],[10.8023,53.8768],[10.7702,53.8729],[10.749,53.8402],[10.763,53.8112],[10.772,53.7974],[10.7581,53.7647],[10.7709,53.7499],[10.806,53.739],[10.8068,53.7258],[10.8242,53.711],[10.851,53.7024],[10.8838,53.7054],[10.9235,53.6985],[10.9428,53.6829],[10.939,53.6658],[10.9545,53.6586],[10.9518,53.6477],[10.9987,53.6355],[11.0134,53.6197],[11.0089,53.6081],[11.0345,53.5973],[11.064,53.6042],[11.1025,53.6058],[11.1161,53.5917],[11.1456,53.5894],[11.1426,53.5669],[11.1675,53.5699],[11.1977,53.5801],[11.2071,53.6012],[11.2253,53.6035],[11.2502,53.5963],[11.274,53.5956],[11.2831,53.5878],[11.3016,53.594],[11.2997,53.6049],[11.3171,53.6213],[11.2933,53.6206],[11.294,53.6378],[11.2868,53.6477],[11.3023,53.6533],[11.3189,53.6704],[11.3427,53.6774],[11.3741,53.6797],[11.3903,53.6758],[11.4281,53.6867],[11.4492,53.6806],[11.4659,53.6968],[11.4813,53.6883],[11.5025,53.7351],[11.4885,53.7661],[11.4949,53.7716],[11.552,53.7631],[11.5693,53.767],[11.586,53.7608],[11.6271,53.7608],[11.64,53.7772],[11.6623,53.7654],[11.6675,53.7842],[11.7284,53.7941],[11.7329,53.7809],[11.751,53.7832],[11.765,53.7654],[11.7971,53.771],[11.7933,53.7795],[11.8099,53.795],[11.8016,53.8175],[11.7586,53.8261],[11.7767,53.859],[11.7612,53.8735],[11.7869,53.8861],[11.7944,53.9016],[11.7895,53.9134],[11.8054,53.9187],[11.7907,53.9352],[11.7952,53.9578],[11.8043,53.9664],[11.7676,53.9757],[11.7412,53.9687],[11.7329,53.9553],[11.7061,53.9553],[11.6868,53.9345],[11.6668,53.9553],[11.6573,53.9849],[11.6226,53.9928],[11.6143,53.9866],[11.5886,53.9866],[11.5886,54.0014],[11.5795,54.0192],[11.5622,54.0278],[11.5641,54.0287],[11.5622,54.0278]]]}},{"type":"Feature","properties":{"codes":["BÜZ","DBR","GÜ","HRO","LRO","ROS","TET"],"name":"Rostock","state":"Mecklenburg-Vorpommern","districtType":"Kreisfreie Stadt"},"geometry":{"type":"Polygon","coordinates":[[[11.9988,54.1751],[12.0339,54.1626],[12.0199,54.1547],[12.0373,54.1376],[12.0301,54.1276],[12.0384,54.1128],[12.0551,54.1033],[12.0668,54.0604],[12.0807,54.0512],[12.1374,54.0597],[12.1585,54.069],[12.1914,54.069],[12.2027,54.097],[12.1721,54.1174],[12.1721,54.129],[12.1899,54.1478],[12.1816,54.1656],[12.1963,54.1672],[12.2073,54.182],[12.2575,54.1827],[12.2934,54.1969],[12.2658,54.2147],[12.2677,54.2413],[12.2016,54.2443],[12.1842,54.2365],[12.1457,54.1975],[12.1272,54.185],[12.0962,54.1804],[12.1008,54.1688],[12.12,54.1742],[12.1412,54.1695],[12.1329,54.1563],[12.0936,54.1547],[12.097,54.1695],[12.0887,54.1827],[12.0705,54.1781],[11.9988,54.1751]]]}},{"type":"Feature","properties":{"codes":["BÜZ","DBR","GÜ","HRO","LRO","ROS","TET"],"name":"Rostock","state":"Mecklenburg-Vorpommern","districtType":"Landkreis"},"geometry":{"type":"Polygon","coordinates":[[[12.8082,54.0053],[12.7889,54.01],[12.7753,54.0208],[12.7432,54.0333],[12.7156,54.0192],[12.6918,54.0301],[12.6964,54.0364],[12.6586,54.0465],[12.6284,54.0676],[12.6084,54.0769],[12.5816,54.0713],[12.5566,54.0933],[12.5393,54.0878],[12.52,54.0947],[12.4826,54.097],[12.4596,54.0924],[12.4603,54.1072],[12.4358,54.1244],[12.412,54.1135],[12.3844,54.1142],[12.3852,54.1352],[12.3659,54.1619],[12.3723,54.1899],[12.3716,54.2077],[12.3549,54.2107],[12.3493,54.2216],[12.3126,54.2341],[12.3119,54.2483],[12.2798,54.2608],[12.2851,54.2747],[12.2209,54.2536],[12.2016,54.2443],[12.2677,54.2413],[12.2658,54.2147],[12.2934,54.1969],[12.2575,54.1827],[12.2073,54.182],[12.1963,54.1672],[12.1816,54.1656],[12.1899,54.1478],[12.1721,54.129],[12.1721,54.1174],[12.2027,54.097],[12.1914,54.069],[12.1585,54.069],[12.1374,54.0597],[12.0807,54.0512],[12.0668,54.0604],[12.0551,54.1033],[12.0384,54.1128],[12.0301,54.1276],[12.0373,54.1376],[12.0199,54.1547],[12.0339,54.1626],[11.9999,54.1758],[11.9667,54.1665],[11.9448,54.1649],[11.8768,54.1484],[11.8466,54.1447],[11.8073,54.1454],[11.7457,54.1533],[11.6823,54.1533],[11.6381,54.1276],[11.6007,54.1026],[11.5527,54.094],[11.5308,54.0746],[11.5365,54.0574],[11.5327,54.0496],[11.5833,54.091],[11.6033,54.0956],[11.6252,54.0901],[11.6218,54.0753],[11.5822,54.063],[11.586,54.0459],[11.5622,54.0278],[11.5795,54.0192],[11.5886,54.0014],[11.5886,53.9866],[11.6143,53.9866],[11.6226,53.9928],[11.6573,53.9849],[11.6668,53.9553],[11.6868,53.9345],[11.7061,53.9553],[11.7329,53.9553],[11.7412,53.9687],[11.7676,53.9757],[11.8043,53.9664],[11.7952,53.9578],[11.7907,53.9352],[11.8054,53.9187],[11.7895,53.9134],[11.7944,53.9016],[11.7869,53.8861],[11.7612,53.8735],[11.7767,53.859],[11.7586,53.8261],[11.8016,53.8175],[11.8099,53.795],[11.7933,53.7795],[11.7971,53.771],[11.8447,53.7615],[11.8409,53.7499],[11.8779,53.7436],[11.8953,53.7351],[11.9357,53.7429],[11.9584,53.7381],[11.9788,53.7436],[11.9961,53.7351],[12.0018,53.7225],[12.0162,53.7124],[12.0373,53.7077],[12.0282,53.6899],[12.0494,53.6658],[12.0694,53.6619],[12.0822,53.647],[12.12,53.6477],[12.1374,53.6369],[12.1597,53.6362],[12.199,53.6424],[12.2027,53.6237],[12.2144,53.6105],[12.2092,53.6035],[12.2503,53.5894],[12.2805,53.5824],[12.2888,53.5706],[12.3055,53.5676],[12.3395,53.5854],[12.3761,53.5854],[12.3723,53.5762],[12.4025,53.5732],[12.4165,53.5841],[12.3991,53.6026],[12.4108,53.6098],[12.4101,53.6362],[12.4173,53.647],[12.3961,53.6665],[12.4531,53.6758],[12.4871,53.6899],[12.5019,53.6774],[12.5026,53.6586],[12.5109,53.654],[12.5578,53.6596],[12.5642,53.6533],[12.5955,53.6526],[12.611,53.6424],[12.6246,53.6424],[12.6578,53.6626],[12.6284,53.6806],[12.6246,53.6985],[12.6386,53.7163],[12.6276,53.7258],[12.6291,53.7522],[12.6488,53.7575],[12.6431,53.771],[12.6824,53.7684],[12.6983,53.774],[12.7035,53.8145],[12.7356,53.8175],[12.7504,53.8238],[12.7568,53.8448],[12.753,53.8603],[12.7678,53.8712],[12.8017,53.8722],[12.7651,53.8986],[12.7844,53.9236],[12.8119,53.9305],[12.8074,53.943],[12.7881,53.9585],[12.8157,53.9882],[12.8082,54.0053]]]}},{"type":"Feature","properties":{"codes":["SN"],"name":"Schwerin","state":"Mecklenburg-Vorpommern","districtType":"Kreisfreie Stadt"},"geometry":{"type":"Polygon","coordinates":[[[11.3023,53.6533],[11.3261,53.6431],[11.3582,53.6244],[11.3665,53.6088],[11.3582,53.594],[11.3805,53.5778],[11.3677,53.5567],[11.4228,53.5498],[11.4594,53.5498],[11.4806,53.5623],[11.4519,53.5706],[11.4904,53.5933],[11.5051,53.6081],[11.5044,53.622],[11.484,53.6345],[11.4851,53.6672],[11.4768,53.6806],[11.4492,53.6806],[11.4281,53.6867],[11.3903,53.6758],[11.3741,53.6797],[11.3427,53.6774],[11.3189,53.6704],[11.3023,53.6533]]]}},{"type":"Feature","properties":{"codes":["ANK","GW","HGW","OVP","PW","SBG","UEM","UER","VG","WLG"],"name":"Vorpommern-Greifswald","state":"Mecklenburg-Vorpommern","districtType":"Landkreis"},"geometry":{"type":"MultiPolygon","coordinates":[[[[13.769,54.126],[13.7716,54.1142],[13.7864,54.1105],[13.7837,54.1112],[13.769,54.126]]],[[[13.3324,54.1704],[13.3324,54.182],[13.3196,54.1936],[13.3003,54.1804],[13.2875,54.1603],[13.2909,54.1339],[13.2523,54.129],[13.2368,54.1204],[13.2164,54.1181],[13.2248,54.1049],[13.2486,54.0996],[13.2614,54.0815],[13.289,54.0729],[13.278,54.0637],[13.2486,54.0676],[13.213,54.0449],[13.2047,54.034],[13.1541,54.0278],[13.1315,54.0225],[13.088,54.0373],[13.0835,54.0317],[13.0404,54.0255],[13.0231,54.0139],[12.9963,54.0169],[12.9864,54.0037],[13.0155,53.9928],[12.9963,53.9859],[13.0019,53.9757],[13.0295,53.9796],[13.0559,53.9671],[13.0642,53.9546],[13.0892,53.946],[13.1084,53.947],[13.133,53.9321],[13.1553,53.9444],[13.2029,53.9236],[13.2085,53.9118],[13.1919,53.8946],[13.2002,53.8893],[13.1964,53.8682],[13.1828,53.862],[13.1927,53.8495],[13.19,53.8316],[13.2119,53.8238],[13.235,53.8082],[13.2697,53.8184],[13.281,53.8106],[13.3003,53.8122],[13.3029,53.8238],[13.3332,53.8339],[13.3377,53.8488],[13.3724,53.8471],[13.3974,53.8309],[13.3936,53.8152],[13.3826,53.8029],[13.3679,53.7997],[13.3441,53.8036],[13.3441,53.7881],[13.3743,53.7677],[13.3607,53.7575],[13.3717,53.7483],[13.4,53.7615],[13.4242,53.7522],[13.5058,53.742],[13.5269,53.7225],[13.5231,53.7163],[13.5496,53.6952],[13.6221,53.7031],[13.6689,53.6968],[13.7003,53.7001],[13.7241,53.6968],[13.7581,53.6853],[13.7505,53.6721],[13.7233,53.6688],[13.6946,53.651],[13.735,53.6362],[13.7626,53.6151],[13.7445,53.6112],[13.7022,53.591],[13.7093,53.5755],[13.7248,53.5715],[13.7184,53.5607],[13.7241,53.5426],[13.7056,53.5366],[13.6784,53.5357],[13.681,53.5218],[13.6701,53.5093],[13.6938,53.5083],[13.6874,53.4921],[13.7105,53.4789],[13.7361,53.4812],[13.7837,53.4743],[13.8113,53.4835],[13.8268,53.4991],[13.803,53.4984],[13.7773,53.5139],[13.7811,53.5449],[13.7985,53.5458],[13.823,53.5178],[13.8442,53.5155],[13.8793,53.5037],[13.8736,53.4905],[13.8846,53.4842],[13.8755,53.4734],[13.9186,53.4562],[13.9069,53.4453],[13.9038,53.4321],[13.9167,53.4219],[13.9371,53.4291],[14.0013,53.4351],[14.0066,53.4305],[14.0451,53.4298],[14.0553,53.4127],[14.0791,53.4127],[14.1059,53.4229],[14.1214,53.4414],[14.1425,53.4375],[14.1773,53.4229],[14.2113,53.4259],[14.2253,53.4344],[14.2415,53.4229],[14.237,53.415],[14.2434,53.3925],[14.2253,53.3606],[14.203,53.3402],[14.1097,53.2825],[14.0983,53.2617],[14.1252,53.2608],[14.1626,53.2677],[14.1784,53.2617],[14.2003,53.2617],[14.2113,53.2545],[14.2664,53.2594],[14.2619,53.2763],[14.2913,53.2834],[14.3133,53.302],[14.317,53.3122],[14.3491,53.3098],[14.3994,53.33],[14.4122,53.3293],[14.4058,53.3471],[14.3903,53.3534],[14.3948,53.3761],[14.3729,53.4087],[14.3684,53.4328],[14.371,53.4562],[14.3582,53.4571],[14.351,53.496],[14.3269,53.5037],[14.3159,53.5248],[14.3159,53.5373],[14.3023,53.5535],[14.314,53.5653],[14.3121,53.5854],[14.317,53.6183],[14.2838,53.6345],[14.2849,53.6586],[14.271,53.6672],[14.2838,53.6829],[14.2672,53.6978],[14.2434,53.6938],[14.2151,53.7024],[14.2574,53.7235],[14.2736,53.739],[14.2645,53.7522],[14.2287,53.7615],[14.1977,53.7429],[14.1754,53.7357],[14.1675,53.7429],[14.1221,53.7374],[14.0387,53.7552],[13.9673,53.7763],[13.9223,53.7974],[13.902,53.802],[13.8729,53.8316],[13.8487,53.8441],[13.8158,53.8441],[13.814,53.8627],[13.8313,53.8643],[13.8249,53.8534],[13.8536,53.8488],[13.8653,53.8418],[13.8884,53.8402],[13.9949,53.8495],[14.0213,53.8689],[14.0425,53.8735],[14.0662,53.8689],[14.0829,53.8735],[14.1221,53.8689],[14.1894,53.8729],[14.2158,53.8698],[14.2151,53.8916],[14.206,53.9078],[14.1901,53.9111],[14.2196,53.9298],[14.1792,53.9484],[14.1407,53.9773],[14.047,54.0301],[14.0149,54.0544],[13.9635,54.0706],[13.948,54.0713],[13.9121,54.0824],[13.8808,54.0956],[13.8415,54.122],[13.826,54.1392],[13.8132,54.1679],[13.7856,54.1742],[13.7569,54.1679],[13.749,54.1563],[13.7626,54.1369],[13.7754,54.1227],[13.8121,54.0996],[13.8075,54.0824],[13.8022,54.0815],[13.7902,54.0482],[13.7735,54.0419],[13.7626,54.0264],[13.7701,54.0185],[13.7985,54.0178],[13.8204,54.0373],[13.8479,54.0433],[13.8461,54.0449],[13.8755,54.0426],[13.8782,54.0357],[13.8544,54.0162],[13.8672,54.0076],[13.8993,54.0116],[13.9076,54.0248],[13.9242,54.0357],[13.914,54.0567],[13.9205,54.063],[13.968,54.0597],[13.9956,54.0433],[14.0051,54.01],[14.0296,54.0178],[14.047,53.9968],[14.047,53.9773],[14.0334,53.9407],[14.0149,53.9484],[14.0122,53.9602],[13.9956,53.9625],[13.9847,53.9602],[13.9597,53.9407],[13.9507,53.9569],[13.9646,53.9671],[13.9654,53.9905],[13.9526,53.9944],[13.9114,53.9912],[13.8993,53.9826],[13.8955,53.9648],[13.9231,53.9507],[13.9378,53.9141],[13.9242,53.8907],[13.8865,53.8768],[13.8755,53.8775],[13.8544,53.8705],[13.8472,53.8775],[13.86,53.8969],[13.8884,53.9104],[13.9095,53.915],[13.914,53.9243],[13.8955,53.943],[13.88,53.9516],[13.8517,53.953],[13.8544,53.9648],[13.8113,53.9958],[13.7958,53.9951],[13.7599,54.0162],[13.7452,54.0294],[13.7652,54.0364],[13.7856,54.0512],[13.7837,54.0581],[13.7958,54.0769],[13.7947,54.0885],[13.8087,54.097],[13.7985,54.1072],[13.7811,54.1072],[13.769,54.1158],[13.7618,54.1267],[13.7497,54.1392],[13.7343,54.1362],[13.7022,54.1484],[13.6957,54.1579],[13.7074,54.1704],[13.6957,54.1718],[13.6168,54.1376],[13.5617,54.1299],[13.5084,54.1283],[13.4801,54.1204],[13.4846,54.1026],[13.4993,54.0901],[13.491,54.0838],[13.4544,54.0917],[13.4359,54.1283],[13.4102,54.1501],[13.3819,54.1484],[13.3955,54.1586],[13.423,54.1665],[13.4038,54.1804],[13.3743,54.1765],[13.3562,54.1679],[13.3324,54.1704]]]]}},{"type":"Feature","properties":{"codes":["GMN","HST","NVP","RDG","RÜG","VR"],"name":"Vorpommern-Rügen","state":"Mecklenburg-Vorpommern","districtType":"Landkreis"},"geometry":{"type":"MultiPolygon","coordinates":[[[[12.6964,54.4312],[12.6945,54.4187],[12.7183,54.4148],[12.7247,54.425],[12.6964,54.4312]]],[[[12.9211,54.4437],[12.8607,54.4405],[12.6586,54.4421],[12.6246,54.4484],[12.5532,54.4546],[12.5264,54.4701],[12.5309,54.4819],[12.5117,54.4833],[12.4962,54.4701],[12.4679,54.4203],[12.4365,54.3914],[12.4082,54.3775],[12.3935,54.358],[12.3364,54.2957],[12.2851,54.2747],[12.2798,54.2608],[12.3119,54.2483],[12.3126,54.2341],[12.3493,54.2216],[12.3549,54.2107],[12.3716,54.2077],[12.3723,54.1899],[12.3659,54.1619],[12.3852,54.1352],[12.3844,54.1142],[12.412,54.1135],[12.4358,54.1244],[12.4603,54.1072],[12.4596,54.0924],[12.4826,54.097],[12.52,54.0947],[12.5393,54.0878],[12.5566,54.0933],[12.5816,54.0713],[12.6084,54.0769],[12.6284,54.0676],[12.6586,54.0465],[12.6964,54.0364],[12.6918,54.0301],[12.7156,54.0192],[12.7432,54.0333],[12.7753,54.0208],[12.7889,54.01],[12.8082,54.0053],[12.8395,53.9896],[12.8614,53.9741],[12.9075,53.9826],[12.9237,53.9951],[12.9377,53.9944],[12.957,54.0044],[12.9864,54.0037],[12.9963,54.0169],[13.0231,54.0139],[13.0404,54.0255],[13.0835,54.0317],[13.088,54.0373],[13.1315,54.0225],[13.1541,54.0278],[13.2047,54.034],[13.213,54.0449],[13.2486,54.0676],[13.278,54.0637],[13.289,54.0729],[13.2614,54.0815],[13.2486,54.0996],[13.2248,54.1049],[13.2164,54.1181],[13.2368,54.1204],[13.2523,54.129],[13.2909,54.1339],[13.2875,54.1603],[13.3003,54.1804],[13.3196,54.1936],[13.3056,54.2045],[13.2992,54.2202],[13.2856,54.2358],[13.2553,54.2404],[13.2176,54.2404],[13.2047,54.2568],[13.1843,54.2661],[13.1689,54.2763],[13.1534,54.2684],[13.1349,54.2684],[13.1054,54.2816],[13.1111,54.3043],[13.088,54.3214],[13.0763,54.3495],[13.0937,54.3666],[13.0763,54.3821],[13.0488,54.3798],[13.025,54.3963],[13.0219,54.4171],[13.0348,54.4233],[13.0333,54.4352],[12.9993,54.4359],[12.9872,54.425],[12.9558,54.4227],[12.9532,54.4164],[12.9249,54.4141],[12.8981,54.4025],[12.8845,54.3791],[12.8833,54.3729],[12.8524,54.3525],[12.821,54.3518],[12.8101,54.3455],[12.8048,54.3712],[12.7953,54.3782],[12.7715,54.3791],[12.7689,54.3712],[12.7221,54.3719],[12.7156,54.3963],[12.6964,54.3907],[12.6873,54.4071],[12.6631,54.4078],[12.6605,54.3986],[12.6624,54.3884],[12.6201,54.3719],[12.5763,54.3666],[12.5532,54.3782],[12.5521,54.3587],[12.5385,54.3511],[12.5385,54.3416],[12.5211,54.3346],[12.475,54.3307],[12.4781,54.305],[12.4346,54.2974],[12.4154,54.2879],[12.4082,54.2684],[12.4331,54.245],[12.4055,54.249],[12.3697,54.2654],[12.3833,54.2793],[12.364,54.2957],[12.3659,54.3106],[12.3825,54.3089],[12.3972,54.3307],[12.3863,54.3393],[12.4071,54.3353],[12.4218,54.3409],[12.4184,54.3689],[12.4365,54.3782],[12.4588,54.3814],[12.5264,54.3805],[12.5789,54.3963],[12.5872,54.4078],[12.6155,54.4078],[12.6174,54.418],[12.6341,54.4227],[12.6412,54.4171],[12.6631,54.4078],[12.668,54.418],[12.6907,54.4319],[12.7202,54.4328],[12.7394,54.4148],[12.7644,54.4134],[12.7889,54.4171],[12.8082,54.4141],[12.821,54.421],[12.8505,54.422],[12.8735,54.4134],[12.9158,54.421],[12.9268,54.4296],[12.9211,54.4437]]],[[[13.1972,54.4889],[13.1726,54.4935],[13.1488,54.4819],[13.1213,54.45],[13.1349,54.4428],[13.1571,54.4477],[13.1862,54.4648],[13.2085,54.4685],[13.2112,54.4639],[13.2066,54.4632],[13.2266,54.4685],[13.2259,54.4866],[13.1972,54.4889]]],[[[13.1507,54.5838],[13.1451,54.604],[13.1182,54.6033],[13.0982,54.5917],[13.1009,54.5713],[13.0926,54.5442],[13.0854,54.5371],[13.0605,54.4803],[13.0642,54.4576],[13.0707,54.4639],[13.0763,54.4787],[13.0744,54.481],[13.0733,54.5005],[13.1118,54.5341],[13.1167,54.5574],[13.1111,54.5706],[13.113,54.5845],[13.1341,54.5885],[13.1458,54.5878],[13.1507,54.5838]]],[[[13.4359,54.6781],[13.3762,54.6834],[13.3377,54.6749],[13.2844,54.6725],[13.2497,54.6603],[13.2195,54.6406],[13.2266,54.6135],[13.2214,54.601],[13.1843,54.569],[13.2278,54.5878],[13.2376,54.6003],[13.2266,54.6251],[13.2633,54.6438],[13.2863,54.6406],[13.2825,54.6142],[13.2587,54.5931],[13.2433,54.5581],[13.2818,54.5651],[13.3165,54.5799],[13.335,54.5822],[13.3305,54.594],[13.366,54.6126],[13.38,54.6026],[13.3826,54.5838],[13.3936,54.5737],[13.4268,54.5683],[13.4468,54.5512],[13.4872,54.5526],[13.502,54.5489],[13.511,54.5185],[13.5012,54.4873],[13.5488,54.4741],[13.5469,54.4569],[13.5552,54.4359],[13.5367,54.4335],[13.5416,54.4196],[13.5103,54.4187],[13.4763,54.4243],[13.4755,54.4328],[13.5031,54.4342],[13.5141,54.4437],[13.4718,54.4586],[13.4827,54.4734],[13.4789,54.4833],[13.4563,54.4771],[13.4434,54.4866],[13.4128,54.4935],[13.4083,54.5114],[13.414,54.5209],[13.3936,54.5403],[13.3807,54.5456],[13.3773,54.5588],[13.3543,54.5479],[13.3883,54.5403],[13.3743,54.5246],[13.3441,54.5246],[13.3615,54.5433],[13.3388,54.5489],[13.3543,54.5519],[13.369,54.5792],[13.3532,54.5808],[13.3396,54.5706],[13.312,54.5621],[13.2973,54.5526],[13.3112,54.5246],[13.2882,54.5222],[13.2882,54.5417],[13.2421,54.5542],[13.1772,54.5456],[13.1579,54.5387],[13.1696,54.506],[13.201,54.5037],[13.2331,54.5051],[13.2266,54.4866],[13.258,54.485],[13.258,54.4734],[13.2387,54.4662],[13.1696,54.453],[13.1605,54.4342],[13.1689,54.425],[13.213,54.425],[13.2195,54.4141],[13.235,54.4101],[13.2304,54.4],[13.2421,54.3844],[13.235,54.3696],[13.1919,54.3752],[13.1284,54.3719],[13.1137,54.3323],[13.1341,54.3254],[13.1496,54.312],[13.1386,54.2911],[13.1405,54.2809],[13.1919,54.2964],[13.2002,54.27],[13.2157,54.2724],[13.2414,54.267],[13.2633,54.2545],[13.3158,54.2598],[13.3158,54.2631],[13.3112,54.2654],[13.3286,54.2747],[13.3267,54.2575],[13.3146,54.2413],[13.3607,54.2341],[13.3883,54.2272],[13.4057,54.2295],[13.423,54.245],[13.4038,54.2645],[13.3596,54.2499],[13.3543,54.2536],[13.3596,54.2724],[13.3864,54.2724],[13.411,54.2856],[13.4121,54.2964],[13.4276,54.3073],[13.4608,54.3159],[13.4661,54.3268],[13.4514,54.3316],[13.4789,54.3316],[13.4929,54.337],[13.5496,54.3393],[13.5726,54.3525],[13.604,54.3448],[13.613,54.3307],[13.6489,54.3488],[13.6829,54.3495],[13.6753,54.337],[13.6848,54.3129],[13.6463,54.2974],[13.6561,54.2879],[13.7139,54.2934],[13.7169,54.3106],[13.7452,54.3448],[13.7195,54.3587],[13.7022,54.3805],[13.6784,54.3946],[13.658,54.3986],[13.6232,54.3986],[13.5911,54.4203],[13.5726,54.4484],[13.5719,54.4741],[13.59,54.4843],[13.6074,54.4982],[13.6689,54.5209],[13.6784,54.5347],[13.681,54.5426],[13.6772,54.5651],[13.6379,54.5845],[13.5964,54.5845],[13.491,54.5723],[13.4533,54.5699],[13.4314,54.5737],[13.3909,54.598],[13.3792,54.6181],[13.3762,54.636],[13.3872,54.6501],[13.4212,54.6563],[13.4332,54.6649],[13.4359,54.6781]]]]}},{"type":"Feature","properties":{"codes":["WST"],"name":"Ammerland","state":"Niedersachsen","districtType":"Landkreis"},"geometry":{"type":"Polygon","coordinates":[[[8.3035,53.1892],[8.3137,53.1968],[8.2971,53.239],[8.2751,53.2584],[8.2668,53.2841],[8.2419,53.3075],[8.2181,53.3029],[8.1917,53.3154],[8.1641,53.3411],[8.1743,53.3543],[8.1584,53.3488],[8.1513,53.3379],[8.1256,53.33],[8.0905,53.3325],[8.0787,53.3425],[8.0633,53.3418],[8.0319,53.3214],[8.03,53.3105],[7.9704,53.3043],[7.962,53.3154],[7.9299,53.3362],[7.8861,53.352],[7.8502,53.2943],[7.7611,53.2413],[7.7354,53.2367],[7.7026,53.2225],[7.7007,53.2056],[7.7188,53.179],[7.7475,53.1727],[7.774,53.1721],[7.7898,53.1783],[7.8163,53.1744],[7.851,53.1642],[7.8393,53.1417],[7.8604,53.1299],[7.885,53.1098],[7.9016,53.1199],[7.919,53.1074],[7.9492,53.0956],[7.9658,53.0755],[7.9979,53.0715],[8.0164,53.0739],[8.0512,53.06],[8.0697,53.0817],[8.0704,53.0903],[8.1282,53.1081],[8.1539,53.1503],[8.1596,53.1744],[8.1705,53.1836],[8.1924,53.1892],[8.2015,53.2047],[8.2457,53.2008],[8.2548,53.1931],[8.3035,53.1892]]]}},{"type":"Feature","properties":{"codes":["AUR","NOR"],"name":"Aurich","state":"Niedersachsen","districtType":"Landkreis"},"geometry":{"type":"MultiPolygon","coordinates":[[[[6.8233,53.6477],[6.8207,53.6431],[6.8471,53.6424],[6.8437,53.6464],[6.826,53.6501],[6.8233,53.6477]]],[[[6.9023,53.6362],[6.9079,53.6517],[6.8645,53.6447],[6.8766,53.6276],[6.8985,53.6299],[6.9023,53.6362]]],[[[6.8573,53.6649],[6.8758,53.6619],[6.9113,53.6665],[7.0665,53.6797],[7.0428,53.6843],[6.9876,53.6813],[6.8611,53.6697],[6.8573,53.6649]]],[[[7.5519,53.6744],[7.5164,53.6721],[7.4748,53.6836],[7.3747,53.6829],[7.3593,53.686],[7.317,53.6836],[7.2611,53.6728],[7.2346,53.6649],[7.1833,53.6408],[7.1738,53.6299],[7.1583,53.626],[7.1372,53.6042],[7.1115,53.594],[7.0903,53.5732],[7.1217,53.5449],[7.1326,53.5403],[7.1243,53.5294],[7.1005,53.5264],[7.0511,53.535],[7.0344,53.534],[7.0499,53.5076],[7.0254,53.4835],[7.0235,53.4608],[7.0114,53.4305],[7.0133,53.4104],[6.9997,53.3738],[6.9997,53.3589],[7.0133,53.3784],[7.0382,53.3527],[7.0575,53.3534],[7.0896,53.3698],[7.1013,53.387],[7.1428,53.3925],[7.1738,53.387],[7.2116,53.4025],[7.2399,53.3939],[7.2501,53.4034],[7.2758,53.4064],[7.286,53.3814],[7.3117,53.3668],[7.3071,53.3504],[7.3207,53.3497],[7.329,53.3705],[7.3502,53.3557],[7.3702,53.352],[7.4068,53.352],[7.4695,53.3705],[7.4933,53.3691],[7.5145,53.3534],[7.5492,53.3566],[7.564,53.3448],[7.5896,53.3418],[7.6127,53.3325],[7.6482,53.3464],[7.6629,53.3402],[7.7301,53.3589],[7.8155,53.3754],[7.8042,53.3995],[7.7675,53.4134],[7.786,53.4229],[7.7713,53.4463],[7.7558,53.4361],[7.7392,53.4414],[7.7445,53.4562],[7.7366,53.4727],[7.7181,53.4717],[7.6776,53.4632],[7.6776,53.5023],[7.6482,53.5264],[7.6622,53.5389],[7.6493,53.5614],[7.6191,53.5614],[7.5538,53.5535],[7.4824,53.5475],[7.4484,53.535],[7.4291,53.5326],[7.4125,53.5419],[7.4208,53.5505],[7.4152,53.5817],[7.4208,53.6174],[7.4344,53.623],[7.4537,53.6206],[7.4658,53.6269],[7.5081,53.623],[7.5081,53.6362],[7.4914,53.6494],[7.5126,53.6549],[7.5096,53.6642],[7.5519,53.6744]]],[[[7.3419,53.7209],[7.317,53.7225],[7.2841,53.7179],[7.2475,53.7172],[7.1968,53.7219],[7.1674,53.7179],[7.1379,53.7087],[7.15,53.6978],[7.1968,53.6985],[7.218,53.7031],[7.2675,53.7031],[7.3328,53.714],[7.3419,53.7209]]],[[[7.3978,53.7344],[7.3611,53.7288],[7.3876,53.7202],[7.4261,53.7219],[7.4272,53.7288],[7.3978,53.7344]]]]}},{"type":"Feature","properties":{"codes":["BS"],"name":"Braunschweig","state":"Niedersachsen","districtType":"Kreisfreie Stadt"},"geometry":{"type":"Polygon","coordinates":[[[10.5069,52.1869],[10.539,52.194],[10.5454,52.204],[10.5775,52.2049],[10.5719,52.2149],[10.5976,52.2227],[10.6006,52.2399],[10.5923,52.2517],[10.6123,52.2563],[10.6142,52.2765],[10.627,52.2772],[10.6425,52.2952],[10.6142,52.3114],[10.6278,52.3223],[10.6206,52.3395],[10.5904,52.352],[10.5692,52.352],[10.539,52.3279],[10.5281,52.3279],[10.5315,52.349],[10.5088,52.3566],[10.4975,52.348],[10.4756,52.3513],[10.4846,52.32],[10.4242,52.3302],[10.4121,52.3186],[10.4242,52.3114],[10.4268,52.2874],[10.4408,52.2857],[10.4268,52.2686],[10.4453,52.2492],[10.4333,52.2431],[10.4299,52.2211],[10.4389,52.2033],[10.4846,52.2079],[10.5069,52.1869]]]}},{"type":"Feature","properties":{"codes":["CE"],"name":"Celle","state":"Niedersachsen","districtType":"Landkreis"},"geometry":{"type":"Polygon","coordinates":[[[10.2369,52.9361],[10.2225,52.9275],[10.1919,52.9298],[10.1628,52.9368],[10.1564,52.9166],[10.1175,52.911],[10.1194,52.9002],[10.0839,52.908],[10.0582,52.8978],[10.034,52.8932],[9.9993,52.8738],[9.9812,52.8707],[9.957,52.8745],[9.9453,52.8916],[9.9151,52.8886],[9.8909,52.8909],[9.8883,52.9002],[9.8645,52.9011],[9.8652,52.8863],[9.8395,52.8738],[9.8524,52.8599],[9.858,52.8411],[9.8324,52.8302],[9.8222,52.792],[9.8297,52.7795],[9.8203,52.7475],[9.7901,52.739],[9.7515,52.732],[9.7606,52.7158],[9.7277,52.7047],[9.7387,52.6931],[9.7296,52.676],[9.7425,52.6674],[9.7462,52.651],[9.7349,52.6387],[9.7406,52.6315],[9.7689,52.6292],[9.838,52.5972],[9.8781,52.6051],[9.8811,52.5903],[9.9075,52.5972],[9.9525,52.5873],[9.9846,52.5725],[9.9846,52.5623],[9.9672,52.5498],[9.994,52.5444],[9.9993,52.5366],[10.0763,52.5373],[10.0828,52.5241],[10.1084,52.5078],[10.1175,52.5102],[10.1417,52.4977],[10.1783,52.5132],[10.2021,52.5109],[10.2157,52.5007],[10.2599,52.4891],[10.2837,52.528],[10.306,52.5227],[10.3113,52.5359],[10.3381,52.5405],[10.36,52.5599],[10.3793,52.5514],[10.4106,52.5639],[10.3849,52.5685],[10.3811,52.5794],[10.4012,52.5864],[10.4132,52.6097],[10.38,52.6324],[10.4057,52.6572],[10.3913,52.673],[10.3849,52.6908],[10.3702,52.7024],[10.3645,52.7228],[10.3811,52.7353],[10.403,52.7594],[10.3993,52.7756],[10.4446,52.8154],[10.4132,52.8052],[10.4023,52.8138],[10.3793,52.817],[10.3645,52.8395],[10.3286,52.8411],[10.3169,52.8543],[10.2829,52.8777],[10.2709,52.905],[10.2369,52.9361]]]}},{"type":"Feature","properties":{"codes":["CLP"],"name":"Cloppenburg","state":"Niedersachsen","districtType":"Landkreis"},"geometry":{"type":"Polygon","coordinates":[[[7.7188,53.179],[7.6814,53.1822],[7.6474,53.179],[7.6418,53.1308],[7.627,53.1144],[7.6115,53.0576],[7.7124,53.0155],[7.7237,52.972],[7.7437,52.9469],[7.7868,52.9344],[7.8219,52.9282],[7.8299,52.915],[7.7842,52.8731],[7.7143,52.852],[7.6924,52.8068],[7.6814,52.7976],[7.7154,52.767],[7.6788,52.7485],[7.6384,52.7327],[7.6372,52.7251],[7.6841,52.6885],[7.6897,52.679],[7.7641,52.6776],[7.8008,52.6931],[7.8034,52.7001],[7.8548,52.7096],[7.9061,52.6892],[7.9171,52.6806],[7.9466,52.6931],[7.9794,52.6954],[8.0179,52.6839],[8.0274,52.7024],[8.0667,52.7033],[8.0455,52.7158],[8.0614,52.7561],[8.1018,52.7531],[8.1109,52.7719],[8.1679,52.767],[8.1962,52.7617],[8.2045,52.789],[8.2238,52.789],[8.2449,52.8091],[8.2355,52.8379],[8.2532,52.855],[8.2585,52.8745],[8.2347,52.8691],[8.2064,52.8793],[8.1905,52.8925],[8.1558,52.905],[8.1566,52.9252],[8.1218,52.9275],[8.1218,52.9548],[8.1146,52.9673],[8.1199,52.9759],[8.118,53.0023],[8.0825,53.0366],[8.0512,53.06],[8.0164,53.0739],[7.9979,53.0715],[7.9658,53.0755],[7.9492,53.0956],[7.919,53.1074],[7.9016,53.1199],[7.885,53.1098],[7.8604,53.1299],[7.8393,53.1417],[7.851,53.1642],[7.8163,53.1744],[7.7898,53.1783],[7.774,53.1721],[7.7475,53.1727],[7.7188,53.179]]]}},{"type":"Feature","properties":{"codes":["CUX"],"name":"Cuxhaven","state":"Niedersachsen","districtType":"Landkreis"},"geometry":{"type":"MultiPolygon","coordinates":[[[[8.3733,53.8332],[8.376,53.8363],[8.3624,53.8346],[8.3733,53.8332]]],[[[8.7027,53.8775],[8.6834,53.8916],[8.6173,53.8821],[8.5641,53.8379],[8.541,53.8043],[8.5422,53.7918],[8.5191,53.7545],[8.5203,53.7452],[8.4916,53.7117],[8.4833,53.6945],[8.4833,53.6556],[8.521,53.6065],[8.5358,53.6072],[8.5924,53.5933],[8.6256,53.6058],[8.6468,53.6035],[8.6238,53.5769],[8.6309,53.556],[8.6457,53.5544],[8.6392,53.5333],[8.6506,53.5109],[8.6309,53.4937],[8.6064,53.4842],[8.5705,53.4882],[8.5282,53.4803],[8.5055,53.471],[8.4927,53.4727],[8.4927,53.4189],[8.4999,53.3668],[8.5127,53.3534],[8.5172,53.3177],[8.5036,53.2934],[8.5184,53.2881],[8.5493,53.2865],[8.5633,53.2983],[8.5962,53.2865],[8.6245,53.2874],[8.6275,53.2811],[8.6955,53.2997],[8.7238,53.299],[8.722,53.3145],[8.7522,53.3184],[8.765,53.3395],[8.7533,53.355],[8.7359,53.3613],[8.7797,53.3738],[8.7945,53.39],[8.8118,53.387],[8.8677,53.3955],[8.9112,53.38],[8.924,53.3925],[8.9523,53.4071],[8.9267,53.4351],[8.9229,53.4476],[8.9512,53.4571],[8.9569,53.4727],[8.9542,53.4921],[8.9614,53.5069],[8.9331,53.5083],[8.8983,53.5162],[8.91,53.5264],[8.9369,53.5326],[8.9671,53.5303],[8.978,53.538],[8.9724,53.5489],[8.9909,53.5583],[9.0256,53.5544],[9.0698,53.5722],[9.1076,53.5544],[9.1231,53.5597],[9.1219,53.5706],[9.1487,53.5926],[9.1495,53.5989],[9.1744,53.6105],[9.1873,53.622],[9.2103,53.6174],[9.2277,53.6299],[9.2579,53.6292],[9.2522,53.6401],[9.2798,53.6454],[9.2715,53.6556],[9.2753,53.6728],[9.2488,53.6672],[9.2103,53.6781],[9.2213,53.6929],[9.2983,53.7295],[9.2764,53.742],[9.2617,53.7677],[9.2239,53.7552],[9.1854,53.7786],[9.1469,53.7858],[9.1423,53.8004],[9.1268,53.798],[9.0917,53.8075],[9.0385,53.8145],[9.0173,53.837],[8.9652,53.8395],[8.9191,53.83],[8.8927,53.8284],[8.7854,53.8339],[8.7276,53.8573],[8.7008,53.8729],[8.7027,53.8775]]]]}},{"type":"Feature","properties":{"codes":["DEL"],"name":"Delmenhorst","state":"Niedersachsen","districtType":"Kreisfreie Stadt"},"geometry":{"type":"Polygon","coordinates":[[[8.6358,53.0996],[8.623,53.0864],[8.6321,53.0771],[8.5917,53.0576],[8.5796,53.0412],[8.6071,53.031],[8.5943,53.0116],[8.5796,53.003],[8.5917,52.9868],[8.6219,53.0],[8.6117,53.0085],[8.6275,53.0187],[8.643,53.0053],[8.657,53.0092],[8.6789,53.0187],[8.6906,53.0389],[8.7118,53.0442],[8.7072,53.0514],[8.7091,53.0762],[8.7008,53.0824],[8.6744,53.0864],[8.6698,53.1028],[8.6551,53.1091],[8.6358,53.0996]]]}},{"type":"Feature","properties":{"codes":["DH","SY"],"name":"Diepholz","state":"Niedersachsen","districtType":"Landkreis"},"geometry":{"type":"Polygon","coordinates":[[[8.9157,53.0109],[8.8953,53.0132],[8.8836,53.0241],[8.822,53.0211],[8.8054,53.0319],[8.7797,53.0389],[8.7578,53.0396],[8.731,53.0349],[8.7118,53.0442],[8.6906,53.0389],[8.6789,53.0187],[8.657,53.0092],[8.6423,52.9882],[8.643,52.9773],[8.6577,52.9687],[8.6815,52.968],[8.6842,52.9486],[8.6944,52.9205],[8.6506,52.9166],[8.6423,52.8988],[8.634,52.8513],[8.5429,52.8309],[8.5467,52.8193],[8.5312,52.8108],[8.4844,52.7983],[8.4595,52.8013],[8.4504,52.7851],[8.464,52.7719],[8.4715,52.7376],[8.4459,52.7228],[8.41,52.7235],[8.3382,52.6924],[8.3099,52.6869],[8.3091,52.6674],[8.2933,52.6503],[8.3118,52.5833],[8.3394,52.563],[8.3496,52.5507],[8.342,52.5405],[8.319,52.5382],[8.311,52.5312],[8.3073,52.4805],[8.2971,52.4564],[8.3458,52.4525],[8.3639,52.4439],[8.3862,52.4446],[8.4009,52.4509],[8.4183,52.4462],[8.4542,52.4611],[8.4606,52.4891],[8.5089,52.5148],[8.5165,52.5092],[8.5569,52.4993],[8.6521,52.5312],[8.6713,52.5171],[8.6982,52.5092],[8.7027,52.5007],[8.7329,52.5092],[8.7514,52.5227],[8.768,52.521],[8.7752,52.5326],[8.813,52.5303],[8.8145,52.5373],[8.8723,52.5546],[8.8927,52.553],[8.901,52.5982],[8.8708,52.6107],[8.8715,52.6206],[8.8934,52.6292],[8.9338,52.6348],[8.9863,52.6581],[9.0045,52.6519],[9.0203,52.673],[9.0173,52.6839],[9.0294,52.6915],[9.0075,52.7103],[9.0158,52.7165],[9.0441,52.7218],[9.0577,52.7399],[9.0543,52.76],[9.0623,52.7647],[9.046,52.789],[9.0607,52.7966],[9.0551,52.8075],[9.0607,52.824],[9.0351,52.8388],[9.0543,52.8418],[9.1102,52.8629],[9.1027,52.8807],[9.1155,52.8971],[9.1091,52.9041],[9.08,52.9018],[9.0641,52.9222],[9.0351,52.9268],[9.003,52.9259],[8.9909,52.8978],[8.9799,52.8886],[8.9652,52.8978],[8.9523,52.8886],[8.9369,52.9087],[8.9304,52.9268],[8.9112,52.9493],[8.9036,52.968],[8.9319,52.9905],[8.9157,53.0109]]]}},{"type":"Feature","properties":{"codes":["EMD"],"name":"Emden","state":"Niedersachsen","districtType":"Kreisfreie Stadt"},"geometry":{"type":"Polygon","coordinates":[[[7.2463,53.32],[7.2648,53.3254],[7.2996,53.3207],[7.3117,53.3668],[7.286,53.3814],[7.2758,53.4064],[7.2501,53.4034],[7.2399,53.3939],[7.2116,53.4025],[7.1738,53.387],[7.1428,53.3925],[7.1013,53.387],[7.0896,53.3698],[7.0575,53.3534],[7.0382,53.3527],[7.0133,53.3784],[6.9997,53.3589],[7.0242,53.3362],[7.2059,53.3339],[7.249,53.33],[7.2444,53.3184],[7.2463,53.32]]]}},{"type":"Feature","properties":{"codes":["EL"],"name":"Emsland","state":"Niedersachsen","districtType":"Landkreis"},"geometry":{"type":"Polygon","coordinates":[[[7.6115,53.0576],[7.5455,53.0333],[7.5243,53.0435],[7.5198,53.0567],[7.4831,53.0864],[7.4125,53.0894],[7.4068,53.0996],[7.3849,53.1058],[7.3362,53.1012],[7.3181,53.1098],[7.2913,53.1151],[7.2456,53.1176],[7.2025,53.1137],[7.1995,53.0808],[7.2123,53.0155],[7.2097,53.0],[7.1814,52.9416],[7.1051,52.8645],[7.0877,52.8497],[7.093,52.8379],[7.0722,52.8108],[7.0545,52.644],[7.0416,52.6324],[7.0061,52.6387],[6.9948,52.6058],[7.0337,52.6183],[7.0492,52.6067],[7.0684,52.6051],[7.0851,52.5958],[7.1088,52.5896],[7.1417,52.588],[7.1462,52.5725],[7.1591,52.5731],[7.1621,52.5569],[7.1961,52.5498],[7.1942,52.5382],[7.2573,52.5421],[7.2784,52.521],[7.2784,52.5109],[7.2584,52.5032],[7.2739,52.4875],[7.2648,52.4821],[7.275,52.4696],[7.2199,52.4469],[7.2161,52.4409],[7.2346,52.4034],[7.2546,52.3513],[7.2565,52.3404],[7.2777,52.3249],[7.317,52.2804],[7.3611,52.2883],[7.3868,52.3091],[7.4272,52.3138],[7.4382,52.3335],[7.4794,52.3473],[7.53,52.37],[7.5538,52.3684],[7.5742,52.3809],[7.5832,52.4034],[7.6025,52.4215],[7.573,52.4298],[7.5776,52.4469],[7.5904,52.4634],[7.6078,52.4743],[7.6172,52.5016],[7.6115,52.5055],[7.6191,52.5373],[7.6153,52.5451],[7.6153,52.5787],[7.6199,52.591],[7.607,52.609],[7.6115,52.6229],[7.6576,52.648],[7.6943,52.6635],[7.6897,52.679],[7.6841,52.6885],[7.6372,52.7251],[7.6384,52.7327],[7.6788,52.7485],[7.7154,52.767],[7.6814,52.7976],[7.6924,52.8068],[7.7143,52.852],[7.7842,52.8731],[7.8299,52.915],[7.8219,52.9282],[7.7868,52.9344],[7.7437,52.9469],[7.7237,52.972],[7.7124,53.0155],[7.6115,53.0576]]]}},{"type":"Feature","properties":{"codes":["FRI"],"name":"Friesland","state":"Niedersachsen","districtType":"Landkreis"},"geometry":{"type":"MultiPolygon","coordinates":[[[[8.0217,53.6883],[8.0312,53.7054],[8.0153,53.711],[7.9651,53.7163],[7.8959,53.7172],[7.8329,53.711],[7.8106,53.711],[7.8348,53.6688],[7.8355,53.6345],[7.8291,53.6244],[7.8521,53.622],[7.8604,53.6112],[7.8446,53.5917],[7.8555,53.5864],[7.8363,53.5699],[7.8317,53.538],[7.8155,53.5201],[7.8208,53.5007],[7.8567,53.5132],[7.888,53.5162],[7.9394,53.5099],[7.9281,53.4875],[7.9428,53.4727],[7.9696,53.4648],[7.953,53.4414],[7.9073,53.4189],[7.8586,53.3985],[7.8861,53.352],[7.9299,53.3362],[7.962,53.3154],[7.9704,53.3043],[8.03,53.3105],[8.0319,53.3214],[8.0633,53.3418],[8.0787,53.3425],[8.0905,53.3325],[8.1256,53.33],[8.1513,53.3379],[8.1584,53.3488],[8.2026,53.3659],[8.2007,53.3877],[8.2072,53.3962],[8.1962,53.4087],[8.197,53.4127],[8.1539,53.4476],[8.1418,53.4523],[8.0942,53.4476],[8.0678,53.4727],[8.0614,53.4921],[8.064,53.5053],[8.0346,53.5317],[8.0236,53.556],[8.0263,53.5732],[8.0119,53.5989],[7.9941,53.6012],[8.0263,53.6197],[8.0897,53.6378],[8.0878,53.644],[8.0448,53.6431],[8.0281,53.6619],[8.0217,53.6883]]],[[[8.0119,53.7848],[7.9915,53.7677],[8.0089,53.7506],[8.03,53.7615],[8.0119,53.7848]]],[[[7.8959,53.7934],[7.9118,53.7802],[7.9375,53.7881],[7.8959,53.7934]]]]}},{"type":"Feature","properties":{"codes":["DUD","GÖ","HMÜ","OHA"],"name":"Göttingen","state":"Niedersachsen","districtType":"Landkreis"},"geometry":{"type":"Polygon","coordinates":[[[10.3657,51.5562],[10.3215,51.5609],[10.3022,51.5687],[10.3196,51.5873],[10.3041,51.5928],[10.2977,51.6116],[10.2644,51.6139],[10.2573,51.6215],[10.2388,51.6208],[10.2168,51.6324],[10.1983,51.6248],[10.1662,51.638],[10.1609,51.6465],[10.1379,51.6403],[10.1232,51.6162],[10.1032,51.6225],[10.0711,51.61],[10.0288,51.6201],[10.0038,51.6123],[9.9562,51.6162],[9.9415,51.6021],[9.8901,51.6083],[9.8701,51.613],[9.858,51.6083],[9.8312,51.613],[9.8176,51.5991],[9.7901,51.6076],[9.7432,51.6146],[9.7285,51.6123],[9.7221,51.6014],[9.693,51.5896],[9.6726,51.5687],[9.648,51.5523],[9.6258,51.5483],[9.6091,51.5219],[9.5853,51.5187],[9.6084,51.4923],[9.6424,51.465],[9.6295,51.458],[9.6277,51.4441],[9.6431,51.4184],[9.625,51.4059],[9.6122,51.4075],[9.5967,51.398],[9.5789,51.402],[9.5642,51.3881],[9.5597,51.3756],[9.577,51.3693],[9.5653,51.3608],[9.5498,51.3615],[9.5487,51.3591],[9.568,51.3397],[9.5801,51.342],[9.6046,51.3258],[9.6333,51.3265],[9.6462,51.3163],[9.7085,51.3038],[9.7323,51.2952],[9.7682,51.307],[9.7753,51.3249],[9.767,51.3318],[9.7451,51.3186],[9.7206,51.3483],[9.7021,51.3608],[9.7232,51.3709],[9.7387,51.3693],[9.7561,51.3825],[9.7836,51.3895],[9.8021,51.3895],[9.7938,51.4075],[9.8169,51.4106],[9.8388,51.4027],[9.8395,51.3832],[9.8599,51.3934],[9.8505,51.4013],[9.8652,51.4145],[9.8818,51.4059],[9.9022,51.4184],[9.9094,51.4052],[9.9313,51.3927],[9.9287,51.3756],[9.9423,51.3786],[9.9664,51.3957],[9.9876,51.398],[10.0057,51.4082],[10.0114,51.4207],[10.0378,51.4198],[10.0609,51.4332],[10.0911,51.4356],[10.1168,51.43],[10.1481,51.4464],[10.1745,51.4464],[10.1874,51.4784],[10.2021,51.487],[10.2354,51.4735],[10.2452,51.4821],[10.2867,51.4946],[10.3086,51.515],[10.3426,51.5196],[10.3479,51.5321],[10.3672,51.543],[10.3657,51.5562]]]}},{"type":"Feature","properties":{"codes":["GF"],"name":"Gifhorn","state":"Niedersachsen","districtType":"Landkreis"},"geometry":{"type":"Polygon","coordinates":[[[10.7592,52.7959],[10.7233,52.7834],[10.695,52.7818],[10.6693,52.7656],[10.6342,52.7726],[10.6251,52.7827],[10.5957,52.7936],[10.5794,52.8154],[10.5564,52.8309],[10.5326,52.8342],[10.4601,52.8091],[10.4446,52.8154],[10.3993,52.7756],[10.403,52.7594],[10.3811,52.7353],[10.3645,52.7228],[10.3702,52.7024],[10.3849,52.6908],[10.3913,52.673],[10.4057,52.6572],[10.38,52.6324],[10.4132,52.6097],[10.4012,52.5864],[10.3811,52.5794],[10.3849,52.5685],[10.4106,52.5639],[10.3793,52.5514],[10.36,52.5599],[10.3381,52.5405],[10.3113,52.5359],[10.306,52.5227],[10.2837,52.528],[10.2739,52.5109],[10.2894,52.5062],[10.272,52.4828],[10.2901,52.4736],[10.2882,52.4502],[10.292,52.4479],[10.3158,52.4446],[10.3332,52.4291],[10.3471,52.4314],[10.3691,52.4113],[10.3838,52.3707],[10.4253,52.3793],[10.414,52.3661],[10.4185,52.3552],[10.4023,52.352],[10.4087,52.3395],[10.4242,52.3302],[10.4846,52.32],[10.4756,52.3513],[10.4975,52.348],[10.5088,52.3566],[10.5315,52.349],[10.5281,52.3279],[10.539,52.3279],[10.5692,52.352],[10.5904,52.352],[10.6096,52.3443],[10.6198,52.3536],[10.6142,52.3832],[10.647,52.3856],[10.6701,52.3793],[10.661,52.3941],[10.6482,52.4446],[10.6648,52.4495],[10.6738,52.4627],[10.7003,52.4541],[10.7324,52.4509],[10.7528,52.4752],[10.7856,52.4946],[10.7958,52.4835],[10.8223,52.4828],[10.8812,52.4703],[10.8903,52.4604],[10.9345,52.4719],[10.9473,52.4946],[10.9756,52.5016],[11.0089,52.497],[10.9545,52.5398],[10.9371,52.5678],[10.9401,52.5887],[10.9756,52.6067],[10.9768,52.6239],[10.9647,52.6262],[10.9307,52.6114],[10.9171,52.6167],[10.9023,52.6354],[10.8344,52.6994],[10.8234,52.7181],[10.7985,52.7133],[10.7921,52.7475],[10.7566,52.7827],[10.7592,52.7959]]]}},{"type":"Feature","properties":{"codes":["BRL","CLZ","GS"],"name":"Goslar","state":"Niedersachsen","districtType":"Landkreis"},"geometry":{"type":"Polygon","coordinates":[[[10.4691,52.046],[10.4389,52.0562],[10.4114,52.0365],[10.3664,52.022],[10.3317,52.0227],[10.3105,52.0319],[10.2867,52.0335],[10.2663,52.0157],[10.2304,52.0039],[10.2048,52.0071],[10.1957,51.9821],[10.2059,51.9666],[10.19,51.9557],[10.1194,51.9571],[10.0873,51.9604],[10.0654,51.9277],[10.105,51.9027],[10.0994,51.8793],[10.1186,51.8723],[10.1077,51.8365],[10.1353,51.8334],[10.1398,51.8038],[10.1534,51.7936],[10.1708,51.8117],[10.2176,51.8186],[10.2206,51.8272],[10.2452,51.8265],[10.269,51.8147],[10.2656,51.7952],[10.2829,51.7774],[10.2946,51.7781],[10.3086,51.7656],[10.3434,51.7718],[10.3638,51.7711],[10.3785,51.789],[10.4253,51.7718],[10.4397,51.7735],[10.462,51.7656],[10.4994,51.7633],[10.4839,51.7415],[10.4941,51.7283],[10.4793,51.7105],[10.4967,51.6885],[10.4994,51.6746],[10.5114,51.6628],[10.5243,51.6723],[10.5379,51.669],[10.5647,51.6785],[10.6078,51.6746],[10.6123,51.6628],[10.6353,51.6644],[10.6519,51.6426],[10.6776,51.6387],[10.7014,51.6419],[10.6829,51.6604],[10.6701,51.6667],[10.6648,51.6885],[10.6727,51.697],[10.6682,51.7095],[10.6417,51.7253],[10.6251,51.7593],[10.5911,51.7688],[10.5809,51.7797],[10.5847,51.7959],[10.5749,51.8124],[10.5764,51.8427],[10.584,51.8529],[10.6021,51.8545],[10.6161,51.87],[10.6315,51.8717],[10.6501,51.8895],[10.6489,51.9073],[10.638,51.9159],[10.6134,51.9214],[10.6134,51.9393],[10.6225,51.9478],[10.647,51.9534],[10.6417,51.9627],[10.6198,51.9666],[10.6059,51.9775],[10.5866,51.9828],[10.5609,52.0039],[10.5379,51.9861],[10.5296,51.9719],[10.5005,51.9791],[10.4986,51.9891],[10.4793,52.0],[10.4895,52.0141],[10.4858,52.0312],[10.4691,52.046]]]}},{"type":"Feature","properties":{"codes":["NOH"],"name":"Grafschaft Bentheim","state":"Niedersachsen","districtType":"Landkreis"},"geometry":{"type":"Polygon","coordinates":[[[7.0061,52.6387],[6.9767,52.6463],[6.9408,52.6378],[6.8913,52.6519],[6.8226,52.648],[6.7776,52.6519],[6.7417,52.6456],[6.7142,52.6269],[6.727,52.6144],[6.7187,52.5887],[6.7584,52.5678],[6.7508,52.5593],[6.7262,52.563],[6.716,52.5484],[6.6813,52.5537],[6.7051,52.5203],[6.6975,52.4861],[6.7546,52.4634],[6.7746,52.4594],[6.8547,52.4594],[6.8618,52.4518],[6.9419,52.4354],[6.9627,52.4446],[6.9774,52.4657],[6.9876,52.4696],[7.0061,52.4439],[7.0106,52.4291],[7.0224,52.4228],[7.0363,52.4027],[7.0545,52.4011],[7.0722,52.3731],[7.0722,52.352],[7.0563,52.3388],[7.0465,52.3163],[7.0273,52.292],[7.0273,52.2772],[7.0428,52.2563],[7.0658,52.2415],[7.0994,52.2431],[7.1217,52.261],[7.1557,52.2663],[7.218,52.264],[7.2977,52.264],[7.317,52.2804],[7.2777,52.3249],[7.2565,52.3404],[7.2546,52.3513],[7.2346,52.4034],[7.2161,52.4409],[7.2199,52.4469],[7.275,52.4696],[7.2648,52.4821],[7.2739,52.4875],[7.2584,52.5032],[7.2784,52.5109],[7.2784,52.521],[7.2573,52.5421],[7.1942,52.5382],[7.1961,52.5498],[7.1621,52.5569],[7.1591,52.5731],[7.1462,52.5725],[7.1417,52.588],[7.1088,52.5896],[7.0851,52.5958],[7.0684,52.6051],[7.0492,52.6067],[7.0337,52.6183],[6.9948,52.6058],[7.0061,52.6387]]]}},{"type":"Feature","properties":{"codes":["HM"],"name":"Hameln-Pyrmont","state":"Niedersachsen","districtType":"Landkreis"},"geometry":{"type":"Polygon","coordinates":[[[9.6295,52.1308],[9.6057,52.1394],[9.5563,52.1674],[9.5306,52.1604],[9.4966,52.1667],[9.4936,52.1783],[9.5057,52.1894],[9.5159,52.2095],[9.5075,52.2135],[9.4955,52.2399],[9.4645,52.2554],[9.4736,52.264],[9.4486,52.2742],[9.4403,52.26],[9.3825,52.2415],[9.3689,52.2211],[9.3414,52.226],[9.3349,52.2165],[9.2817,52.2197],[9.2605,52.2149],[9.2367,52.2033],[9.1827,52.1845],[9.1616,52.1894],[9.1552,52.1822],[9.1699,52.1621],[9.1873,52.1466],[9.1846,52.1185],[9.1661,52.1137],[9.1559,52.0982],[9.188,52.0717],[9.1763,52.0609],[9.1733,52.0398],[9.1975,52.0118],[9.179,52.0025],[9.1835,51.9907],[9.1763,51.9805],[9.1854,51.9657],[9.2065,51.9627],[9.2167,51.9736],[9.2586,51.9775],[9.2745,51.9736],[9.2715,51.9323],[9.2945,51.9198],[9.3093,51.9231],[9.3085,51.9307],[9.3489,51.933],[9.367,51.9432],[9.3614,51.9541],[9.3433,51.9604],[9.3497,51.9752],[9.3644,51.9719],[9.4369,51.9814],[9.4671,52.0016],[9.489,52.0071],[9.4936,52.0187],[9.5378,52.021],[9.5378,52.0391],[9.568,52.0444],[9.6076,51.9953],[9.648,51.965],[9.6341,51.9868],[9.6533,52.0032],[9.6431,52.0194],[9.6609,52.0328],[9.6507,52.0382],[9.6431,52.0546],[9.6552,52.0662],[9.6624,52.0896],[9.6817,52.1051],[9.645,52.116],[9.6295,52.1308]]]}},{"type":"Feature","properties":{"codes":["WL"],"name":"Harburg","state":"Niedersachsen","districtType":"Landkreis"},"geometry":{"type":"Polygon","coordinates":[[[10.3075,53.4328],[10.2637,53.4205],[10.2399,53.3962],[10.2014,53.3985],[10.1757,53.3962],[10.1553,53.4048],[10.1387,53.4212],[10.1084,53.4266],[10.0967,53.4414],[10.0782,53.4539],[10.0518,53.4641],[10.0186,53.4291],[9.9967,53.4259],[9.9827,53.415],[9.9634,53.4275],[9.9423,53.4212],[9.9166,53.4252],[9.9215,53.4368],[9.8992,53.4578],[9.8588,53.4338],[9.8361,53.4516],[9.8003,53.4694],[9.8021,53.4928],[9.7689,53.5053],[9.7496,53.4852],[9.77,53.4796],[9.7708,53.4578],[9.7836,53.4407],[9.7663,53.4361],[9.7406,53.4375],[9.7266,53.4229],[9.6752,53.4087],[9.6514,53.4094],[9.6424,53.3925],[9.6258,53.3916],[9.6167,53.3791],[9.5835,53.358],[9.5627,53.3379],[9.5755,53.3293],[9.6084,53.239],[9.6224,53.2281],[9.724,53.2149],[9.758,53.1968],[9.7829,53.1945],[9.7991,53.1869],[9.8267,53.1968],[9.8324,53.2056],[9.8856,53.1954],[9.9132,53.1737],[9.9351,53.1737],[9.9562,53.1806],[9.9838,53.1799],[10.0012,53.1737],[9.9967,53.1595],[10.0223,53.1588],[10.0488,53.151],[10.0756,53.1292],[10.1096,53.1572],[10.1096,53.1697],[10.1598,53.1836],[10.1829,53.179],[10.2059,53.1813],[10.2342,53.1938],[10.2342,53.2093],[10.2176,53.2149],[10.2014,53.2311],[10.2123,53.2515],[10.2259,53.2475],[10.2561,53.2577],[10.2433,53.2749],[10.2497,53.2825],[10.2112,53.2934],[10.2195,53.3082],[10.2342,53.3177],[10.2535,53.3168],[10.2709,53.3293],[10.326,53.3349],[10.3203,53.3557],[10.36,53.3589],[10.3702,53.3705],[10.4223,53.3557],[10.4427,53.3629],[10.471,53.38],[10.4691,53.3863],[10.4299,53.3979],[10.3664,53.4259],[10.3286,53.4252],[10.3075,53.4328]]]}},{"type":"Feature","properties":{"codes":["HK"],"name":"Heidekreis","state":"Niedersachsen","districtType":"Landkreis"},"geometry":{"type":"Polygon","coordinates":[[[10.0756,53.1292],[10.0488,53.151],[10.0223,53.1588],[9.9967,53.1595],[10.0012,53.1737],[9.9838,53.1799],[9.9562,53.1806],[9.9351,53.1737],[9.9132,53.1737],[9.8856,53.1954],[9.8324,53.2056],[9.8267,53.1968],[9.7991,53.1869],[9.7829,53.1945],[9.758,53.1968],[9.724,53.2149],[9.6828,53.2195],[9.7175,53.179],[9.758,53.1658],[9.7221,53.1565],[9.6764,53.1595],[9.6688,53.148],[9.6314,53.1285],[9.625,53.1151],[9.6431,53.0979],[9.6431,53.0808],[9.6159,53.0583],[9.6159,53.0396],[9.6545,53.0296],[9.6764,53.0148],[9.6579,53.0046],[9.67,52.9743],[9.6462,52.9625],[9.6039,52.9555],[9.6039,52.9423],[9.5853,52.9252],[9.5608,52.9252],[9.5616,52.9377],[9.5404,52.9509],[9.5083,52.9469],[9.5075,52.9368],[9.4679,52.9298],[9.455,52.9173],[9.4415,52.908],[9.4131,52.8978],[9.4131,52.8784],[9.3818,52.8589],[9.3754,52.8497],[9.3874,52.8411],[9.3856,52.8309],[9.3663,52.8207],[9.3504,52.827],[9.3331,52.8184],[9.344,52.8075],[9.3606,52.8045],[9.3259,52.7679],[9.3414,52.7508],[9.3504,52.7258],[9.4018,52.7336],[9.4229,52.7241],[9.4807,52.7274],[9.4807,52.7047],[9.5038,52.7033],[9.5102,52.6954],[9.5038,52.679],[9.5351,52.6605],[9.5396,52.6713],[9.5853,52.6776],[9.5853,52.6644],[9.6148,52.6473],[9.6352,52.6262],[9.6462,52.6084],[9.6654,52.6005],[9.7028,52.6012],[9.7157,52.6348],[9.7349,52.6387],[9.7462,52.651],[9.7425,52.6674],[9.7296,52.676],[9.7387,52.6931],[9.7277,52.7047],[9.7606,52.7158],[9.7515,52.732],[9.7901,52.739],[9.8203,52.7475],[9.8297,52.7795],[9.8222,52.792],[9.8324,52.8302],[9.858,52.8411],[9.8524,52.8599],[9.8395,52.8738],[9.8652,52.8863],[9.8645,52.9011],[9.8883,52.9002],[9.8909,52.8909],[9.9151,52.8886],[9.9453,52.8916],[9.957,52.8745],[9.9812,52.8707],[9.9993,52.8738],[10.034,52.8932],[10.0582,52.8978],[10.0839,52.908],[10.1194,52.9002],[10.1175,52.911],[10.1564,52.9166],[10.1628,52.9368],[10.1919,52.9298],[10.2225,52.9275],[10.2369,52.9361],[10.2233,52.9539],[10.224,52.9782],[10.2157,52.9875],[10.2157,53.0076],[10.2059,53.0139],[10.1591,53.0139],[10.1564,53.0271],[10.1983,53.0296],[10.2142,53.0389],[10.2195,53.0521],[10.2123,53.0676],[10.2021,53.0676],[10.1764,53.0748],[10.1534,53.0567],[10.1462,53.0475],[10.0692,53.0435],[10.0424,53.0521],[10.0726,53.0739],[10.1013,53.0894],[10.0949,53.0966],[10.1168,53.1058],[10.0756,53.1292]]]}},{"type":"Feature","properties":{"codes":["HE"],"name":"Helmstedt","state":"Niedersachsen","districtType":"Landkreis"},"geometry":{"type":"Polygon","coordinates":[[[10.9647,52.0569],[10.973,52.0724],[10.9711,52.0856],[10.9416,52.0942],[10.9416,52.1028],[10.9802,52.1083],[11.0096,52.1199],[11.0179,52.1285],[11.0444,52.134],[11.0455,52.1433],[11.0602,52.1526],[11.0591,52.1723],[11.0364,52.1713],[11.0179,52.1792],[11.0123,52.1885],[11.0217,52.2049],[11.0444,52.2149],[11.0776,52.2188],[11.0859,52.229],[11.0731,52.2431],[11.0591,52.2406],[11.0519,52.2672],[11.0289,52.2702],[11.0123,52.2913],[11.0391,52.3015],[10.996,52.342],[11.007,52.3457],[11.0372,52.345],[11.0693,52.3582],[11.0666,52.3731],[11.0493,52.3872],[11.0364,52.3856],[10.9896,52.4205],[10.962,52.4347],[10.9564,52.4446],[10.9337,52.4611],[10.9345,52.4719],[10.8903,52.4604],[10.882,52.4215],[10.9005,52.408],[10.8676,52.3872],[10.8721,52.3786],[10.8612,52.3638],[10.8869,52.345],[10.8612,52.3295],[10.851,52.3177],[10.8261,52.3286],[10.8132,52.3427],[10.7747,52.3388],[10.7566,52.3513],[10.7233,52.3543],[10.715,52.3714],[10.6886,52.38],[10.6701,52.3793],[10.647,52.3856],[10.6142,52.3832],[10.6198,52.3536],[10.6096,52.3443],[10.6206,52.3395],[10.6278,52.3223],[10.6142,52.3114],[10.6425,52.2952],[10.7161,52.3029],[10.7316,52.2929],[10.7354,52.2788],[10.729,52.2626],[10.7399,52.2461],[10.7566,52.2369],[10.7611,52.2244],[10.7785,52.2188],[10.783,52.2063],[10.8132,52.2063],[10.8177,52.1947],[10.8593,52.1737],[10.885,52.1799],[10.8895,52.1628],[10.8684,52.1278],[10.8536,52.1176],[10.8355,52.1176],[10.8355,52.1067],[10.8162,52.0889],[10.8004,52.0866],[10.794,52.0741],[10.8015,52.0484],[10.8582,52.0514],[10.8767,52.0592],[10.9435,52.0592],[10.9647,52.0569]]]}},{"type":"Feature","properties":{"codes":["ALF","HI"],"name":"Hildesheim","state":"Niedersachsen","districtType":"Landkreis"},"geometry":{"type":"Polygon","coordinates":[[[10.034,52.2834],[10.0167,52.2797],[9.9967,52.2834],[9.9865,52.2929],[9.971,52.285],[9.9139,52.2804],[9.9166,52.2718],[9.8992,52.2617],[9.8765,52.2626],[9.8728,52.2702],[9.8278,52.2626],[9.7912,52.2517],[9.7855,52.2336],[9.8176,52.2283],[9.8029,52.1878],[9.7817,52.1908],[9.7746,52.173],[9.7489,52.1776],[9.7387,52.198],[9.6956,52.198],[9.6854,52.1894],[9.7157,52.173],[9.7194,52.1574],[9.6919,52.1449],[9.6809,52.1331],[9.6295,52.1308],[9.645,52.116],[9.6817,52.1051],[9.6624,52.0896],[9.6552,52.0662],[9.6431,52.0546],[9.6507,52.0382],[9.6609,52.0328],[9.6431,52.0194],[9.6533,52.0032],[9.6341,51.9868],[9.648,51.965],[9.6624,51.9689],[9.6873,51.9548],[9.7092,51.9666],[9.7111,51.9782],[9.7451,51.9828],[9.7655,51.9814],[9.7753,51.9634],[9.8131,51.9495],[9.824,51.9353],[9.849,51.9277],[9.8626,51.9182],[9.8939,51.9059],[9.9166,51.9145],[9.926,51.9034],[9.9442,51.9129],[9.9691,51.8974],[9.9974,51.9043],[10.0114,51.912],[9.9948,51.9393],[10.025,51.9393],[10.0333,51.9478],[10.0654,51.9277],[10.0873,51.9604],[10.1194,51.9571],[10.19,51.9557],[10.2059,51.9666],[10.1957,51.9821],[10.2048,52.0071],[10.1964,52.0833],[10.1791,52.0912],[10.1772,52.1107],[10.2002,52.1199],[10.1931,52.1387],[10.181,52.1417],[10.1893,52.1651],[10.2123,52.1799],[10.2342,52.1697],[10.2637,52.1885],[10.2482,52.2135],[10.2195,52.2188],[10.1836,52.2346],[10.1598,52.2251],[10.1436,52.2353],[10.1115,52.2336],[10.0737,52.2283],[10.0646,52.2221],[10.0469,52.2313],[9.9985,52.2306],[9.9993,52.2577],[10.0261,52.2626],[10.034,52.2834]]]}},{"type":"Feature","properties":{"codes":["HOL"],"name":"Holzminden","state":"Niedersachsen","districtType":"Landkreis"},"geometry":{"type":"Polygon","coordinates":[[[9.648,51.965],[9.6076,51.9953],[9.568,52.0444],[9.5378,52.0391],[9.5378,52.021],[9.4936,52.0187],[9.489,52.0071],[9.4671,52.0016],[9.4369,51.9814],[9.3644,51.9719],[9.3497,51.9752],[9.3433,51.9604],[9.3614,51.9541],[9.367,51.9432],[9.3489,51.933],[9.3085,51.9307],[9.3093,51.9231],[9.3323,51.9175],[9.3451,51.8964],[9.3357,51.8559],[9.3229,51.8552],[9.3349,51.8536],[9.3682,51.8645],[9.4101,51.8568],[9.4377,51.8559],[9.4331,51.8413],[9.4403,51.8249],[9.4275,51.814],[9.4369,51.7968],[9.4294,51.785],[9.4093,51.7711],[9.4075,51.7633],[9.3754,51.7438],[9.3946,51.7322],[9.3874,51.7227],[9.4003,51.7065],[9.3863,51.6894],[9.3954,51.6729],[9.378,51.6644],[9.3746,51.6496],[9.3863,51.6458],[9.4177,51.6472],[9.4369,51.6544],[9.4229,51.6729],[9.4358,51.6753],[9.4403,51.6956],[9.4671,51.7056],[9.503,51.7276],[9.548,51.7408],[9.557,51.7399],[9.5616,51.7626],[9.582,51.7758],[9.5789,51.7899],[9.6462,51.8272],[9.6828,51.8397],[9.6817,51.8536],[9.7187,51.8816],[9.7432,51.8763],[9.7591,51.8668],[9.7882,51.8661],[9.8029,51.8849],[9.8297,51.8865],[9.8607,51.8987],[9.8939,51.9059],[9.8626,51.9182],[9.849,51.9277],[9.824,51.9353],[9.8131,51.9495],[9.7753,51.9634],[9.7655,51.9814],[9.7451,51.9828],[9.7111,51.9782],[9.7092,51.9666],[9.6873,51.9548],[9.6624,51.9689],[9.648,51.965]]]}},{"type":"Feature","properties":{"codes":["DAN"],"name":"Lüchow-Dannenberg","state":"Niedersachsen","districtType":"Landkreis"},"geometry":{"type":"Polygon","coordinates":[[[11.172,53.1565],[11.1426,53.1688],[11.1244,53.1619],[11.1052,53.1417],[11.0897,53.1378],[11.0712,53.144],[11.0262,53.1688],[11.0123,53.1813],[10.9922,53.1885],[10.9382,53.214],[10.9152,53.2288],[10.8838,53.239],[10.8691,53.2383],[10.8638,53.2258],[10.8774,53.207],[10.8857,53.1846],[10.9005,53.1783],[10.9088,53.1602],[10.905,53.1494],[10.8793,53.1519],[10.8536,53.1431],[10.7958,53.1431],[10.772,53.1223],[10.7547,53.123],[10.7554,53.1114],[10.7675,53.0972],[10.8042,53.0919],[10.8336,53.0771],[10.8419,53.0567],[10.84,53.0442],[10.871,53.0366],[10.8721,53.0194],[10.8903,53.0178],[10.8933,52.9984],[10.8408,52.9796],[10.86,52.9564],[10.8517,52.94],[10.8548,52.9259],[10.8355,52.9245],[10.8042,52.8971],[10.8223,52.8856],[10.8177,52.8659],[10.8419,52.852],[10.8665,52.8559],[10.8903,52.8457],[10.8948,52.8559],[10.9401,52.8536],[10.9711,52.8777],[10.9904,52.8886],[10.9896,52.9002],[10.9994,52.911],[11.041,52.9136],[11.061,52.9097],[11.0987,52.9127],[11.0931,52.8995],[11.1354,52.8978],[11.1603,52.9057],[11.2207,52.8978],[11.2438,52.8784],[11.2676,52.88],[11.2914,52.8879],[11.2951,52.8745],[11.3503,52.8886],[11.3748,52.9002],[11.4069,52.9041],[11.4262,52.9196],[11.4704,52.9393],[11.5051,52.9407],[11.4923,52.9594],[11.5063,53.0],[11.5263,53.0085],[11.541,53.0],[11.5981,53.0356],[11.5629,53.0419],[11.5456,53.0528],[11.5263,53.0468],[11.498,53.0514],[11.464,53.0748],[11.4485,53.0785],[11.4024,53.0725],[11.3537,53.0544],[11.3325,53.0576],[11.308,53.0785],[11.2842,53.0887],[11.2676,53.1035],[11.2657,53.1223],[11.2464,53.1362],[11.2105,53.144],[11.1822,53.1385],[11.172,53.1565]]]}},{"type":"Feature","properties":{"codes":["LG"],"name":"Lüneburg","state":"Niedersachsen","districtType":"Landkreis"},"geometry":{"type":"Polygon","coordinates":[[[10.5949,53.3636],[10.5756,53.3596],[10.5571,53.3691],[10.5141,53.3715],[10.4691,53.3863],[10.471,53.38],[10.4427,53.3629],[10.4223,53.3557],[10.3702,53.3705],[10.36,53.3589],[10.3203,53.3557],[10.326,53.3349],[10.2709,53.3293],[10.2535,53.3168],[10.2342,53.3177],[10.2195,53.3082],[10.2112,53.2934],[10.2497,53.2825],[10.2433,53.2749],[10.2561,53.2577],[10.2259,53.2475],[10.2123,53.2515],[10.2014,53.2311],[10.2176,53.2149],[10.2342,53.2093],[10.2342,53.1938],[10.2059,53.1813],[10.1829,53.179],[10.1598,53.1836],[10.1096,53.1697],[10.1096,53.1572],[10.0756,53.1292],[10.1168,53.1058],[10.0949,53.0966],[10.1013,53.0894],[10.0726,53.0739],[10.0424,53.0521],[10.0692,53.0435],[10.1462,53.0475],[10.1534,53.0567],[10.1764,53.0748],[10.2021,53.0676],[10.2123,53.0676],[10.2206,53.0762],[10.2625,53.0887],[10.2765,53.0956],[10.3139,53.0887],[10.3286,53.1144],[10.3894,53.1137],[10.3966,53.1315],[10.3966,53.1503],[10.4197,53.1519],[10.4378,53.1588],[10.4435,53.1721],[10.4635,53.1751],[10.471,53.1869],[10.4929,53.1892],[10.5088,53.204],[10.539,53.1836],[10.5379,53.1744],[10.5923,53.1744],[10.607,53.1922],[10.6482,53.1869],[10.661,53.1774],[10.6361,53.1727],[10.6327,53.1588],[10.6693,53.1556],[10.7271,53.1385],[10.7445,53.123],[10.772,53.1223],[10.7958,53.1431],[10.8536,53.1431],[10.8793,53.1519],[10.905,53.1494],[10.9088,53.1602],[10.9005,53.1783],[10.8857,53.1846],[10.8774,53.207],[10.8638,53.2258],[10.8691,53.2383],[10.8838,53.239],[10.9152,53.2288],[10.9382,53.214],[10.9922,53.1885],[11.0123,53.1813],[11.0262,53.1688],[11.0712,53.144],[11.0897,53.1378],[11.1052,53.1417],[11.1244,53.1619],[11.1426,53.1688],[11.172,53.1565],[11.1894,53.1658],[11.1951,53.1767],[11.1796,53.1869],[11.1611,53.1859],[11.1361,53.1922],[11.138,53.2024],[11.1169,53.204],[11.0904,53.214],[11.0674,53.2311],[11.027,53.2795],[11.0089,53.2818],[11.0089,53.299],[10.9877,53.3332],[10.9556,53.3332],[10.919,53.3481],[10.8857,53.3247],[10.8574,53.3168],[10.8363,53.3068],[10.8272,53.3122],[10.7932,53.3154],[10.7709,53.3263],[10.7637,53.3372],[10.7381,53.3425],[10.7279,53.3573],[10.7048,53.3691],[10.681,53.3675],[10.6149,53.3698],[10.5949,53.3636]]]}},{"type":"Feature","properties":{"codes":["LER"],"name":"Leer","state":"Niedersachsen","districtType":"Landkreis"},"geometry":{"type":"MultiPolygon","coordinates":[[[[7.8861,53.352],[7.8714,53.3761],[7.8336,53.3629],[7.8155,53.3754],[7.7301,53.3589],[7.6629,53.3402],[7.6482,53.3464],[7.6127,53.3325],[7.5896,53.3418],[7.564,53.3448],[7.5492,53.3566],[7.5145,53.3534],[7.4933,53.3691],[7.4695,53.3705],[7.4068,53.352],[7.3702,53.352],[7.3502,53.3557],[7.329,53.3705],[7.3207,53.3497],[7.3071,53.3504],[7.2996,53.3207],[7.2648,53.3254],[7.2444,53.3184],[7.1912,53.3177],[7.2169,53.214],[7.218,53.1994],[7.1904,53.1619],[7.1897,53.148],[7.1783,53.1378],[7.1833,53.1213],[7.2025,53.1137],[7.2456,53.1176],[7.2913,53.1151],[7.3181,53.1098],[7.3362,53.1012],[7.3849,53.1058],[7.4068,53.0996],[7.4125,53.0894],[7.4831,53.0864],[7.5198,53.0567],[7.5243,53.0435],[7.5455,53.0333],[7.6115,53.0576],[7.627,53.1144],[7.6418,53.1308],[7.6474,53.179],[7.6814,53.1822],[7.7188,53.179],[7.7007,53.2056],[7.7026,53.2225],[7.7354,53.2367],[7.7611,53.2413],[7.8502,53.2943],[7.8861,53.352]]],[[[6.8105,53.6026],[6.7674,53.6183],[6.7534,53.6183],[6.7006,53.6065],[6.6583,53.6065],[6.6481,53.6003],[6.6571,53.5824],[6.693,53.5669],[6.7142,53.5623],[6.7391,53.5732],[6.727,53.5841],[6.7508,53.5956],[6.8033,53.5973],[6.8105,53.6026]]]]}},{"type":"Feature","properties":{"codes":["NI"],"name":"Nienburg (Weser)","state":"Niedersachsen","districtType":"Landkreis"},"geometry":{"type":"Polygon","coordinates":[[[9.3259,52.7679],[9.3047,52.7749],[9.2972,52.8006],[9.3066,52.8115],[9.27,52.8147],[9.2707,52.8052],[9.2507,52.8029],[9.2213,52.8147],[9.1937,52.8147],[9.202,52.8309],[9.2009,52.8629],[9.2111,52.8714],[9.1944,52.883],[9.1623,52.8939],[9.1155,52.8971],[9.1027,52.8807],[9.1102,52.8629],[9.0543,52.8418],[9.0351,52.8388],[9.0607,52.824],[9.0551,52.8075],[9.0607,52.7966],[9.046,52.789],[9.0623,52.7647],[9.0543,52.76],[9.0577,52.7399],[9.0441,52.7218],[9.0158,52.7165],[9.0075,52.7103],[9.0294,52.6915],[9.0173,52.6839],[9.0203,52.673],[9.0045,52.6519],[8.9863,52.6581],[8.9338,52.6348],[8.8934,52.6292],[8.8715,52.6206],[8.8708,52.6107],[8.901,52.5982],[8.8927,52.553],[8.8723,52.5546],[8.8145,52.5373],[8.813,52.5303],[8.7752,52.5326],[8.768,52.521],[8.7514,52.5227],[8.7329,52.5092],[8.7027,52.5007],[8.6989,52.4875],[8.7091,52.4775],[8.711,52.4634],[8.7034,52.4416],[8.7182,52.4307],[8.7046,52.4129],[8.7457,52.3879],[8.7862,52.3988],[8.8549,52.3895],[8.8889,52.3957],[8.8908,52.4034],[8.9338,52.4011],[8.9459,52.4136],[8.978,52.4268],[8.989,52.4518],[9.012,52.4571],[9.0222,52.4766],[9.0385,52.4798],[9.0505,52.497],[9.0993,52.4977],[9.1121,52.4861],[9.1321,52.4835],[9.1367,52.4759],[9.1027,52.4571],[9.0944,52.4432],[9.1102,52.4354],[9.1121,52.4205],[9.1249,52.412],[9.1578,52.408],[9.1669,52.4129],[9.1963,52.4136],[9.2118,52.4205],[9.2231,52.4337],[9.2552,52.4347],[9.279,52.44],[9.2726,52.4548],[9.2772,52.4618],[9.2443,52.4666],[9.267,52.4766],[9.2552,52.5178],[9.2386,52.5296],[9.2734,52.5474],[9.3183,52.5553],[9.3689,52.5606],[9.3708,52.5678],[9.344,52.5801],[9.3433,52.6028],[9.3682,52.6107],[9.4101,52.616],[9.4388,52.6239],[9.4422,52.6331],[9.4607,52.641],[9.5121,52.6239],[9.5313,52.6292],[9.5378,52.6449],[9.5351,52.6605],[9.5038,52.679],[9.5102,52.6954],[9.5038,52.7033],[9.4807,52.7047],[9.4807,52.7274],[9.4229,52.7241],[9.4018,52.7336],[9.3504,52.7258],[9.3414,52.7508],[9.3259,52.7679]]]}},{"type":"Feature","properties":{"codes":["EIN","GAN","NOM"],"name":"Northeim","state":"Niedersachsen","districtType":"Landkreis"},"geometry":{"type":"MultiPolygon","coordinates":[[[[9.648,51.5523],[9.6726,51.5687],[9.645,51.5819],[9.625,51.5734],[9.648,51.5523]]],[[[10.0654,51.9277],[10.0333,51.9478],[10.025,51.9393],[9.9948,51.9393],[10.0114,51.912],[9.9974,51.9043],[9.9691,51.8974],[9.9442,51.9129],[9.926,51.9034],[9.9166,51.9145],[9.8939,51.9059],[9.8607,51.8987],[9.8297,51.8865],[9.8029,51.8849],[9.7882,51.8661],[9.7591,51.8668],[9.7432,51.8763],[9.7187,51.8816],[9.6817,51.8536],[9.6828,51.8397],[9.6462,51.8272],[9.5789,51.7899],[9.582,51.7758],[9.5616,51.7626],[9.557,51.7399],[9.548,51.7408],[9.503,51.7276],[9.4671,51.7056],[9.4403,51.6956],[9.4358,51.6753],[9.4229,51.6729],[9.4369,51.6544],[9.4177,51.6472],[9.4955,51.6574],[9.4966,51.631],[9.5249,51.6262],[9.5442,51.6403],[9.5642,51.6255],[9.6091,51.6294],[9.6367,51.6232],[9.6378,51.609],[9.6609,51.5928],[9.6854,51.5819],[9.693,51.5896],[9.7221,51.6014],[9.7285,51.6123],[9.7432,51.6146],[9.7901,51.6076],[9.8176,51.5991],[9.8312,51.613],[9.858,51.6083],[9.8701,51.613],[9.8901,51.6083],[9.9415,51.6021],[9.9562,51.6162],[10.0038,51.6123],[10.0288,51.6201],[10.0711,51.61],[10.1032,51.6225],[10.1232,51.6162],[10.1379,51.6403],[10.1609,51.6465],[10.1545,51.6746],[10.1436,51.6831],[10.1387,51.7081],[10.1205,51.7197],[10.1194,51.7276],[10.1443,51.7399],[10.1489,51.7649],[10.1579,51.7883],[10.1398,51.8038],[10.1353,51.8334],[10.1077,51.8365],[10.1186,51.8723],[10.0994,51.8793],[10.105,51.9027],[10.0654,51.9277]]]]}},{"type":"Feature","properties":{"codes":["OL"],"name":"Oldenburg","state":"Niedersachsen","districtType":"Kreisfreie Stadt"},"geometry":{"type":"Polygon","coordinates":[[[8.3125,53.1533],[8.2925,53.1806],[8.3035,53.1892],[8.2548,53.1931],[8.2457,53.2008],[8.2015,53.2047],[8.1924,53.1892],[8.1705,53.1836],[8.1596,53.1744],[8.1539,53.1503],[8.1282,53.1081],[8.1713,53.1091],[8.2007,53.1144],[8.1951,53.0919],[8.2226,53.0824],[8.2797,53.0979],[8.288,53.1308],[8.3125,53.1533]]]}},{"type":"Feature","properties":{"codes":["OL"],"name":"Oldenburg","state":"Niedersachsen","districtType":"Landkreis"},"geometry":{"type":"Polygon","coordinates":[[[8.6358,53.0996],[8.6037,53.1091],[8.5788,53.123],[8.5724,53.116],[8.5165,53.1292],[8.5018,53.1223],[8.4723,53.1385],[8.4017,53.1206],[8.3979,53.1417],[8.3817,53.1721],[8.3733,53.1651],[8.322,53.1619],[8.288,53.1308],[8.2797,53.0979],[8.2226,53.0824],[8.1951,53.0919],[8.2007,53.1144],[8.1713,53.1091],[8.1282,53.1081],[8.0704,53.0903],[8.0697,53.0817],[8.0512,53.06],[8.0825,53.0366],[8.118,53.0023],[8.1199,52.9759],[8.1146,52.9673],[8.1218,52.9548],[8.1218,52.9275],[8.1566,52.9252],[8.1558,52.905],[8.1905,52.8925],[8.2064,52.8793],[8.2347,52.8691],[8.2585,52.8745],[8.2623,52.877],[8.3356,52.877],[8.356,52.852],[8.3779,52.8559],[8.4062,52.849],[8.3934,52.8286],[8.4447,52.8207],[8.4715,52.8216],[8.4734,52.8115],[8.4595,52.8013],[8.4844,52.7983],[8.5312,52.8108],[8.5467,52.8193],[8.5429,52.8309],[8.634,52.8513],[8.6423,52.8988],[8.6506,52.9166],[8.6944,52.9205],[8.6842,52.9486],[8.6815,52.968],[8.6577,52.9687],[8.643,52.9773],[8.6423,52.9882],[8.657,53.0092],[8.643,53.0053],[8.6275,53.0187],[8.6117,53.0085],[8.6219,53.0],[8.5917,52.9868],[8.5796,53.003],[8.5943,53.0116],[8.6071,53.031],[8.5796,53.0412],[8.5917,53.0576],[8.6321,53.0771],[8.623,53.0864],[8.6358,53.0996]]]}},{"type":"Feature","properties":{"codes":["BSB","MEL","OS","WTL"],"name":"Osnabrück","state":"Niedersachsen","districtType":"Kreisfreie Stadt"},"geometry":{"type":"Polygon","coordinates":[[[7.9568,52.2725],[7.9677,52.2617],[7.9575,52.2508],[7.9889,52.2369],[8.01,52.2359],[8.0281,52.2251],[8.0402,52.2329],[8.0814,52.2399],[8.1135,52.229],[8.1339,52.2336],[8.1263,52.2593],[8.1467,52.2626],[8.1788,52.2811],[8.1513,52.2999],[8.1218,52.2906],[8.098,52.3068],[8.098,52.32],[8.0731,52.3154],[8.0198,52.3193],[8.01,52.3388],[7.9651,52.3249],[7.987,52.3038],[7.9492,52.3061],[7.9318,52.3015],[7.9311,52.2897],[7.9568,52.2725]]]}},{"type":"Feature","properties":{"codes":["BSB","MEL","OS","WTL"],"name":"Osnabrück","state":"Niedersachsen","districtType":"Landkreis"},"geometry":{"type":"Polygon","coordinates":[[[8.0179,52.6839],[7.9794,52.6954],[7.9466,52.6931],[7.9171,52.6806],[7.9061,52.6892],[7.8548,52.7096],[7.8034,52.7001],[7.8008,52.6931],[7.7641,52.6776],[7.6897,52.679],[7.6943,52.6635],[7.6576,52.648],[7.6115,52.6229],[7.607,52.609],[7.6199,52.591],[7.6153,52.5787],[7.6153,52.5451],[7.6191,52.5373],[7.6115,52.5055],[7.6172,52.5016],[7.6078,52.4743],[7.6674,52.4564],[7.6886,52.4541],[7.7026,52.4347],[7.7135,52.4011],[7.7237,52.4004],[7.8053,52.3714],[7.8427,52.3691],[7.8914,52.3809],[7.9216,52.3652],[7.9428,52.3592],[7.9484,52.3348],[7.9651,52.3249],[8.01,52.3388],[8.0198,52.3193],[8.0731,52.3154],[8.098,52.32],[8.098,52.3068],[8.1218,52.2906],[8.1513,52.2999],[8.1788,52.2811],[8.1467,52.2626],[8.1263,52.2593],[8.1339,52.2336],[8.1135,52.229],[8.0814,52.2399],[8.0402,52.2329],[8.0281,52.2251],[8.01,52.2359],[7.9889,52.2369],[7.9575,52.2508],[7.9677,52.2617],[7.9568,52.2725],[7.9247,52.2617],[7.9281,52.2297],[7.9024,52.204],[7.908,52.1901],[7.9337,52.1769],[7.9556,52.1783],[7.9741,52.1713],[8.007,52.176],[8.0255,52.1637],[8.0036,52.1542],[8.0081,52.1153],[7.9715,52.116],[7.9586,52.1051],[7.9061,52.0935],[7.885,52.0833],[7.9209,52.0576],[7.9171,52.0514],[7.9813,52.0359],[7.9934,52.05],[8.0364,52.0639],[8.0667,52.0678],[8.0923,52.0632],[8.0961,52.0569],[8.1501,52.0748],[8.1743,52.0717],[8.1951,52.0741],[8.2015,52.088],[8.2208,52.106],[8.2457,52.1215],[8.2623,52.1208],[8.2668,52.1324],[8.2861,52.1324],[8.3008,52.1208],[8.3431,52.1239],[8.3733,52.11],[8.3926,52.1083],[8.4107,52.1153],[8.4043,52.1301],[8.4156,52.1394],[8.453,52.1551],[8.4632,52.1535],[8.4935,52.1667],[8.5082,52.1885],[8.4632,52.1947],[8.4421,52.2142],[8.4613,52.229],[8.4587,52.2577],[8.4659,52.2679],[8.4587,52.2943],[8.4697,52.3131],[8.453,52.3302],[8.4357,52.3629],[8.3843,52.3863],[8.3639,52.3895],[8.3137,52.4057],[8.322,52.4261],[8.308,52.437],[8.2971,52.4564],[8.3073,52.4805],[8.308,52.4993],[8.2476,52.4812],[8.2015,52.4766],[8.1596,52.433],[8.132,52.4446],[8.0889,52.4469],[8.0614,52.4439],[8.0614,52.4884],[8.064,52.5032],[8.021,52.5234],[8.0364,52.5326],[8.0338,52.5451],[8.044,52.5521],[8.0364,52.5771],[8.041,52.5896],[8.0712,52.5965],[8.0806,52.6167],[8.0723,52.6449],[8.0474,52.6549],[8.0346,52.6737],[8.0179,52.6839]]]}},{"type":"Feature","properties":{"codes":["OHZ"],"name":"Osterholz","state":"Niedersachsen","districtType":"Landkreis"},"geometry":{"type":"Polygon","coordinates":[[[8.9112,53.38],[8.8677,53.3955],[8.8118,53.387],[8.7945,53.39],[8.7797,53.3738],[8.7359,53.3613],[8.7533,53.355],[8.765,53.3395],[8.7522,53.3184],[8.722,53.3145],[8.7238,53.299],[8.6955,53.2997],[8.6275,53.2811],[8.6245,53.2874],[8.5962,53.2865],[8.5633,53.2983],[8.5493,53.2865],[8.5184,53.2881],[8.5036,53.2934],[8.5172,53.3177],[8.5127,53.3534],[8.4999,53.3668],[8.5018,53.3511],[8.4916,53.3293],[8.4927,53.2966],[8.4806,53.2469],[8.4851,53.2274],[8.521,53.2265],[8.5301,53.2165],[8.5539,53.2079],[8.5788,53.2172],[8.5988,53.2126],[8.5815,53.2001],[8.5924,53.1846],[8.609,53.1922],[8.6347,53.1961],[8.6551,53.1869],[8.6585,53.1774],[8.7065,53.176],[8.7284,53.1806],[8.7405,53.1658],[8.7707,53.1595],[8.8266,53.1635],[8.8421,53.1487],[8.8723,53.1338],[8.9119,53.1322],[8.9369,53.151],[8.9569,53.147],[8.9844,53.1262],[9.0037,53.1292],[9.0366,53.1253],[9.0577,53.1338],[9.0717,53.151],[9.0607,53.1714],[9.0358,53.1846],[9.0294,53.1961],[9.0256,53.2475],[8.9916,53.2702],[9.0128,53.3006],[8.9909,53.3082],[8.9999,53.3191],[8.9818,53.3332],[8.9614,53.3332],[8.9414,53.3418],[8.9467,53.3534],[8.9376,53.3668],[8.9112,53.38]]]}},{"type":"Feature","properties":{"codes":["OHA"],"name":"Osterode am Harz","state":"Niedersachsen","districtType":"Landkreis"},"geometry":{"type":"Polygon","coordinates":[[[10.6776,51.6387],[10.6519,51.6426],[10.6353,51.6644],[10.6123,51.6628],[10.6078,51.6746],[10.5647,51.6785],[10.5379,51.669],[10.5243,51.6723],[10.5114,51.6628],[10.4994,51.6746],[10.4967,51.6885],[10.4793,51.7105],[10.4941,51.7283],[10.4839,51.7415],[10.4994,51.7633],[10.462,51.7656],[10.4397,51.7735],[10.4253,51.7718],[10.3785,51.789],[10.3638,51.7711],[10.3434,51.7718],[10.3086,51.7656],[10.2946,51.7781],[10.2829,51.7774],[10.2656,51.7952],[10.269,51.8147],[10.2452,51.8265],[10.2206,51.8272],[10.2176,51.8186],[10.1708,51.8117],[10.1534,51.7936],[10.1579,51.7883],[10.1489,51.7649],[10.1443,51.7399],[10.1194,51.7276],[10.1205,51.7197],[10.1387,51.7081],[10.1436,51.6831],[10.1545,51.6746],[10.1609,51.6465],[10.1662,51.638],[10.1983,51.6248],[10.2168,51.6324],[10.2388,51.6208],[10.2573,51.6215],[10.2644,51.6139],[10.2977,51.6116],[10.3041,51.5928],[10.3196,51.5873],[10.3022,51.5687],[10.3215,51.5609],[10.3657,51.5562],[10.3785,51.5625],[10.3774,51.5889],[10.4087,51.5866],[10.4287,51.5928],[10.451,51.5842],[10.4884,51.575],[10.5186,51.5539],[10.5345,51.5592],[10.5602,51.5569],[10.6123,51.5796],[10.627,51.5678],[10.6565,51.5585],[10.6663,51.578],[10.638,51.5849],[10.6334,51.6044],[10.6463,51.6225],[10.6712,51.6294],[10.6776,51.6387]]]}},{"type":"Feature","properties":{"codes":["PE"],"name":"Peine","state":"Niedersachsen","districtType":"Landkreis"},"geometry":{"type":"Polygon","coordinates":[[[10.292,52.4479],[10.2818,52.4486],[10.2527,52.4354],[10.2546,52.4215],[10.2187,52.4291],[10.2032,52.4268],[10.1949,52.405],[10.1802,52.3957],[10.1598,52.3981],[10.1307,52.3941],[10.1451,52.3786],[10.1481,52.3599],[10.1258,52.3381],[10.1258,52.3223],[10.0839,52.3395],[10.0782,52.3325],[10.0801,52.3114],[10.0616,52.2952],[10.034,52.2913],[10.034,52.2834],[10.0261,52.2626],[9.9993,52.2577],[9.9985,52.2306],[10.0469,52.2313],[10.0646,52.2221],[10.0737,52.2283],[10.1115,52.2336],[10.1436,52.2353],[10.1598,52.2251],[10.1836,52.2346],[10.2195,52.2188],[10.2482,52.2135],[10.2637,52.1885],[10.2573,52.1831],[10.2882,52.1753],[10.3177,52.1894],[10.3203,52.1783],[10.3471,52.176],[10.3672,52.1869],[10.3736,52.2026],[10.4106,52.2197],[10.4299,52.2211],[10.4333,52.2431],[10.4453,52.2492],[10.4268,52.2686],[10.4408,52.2857],[10.4268,52.2874],[10.4242,52.3114],[10.4121,52.3186],[10.4242,52.3302],[10.4087,52.3395],[10.4023,52.352],[10.4185,52.3552],[10.414,52.3661],[10.4253,52.3793],[10.3838,52.3707],[10.3691,52.4113],[10.3471,52.4314],[10.3332,52.4291],[10.3158,52.4446],[10.292,52.4479]]]}},{"type":"Feature","properties":{"codes":["H"],"name":"Region Hannover","state":"Niedersachsen","districtType":"Landkreis"},"geometry":{"type":"Polygon","coordinates":[[[9.7349,52.6387],[9.7157,52.6348],[9.7028,52.6012],[9.6654,52.6005],[9.6462,52.6084],[9.6352,52.6262],[9.6148,52.6473],[9.5853,52.6644],[9.5853,52.6776],[9.5396,52.6713],[9.5351,52.6605],[9.5378,52.6449],[9.5313,52.6292],[9.5121,52.6239],[9.4607,52.641],[9.4422,52.6331],[9.4388,52.6239],[9.4101,52.616],[9.3682,52.6107],[9.3433,52.6028],[9.344,52.5801],[9.3708,52.5678],[9.3689,52.5606],[9.3183,52.5553],[9.2734,52.5474],[9.2386,52.5296],[9.2552,52.5178],[9.267,52.4766],[9.2443,52.4666],[9.2772,52.4618],[9.2726,52.4548],[9.2843,52.4386],[9.301,52.4377],[9.3478,52.4439],[9.3652,52.433],[9.3663,52.4245],[9.344,52.4175],[9.3195,52.4034],[9.3176,52.3909],[9.3523,52.3839],[9.3599,52.3909],[9.4003,52.4066],[9.4158,52.3918],[9.4294,52.3529],[9.4139,52.3348],[9.3984,52.3335],[9.4075,52.3147],[9.4093,52.2969],[9.4267,52.2797],[9.4486,52.2742],[9.4736,52.264],[9.4645,52.2554],[9.4955,52.2399],[9.5075,52.2135],[9.5159,52.2095],[9.5057,52.1894],[9.4936,52.1783],[9.4966,52.1667],[9.5306,52.1604],[9.5563,52.1674],[9.6057,52.1394],[9.6295,52.1308],[9.6809,52.1331],[9.6919,52.1449],[9.7194,52.1574],[9.7157,52.173],[9.6854,52.1894],[9.6956,52.198],[9.7387,52.198],[9.7489,52.1776],[9.7746,52.173],[9.7817,52.1908],[9.8029,52.1878],[9.8176,52.2283],[9.7855,52.2336],[9.7912,52.2517],[9.8278,52.2626],[9.8728,52.2702],[9.8765,52.2626],[9.8992,52.2617],[9.9166,52.2718],[9.9139,52.2804],[9.971,52.285],[9.9865,52.2929],[9.9967,52.2834],[10.0167,52.2797],[10.034,52.2834],[10.034,52.2913],[10.0616,52.2952],[10.0801,52.3114],[10.0782,52.3325],[10.0839,52.3395],[10.1258,52.3223],[10.1258,52.3381],[10.1481,52.3599],[10.1451,52.3786],[10.1307,52.3941],[10.1598,52.3981],[10.1802,52.3957],[10.1949,52.405],[10.2032,52.4268],[10.2187,52.4291],[10.2546,52.4215],[10.2527,52.4354],[10.2818,52.4486],[10.292,52.4479],[10.2882,52.4502],[10.2901,52.4736],[10.272,52.4828],[10.2894,52.5062],[10.2739,52.5109],[10.2599,52.4891],[10.2157,52.5007],[10.2021,52.5109],[10.1783,52.5132],[10.1417,52.4977],[10.1175,52.5102],[10.1084,52.5078],[10.0828,52.5241],[10.0763,52.5373],[9.9993,52.5366],[9.994,52.5444],[9.9672,52.5498],[9.9846,52.5623],[9.9846,52.5725],[9.9525,52.5873],[9.9075,52.5972],[9.8811,52.5903],[9.8781,52.6051],[9.838,52.5972],[9.7689,52.6292],[9.7406,52.6315],[9.7349,52.6387]]]}},{"type":"Feature","properties":{"codes":["BRV","ROW"],"name":"Rotenburg (Wümme)","state":"Niedersachsen","districtType":"Landkreis"},"geometry":{"type":"Polygon","coordinates":[[[9.1487,53.5926],[9.1219,53.5706],[9.1231,53.5597],[9.1076,53.5544],[9.0698,53.5722],[9.0256,53.5544],[8.9909,53.5583],[8.9724,53.5489],[8.978,53.538],[8.9671,53.5303],[8.9369,53.5326],[8.91,53.5264],[8.8983,53.5162],[8.9331,53.5083],[8.9614,53.5069],[8.9542,53.4921],[8.9569,53.4727],[8.9512,53.4571],[8.9229,53.4476],[8.9267,53.4351],[8.9523,53.4071],[8.924,53.3925],[8.9112,53.38],[8.9376,53.3668],[8.9467,53.3534],[8.9414,53.3418],[8.9614,53.3332],[8.9818,53.3332],[8.9999,53.3191],[8.9909,53.3082],[9.0128,53.3006],[8.9916,53.2702],[9.0256,53.2475],[9.0294,53.1961],[9.0358,53.1846],[9.0607,53.1714],[9.0717,53.151],[9.1091,53.144],[9.1333,53.1588],[9.1321,53.1665],[9.1918,53.1751],[9.1827,53.1642],[9.1926,53.1494],[9.1733,53.1269],[9.1816,53.116],[9.1688,53.1019],[9.1533,53.1035],[9.1669,53.0732],[9.1861,53.0639],[9.188,53.0481],[9.2009,53.0382],[9.222,53.0428],[9.2443,53.0356],[9.2926,53.0271],[9.313,53.0125],[9.3421,53.0139],[9.3342,52.9891],[9.3799,52.9845],[9.4029,52.9977],[9.4377,53.003],[9.4581,52.9891],[9.455,52.975],[9.4607,52.9564],[9.4441,52.9486],[9.4569,52.9307],[9.455,52.9173],[9.4679,52.9298],[9.5075,52.9368],[9.5083,52.9469],[9.5404,52.9509],[9.5616,52.9377],[9.5608,52.9252],[9.5853,52.9252],[9.6039,52.9423],[9.6039,52.9555],[9.6462,52.9625],[9.67,52.9743],[9.6579,53.0046],[9.6764,53.0148],[9.6545,53.0296],[9.6159,53.0396],[9.6159,53.0583],[9.6431,53.0808],[9.6431,53.0979],[9.625,53.1151],[9.6314,53.1285],[9.6688,53.148],[9.6764,53.1595],[9.7221,53.1565],[9.758,53.1658],[9.7175,53.179],[9.6828,53.2195],[9.6224,53.2281],[9.6084,53.239],[9.5755,53.3293],[9.5551,53.3434],[9.5736,53.3698],[9.5313,53.3728],[9.5049,53.3807],[9.4788,53.3589],[9.4762,53.3504],[9.4505,53.3457],[9.3946,53.3659],[9.381,53.3784],[9.3614,53.3847],[9.3754,53.4034],[9.3708,53.4094],[9.3414,53.4104],[9.3376,53.4189],[9.347,53.4375],[9.3247,53.4618],[9.31,53.4539],[9.2919,53.4618],[9.2707,53.4608],[9.2375,53.4687],[9.2303,53.4835],[9.233,53.4974],[9.2828,53.5231],[9.2477,53.5396],[9.2129,53.5412],[9.2039,53.5317],[9.1854,53.5317],[9.1733,53.5412],[9.1487,53.5926]]]}},{"type":"Feature","properties":{"codes":["SZ"],"name":"Salzgitter","state":"Niedersachsen","districtType":"Kreisfreie Stadt"},"geometry":{"type":"Polygon","coordinates":[[[10.4691,52.046],[10.482,52.046],[10.4865,52.0616],[10.4673,52.0599],[10.4408,52.1037],[10.4287,52.1123],[10.4344,52.1324],[10.5069,52.1869],[10.4846,52.2079],[10.4389,52.2033],[10.4299,52.2211],[10.4106,52.2197],[10.3736,52.2026],[10.3672,52.1869],[10.3471,52.176],[10.3203,52.1783],[10.3177,52.1894],[10.2882,52.1753],[10.2573,52.1831],[10.2342,52.1697],[10.2388,52.1472],[10.2471,52.1394],[10.2335,52.1301],[10.2406,52.1208],[10.2709,52.1044],[10.303,52.1067],[10.3177,52.1005],[10.3286,52.0873],[10.3464,52.0537],[10.3203,52.0484],[10.2946,52.0507],[10.2867,52.0335],[10.3105,52.0319],[10.3317,52.0227],[10.3664,52.022],[10.4114,52.0365],[10.4389,52.0562],[10.4691,52.046]]]}},{"type":"Feature","properties":{"codes":["RI","SHG"],"name":"Schaumburg","state":"Niedersachsen","districtType":"Landkreis"},"geometry":{"type":"Polygon","coordinates":[[[9.4486,52.2742],[9.4267,52.2797],[9.4093,52.2969],[9.4075,52.3147],[9.3984,52.3335],[9.4139,52.3348],[9.4294,52.3529],[9.4158,52.3918],[9.4003,52.4066],[9.3599,52.3909],[9.3523,52.3839],[9.3176,52.3909],[9.3195,52.4034],[9.344,52.4175],[9.3663,52.4245],[9.3652,52.433],[9.3478,52.4439],[9.301,52.4377],[9.2843,52.4386],[9.2726,52.4548],[9.279,52.44],[9.2552,52.4347],[9.2231,52.4337],[9.2118,52.4205],[9.1963,52.4136],[9.1669,52.4129],[9.1578,52.408],[9.1249,52.412],[9.1174,52.3971],[9.1,52.3886],[9.0981,52.3714],[9.0834,52.3552],[9.0577,52.3395],[9.0275,52.3457],[9.0192,52.3311],[8.998,52.3263],[8.9852,52.2936],[8.9882,52.2874],[8.9633,52.2788],[8.9742,52.2626],[9.0064,52.2531],[9.0313,52.2501],[9.077,52.232],[9.0513,52.2204],[9.046,52.2112],[9.0449,52.1838],[9.0211,52.1838],[8.9863,52.1947],[9.0082,52.1806],[9.0184,52.1324],[9.0558,52.1489],[9.0853,52.1371],[9.1076,52.1324],[9.1155,52.1387],[9.1423,52.1357],[9.1571,52.1255],[9.1559,52.1146],[9.1359,52.106],[9.1559,52.0982],[9.1661,52.1137],[9.1846,52.1185],[9.1873,52.1466],[9.1699,52.1621],[9.1552,52.1822],[9.1616,52.1894],[9.1827,52.1845],[9.2367,52.2033],[9.2605,52.2149],[9.2817,52.2197],[9.3349,52.2165],[9.3414,52.226],[9.3689,52.2211],[9.3825,52.2415],[9.4403,52.26],[9.4486,52.2742]]]}},{"type":"Feature","properties":{"codes":["STD"],"name":"Stade","state":"Niedersachsen","districtType":"Landkreis"},"geometry":{"type":"MultiPolygon","coordinates":[[[[9.7368,53.556],[9.7734,53.5505],[9.7617,53.5567],[9.7368,53.556]]],[[[9.7719,53.5435],[9.7232,53.5512],[9.7104,53.5449],[9.6809,53.5489],[9.6507,53.5676],[9.6167,53.5808],[9.6001,53.5824],[9.5736,53.5933],[9.5653,53.6026],[9.5415,53.6121],[9.5147,53.6408],[9.514,53.6517],[9.4754,53.6922],[9.4203,53.7225],[9.3599,53.7809],[9.3534,53.7934],[9.3149,53.8346],[9.2734,53.858],[9.1944,53.8643],[9.1231,53.8643],[9.0845,53.862],[9.0211,53.8418],[9.0173,53.837],[9.0385,53.8145],[9.0917,53.8075],[9.1268,53.798],[9.1423,53.8004],[9.1469,53.7858],[9.1854,53.7786],[9.2239,53.7552],[9.2617,53.7677],[9.2764,53.742],[9.2983,53.7295],[9.2213,53.6929],[9.2103,53.6781],[9.2488,53.6672],[9.2753,53.6728],[9.2715,53.6556],[9.2798,53.6454],[9.2522,53.6401],[9.2579,53.6292],[9.2277,53.6299],[9.2103,53.6174],[9.1873,53.622],[9.1744,53.6105],[9.1495,53.5989],[9.1487,53.5926],[9.1733,53.5412],[9.1854,53.5317],[9.2039,53.5317],[9.2129,53.5412],[9.2477,53.5396],[9.2828,53.5231],[9.233,53.4974],[9.2303,53.4835],[9.2375,53.4687],[9.2707,53.4608],[9.2919,53.4618],[9.31,53.4539],[9.3247,53.4618],[9.347,53.4375],[9.3376,53.4189],[9.3414,53.4104],[9.3708,53.4094],[9.3754,53.4034],[9.3614,53.3847],[9.381,53.3784],[9.3946,53.3659],[9.4505,53.3457],[9.4762,53.3504],[9.4788,53.3589],[9.5049,53.3807],[9.5313,53.3728],[9.5736,53.3698],[9.5551,53.3434],[9.5627,53.3379],[9.5835,53.358],[9.6167,53.3791],[9.6258,53.3916],[9.6424,53.3925],[9.6514,53.4094],[9.6752,53.4087],[9.7266,53.4229],[9.7406,53.4375],[9.7663,53.4361],[9.7836,53.4407],[9.7708,53.4578],[9.77,53.4796],[9.7496,53.4852],[9.7689,53.5053],[9.7765,53.5248],[9.7719,53.5435]]]]}},{"type":"Feature","properties":{"codes":["UE"],"name":"Uelzen","state":"Niedersachsen","districtType":"Landkreis"},"geometry":{"type":"Polygon","coordinates":[[[10.7547,53.123],[10.7445,53.123],[10.7271,53.1385],[10.6693,53.1556],[10.6327,53.1588],[10.6361,53.1727],[10.661,53.1774],[10.6482,53.1869],[10.607,53.1922],[10.5923,53.1744],[10.5379,53.1744],[10.539,53.1836],[10.5088,53.204],[10.4929,53.1892],[10.471,53.1869],[10.4635,53.1751],[10.4435,53.1721],[10.4378,53.1588],[10.4197,53.1519],[10.3966,53.1503],[10.3966,53.1315],[10.3894,53.1137],[10.3286,53.1144],[10.3139,53.0887],[10.2765,53.0956],[10.2625,53.0887],[10.2206,53.0762],[10.2123,53.0676],[10.2195,53.0521],[10.2142,53.0389],[10.1983,53.0296],[10.1564,53.0271],[10.1591,53.0139],[10.2059,53.0139],[10.2157,53.0076],[10.2157,52.9875],[10.224,52.9782],[10.2233,52.9539],[10.2369,52.9361],[10.2709,52.905],[10.2829,52.8777],[10.3169,52.8543],[10.3286,52.8411],[10.3645,52.8395],[10.3793,52.817],[10.4023,52.8138],[10.4132,52.8052],[10.4446,52.8154],[10.4601,52.8091],[10.5326,52.8342],[10.5564,52.8309],[10.5794,52.8154],[10.5957,52.7936],[10.6251,52.7827],[10.6342,52.7726],[10.6693,52.7656],[10.695,52.7818],[10.7233,52.7834],[10.7592,52.7959],[10.7566,52.8193],[10.772,52.8342],[10.8004,52.8504],[10.8344,52.8474],[10.8419,52.852],[10.8177,52.8659],[10.8223,52.8856],[10.8042,52.8971],[10.8355,52.9245],[10.8548,52.9259],[10.8517,52.94],[10.86,52.9564],[10.8408,52.9796],[10.8933,52.9984],[10.8903,53.0178],[10.8721,53.0194],[10.871,53.0366],[10.84,53.0442],[10.8419,53.0567],[10.8336,53.0771],[10.8042,53.0919],[10.7675,53.0972],[10.7554,53.1114],[10.7547,53.123]]]}},{"type":"Feature","properties":{"codes":["VEC"],"name":"Vechta","state":"Niedersachsen","districtType":"Landkreis"},"geometry":{"type":"Polygon","coordinates":[[[8.4595,52.8013],[8.4734,52.8115],[8.4715,52.8216],[8.4447,52.8207],[8.3934,52.8286],[8.4062,52.849],[8.3779,52.8559],[8.356,52.852],[8.3356,52.877],[8.2623,52.877],[8.2585,52.8745],[8.2532,52.855],[8.2355,52.8379],[8.2449,52.8091],[8.2238,52.789],[8.2045,52.789],[8.1962,52.7617],[8.1679,52.767],[8.1109,52.7719],[8.1018,52.7531],[8.0614,52.7561],[8.0455,52.7158],[8.0667,52.7033],[8.0274,52.7024],[8.0179,52.6839],[8.0346,52.6737],[8.0474,52.6549],[8.0723,52.6449],[8.0806,52.6167],[8.0712,52.5965],[8.041,52.5896],[8.0364,52.5771],[8.044,52.5521],[8.0338,52.5451],[8.0364,52.5326],[8.021,52.5234],[8.064,52.5032],[8.0614,52.4884],[8.0614,52.4439],[8.0889,52.4469],[8.132,52.4446],[8.1596,52.433],[8.2015,52.4766],[8.2476,52.4812],[8.308,52.4993],[8.311,52.5312],[8.319,52.5382],[8.342,52.5405],[8.3496,52.5507],[8.3394,52.563],[8.3118,52.5833],[8.2933,52.6503],[8.3091,52.6674],[8.3099,52.6869],[8.3382,52.6924],[8.41,52.7235],[8.4459,52.7228],[8.4715,52.7376],[8.464,52.7719],[8.4504,52.7851],[8.4595,52.8013]]]}},{"type":"Feature","properties":{"codes":["VER"],"name":"Verden","state":"Niedersachsen","districtType":"Landkreis"},"geometry":{"type":"Polygon","coordinates":[[[9.455,52.9173],[9.4569,52.9307],[9.4441,52.9486],[9.4607,52.9564],[9.455,52.975],[9.4581,52.9891],[9.4377,53.003],[9.4029,52.9977],[9.3799,52.9845],[9.3342,52.9891],[9.3421,53.0139],[9.313,53.0125],[9.2926,53.0271],[9.2443,53.0356],[9.222,53.0428],[9.2009,53.0382],[9.188,53.0481],[9.1861,53.0639],[9.1669,53.0732],[9.1533,53.1035],[9.1688,53.1019],[9.1816,53.116],[9.1733,53.1269],[9.1926,53.1494],[9.1827,53.1642],[9.1918,53.1751],[9.1321,53.1665],[9.1333,53.1588],[9.1091,53.144],[9.0717,53.151],[9.0577,53.1338],[9.0366,53.1253],[9.0037,53.1292],[8.9542,53.119],[8.969,53.091],[8.9607,53.0662],[8.9799,53.0468],[8.9671,53.0366],[8.9384,53.0248],[8.9357,53.0139],[8.9157,53.0109],[8.9319,52.9905],[8.9036,52.968],[8.9112,52.9493],[8.9304,52.9268],[8.9369,52.9087],[8.9523,52.8886],[8.9652,52.8978],[8.9799,52.8886],[8.9909,52.8978],[9.003,52.9259],[9.0351,52.9268],[9.0641,52.9222],[9.08,52.9018],[9.1091,52.9041],[9.1155,52.8971],[9.1623,52.8939],[9.1944,52.883],[9.2111,52.8714],[9.2009,52.8629],[9.202,52.8309],[9.1937,52.8147],[9.2213,52.8147],[9.2507,52.8029],[9.2707,52.8052],[9.27,52.8147],[9.3066,52.8115],[9.2972,52.8006],[9.3047,52.7749],[9.3259,52.7679],[9.3606,52.8045],[9.344,52.8075],[9.3331,52.8184],[9.3504,52.827],[9.3663,52.8207],[9.3856,52.8309],[9.3874,52.8411],[9.3754,52.8497],[9.3818,52.8589],[9.4131,52.8784],[9.4131,52.8978],[9.4415,52.908],[9.455,52.9173]]]}},{"type":"Feature","properties":{"codes":["BRA"],"name":"Wesermarsch","state":"Niedersachsen","districtType":"Landkreis"},"geometry":{"type":"MultiPolygon","coordinates":[[[[8.3118,53.6174],[8.2778,53.6121],[8.2751,53.6049],[8.2495,53.5903],[8.24,53.5676],[8.231,53.5201],[8.2725,53.5194],[8.2971,53.5255],[8.3156,53.5146],[8.3137,53.4562],[8.2963,53.443],[8.2971,53.4298],[8.2642,53.4034],[8.254,53.3995],[8.2091,53.4018],[8.1962,53.4087],[8.2072,53.3962],[8.2007,53.3877],[8.2026,53.3659],[8.1743,53.3543],[8.1641,53.3411],[8.1917,53.3154],[8.2181,53.3029],[8.2419,53.3075],[8.2668,53.2841],[8.2751,53.2584],[8.2971,53.239],[8.3137,53.1968],[8.2925,53.1806],[8.3125,53.1533],[8.322,53.1619],[8.3733,53.1651],[8.3817,53.1721],[8.3979,53.1417],[8.4017,53.1206],[8.4723,53.1385],[8.5018,53.1223],[8.5165,53.1292],[8.5724,53.116],[8.5788,53.123],[8.6037,53.1091],[8.6358,53.0996],[8.6551,53.1091],[8.6513,53.1223],[8.6321,53.1362],[8.6238,53.1635],[8.6117,53.1704],[8.5871,53.1727],[8.5346,53.1869],[8.5044,53.2008],[8.4851,53.2274],[8.4806,53.2469],[8.4927,53.2966],[8.4916,53.3293],[8.5018,53.3511],[8.4927,53.4189],[8.4927,53.4727],[8.5036,53.4928],[8.5172,53.503],[8.5154,53.5076],[8.5558,53.5241],[8.5524,53.5366],[8.5101,53.5521],[8.467,53.5528],[8.4364,53.5623],[8.399,53.5683],[8.3658,53.5903],[8.3484,53.6088],[8.3118,53.6174]]],[[[8.1494,53.7117],[8.163,53.7295],[8.1346,53.7242],[8.1494,53.7117]]]]}},{"type":"Feature","properties":{"codes":["WHV"],"name":"Wilhelmshaven","state":"Niedersachsen","districtType":"Kreisfreie Stadt"},"geometry":{"type":"Polygon","coordinates":[[[8.0263,53.6197],[7.9941,53.6012],[8.0119,53.5989],[8.0263,53.5732],[8.0236,53.556],[8.0346,53.5317],[8.064,53.5053],[8.0795,53.5023],[8.1071,53.5037],[8.1566,53.5155],[8.163,53.5208],[8.1694,53.5366],[8.1694,53.5442],[8.1501,53.5676],[8.1301,53.5841],[8.1146,53.6144],[8.0897,53.6378],[8.0263,53.6197]]]}},{"type":"Feature","properties":{"codes":["WTM"],"name":"Wittmund","state":"Niedersachsen","districtType":"Landkreis"},"geometry":{"type":"MultiPolygon","coordinates":[[[[7.8714,53.3761],[7.8586,53.3985],[7.9073,53.4189],[7.953,53.4414],[7.9696,53.4648],[7.9428,53.4727],[7.9281,53.4875],[7.9394,53.5099],[7.888,53.5162],[7.8567,53.5132],[7.8208,53.5007],[7.8155,53.5201],[7.8317,53.538],[7.8363,53.5699],[7.8555,53.5864],[7.8446,53.5917],[7.8604,53.6112],[7.8521,53.622],[7.8291,53.6244],[7.8355,53.6345],[7.8348,53.6688],[7.8106,53.711],[7.7925,53.71],[7.7445,53.7001],[7.6905,53.7008],[7.6289,53.6876],[7.6089,53.6867],[7.5904,53.6797],[7.5749,53.6813],[7.5096,53.6642],[7.5126,53.6549],[7.4914,53.6494],[7.5081,53.6362],[7.5081,53.623],[7.4658,53.6269],[7.4537,53.6206],[7.4344,53.623],[7.4208,53.6174],[7.4152,53.5817],[7.4208,53.5505],[7.4125,53.5419],[7.4291,53.5326],[7.4484,53.535],[7.4824,53.5475],[7.5538,53.5535],[7.6191,53.5614],[7.6493,53.5614],[7.6622,53.5389],[7.6482,53.5264],[7.6776,53.5023],[7.6776,53.4632],[7.7181,53.4717],[7.7366,53.4727],[7.7445,53.4562],[7.7392,53.4414],[7.7558,53.4361],[7.7713,53.4463],[7.786,53.4229],[7.7675,53.4134],[7.8042,53.3995],[7.8155,53.3754],[7.8336,53.3629],[7.8714,53.3761]]],[[[7.5832,53.7568],[7.4903,53.7561],[7.4695,53.7459],[7.4722,53.7225],[7.4979,53.7288],[7.5134,53.7436],[7.5421,53.7429],[7.5685,53.7483],[7.6199,53.7466],[7.6044,53.7561],[7.5832,53.7568]]],[[[7.7116,53.7779],[7.686,53.7772],[7.6686,53.7631],[7.6833,53.7538],[7.6988,53.7631],[7.743,53.7615],[7.7834,53.7661],[7.7777,53.7779],[7.7116,53.7779]]]]}},{"type":"Feature","properties":{"codes":["WF"],"name":"Wolfenbüttel","state":"Niedersachsen","districtType":"Landkreis"},"geometry":{"type":"MultiPolygon","coordinates":[[[[10.2342,52.1697],[10.2123,52.1799],[10.1893,52.1651],[10.181,52.1417],[10.1931,52.1387],[10.2002,52.1199],[10.1772,52.1107],[10.1791,52.0912],[10.1964,52.0833],[10.2048,52.0071],[10.2304,52.0039],[10.2663,52.0157],[10.2867,52.0335],[10.2946,52.0507],[10.3203,52.0484],[10.3464,52.0537],[10.3286,52.0873],[10.3177,52.1005],[10.303,52.1067],[10.2709,52.1044],[10.2406,52.1208],[10.2335,52.1301],[10.2471,52.1394],[10.2388,52.1472],[10.2342,52.1697]]],[[[10.8015,52.0484],[10.794,52.0741],[10.8004,52.0866],[10.8162,52.0889],[10.8355,52.1067],[10.8355,52.1176],[10.8536,52.1176],[10.8684,52.1278],[10.8895,52.1628],[10.885,52.1799],[10.8593,52.1737],[10.8177,52.1947],[10.8132,52.2063],[10.783,52.2063],[10.7785,52.2188],[10.7611,52.2244],[10.7566,52.2369],[10.7399,52.2461],[10.729,52.2626],[10.7354,52.2788],[10.7316,52.2929],[10.7161,52.3029],[10.6425,52.2952],[10.627,52.2772],[10.6142,52.2765],[10.6123,52.2563],[10.5923,52.2517],[10.6006,52.2399],[10.5976,52.2227],[10.5719,52.2149],[10.5775,52.2049],[10.5454,52.204],[10.539,52.194],[10.5069,52.1869],[10.4344,52.1324],[10.4287,52.1123],[10.4408,52.1037],[10.4673,52.0599],[10.4865,52.0616],[10.482,52.046],[10.4691,52.046],[10.4858,52.0312],[10.4895,52.0141],[10.4793,52.0],[10.4986,51.9891],[10.5005,51.9791],[10.5296,51.9719],[10.5379,51.9861],[10.5609,52.0039],[10.5756,52.0111],[10.6059,52.0078],[10.6391,52.0157],[10.6553,52.025],[10.6482,52.0421],[10.7014,52.05],[10.8015,52.0484]]]]}},{"type":"Feature","properties":{"codes":["WBG","WOB"],"name":"Wolfsburg","state":"Niedersachsen","districtType":"Kreisfreie Stadt"},"geometry":{"type":"Polygon","coordinates":[[[10.8903,52.4604],[10.8812,52.4703],[10.8223,52.4828],[10.7958,52.4835],[10.7856,52.4946],[10.7528,52.4752],[10.7324,52.4509],[10.7003,52.4541],[10.6738,52.4627],[10.6648,52.4495],[10.6482,52.4446],[10.661,52.3941],[10.6701,52.3793],[10.6886,52.38],[10.715,52.3714],[10.7233,52.3543],[10.7566,52.3513],[10.7747,52.3388],[10.8132,52.3427],[10.8261,52.3286],[10.851,52.3177],[10.8612,52.3295],[10.8869,52.345],[10.8612,52.3638],[10.8721,52.3786],[10.8676,52.3872],[10.9005,52.408],[10.882,52.4215],[10.8903,52.4604]]]}},{"type":"Feature","properties":{"codes":["BI"],"name":"Bielefeld","state":"Nordrhein-Westfalen","districtType":"Kreisfreie Stadt"},"geometry":{"type":"Polygon","coordinates":[[[8.6064,51.9277],[8.6264,51.9377],[8.6487,51.9604],[8.643,51.9705],[8.654,51.9775],[8.6506,51.9993],[8.6623,52.0125],[8.6411,52.0257],[8.6596,52.0391],[8.6634,52.0537],[8.654,52.0599],[8.6166,52.0685],[8.6,52.088],[8.5796,52.0757],[8.5697,52.0787],[8.5724,52.0975],[8.5108,52.1137],[8.4715,52.1005],[8.4576,52.0866],[8.4587,52.0771],[8.4459,52.0632],[8.453,52.0507],[8.4266,52.0405],[8.4338,52.0289],[8.4606,52.018],[8.4504,51.9891],[8.43,51.9782],[8.3998,51.9689],[8.3971,51.9564],[8.4202,51.9597],[8.4285,51.9462],[8.4678,51.9502],[8.487,51.9448],[8.4961,51.9307],[8.512,51.9198],[8.5331,51.9261],[8.5475,51.9191],[8.5833,51.9205],[8.6064,51.9277]]]}},{"type":"Feature","properties":{"codes":["BO","WAT"],"name":"Bochum","state":"Nordrhein-Westfalen","districtType":"Kreisfreie Stadt"},"geometry":{"type":"Polygon","coordinates":[[[7.1043,51.4814],[7.1096,51.4627],[7.1334,51.4418],[7.1364,51.4261],[7.1545,51.4145],[7.1814,51.4198],[7.207,51.4184],[7.2206,51.4122],[7.249,51.4112],[7.2875,51.4418],[7.2867,51.4541],[7.3419,51.4557],[7.3491,51.4659],[7.3483,51.483],[7.3373,51.4979],[7.3215,51.49],[7.3143,51.5226],[7.2932,51.5321],[7.286,51.5259],[7.2546,51.5236],[7.238,51.518],[7.1968,51.5203],[7.1923,51.5094],[7.1693,51.5041],[7.1398,51.5064],[7.1372,51.4907],[7.1043,51.4814]]]}},{"type":"Feature","properties":{"codes":["BN"],"name":"Bonn","state":"Nordrhein-Westfalen","districtType":"Kreisfreie Stadt"},"geometry":{"type":"Polygon","coordinates":[[[7.2104,50.6498],[7.1719,50.6942],[7.1685,50.7035],[7.1968,50.7128],[7.1912,50.7269],[7.2089,50.7371],[7.1821,50.7517],[7.1527,50.7602],[7.1353,50.7714],[7.1107,50.7704],[7.096,50.7619],[7.0658,50.772],[7.0363,50.7579],[7.0299,50.726],[7.0397,50.719],[7.0235,50.7051],[7.039,50.6887],[7.0446,50.6739],[7.0273,50.6551],[7.0563,50.6319],[7.1058,50.659],[7.1281,50.6474],[7.161,50.6544],[7.1859,50.6505],[7.195,50.6428],[7.2104,50.6498]]]}},{"type":"Feature","properties":{"codes":["AH","BOH","BOR"],"name":"Borken","state":"Nordrhein-Westfalen","districtType":"Kreis"},"geometry":{"type":"Polygon","coordinates":[[[7.2675,52.0585],[7.275,52.0708],[7.2603,52.0819],[7.2694,52.0912],[7.2546,52.1074],[7.2509,52.1199],[7.2161,52.116],[7.1519,52.1364],[7.1353,52.1551],[7.1511,52.166],[7.1058,52.1908],[7.096,52.201],[7.0994,52.2431],[7.0658,52.2415],[7.039,52.2274],[6.9869,52.226],[6.9619,52.1908],[6.951,52.1806],[6.9079,52.176],[6.8822,52.1558],[6.8728,52.1301],[6.8535,52.1199],[6.761,52.1185],[6.7508,52.0856],[6.7353,52.0748],[6.6957,52.0701],[6.6877,52.0398],[6.7149,52.0398],[6.7527,52.0289],[6.8116,51.9986],[6.8271,51.9939],[6.829,51.9643],[6.7984,51.9587],[6.7939,51.9353],[6.7701,51.9159],[6.7534,51.9129],[6.7213,51.8964],[6.6839,51.9175],[6.6379,51.9043],[6.5857,51.8941],[6.5608,51.8825],[6.548,51.8849],[6.5011,51.8622],[6.4656,51.8545],[6.4479,51.8654],[6.4113,51.8707],[6.3867,51.8654],[6.4094,51.8522],[6.4022,51.8443],[6.4075,51.8279],[6.4215,51.8163],[6.4215,51.807],[6.4445,51.8031],[6.4902,51.8117],[6.5113,51.8131],[6.5544,51.7952],[6.6088,51.7945],[6.6326,51.7992],[6.6545,51.7913],[6.6685,51.7774],[6.7142,51.7781],[6.7213,51.7688],[6.7444,51.7695],[6.7584,51.7765],[6.7693,51.7665],[6.7727,51.7461],[6.8188,51.7431],[6.8271,51.7299],[6.849,51.7369],[6.8581,51.729],[6.9106,51.7461],[6.917,51.7774],[6.9517,51.7718],[6.9619,51.7774],[6.9729,51.7968],[6.9895,51.8008],[7.0197,51.7999],[7.0337,51.782],[7.0601,51.7765],[7.1134,51.7876],[7.1334,51.8038],[7.1731,51.8216],[7.1251,51.8318],[7.0866,51.8522],[7.0775,51.8707],[7.0594,51.8839],[7.0594,51.9011],[7.073,51.9106],[7.0813,51.9284],[7.0866,51.9791],[7.0609,51.9868],[7.0575,52.0118],[7.0979,52.0062],[7.1281,52.0171],[7.1436,52.0352],[7.1685,52.0467],[7.2456,52.0437],[7.2675,52.0585]]]}},{"type":"Feature","properties":{"codes":["BOT"],"name":"Bottrop","state":"Nordrhein-Westfalen","districtType":"Kreisfreie Stadt"},"geometry":{"type":"Polygon","coordinates":[[[6.9986,51.5335],[6.9804,51.546],[6.9593,51.5477],[6.9196,51.5641],[6.9362,51.5882],[6.9498,51.5905],[6.9804,51.6076],[6.9838,51.6255],[6.9665,51.634],[6.9483,51.6347],[6.9298,51.6442],[6.9023,51.6357],[6.8664,51.6301],[6.8709,51.6225],[6.8528,51.6106],[6.863,51.6007],[6.8592,51.5896],[6.8335,51.5796],[6.8675,51.5641],[6.8599,51.5578],[6.8849,51.5358],[6.8939,51.5157],[6.9098,51.5032],[6.9279,51.4979],[6.9446,51.4986],[6.9884,51.5087],[6.9986,51.5335]]]}},{"type":"Feature","properties":{"codes":["COE","LH"],"name":"Coesfeld","state":"Nordrhein-Westfalen","districtType":"Kreis"},"geometry":{"type":"Polygon","coordinates":[[[7.5126,52.0],[7.4748,51.9946],[7.4575,52.0055],[7.4325,52.0016],[7.4344,52.0203],[7.4216,52.0352],[7.397,52.0382],[7.3812,52.0273],[7.36,52.0352],[7.3298,52.0391],[7.2905,52.0507],[7.2886,52.0616],[7.2675,52.0585],[7.2456,52.0437],[7.1685,52.0467],[7.1436,52.0352],[7.1281,52.0171],[7.0979,52.0062],[7.0575,52.0118],[7.0609,51.9868],[7.0866,51.9791],[7.0813,51.9284],[7.073,51.9106],[7.0594,51.9011],[7.0594,51.8839],[7.0775,51.8707],[7.0866,51.8522],[7.1251,51.8318],[7.1731,51.8216],[7.2142,51.817],[7.2346,51.8054],[7.2611,51.7992],[7.2592,51.7735],[7.2803,51.7494],[7.3105,51.7461],[7.3215,51.7362],[7.2996,51.7128],[7.3136,51.7019],[7.3445,51.6996],[7.3438,51.6871],[7.3785,51.6792],[7.3914,51.669],[7.4099,51.6644],[7.4344,51.6683],[7.4484,51.6762],[7.4491,51.6933],[7.4235,51.7142],[7.4382,51.7237],[7.4729,51.7352],[7.4839,51.7181],[7.5171,51.7213],[7.5179,51.7072],[7.5421,51.6848],[7.5677,51.6987],[7.6063,51.7065],[7.6127,51.7158],[7.6429,51.7135],[7.6512,51.7065],[7.6867,51.729],[7.7014,51.7128],[7.7188,51.719],[7.7354,51.7376],[7.6943,51.786],[7.6867,51.8038],[7.6724,51.8186],[7.6557,51.8265],[7.6418,51.8249],[7.6134,51.8404],[7.5776,51.8466],[7.5345,51.8895],[7.5356,51.9011],[7.5096,51.895],[7.5115,51.912],[7.5069,51.9363],[7.4775,51.9409],[7.4805,51.9518],[7.4952,51.9666],[7.5198,51.9768],[7.5126,52.0]]]}},{"type":"Feature","properties":{"codes":["DN","JÜL","MON","SLE"],"name":"Düren","state":"Nordrhein-Westfalen","districtType":"Kreis"},"geometry":{"type":"Polygon","coordinates":[[[6.4592,51.043],[6.4305,51.0344],[6.372,51.0344],[6.3618,51.0166],[6.3225,51.0127],[6.3002,51.0157],[6.2738,51.008],[6.2719,50.9979],[6.2307,50.987],[6.1956,50.9675],[6.1948,50.9504],[6.2232,50.9418],[6.2288,50.9207],[6.2001,50.902],[6.2322,50.867],[6.2534,50.8624],[6.2949,50.8834],[6.3214,50.8677],[6.3161,50.8531],[6.3297,50.839],[6.3361,50.8202],[6.3225,50.8001],[6.2983,50.7922],[6.3142,50.772],[6.3516,50.7774],[6.3554,50.7619],[6.3278,50.7378],[6.3085,50.7028],[6.3131,50.6903],[6.2866,50.6864],[6.2968,50.6699],[6.324,50.6639],[6.3323,50.6514],[6.369,50.6662],[6.3784,50.6537],[6.406,50.6405],[6.3965,50.6287],[6.3946,50.6132],[6.4169,50.6092],[6.4207,50.6185],[6.4664,50.6125],[6.4913,50.6007],[6.5234,50.5984],[6.5499,50.603],[6.5665,50.6217],[6.5601,50.6264],[6.5755,50.6451],[6.5665,50.656],[6.5846,50.6692],[6.6012,50.6732],[6.5857,50.6996],[6.6039,50.7104],[6.6296,50.7322],[6.6783,50.7144],[6.7006,50.7315],[6.6941,50.7542],[6.6783,50.7744],[6.7123,50.7876],[6.7059,50.835],[6.6764,50.8311],[6.6537,50.836],[6.6243,50.8218],[6.5975,50.8482],[6.5718,50.8469],[6.5525,50.8654],[6.562,50.8693],[6.5544,50.8888],[6.5197,50.8957],[6.5197,50.9247],[6.503,50.9309],[6.4947,50.9494],[6.4792,50.9589],[6.5004,50.9714],[6.4864,50.983],[6.4736,50.9847],[6.4581,51.008],[6.46,51.0229],[6.48,51.0344],[6.4592,51.043]]]}},{"type":"Feature","properties":{"codes":["D"],"name":"Düsseldorf","state":"Nordrhein-Westfalen","districtType":"Kreisfreie Stadt"},"geometry":{"type":"Polygon","coordinates":[[[6.8565,51.1264],[6.9189,51.1303],[6.9215,51.1426],[6.9004,51.1512],[6.8996,51.1715],[6.9124,51.1778],[6.9041,51.2035],[6.9106,51.2111],[6.8773,51.2151],[6.8728,51.2415],[6.9004,51.2369],[6.9272,51.2424],[6.9336,51.2487],[6.9291,51.2728],[6.9124,51.2758],[6.9041,51.2649],[6.8773,51.2681],[6.8509,51.2797],[6.8252,51.2758],[6.8022,51.2781],[6.8003,51.3008],[6.8169,51.3209],[6.8022,51.3281],[6.8052,51.3489],[6.7829,51.3429],[6.7508,51.3515],[6.7149,51.3334],[6.7342,51.3172],[6.7315,51.3031],[6.704,51.2781],[6.707,51.2649],[6.727,51.2572],[6.693,51.2253],[6.7179,51.2243],[6.7315,51.2058],[6.7296,51.1903],[6.7489,51.1808],[6.7821,51.1854],[6.7976,51.1746],[6.7931,51.1521],[6.7984,51.1442],[6.8188,51.1458],[6.8426,51.163],[6.8554,51.1597],[6.849,51.134],[6.8565,51.1264]]]}},{"type":"Feature","properties":{"codes":["DO"],"name":"Dortmund","state":"Nordrhein-Westfalen","districtType":"Kreisfreie Stadt"},"geometry":{"type":"Polygon","coordinates":[[[7.3483,51.483],[7.3713,51.4821],[7.3887,51.4735],[7.3887,51.4636],[7.4152,51.4504],[7.428,51.4346],[7.462,51.437],[7.4658,51.4161],[7.5088,51.4175],[7.5115,51.4323],[7.5326,51.4386],[7.5466,51.4666],[7.5711,51.4752],[7.5968,51.4705],[7.6089,51.4791],[7.598,51.4939],[7.5968,51.5094],[7.6372,51.5236],[7.6255,51.5516],[7.6078,51.5483],[7.6044,51.5625],[7.5904,51.5833],[7.5575,51.5849],[7.5281,51.5764],[7.4979,51.5921],[7.4741,51.5912],[7.4465,51.581],[7.4253,51.5866],[7.4182,51.5998],[7.397,51.5873],[7.3721,51.5905],[7.34,51.5757],[7.3521,51.5671],[7.3491,51.5444],[7.3611,51.5282],[7.3355,51.5203],[7.3143,51.5226],[7.3215,51.49],[7.3373,51.4979],[7.3483,51.483]]]}},{"type":"Feature","properties":{"codes":["DU"],"name":"Duisburg","state":"Nordrhein-Westfalen","districtType":"Kreisfreie Stadt"},"geometry":{"type":"Polygon","coordinates":[[[6.7059,51.3367],[6.7149,51.3334],[6.7508,51.3515],[6.7829,51.3429],[6.8052,51.3489],[6.8309,51.3522],[6.8161,51.3686],[6.8188,51.4393],[6.8097,51.455],[6.818,51.4643],[6.8097,51.4745],[6.8233,51.4969],[6.8142,51.5071],[6.7791,51.5243],[6.784,51.5335],[6.761,51.5328],[6.7198,51.5516],[6.7077,51.5507],[6.6866,51.5602],[6.6764,51.5437],[6.6828,51.5312],[6.6994,51.5243],[6.6719,51.5118],[6.6409,51.5101],[6.6314,51.5032],[6.6435,51.483],[6.6647,51.4821],[6.6692,51.4627],[6.6783,51.4518],[6.6673,51.4386],[6.6628,51.4082],[6.628,51.4175],[6.636,51.3927],[6.673,51.3848],[6.6564,51.3624],[6.659,51.3489],[6.7059,51.3367]]]}},{"type":"Feature","properties":{"codes":["EN","WIT"],"name":"Ennepe-Ruhr-Kreis","state":"Nordrhein-Westfalen","districtType":"Kreis"},"geometry":{"type":"Polygon","coordinates":[[[7.4658,51.4161],[7.462,51.437],[7.428,51.4346],[7.4152,51.4504],[7.3887,51.4636],[7.3887,51.4735],[7.3713,51.4821],[7.3483,51.483],[7.3491,51.4659],[7.3419,51.4557],[7.2867,51.4541],[7.2875,51.4418],[7.249,51.4112],[7.2206,51.4122],[7.207,51.4184],[7.1814,51.4198],[7.1545,51.4145],[7.1364,51.4261],[7.1345,51.4168],[7.1088,51.4066],[7.1187,51.3918],[7.1179,51.3802],[7.1481,51.3779],[7.1591,51.3654],[7.1455,51.3397],[7.1666,51.3258],[7.1674,51.3133],[7.1859,51.2961],[7.2565,51.3172],[7.2648,51.3086],[7.2539,51.2883],[7.275,51.2774],[7.2667,51.2596],[7.3071,51.2392],[7.3143,51.2454],[7.3381,51.2477],[7.3392,51.2392],[7.3747,51.247],[7.3895,51.2464],[7.3951,51.2322],[7.431,51.2237],[7.4337,51.2144],[7.451,51.2299],[7.4639,51.2276],[7.4998,51.2415],[7.4933,51.2501],[7.5171,51.2649],[7.519,51.2734],[7.4941,51.2744],[7.4812,51.2806],[7.4839,51.2929],[7.5069,51.3054],[7.462,51.3186],[7.4408,51.3156],[7.4272,51.3001],[7.4016,51.3015],[7.4246,51.3195],[7.4216,51.3311],[7.3959,51.3327],[7.3906,51.3404],[7.3914,51.3654],[7.4068,51.3795],[7.4034,51.395],[7.4518,51.3997],[7.4658,51.4161]]]}},{"type":"Feature","properties":{"codes":["E"],"name":"Essen","state":"Nordrhein-Westfalen","districtType":"Kreisfreie Stadt"},"geometry":{"type":"Polygon","coordinates":[[[6.9041,51.3677],[6.9242,51.3568],[6.9612,51.3476],[6.9876,51.3584],[7.008,51.3575],[7.0216,51.3647],[7.0363,51.3615],[7.0665,51.3677],[7.0903,51.3686],[7.1179,51.3802],[7.1187,51.3918],[7.1088,51.4066],[7.1345,51.4168],[7.1364,51.4261],[7.1334,51.4418],[7.1096,51.4627],[7.1043,51.4814],[7.0749,51.483],[7.0511,51.5111],[7.0205,51.518],[7.0106,51.5328],[6.9986,51.5335],[6.9884,51.5087],[6.9446,51.4986],[6.9279,51.4979],[6.9004,51.487],[6.8996,51.4712],[6.9177,51.4627],[6.9196,51.4504],[6.9529,51.4478],[6.9593,51.4402],[6.9446,51.4152],[6.9408,51.3881],[6.9106,51.3779],[6.9041,51.3677]]]}},{"type":"Feature","properties":{"codes":["EU","SLE"],"name":"Euskirchen","state":"Nordrhein-Westfalen","districtType":"Kreis"},"geometry":{"type":"Polygon","coordinates":[[[6.9279,50.5587],[6.926,50.5766],[6.8913,50.575],[6.8849,50.6007],[6.8985,50.6039],[6.9113,50.6178],[6.9143,50.631],[6.8792,50.6366],[6.8573,50.6544],[6.8758,50.6748],[6.8709,50.6894],[6.8565,50.6919],[6.863,50.7074],[6.8894,50.7128],[6.8951,50.7223],[6.9162,50.7338],[6.9023,50.748],[6.8803,50.7463],[6.8645,50.7665],[6.8645,50.7852],[6.838,50.7813],[6.8399,50.7714],[6.818,50.7658],[6.7765,50.719],[6.7482,50.7292],[6.7134,50.7322],[6.7232,50.747],[6.716,50.7533],[6.6941,50.7542],[6.7006,50.7315],[6.6783,50.7144],[6.6296,50.7322],[6.6039,50.7104],[6.5857,50.6996],[6.6012,50.6732],[6.5846,50.6692],[6.5665,50.656],[6.5755,50.6451],[6.5601,50.6264],[6.5665,50.6217],[6.5499,50.603],[6.5234,50.5984],[6.4913,50.6007],[6.4664,50.6125],[6.4207,50.6185],[6.4169,50.6092],[6.4169,50.6007],[6.3901,50.5944],[6.3958,50.5845],[6.3656,50.5618],[6.3644,50.54],[6.3784,50.5361],[6.3701,50.5182],[6.3482,50.5073],[6.3297,50.5057],[6.3161,50.4971],[6.3418,50.4839],[6.3406,50.4622],[6.372,50.4559],[6.3765,50.4316],[6.3663,50.4193],[6.3701,50.4098],[6.3572,50.3913],[6.3425,50.3804],[6.361,50.3719],[6.3739,50.3577],[6.3977,50.3461],[6.4075,50.336],[6.4048,50.3235],[6.4252,50.3228],[6.4075,50.339],[6.3848,50.3841],[6.4131,50.3897],[6.4222,50.3818],[6.4207,50.3686],[6.4607,50.3593],[6.4592,50.3438],[6.4838,50.339],[6.5298,50.3686],[6.5434,50.3663],[6.6031,50.3881],[6.625,50.3749],[6.6269,50.3522],[6.636,50.3452],[6.6545,50.3508],[6.6564,50.3679],[6.6685,50.3719],[6.6866,50.3584],[6.6994,50.336],[6.7398,50.3538],[6.7534,50.3538],[6.7776,50.364],[6.8003,50.3617],[6.7701,50.3976],[6.7848,50.4207],[6.7436,50.4411],[6.7648,50.4504],[6.7591,50.4744],[6.7674,50.4823],[6.8014,50.4916],[6.8124,50.4721],[6.8407,50.4636],[6.8573,50.4527],[6.8803,50.4659],[6.8996,50.4707],[6.906,50.4846],[6.8977,50.4925],[6.9068,50.5025],[6.8887,50.508],[6.8856,50.5291],[6.9087,50.5252],[6.9317,50.5354],[6.9223,50.5539],[6.9279,50.5587]]]}},{"type":"Feature","properties":{"codes":["GT"],"name":"Gütersloh","state":"Nordrhein-Westfalen","districtType":"Kreis"},"geometry":{"type":"Polygon","coordinates":[[[8.4107,52.1153],[8.3926,52.1083],[8.3733,52.11],[8.3431,52.1239],[8.3008,52.1208],[8.2861,52.1324],[8.2668,52.1324],[8.2623,52.1208],[8.2457,52.1215],[8.2208,52.106],[8.2015,52.088],[8.1951,52.0741],[8.1743,52.0717],[8.1501,52.0748],[8.0961,52.0569],[8.075,52.0111],[8.1071,51.9907],[8.1146,51.9719],[8.1127,51.9557],[8.1275,51.9518],[8.1622,51.933],[8.1732,51.9198],[8.155,51.902],[8.1758,51.8825],[8.1853,51.8622],[8.1989,51.8631],[8.2181,51.8466],[8.2053,51.8351],[8.2045,51.8242],[8.2347,51.8216],[8.24,51.8094],[8.2578,51.8031],[8.254,51.7735],[8.2797,51.7695],[8.3016,51.754],[8.3201,51.726],[8.3329,51.7276],[8.3669,51.7181],[8.4036,51.7197],[8.4092,51.7494],[8.4172,51.7593],[8.4685,51.7922],[8.4961,51.7975],[8.521,51.8094],[8.5331,51.8302],[8.5531,51.8397],[8.5796,51.845],[8.6275,51.8622],[8.6377,51.877],[8.6532,51.8661],[8.6623,51.8522],[8.688,51.8568],[8.7155,51.8545],[8.7484,51.8582],[8.7174,51.8934],[8.6763,51.9191],[8.6377,51.9214],[8.6256,51.93],[8.6064,51.9277],[8.5833,51.9205],[8.5475,51.9191],[8.5331,51.9261],[8.512,51.9198],[8.4961,51.9307],[8.487,51.9448],[8.4678,51.9502],[8.4285,51.9462],[8.4202,51.9597],[8.3971,51.9564],[8.3998,51.9689],[8.43,51.9782],[8.4504,51.9891],[8.4606,52.018],[8.4338,52.0289],[8.4266,52.0405],[8.453,52.0507],[8.4459,52.0632],[8.4587,52.0771],[8.4576,52.0866],[8.4715,52.1005],[8.4568,52.109],[8.4247,52.1051],[8.4107,52.1153]]]}},{"type":"Feature","properties":{"codes":["GE"],"name":"Gelsenkirchen","state":"Nordrhein-Westfalen","districtType":"Kreisfreie Stadt"},"geometry":{"type":"Polygon","coordinates":[[[7.1455,51.5523],[7.1243,51.5842],[7.1058,51.5944],[7.0749,51.5889],[7.0673,51.6146],[7.019,51.6262],[6.994,51.6225],[6.9948,51.5944],[7.0114,51.5889],[7.0114,51.575],[7.0197,51.553],[7.0288,51.5453],[7.0106,51.5328],[7.0205,51.518],[7.0511,51.5111],[7.0749,51.483],[7.1043,51.4814],[7.1372,51.4907],[7.1398,51.5064],[7.1391,51.5236],[7.1236,51.55],[7.1455,51.5523]]]}},{"type":"Feature","properties":{"codes":["HX","WAR"],"name":"Höxter","state":"Nordrhein-Westfalen","districtType":"Kreis"},"geometry":{"type":"Polygon","coordinates":[[[9.3229,51.8552],[9.3021,51.8497],[9.2745,51.8645],[9.2432,51.8668],[9.2028,51.8575],[9.1797,51.8582],[9.1571,51.874],[9.1367,51.87],[9.1231,51.8987],[9.1038,51.8964],[9.0558,51.873],[9.0249,51.8802],[9.0109,51.877],[9.0173,51.8645],[8.9962,51.8443],[8.9754,51.8365],[8.9561,51.8374],[8.9497,51.8186],[8.9595,51.7899],[8.9844,51.7626],[8.9901,51.7508],[8.9837,51.7362],[8.9935,51.7112],[8.9754,51.697],[8.9837,51.6917],[8.9724,51.6769],[8.9882,51.6482],[8.9807,51.6178],[8.9901,51.6021],[9.0101,51.5991],[9.0173,51.575],[8.9576,51.5609],[8.9357,51.5407],[8.9055,51.5312],[8.9112,51.5226],[8.9467,51.5078],[8.9705,51.5071],[9.0147,51.5157],[9.0396,51.5016],[9.0762,51.5032],[9.0928,51.4946],[9.077,51.465],[9.0864,51.4488],[9.1027,51.4432],[9.1385,51.4478],[9.1552,51.4425],[9.1744,51.4627],[9.1854,51.4666],[9.2167,51.4596],[9.2167,51.4814],[9.2405,51.4969],[9.2624,51.4986],[9.2828,51.5141],[9.3093,51.515],[9.3157,51.5236],[9.3111,51.5375],[9.3708,51.5928],[9.3561,51.5974],[9.3368,51.6146],[9.3716,51.6255],[9.3991,51.6262],[9.4331,51.634],[9.4403,51.6505],[9.4177,51.6472],[9.3863,51.6458],[9.3746,51.6496],[9.378,51.6644],[9.3954,51.6729],[9.3863,51.6894],[9.4003,51.7065],[9.3874,51.7227],[9.3946,51.7322],[9.3754,51.7438],[9.4075,51.7633],[9.4093,51.7711],[9.4294,51.785],[9.4369,51.7968],[9.4275,51.814],[9.4403,51.8249],[9.4331,51.8413],[9.4377,51.8559],[9.4101,51.8568],[9.3682,51.8645],[9.3349,51.8536],[9.3229,51.8552]]]}},{"type":"Feature","properties":{"codes":["HA"],"name":"Hagen","state":"Nordrhein-Westfalen","districtType":"Kreisfreie Stadt"},"geometry":{"type":"Polygon","coordinates":[[[7.5171,51.2649],[7.5658,51.2813],[7.5832,51.2961],[7.5768,51.3295],[7.5987,51.3459],[7.5878,51.3638],[7.5878,51.3904],[7.5666,51.399],[7.5337,51.395],[7.5326,51.4066],[7.5088,51.4175],[7.4658,51.4161],[7.4518,51.3997],[7.4034,51.395],[7.4068,51.3795],[7.3914,51.3654],[7.3906,51.3404],[7.3959,51.3327],[7.4216,51.3311],[7.4246,51.3195],[7.4016,51.3015],[7.4272,51.3001],[7.4408,51.3156],[7.462,51.3186],[7.5069,51.3054],[7.4839,51.2929],[7.4812,51.2806],[7.4941,51.2744],[7.519,51.2734],[7.5171,51.2649]]]}},{"type":"Feature","properties":{"codes":["HAM"],"name":"Hamm","state":"Nordrhein-Westfalen","districtType":"Kreisfreie Stadt"},"geometry":{"type":"Polygon","coordinates":[[[7.8272,51.5787],[7.8714,51.5944],[7.9145,51.5958],[7.9118,51.6139],[7.9356,51.6357],[7.9492,51.6426],[7.9537,51.6723],[7.9979,51.6746],[7.973,51.6917],[7.9447,51.7003],[7.9228,51.7056],[7.8895,51.7049],[7.8888,51.7181],[7.8363,51.7299],[7.8336,51.7422],[7.7721,51.7267],[7.752,51.7385],[7.7354,51.7376],[7.7188,51.719],[7.7014,51.7128],[7.7007,51.6947],[7.7264,51.6785],[7.698,51.6644],[7.6776,51.6621],[7.6878,51.6139],[7.7188,51.6146],[7.7301,51.6248],[7.7592,51.6248],[7.7887,51.6169],[7.8106,51.6208],[7.8144,51.5896],[7.8272,51.5787]]]}},{"type":"Feature","properties":{"codes":["ERK","GK","HS"],"name":"Heinsberg","state":"Nordrhein-Westfalen","districtType":"Kreis"},"geometry":{"type":"Polygon","coordinates":[[[6.2919,51.1755],[6.2617,51.1864],[6.2417,51.1878],[6.2251,51.1729],[6.2077,51.1669],[6.1744,51.1847],[6.1397,51.1729],[6.1756,51.1583],[6.1635,51.1488],[6.1261,51.1449],[6.0921,51.135],[6.0838,51.1241],[6.06,51.1162],[6.0377,51.0967],[6.0101,51.0912],[5.9701,51.0608],[5.9682,51.0446],[5.938,51.0361],[5.9131,51.0664],[5.8919,51.0532],[5.8663,51.0516],[5.8783,51.0375],[5.8791,51.0173],[5.9055,51.0025],[5.8976,50.9745],[5.9497,50.987],[5.9663,50.98],[5.9799,50.983],[6.0268,50.983],[6.0151,50.9613],[6.0185,50.9349],[6.0506,50.93],[6.0562,50.9214],[6.0827,50.9214],[6.0876,50.9129],[6.1121,50.9105],[6.1276,50.899],[6.1499,50.9082],[6.1552,50.9309],[6.1763,50.9464],[6.1948,50.9504],[6.1956,50.9675],[6.2307,50.987],[6.2719,50.9979],[6.2738,51.008],[6.3002,51.0157],[6.3225,51.0127],[6.3618,51.0166],[6.372,51.0344],[6.4305,51.0344],[6.4592,51.043],[6.4774,51.0562],[6.4445,51.068],[6.4528,51.0743],[6.4445,51.0898],[6.4196,51.0859],[6.3977,51.0889],[6.3867,51.0974],[6.3599,51.0951],[6.3482,51.1201],[6.3187,51.1505],[6.3002,51.1528],[6.3059,51.1653],[6.2919,51.1755]]]}},{"type":"Feature","properties":{"codes":["HF"],"name":"Herford","state":"Nordrhein-Westfalen","districtType":"Kreis"},"geometry":{"type":"Polygon","coordinates":[[[8.9274,52.1845],[8.8991,52.1963],[8.8632,52.194],[8.8439,52.1862],[8.8402,52.1746],[8.7797,52.1644],[8.7688,52.169],[8.7888,52.197],[8.7816,52.2079],[8.7578,52.2149],[8.7522,52.2329],[8.7118,52.2501],[8.6982,52.2485],[8.6891,52.2359],[8.6347,52.261],[8.6102,52.2563],[8.5731,52.2547],[8.5293,52.264],[8.4851,52.2649],[8.4659,52.2679],[8.4587,52.2577],[8.4613,52.229],[8.4421,52.2142],[8.4632,52.1947],[8.5082,52.1885],[8.4935,52.1667],[8.4632,52.1535],[8.453,52.1551],[8.4156,52.1394],[8.4043,52.1301],[8.4107,52.1153],[8.4247,52.1051],[8.4568,52.109],[8.4715,52.1005],[8.5108,52.1137],[8.5724,52.0975],[8.5697,52.0787],[8.5796,52.0757],[8.6,52.088],[8.6166,52.0685],[8.654,52.0599],[8.6585,52.0724],[8.6789,52.088],[8.7,52.0951],[8.7167,52.0903],[8.7238,52.1074],[8.7469,52.1208],[8.7631,52.1146],[8.81,52.1185],[8.8413,52.1037],[8.8662,52.1028],[8.8919,52.1123],[8.901,52.1278],[8.9048,52.1667],[8.9274,52.1845]]]}},{"type":"Feature","properties":{"codes":["HER","WAN"],"name":"Herne","state":"Nordrhein-Westfalen","districtType":"Kreisfreie Stadt"},"geometry":{"type":"Polygon","coordinates":[[[7.1455,51.5523],[7.1236,51.55],[7.1391,51.5236],[7.1398,51.5064],[7.1693,51.5041],[7.1923,51.5094],[7.1968,51.5203],[7.238,51.518],[7.2546,51.5236],[7.286,51.5259],[7.2932,51.5321],[7.2958,51.5384],[7.283,51.5569],[7.2546,51.5648],[7.2418,51.5734],[7.2244,51.5641],[7.1738,51.5516],[7.1455,51.5523]]]}},{"type":"Feature","properties":{"codes":["HSK"],"name":"Hochsauerlandkreis","state":"Nordrhein-Westfalen","districtType":"Kreis"},"geometry":{"type":"Polygon","coordinates":[[[8.9055,51.5312],[8.8779,51.546],[8.8496,51.5483],[8.8451,51.5368],[8.8239,51.5407],[8.8073,51.5266],[8.8337,51.5055],[8.8349,51.4946],[8.8209,51.49],[8.7964,51.4643],[8.7661,51.4471],[8.7412,51.465],[8.722,51.4596],[8.6891,51.4722],[8.6649,51.4728],[8.657,51.4807],[8.6256,51.4784],[8.6045,51.4837],[8.586,51.4798],[8.5743,51.4682],[8.5475,51.4682],[8.4878,51.4441],[8.467,51.4386],[8.4613,51.427],[8.4209,51.4106],[8.3907,51.4075],[8.3658,51.3973],[8.2989,51.3888],[8.2759,51.4059],[8.2366,51.4027],[8.2136,51.4082],[8.2053,51.4198],[8.1788,51.427],[8.1596,51.4418],[8.1237,51.4409],[8.1018,51.4471],[8.0602,51.4455],[8.0191,51.4596],[8.0036,51.4752],[7.9915,51.4689],[7.9658,51.4728],[7.9522,51.4659],[7.9216,51.4745],[7.908,51.49],[7.888,51.483],[7.8797,51.4666],[7.8638,51.459],[7.8759,51.4511],[7.8907,51.4293],[7.8952,51.4138],[7.8914,51.3904],[7.908,51.3733],[7.9061,51.3631],[7.9163,51.3459],[7.933,51.3344],[7.919,51.3117],[7.9152,51.282],[7.9061,51.2734],[7.9228,51.2596],[7.9171,51.251],[7.9401,51.2338],[7.9401,51.2401],[7.9696,51.2415],[7.9953,51.2345],[8.0236,51.2464],[8.0402,51.2378],[8.0531,51.247],[8.1007,51.2378],[8.1211,51.2292],[8.1052,51.2213],[8.1044,51.2049],[8.1494,51.1762],[8.1475,51.159],[8.1301,51.1449],[8.1448,51.1396],[8.1686,51.1396],[8.1841,51.1465],[8.2007,51.1224],[8.2257,51.1208],[8.2385,51.1046],[8.2559,51.0991],[8.2789,51.103],[8.3054,51.1007],[8.3401,51.0928],[8.3798,51.1116],[8.3945,51.1271],[8.4274,51.1412],[8.4557,51.1403],[8.4863,51.1498],[8.5055,51.1333],[8.5063,51.1264],[8.5282,51.1162],[8.546,51.1139],[8.5493,51.1023],[8.6018,51.1023],[8.6596,51.0951],[8.6898,51.1092],[8.7084,51.1076],[8.6944,51.1363],[8.7484,51.1683],[8.7533,51.1792],[8.7503,51.1996],[8.768,51.2088],[8.7412,51.2183],[8.7276,51.2501],[8.7367,51.2619],[8.722,51.2734],[8.6925,51.2767],[8.6808,51.2681],[8.6283,51.2602],[8.6117,51.247],[8.589,51.2501],[8.5781,51.2672],[8.5569,51.2774],[8.5917,51.3031],[8.6037,51.3225],[8.6211,51.3367],[8.6834,51.3624],[8.677,51.3709],[8.6936,51.3772],[8.7329,51.3723],[8.7578,51.3772],[8.7733,51.3855],[8.8035,51.3911],[8.8541,51.3772],[8.89,51.3927],[8.9395,51.3895],[8.9403,51.4106],[8.9478,51.4284],[8.9184,51.43],[8.9221,51.4464],[8.9112,51.462],[8.8946,51.4712],[8.8972,51.486],[8.9705,51.5071],[8.9467,51.5078],[8.9112,51.5226],[8.9055,51.5312]]]}},{"type":"Feature","properties":{"codes":["K"],"name":"Köln","state":"Nordrhein-Westfalen","districtType":"Kreisfreie Stadt"},"geometry":{"type":"Polygon","coordinates":[[[6.7738,51.0641],[6.7984,51.0368],[6.8195,51.0368],[6.8399,51.0282],[6.8354,51.018],[6.8388,50.9814],[6.8188,50.9643],[6.8124,50.9434],[6.8226,50.9277],[6.8373,50.9263],[6.8445,50.9098],[6.8573,50.9043],[6.8792,50.9098],[6.9189,50.892],[6.9132,50.8825],[6.9208,50.8716],[6.917,50.8584],[6.9317,50.8374],[6.9464,50.8452],[6.9563,50.835],[6.9812,50.8406],[6.9986,50.836],[7.0235,50.839],[7.0326,50.8492],[7.0582,50.8492],[7.062,50.8297],[7.0915,50.8337],[7.1372,50.8577],[7.161,50.867],[7.1428,50.8788],[7.1379,50.8983],[7.1455,50.9448],[7.1206,50.9448],[7.0866,50.958],[7.1013,50.9682],[7.0949,50.983],[7.0665,50.9939],[7.0767,51.0018],[7.0673,51.0189],[7.0216,51.0157],[6.9959,51.0166],[6.974,51.0219],[6.9574,51.0361],[6.8977,51.0648],[6.8573,51.075],[6.8535,51.0842],[6.8233,51.0743],[6.8297,51.0578],[6.8052,51.0486],[6.7874,51.0687],[6.7738,51.0641]]]}},{"type":"Feature","properties":{"codes":["GEL","KLE"],"name":"Kleve","state":"Nordrhein-Westfalen","districtType":"Kreis"},"geometry":{"type":"Polygon","coordinates":[[[6.4075,51.8279],[6.3625,51.8365],[6.3482,51.8506],[6.3066,51.849],[6.2983,51.8668],[6.2783,51.8747],[6.2617,51.8684],[6.2186,51.8677],[6.1956,51.8747],[6.1911,51.8872],[6.1571,51.905],[6.1083,51.8941],[6.1378,51.8855],[6.1442,51.87],[6.1661,51.8608],[6.1661,51.8413],[6.1359,51.8473],[6.094,51.8513],[6.0634,51.8654],[6.0543,51.8522],[6.0324,51.842],[5.9875,51.8302],[5.9626,51.8365],[5.9452,51.8232],[5.9561,51.81],[5.978,51.7975],[5.9901,51.7665],[5.9516,51.7484],[5.9554,51.7385],[5.9939,51.7385],[6.0287,51.726],[6.0453,51.7165],[6.026,51.7088],[6.0287,51.6894],[6.0377,51.6723],[6.0876,51.6597],[6.1178,51.6558],[6.1095,51.6465],[6.091,51.606],[6.1212,51.5928],[6.1306,51.581],[6.1571,51.5664],[6.1775,51.5384],[6.2013,51.5266],[6.2122,51.5134],[6.213,51.4907],[6.2232,51.4752],[6.2205,51.4471],[6.205,51.3997],[6.2141,51.3895],[6.2243,51.3647],[6.2564,51.3624],[6.2643,51.3552],[6.3206,51.3638],[6.3304,51.3733],[6.358,51.3772],[6.3875,51.3941],[6.4011,51.4138],[6.4317,51.4075],[6.4656,51.4082],[6.4672,51.4175],[6.5076,51.4191],[6.517,51.4254],[6.5215,51.4402],[6.5023,51.4464],[6.5068,51.4659],[6.4977,51.4768],[6.4819,51.4798],[6.4736,51.4955],[6.4543,51.5087],[6.4875,51.5384],[6.4645,51.5516],[6.4959,51.5678],[6.449,51.5687],[6.4215,51.575],[6.4067,51.5609],[6.3739,51.5678],[6.3739,51.5889],[6.3342,51.6116],[6.3013,51.6215],[6.293,51.6396],[6.3214,51.6387],[6.3546,51.6458],[6.3792,51.6878],[6.3554,51.6996],[6.3773,51.7181],[6.4094,51.726],[6.4158,51.7128],[6.4607,51.7019],[6.4755,51.7174],[6.4894,51.7204],[6.4849,51.7345],[6.4921,51.757],[6.5332,51.7649],[6.503,51.7876],[6.4902,51.8117],[6.4445,51.8031],[6.4215,51.807],[6.4215,51.8163],[6.4075,51.8279]]]}},{"type":"Feature","properties":{"codes":["KR"],"name":"Krefeld","state":"Nordrhein-Westfalen","districtType":"Kreisfreie Stadt"},"geometry":{"type":"Polygon","coordinates":[[[6.537,51.4066],[6.528,51.399],[6.4921,51.402],[6.4819,51.398],[6.4849,51.3723],[6.4921,51.3624],[6.4864,51.3476],[6.5151,51.3351],[6.5121,51.31],[6.4921,51.3031],[6.5004,51.2892],[6.5344,51.2906],[6.5857,51.2866],[6.6216,51.2915],[6.6224,51.3086],[6.6526,51.3093],[6.6756,51.3209],[6.6941,51.3232],[6.7059,51.3367],[6.659,51.3489],[6.6564,51.3624],[6.673,51.3848],[6.6103,51.3967],[6.5589,51.3895],[6.537,51.4066]]]}},{"type":"Feature","properties":{"codes":["LEV","OP"],"name":"Leverkusen","state":"Nordrhein-Westfalen","districtType":"Kreisfreie Stadt"},"geometry":{"type":"Polygon","coordinates":[[[7.0673,51.0189],[7.0922,51.0259],[7.0986,51.0509],[7.1077,51.0655],[7.0801,51.0655],[7.0582,51.0773],[7.0737,51.0967],[7.039,51.096],[7.0095,51.0819],[6.9903,51.0912],[6.9895,51.075],[6.9721,51.068],[6.9389,51.0727],[6.9177,51.0803],[6.8977,51.0648],[6.9574,51.0361],[6.974,51.0219],[6.9959,51.0166],[7.0216,51.0157],[7.0673,51.0189]]]}},{"type":"Feature","properties":{"codes":["LIP"],"name":"Lippe","state":"Nordrhein-Westfalen","districtType":"Kreis"},"geometry":{"type":"Polygon","coordinates":[[[9.1559,52.0982],[9.1359,52.106],[9.1559,52.1146],[9.1571,52.1255],[9.1423,52.1357],[9.1155,52.1387],[9.1076,52.1324],[9.0853,52.1371],[9.0558,52.1489],[9.0184,52.1324],[9.0082,52.1806],[8.9863,52.1947],[8.9625,52.1815],[8.9274,52.1845],[8.9048,52.1667],[8.901,52.1278],[8.8919,52.1123],[8.8662,52.1028],[8.8413,52.1037],[8.81,52.1185],[8.7631,52.1146],[8.7469,52.1208],[8.7238,52.1074],[8.7167,52.0903],[8.7,52.0951],[8.6789,52.088],[8.6585,52.0724],[8.654,52.0599],[8.6634,52.0537],[8.6596,52.0391],[8.6411,52.0257],[8.6623,52.0125],[8.6506,51.9993],[8.654,51.9775],[8.643,51.9705],[8.6487,51.9604],[8.6264,51.9377],[8.6064,51.9277],[8.6256,51.93],[8.6377,51.9214],[8.6763,51.9191],[8.7174,51.8934],[8.7484,51.8582],[8.7631,51.8443],[8.7688,51.8163],[8.7899,51.7975],[8.8613,51.7992],[8.8983,51.8054],[8.921,51.8124],[8.921,51.7985],[8.9595,51.7899],[8.9497,51.8186],[8.9561,51.8374],[8.9754,51.8365],[8.9962,51.8443],[9.0173,51.8645],[9.0109,51.877],[9.0249,51.8802],[9.0558,51.873],[9.1038,51.8964],[9.1231,51.8987],[9.1367,51.87],[9.1571,51.874],[9.1797,51.8582],[9.2028,51.8575],[9.2432,51.8668],[9.2745,51.8645],[9.3021,51.8497],[9.3229,51.8552],[9.3357,51.8559],[9.3451,51.8964],[9.3323,51.9175],[9.3093,51.9231],[9.2945,51.9198],[9.2715,51.9323],[9.2745,51.9736],[9.2586,51.9775],[9.2167,51.9736],[9.2065,51.9627],[9.1854,51.9657],[9.1763,51.9805],[9.1835,51.9907],[9.179,52.0025],[9.1975,52.0118],[9.1733,52.0398],[9.1763,52.0609],[9.188,52.0717],[9.1559,52.0982]]]}},{"type":"Feature","properties":{"codes":["MK"],"name":"Märkischer Kreis","state":"Nordrhein-Westfalen","districtType":"Kreis"},"geometry":{"type":"Polygon","coordinates":[[[7.8374,51.4784],[7.7656,51.4682],[7.7483,51.4722],[7.7026,51.4745],[7.6659,51.4659],[7.6142,51.4471],[7.6282,51.4316],[7.6172,51.4198],[7.6319,51.4075],[7.6127,51.3855],[7.5878,51.3904],[7.5878,51.3638],[7.5987,51.3459],[7.5768,51.3295],[7.5832,51.2961],[7.5658,51.2813],[7.5171,51.2649],[7.4933,51.2501],[7.4998,51.2415],[7.4639,51.2276],[7.451,51.2299],[7.4189,51.2012],[7.4216,51.1871],[7.4374,51.1785],[7.442,51.1669],[7.5043,51.1169],[7.496,51.106],[7.5171,51.1007],[7.5821,51.1053],[7.607,51.0967],[7.5998,51.0875],[7.6263,51.0687],[7.6712,51.0796],[7.6962,51.0819],[7.7162,51.0727],[7.7373,51.0717],[7.7849,51.0757],[7.8136,51.0727],[7.8227,51.0826],[7.82,51.1083],[7.8253,51.1294],[7.8136,51.1442],[7.8265,51.1621],[7.8593,51.1607],[7.8684,51.1676],[7.8978,51.1676],[7.9088,51.1824],[7.9364,51.1739],[7.9409,51.1878],[7.9281,51.2098],[7.9511,51.2269],[7.9171,51.251],[7.9228,51.2596],[7.9061,51.2734],[7.9152,51.282],[7.919,51.3117],[7.933,51.3344],[7.9163,51.3459],[7.9061,51.3631],[7.908,51.3733],[7.8914,51.3904],[7.8952,51.4138],[7.8907,51.4293],[7.8759,51.4511],[7.8374,51.4784]]]}},{"type":"Feature","properties":{"codes":["MG"],"name":"Mönchengladbach","state":"Nordrhein-Westfalen","districtType":"Kreisfreie Stadt"},"geometry":{"type":"Polygon","coordinates":[[[6.2919,51.1755],[6.3059,51.1653],[6.3002,51.1528],[6.3187,51.1505],[6.3482,51.1201],[6.3599,51.0951],[6.3867,51.0974],[6.3977,51.0889],[6.4196,51.0859],[6.4445,51.0898],[6.4362,51.1007],[6.4452,51.1116],[6.4638,51.1178],[6.4728,51.1419],[6.4928,51.1505],[6.537,51.1449],[6.5223,51.1785],[6.4913,51.1706],[6.48,51.1762],[6.494,51.1926],[6.4883,51.2081],[6.4894,51.2276],[6.5223,51.226],[6.5023,51.2355],[6.4785,51.2362],[6.4592,51.247],[6.4177,51.2197],[6.3708,51.2174],[6.3599,51.2292],[6.3304,51.2243],[6.3304,51.2065],[6.3161,51.1979],[6.3149,51.1792],[6.2919,51.1755]]]}},{"type":"Feature","properties":{"codes":["MH"],"name":"Mülheim an der Ruhr","state":"Nordrhein-Westfalen","districtType":"Kreisfreie Stadt"},"geometry":{"type":"Polygon","coordinates":[[[6.8097,51.455],[6.8188,51.4393],[6.8161,51.3686],[6.8309,51.3522],[6.8565,51.3631],[6.9041,51.3677],[6.9106,51.3779],[6.9408,51.3881],[6.9446,51.4152],[6.9593,51.4402],[6.9529,51.4478],[6.9196,51.4504],[6.9177,51.4627],[6.8996,51.4712],[6.8701,51.458],[6.8464,51.458],[6.8271,51.4488],[6.8097,51.455]]]}},{"type":"Feature","properties":{"codes":["MS"],"name":"Münster","state":"Nordrhein-Westfalen","districtType":"Kreisfreie Stadt"},"geometry":{"type":"Polygon","coordinates":[[[7.5126,52.0],[7.5198,51.9768],[7.4952,51.9666],[7.4805,51.9518],[7.4775,51.9409],[7.5069,51.9363],[7.5115,51.912],[7.5096,51.895],[7.5356,51.9011],[7.5345,51.8895],[7.5776,51.8466],[7.6134,51.8404],[7.6474,51.8608],[7.6455,51.8717],[7.6576,51.8786],[7.6803,51.877],[7.6996,51.8693],[7.7071,51.8809],[7.6897,51.9011],[7.7045,51.9082],[7.7237,51.9011],[7.7585,51.8981],[7.774,51.9221],[7.7656,51.9363],[7.7456,51.9462],[7.7445,51.9657],[7.7335,51.9798],[7.7483,51.9969],[7.7317,52.0062],[7.7207,52.0328],[7.7045,52.0342],[7.6867,52.0328],[7.6584,52.0514],[7.6319,52.0451],[7.5987,52.0599],[7.587,52.0491],[7.5647,52.0467],[7.5383,52.0342],[7.5326,52.018],[7.5134,52.0085],[7.5126,52.0]]]}},{"type":"Feature","properties":{"codes":["ME"],"name":"Mettmann","state":"Nordrhein-Westfalen","districtType":"Kreis"},"geometry":{"type":"Polygon","coordinates":[[[7.1674,51.3133],[7.1666,51.3258],[7.1455,51.3397],[7.1591,51.3654],[7.1481,51.3779],[7.1179,51.3802],[7.0903,51.3686],[7.0665,51.3677],[7.0363,51.3615],[7.0216,51.3647],[7.008,51.3575],[6.9876,51.3584],[6.9612,51.3476],[6.9242,51.3568],[6.9041,51.3677],[6.8565,51.3631],[6.8309,51.3522],[6.8052,51.3489],[6.8022,51.3281],[6.8169,51.3209],[6.8003,51.3008],[6.8022,51.2781],[6.8252,51.2758],[6.8509,51.2797],[6.8773,51.2681],[6.9041,51.2649],[6.9124,51.2758],[6.9291,51.2728],[6.9336,51.2487],[6.9272,51.2424],[6.9004,51.2369],[6.8728,51.2415],[6.8773,51.2151],[6.9106,51.2111],[6.9041,51.2035],[6.9124,51.1778],[6.8996,51.1715],[6.9004,51.1512],[6.9215,51.1426],[6.9189,51.1303],[6.8565,51.1264],[6.8811,51.1116],[6.8758,51.096],[6.8535,51.0842],[6.8573,51.075],[6.8977,51.0648],[6.9177,51.0803],[6.9389,51.0727],[6.9721,51.068],[6.9895,51.075],[6.9903,51.0912],[6.9978,51.1178],[6.9959,51.1442],[6.9729,51.1488],[6.951,51.1475],[6.9657,51.1669],[6.985,51.1715],[7.028,51.1878],[7.0473,51.2074],[7.0352,51.2158],[7.0435,51.2253],[7.0318,51.2477],[7.0609,51.2602],[7.082,51.2797],[7.0968,51.2836],[7.1058,51.3024],[7.1674,51.3133]]]}},{"type":"Feature","properties":{"codes":["LK","MI"],"name":"Minden-Lübbecke","state":"Nordrhein-Westfalen","districtType":"Kreis"},"geometry":{"type":"Polygon","coordinates":[[[8.7027,52.5007],[8.6982,52.5092],[8.6713,52.5171],[8.6521,52.5312],[8.5569,52.4993],[8.5165,52.5092],[8.5089,52.5148],[8.4606,52.4891],[8.4542,52.4611],[8.4183,52.4462],[8.4009,52.4509],[8.3862,52.4446],[8.3639,52.4439],[8.3458,52.4525],[8.2971,52.4564],[8.308,52.437],[8.322,52.4261],[8.3137,52.4057],[8.3639,52.3895],[8.3843,52.3863],[8.4357,52.3629],[8.453,52.3302],[8.4697,52.3131],[8.4587,52.2943],[8.4659,52.2679],[8.4851,52.2649],[8.5293,52.264],[8.5731,52.2547],[8.6102,52.2563],[8.6347,52.261],[8.6891,52.2359],[8.6982,52.2485],[8.7118,52.2501],[8.7522,52.2329],[8.7578,52.2149],[8.7816,52.2079],[8.7888,52.197],[8.7688,52.169],[8.7797,52.1644],[8.8402,52.1746],[8.8439,52.1862],[8.8632,52.194],[8.8991,52.1963],[8.9274,52.1845],[8.9625,52.1815],[8.9863,52.1947],[9.0211,52.1838],[9.0449,52.1838],[9.046,52.2112],[9.0513,52.2204],[9.077,52.232],[9.0313,52.2501],[9.0064,52.2531],[8.9742,52.2626],[8.9633,52.2788],[8.9882,52.2874],[8.9852,52.2936],[8.998,52.3263],[9.0192,52.3311],[9.0275,52.3457],[9.0577,52.3395],[9.0834,52.3552],[9.0981,52.3714],[9.1,52.3886],[9.1174,52.3971],[9.1249,52.412],[9.1121,52.4205],[9.1102,52.4354],[9.0944,52.4432],[9.1027,52.4571],[9.1367,52.4759],[9.1321,52.4835],[9.1121,52.4861],[9.0993,52.4977],[9.0505,52.497],[9.0385,52.4798],[9.0222,52.4766],[9.012,52.4571],[8.989,52.4518],[8.978,52.4268],[8.9459,52.4136],[8.9338,52.4011],[8.8908,52.4034],[8.8889,52.3957],[8.8549,52.3895],[8.7862,52.3988],[8.7457,52.3879],[8.7046,52.4129],[8.7182,52.4307],[8.7034,52.4416],[8.711,52.4634],[8.7091,52.4775],[8.6989,52.4875],[8.7027,52.5007]]]}},{"type":"Feature","properties":{"codes":["GM"],"name":"Oberbergischer Kreis","state":"Nordrhein-Westfalen","districtType":"Kreis"},"geometry":{"type":"Polygon","coordinates":[[[7.4337,51.2144],[7.431,51.2237],[7.3951,51.2322],[7.3895,51.2464],[7.3747,51.247],[7.3392,51.2392],[7.3381,51.2477],[7.3143,51.2454],[7.3071,51.2392],[7.3105,51.2315],[7.295,51.2206],[7.2958,51.2058],[7.2996,51.1878],[7.3086,51.1824],[7.2932,51.1607],[7.2886,51.1442],[7.2682,51.1458],[7.2777,51.1109],[7.2969,51.106],[7.275,51.0826],[7.317,51.0796],[7.3317,51.068],[7.3298,51.0493],[7.3079,51.0266],[7.2913,51.0321],[7.2803,51.0259],[7.2841,51.015],[7.2758,50.9985],[7.2539,50.9853],[7.2765,50.9761],[7.3317,50.9768],[7.3555,50.9511],[7.3868,50.9589],[7.3989,50.9494],[7.4389,50.9464],[7.471,50.9247],[7.4794,50.9105],[7.471,50.9036],[7.462,50.8788],[7.4903,50.8739],[7.5062,50.8561],[7.5288,50.842],[7.5288,50.8337],[7.5485,50.8304],[7.573,50.8429],[7.5934,50.8304],[7.6097,50.8311],[7.6191,50.8211],[7.6501,50.8311],[7.661,50.8202],[7.6996,50.8258],[7.729,50.8508],[7.7585,50.8436],[7.7641,50.8577],[7.7483,50.867],[7.7585,50.8795],[7.7528,50.8881],[7.7604,50.9006],[7.7419,50.92],[7.7573,50.92],[7.786,50.9402],[7.7925,50.9511],[7.7842,50.9613],[7.7804,50.98],[7.7494,50.9777],[7.7252,50.9979],[7.7335,51.0259],[7.7317,51.0384],[7.7109,51.0532],[7.7045,51.0641],[7.7162,51.0727],[7.6962,51.0819],[7.6712,51.0796],[7.6263,51.0687],[7.5998,51.0875],[7.607,51.0967],[7.5821,51.1053],[7.5171,51.1007],[7.496,51.106],[7.5043,51.1169],[7.442,51.1669],[7.4374,51.1785],[7.4216,51.1871],[7.4189,51.2012],[7.4337,51.2144]]]}},{"type":"Feature","properties":{"codes":["OB"],"name":"Oberhausen","state":"Nordrhein-Westfalen","districtType":"Kreisfreie Stadt"},"geometry":{"type":"Polygon","coordinates":[[[6.8097,51.455],[6.8271,51.4488],[6.8464,51.458],[6.8701,51.458],[6.8996,51.4712],[6.9004,51.487],[6.9279,51.4979],[6.9098,51.5032],[6.8939,51.5157],[6.8849,51.5358],[6.8599,51.5578],[6.8675,51.5641],[6.8335,51.5796],[6.8142,51.5741],[6.8052,51.5602],[6.7821,51.5444],[6.784,51.5335],[6.7791,51.5243],[6.8142,51.5071],[6.8233,51.4969],[6.8097,51.4745],[6.818,51.4643],[6.8097,51.455]]]}},{"type":"Feature","properties":{"codes":["OE"],"name":"Olpe","state":"Nordrhein-Westfalen","districtType":"Kreis"},"geometry":{"type":"Polygon","coordinates":[[[8.2385,51.1046],[8.2257,51.1208],[8.2007,51.1224],[8.1841,51.1465],[8.1686,51.1396],[8.1448,51.1396],[8.1301,51.1449],[8.1475,51.159],[8.1494,51.1762],[8.1044,51.2049],[8.1052,51.2213],[8.1211,51.2292],[8.1007,51.2378],[8.0531,51.247],[8.0402,51.2378],[8.0236,51.2464],[7.9953,51.2345],[7.9696,51.2415],[7.9401,51.2401],[7.9401,51.2338],[7.9511,51.2269],[7.9281,51.2098],[7.9409,51.1878],[7.9364,51.1739],[7.9088,51.1824],[7.8978,51.1676],[7.8684,51.1676],[7.8593,51.1607],[7.8265,51.1621],[7.8136,51.1442],[7.8253,51.1294],[7.82,51.1083],[7.8227,51.0826],[7.8136,51.0727],[7.7849,51.0757],[7.7373,51.0717],[7.7162,51.0727],[7.7045,51.0641],[7.7109,51.0532],[7.7317,51.0384],[7.7335,51.0259],[7.7252,50.9979],[7.7494,50.9777],[7.7804,50.98],[7.7842,50.9613],[7.7925,50.9511],[7.786,50.9402],[7.8136,50.9402],[7.8283,50.9286],[7.851,50.9263],[7.9118,50.9247],[7.9281,50.9494],[7.9228,50.9589],[7.9382,50.9675],[7.9409,50.9853],[7.933,50.9909],[7.9345,51.0057],[7.9537,51.0289],[8.0043,51.0328],[8.0357,51.0166],[8.041,51.0048],[8.0704,51.008],[8.0795,51.0236],[8.1301,51.0236],[8.1339,51.0166],[8.1596,51.0127],[8.1981,51.0219],[8.2143,51.0219],[8.2283,51.0469],[8.2449,51.0555],[8.2457,51.0664],[8.231,51.0703],[8.2245,51.0937],[8.2385,51.1046]]]}},{"type":"Feature","properties":{"codes":["BÜR","PB"],"name":"Paderborn","state":"Nordrhein-Westfalen","districtType":"Kreis"},"geometry":{"type":"Polygon","coordinates":[[[8.7484,51.8582],[8.7155,51.8545],[8.688,51.8568],[8.6623,51.8522],[8.6532,51.8661],[8.6377,51.877],[8.6275,51.8622],[8.5796,51.845],[8.5531,51.8397],[8.5331,51.8302],[8.521,51.8094],[8.4961,51.7975],[8.4685,51.7922],[8.4172,51.7593],[8.4092,51.7494],[8.4036,51.7197],[8.4413,51.7174],[8.4621,51.7227],[8.4761,51.7142],[8.4734,51.6987],[8.4787,51.6838],[8.5127,51.6792],[8.5301,51.669],[8.5531,51.669],[8.5731,51.6574],[8.586,51.6153],[8.5622,51.6139],[8.5376,51.6007],[8.5108,51.5944],[8.507,51.5866],[8.4742,51.5734],[8.4768,51.5493],[8.4927,51.5296],[8.512,51.5305],[8.5203,51.49],[8.5475,51.4682],[8.5743,51.4682],[8.586,51.4798],[8.6045,51.4837],[8.6256,51.4784],[8.657,51.4807],[8.6649,51.4728],[8.6891,51.4722],[8.722,51.4596],[8.7412,51.465],[8.7661,51.4471],[8.7964,51.4643],[8.8209,51.49],[8.8349,51.4946],[8.8337,51.5055],[8.8073,51.5266],[8.8239,51.5407],[8.8451,51.5368],[8.8496,51.5483],[8.8779,51.546],[8.9055,51.5312],[8.9357,51.5407],[8.9576,51.5609],[9.0173,51.575],[9.0101,51.5991],[8.9901,51.6021],[8.9807,51.6178],[8.9882,51.6482],[8.9724,51.6769],[8.9837,51.6917],[8.9754,51.697],[8.9935,51.7112],[8.9837,51.7362],[8.9901,51.7508],[8.9844,51.7626],[8.9595,51.7899],[8.921,51.7985],[8.921,51.8124],[8.8983,51.8054],[8.8613,51.7992],[8.7899,51.7975],[8.7688,51.8163],[8.7631,51.8443],[8.7484,51.8582]]]}},{"type":"Feature","properties":{"codes":["CAS","GLA","RE"],"name":"Recklinghausen","state":"Nordrhein-Westfalen","districtType":"Kreis"},"geometry":{"type":"Polygon","coordinates":[[[7.4099,51.6644],[7.3914,51.669],[7.3785,51.6792],[7.3438,51.6871],[7.3445,51.6996],[7.3136,51.7019],[7.2996,51.7128],[7.3215,51.7362],[7.3105,51.7461],[7.2803,51.7494],[7.2592,51.7735],[7.2611,51.7992],[7.2346,51.8054],[7.2142,51.817],[7.1731,51.8216],[7.1334,51.8038],[7.1134,51.7876],[7.0601,51.7765],[7.0337,51.782],[7.0197,51.7999],[6.9895,51.8008],[6.9729,51.7968],[6.9619,51.7774],[6.9517,51.7718],[6.917,51.7774],[6.9106,51.7461],[6.9381,51.719],[6.937,51.7042],[6.9151,51.6987],[6.9124,51.6769],[6.9004,51.6753],[6.8939,51.6558],[6.9023,51.6357],[6.9298,51.6442],[6.9483,51.6347],[6.9665,51.634],[6.9838,51.6255],[6.9804,51.6076],[6.9498,51.5905],[6.9362,51.5882],[6.9196,51.5641],[6.9593,51.5477],[6.9804,51.546],[6.9986,51.5335],[7.0106,51.5328],[7.0288,51.5453],[7.0197,51.553],[7.0114,51.575],[7.0114,51.5889],[6.9948,51.5944],[6.994,51.6225],[7.019,51.6262],[7.0673,51.6146],[7.0749,51.5889],[7.1058,51.5944],[7.1243,51.5842],[7.1455,51.5523],[7.1738,51.5516],[7.2244,51.5641],[7.2418,51.5734],[7.2546,51.5648],[7.283,51.5569],[7.2958,51.5384],[7.2932,51.5321],[7.3143,51.5226],[7.3355,51.5203],[7.3611,51.5282],[7.3491,51.5444],[7.3521,51.5671],[7.34,51.5757],[7.3721,51.5905],[7.397,51.5873],[7.4182,51.5998],[7.4491,51.6076],[7.4646,51.6278],[7.4446,51.6465],[7.4408,51.6614],[7.4099,51.6644]]]}},{"type":"Feature","properties":{"codes":["RS"],"name":"Remscheid","state":"Nordrhein-Westfalen","districtType":"Kreisfreie Stadt"},"geometry":{"type":"Polygon","coordinates":[[[7.2682,51.1458],[7.2886,51.1442],[7.2932,51.1607],[7.3086,51.1824],[7.2996,51.1878],[7.2958,51.2058],[7.2656,51.2088],[7.2456,51.2253],[7.2335,51.2253],[7.2033,51.2121],[7.1731,51.2135],[7.1417,51.1894],[7.1527,51.1755],[7.1372,51.1653],[7.1379,51.1449],[7.1666,51.1537],[7.1995,51.1512],[7.2188,51.1607],[7.2527,51.1583],[7.2682,51.1458]]]}},{"type":"Feature","properties":{"codes":["BM"],"name":"Rhein-Erft-Kreis","state":"Nordrhein-Westfalen","districtType":"Kreis"},"geometry":{"type":"Polygon","coordinates":[[[6.7738,51.0641],[6.7527,51.0648],[6.7618,51.0423],[6.7278,51.0314],[6.7149,51.015],[6.6224,51.0252],[6.605,51.0205],[6.5638,51.0229],[6.5499,51.0351],[6.5536,51.0555],[6.5189,51.0585],[6.4921,51.0476],[6.48,51.0344],[6.46,51.0229],[6.4581,51.008],[6.4736,50.9847],[6.4864,50.983],[6.5004,50.9714],[6.4792,50.9589],[6.4947,50.9494],[6.503,50.9309],[6.5197,50.9247],[6.5197,50.8957],[6.5544,50.8888],[6.562,50.8693],[6.5525,50.8654],[6.5718,50.8469],[6.5975,50.8482],[6.6243,50.8218],[6.6537,50.836],[6.6764,50.8311],[6.7059,50.835],[6.7123,50.7876],[6.6783,50.7744],[6.6941,50.7542],[6.716,50.7533],[6.7232,50.747],[6.7134,50.7322],[6.7482,50.7292],[6.7765,50.719],[6.818,50.7658],[6.8399,50.7714],[6.838,50.7813],[6.8645,50.7852],[6.8841,50.7961],[6.9177,50.8001],[6.9336,50.8054],[6.9895,50.7922],[7.0299,50.8008],[7.0205,50.8211],[6.9903,50.8258],[6.9812,50.8406],[6.9563,50.835],[6.9464,50.8452],[6.9317,50.8374],[6.917,50.8584],[6.9208,50.8716],[6.9132,50.8825],[6.9189,50.892],[6.8792,50.9098],[6.8573,50.9043],[6.8445,50.9098],[6.8373,50.9263],[6.8226,50.9277],[6.8124,50.9434],[6.8188,50.9643],[6.8388,50.9814],[6.8354,51.018],[6.8399,51.0282],[6.8195,51.0368],[6.7984,51.0368],[6.7738,51.0641]]]}},{"type":"Feature","properties":{"codes":["GV","NE"],"name":"Rhein-Kreis Neuss","state":"Nordrhein-Westfalen","districtType":"Kreis"},"geometry":{"type":"Polygon","coordinates":[[[6.8565,51.1264],[6.849,51.134],[6.8554,51.1597],[6.8426,51.163],[6.8188,51.1458],[6.7984,51.1442],[6.7931,51.1521],[6.7976,51.1746],[6.7821,51.1854],[6.7489,51.1808],[6.7296,51.1903],[6.7315,51.2058],[6.7179,51.2243],[6.693,51.2253],[6.727,51.2572],[6.707,51.2649],[6.704,51.2781],[6.7315,51.3031],[6.7342,51.3172],[6.7149,51.3334],[6.7059,51.3367],[6.6941,51.3232],[6.6756,51.3209],[6.6526,51.3093],[6.6224,51.3086],[6.6216,51.2915],[6.5857,51.2866],[6.5967,51.2619],[6.6114,51.2596],[6.6179,51.2477],[6.5831,51.2408],[6.562,51.2299],[6.5389,51.2322],[6.5223,51.226],[6.4894,51.2276],[6.4883,51.2081],[6.494,51.1926],[6.48,51.1762],[6.4913,51.1706],[6.5223,51.1785],[6.537,51.1449],[6.4928,51.1505],[6.4728,51.1419],[6.4638,51.1178],[6.4452,51.1116],[6.4362,51.1007],[6.4445,51.0898],[6.4528,51.0743],[6.4445,51.068],[6.4774,51.0562],[6.4592,51.043],[6.48,51.0344],[6.4921,51.0476],[6.5189,51.0585],[6.5536,51.0555],[6.5499,51.0351],[6.5638,51.0229],[6.605,51.0205],[6.6224,51.0252],[6.7149,51.015],[6.7278,51.0314],[6.7618,51.0423],[6.7527,51.0648],[6.7738,51.0641],[6.7874,51.0687],[6.8052,51.0486],[6.8297,51.0578],[6.8233,51.0743],[6.8535,51.0842],[6.8758,51.096],[6.8811,51.1116],[6.8565,51.1264]]]}},{"type":"Feature","properties":{"codes":["SU"],"name":"Rhein-Sieg-Kreis","state":"Nordrhein-Westfalen","districtType":"Kreis"},"geometry":{"type":"Polygon","coordinates":[[[7.661,50.8202],[7.6501,50.8311],[7.6191,50.8211],[7.6097,50.8311],[7.5934,50.8304],[7.573,50.8429],[7.5485,50.8304],[7.5288,50.8337],[7.5288,50.842],[7.5062,50.8561],[7.4903,50.8739],[7.462,50.8788],[7.471,50.9036],[7.4794,50.9105],[7.471,50.9247],[7.4389,50.9464],[7.3989,50.9494],[7.3857,50.9339],[7.3695,50.9356],[7.3502,50.9145],[7.3264,50.9161],[7.3015,50.9068],[7.275,50.9105],[7.249,50.9286],[7.2346,50.9075],[7.204,50.8818],[7.1372,50.8577],[7.0915,50.8337],[7.062,50.8297],[7.0582,50.8492],[7.0326,50.8492],[7.0235,50.839],[6.9986,50.836],[6.9812,50.8406],[6.9903,50.8258],[7.0205,50.8211],[7.0299,50.8008],[6.9895,50.7922],[6.9336,50.8054],[6.9177,50.8001],[6.8841,50.7961],[6.8645,50.7852],[6.8645,50.7665],[6.8803,50.7463],[6.9023,50.748],[6.9162,50.7338],[6.8951,50.7223],[6.8894,50.7128],[6.863,50.7074],[6.8565,50.6919],[6.8709,50.6894],[6.8758,50.6748],[6.8573,50.6544],[6.8792,50.6366],[6.9143,50.631],[6.9113,50.6178],[6.8985,50.6039],[6.8849,50.6007],[6.8913,50.575],[6.926,50.5766],[6.9279,50.5587],[6.9517,50.5634],[6.9721,50.5555],[6.9838,50.5657],[6.9978,50.5648],[7.0352,50.5944],[7.0563,50.6062],[7.0684,50.5937],[7.093,50.5858],[7.1051,50.5921],[7.1115,50.6092],[7.1481,50.6],[7.1545,50.6148],[7.1904,50.6264],[7.195,50.6428],[7.1859,50.6505],[7.161,50.6544],[7.1281,50.6474],[7.1058,50.659],[7.0563,50.6319],[7.0273,50.6551],[7.0446,50.6739],[7.039,50.6887],[7.0235,50.7051],[7.0397,50.719],[7.0299,50.726],[7.0363,50.7579],[7.0658,50.772],[7.096,50.7619],[7.1107,50.7704],[7.1353,50.7714],[7.1527,50.7602],[7.1821,50.7517],[7.2089,50.7371],[7.1912,50.7269],[7.1968,50.7128],[7.1685,50.7035],[7.1719,50.6942],[7.2104,50.6498],[7.2123,50.6234],[7.2161,50.628],[7.2554,50.6248],[7.2977,50.6319],[7.3226,50.6419],[7.3309,50.6396],[7.3593,50.6498],[7.3555,50.6653],[7.3695,50.6722],[7.3649,50.688],[7.3683,50.7121],[7.4068,50.7183],[7.4235,50.7097],[7.4408,50.7114],[7.4567,50.7183],[7.4794,50.7183],[7.5016,50.7299],[7.5179,50.7315],[7.5519,50.7463],[7.5806,50.7378],[7.5942,50.7417],[7.5915,50.7565],[7.5987,50.7651],[7.618,50.7704],[7.6539,50.7681],[7.6788,50.7829],[7.6822,50.7945],[7.661,50.8202]]]}},{"type":"Feature","properties":{"codes":["GL"],"name":"Rheinisch-Bergischer Kreis","state":"Nordrhein-Westfalen","districtType":"Kreis"},"geometry":{"type":"Polygon","coordinates":[[[7.2682,51.1458],[7.2527,51.1583],[7.2188,51.1607],[7.1995,51.1512],[7.1666,51.1537],[7.1719,51.1255],[7.1443,51.1192],[7.1198,51.1224],[7.1179,51.1317],[7.0979,51.1389],[7.0756,51.1363],[7.0756,51.1264],[7.0556,51.1248],[7.0337,51.1317],[6.9978,51.1178],[6.9903,51.0912],[7.0095,51.0819],[7.039,51.096],[7.0737,51.0967],[7.0582,51.0773],[7.0801,51.0655],[7.1077,51.0655],[7.0986,51.0509],[7.0922,51.0259],[7.0673,51.0189],[7.0767,51.0018],[7.0665,50.9939],[7.0949,50.983],[7.1013,50.9682],[7.0866,50.958],[7.1206,50.9448],[7.1455,50.9448],[7.1379,50.8983],[7.1428,50.8788],[7.161,50.867],[7.204,50.8818],[7.2346,50.9075],[7.249,50.9286],[7.275,50.9105],[7.3015,50.9068],[7.3264,50.9161],[7.3502,50.9145],[7.3695,50.9356],[7.3857,50.9339],[7.3989,50.9494],[7.3868,50.9589],[7.3555,50.9511],[7.3317,50.9768],[7.2765,50.9761],[7.2539,50.9853],[7.2758,50.9985],[7.2841,51.015],[7.2803,51.0259],[7.2913,51.0321],[7.3079,51.0266],[7.3298,51.0493],[7.3317,51.068],[7.317,51.0796],[7.275,51.0826],[7.2969,51.106],[7.2777,51.1109],[7.2682,51.1458]]]}},{"type":"Feature","properties":{"codes":["BLB","SI"],"name":"Siegen-Wittgenstein","state":"Nordrhein-Westfalen","districtType":"Kreis"},"geometry":{"type":"Polygon","coordinates":[[[8.5493,51.1023],[8.546,51.1139],[8.5282,51.1162],[8.5063,51.1264],[8.5055,51.1333],[8.4863,51.1498],[8.4557,51.1403],[8.4274,51.1412],[8.3945,51.1271],[8.3798,51.1116],[8.3401,51.0928],[8.3054,51.1007],[8.2789,51.103],[8.2559,51.0991],[8.2385,51.1046],[8.2245,51.0937],[8.231,51.0703],[8.2457,51.0664],[8.2449,51.0555],[8.2283,51.0469],[8.2143,51.0219],[8.1981,51.0219],[8.1596,51.0127],[8.1339,51.0166],[8.1301,51.0236],[8.0795,51.0236],[8.0704,51.008],[8.041,51.0048],[8.0357,51.0166],[8.0043,51.0328],[7.9537,51.0289],[7.9345,51.0057],[7.933,50.9909],[7.9409,50.9853],[7.9382,50.9675],[7.9228,50.9589],[7.9281,50.9494],[7.9118,50.9247],[7.851,50.9263],[7.8336,50.9082],[7.8299,50.8825],[7.8831,50.8749],[7.8869,50.8654],[7.9061,50.8482],[7.9254,50.8445],[7.962,50.8475],[7.9768,50.8251],[7.9677,50.7984],[7.9685,50.7737],[7.987,50.7595],[8.0402,50.7253],[8.0391,50.6972],[8.0595,50.6949],[8.075,50.7051],[8.0988,50.7035],[8.1256,50.6857],[8.1403,50.6942],[8.1668,50.7355],[8.1641,50.7447],[8.1358,50.7674],[8.1275,50.7859],[8.166,50.8031],[8.1822,50.8251],[8.231,50.8508],[8.2695,50.8811],[8.2887,50.8825],[8.3054,50.8647],[8.356,50.8624],[8.3851,50.8756],[8.3888,50.892],[8.4266,50.9122],[8.4568,50.9168],[8.4493,50.9411],[8.4621,50.9494],[8.4595,50.9668],[8.478,50.9691],[8.4734,50.9752],[8.4972,50.9893],[8.5018,50.9985],[8.5248,51.0104],[8.5358,51.0219],[8.5146,51.0509],[8.5274,51.0632],[8.5018,51.0796],[8.5267,51.096],[8.5493,51.1023]]]}},{"type":"Feature","properties":{"codes":["LP","SO"],"name":"Soest","state":"Nordrhein-Westfalen","districtType":"Kreis"},"geometry":{"type":"Polygon","coordinates":[[[8.4036,51.7197],[8.3669,51.7181],[8.3329,51.7276],[8.3201,51.726],[8.2952,51.6947],[8.2963,51.6776],[8.2676,51.6637],[8.2193,51.6581],[8.2045,51.6706],[8.2,51.6831],[8.1751,51.7026],[8.1494,51.7135],[8.1161,51.7181],[8.0969,51.7019],[8.0557,51.7165],[8.0172,51.7142],[7.9677,51.722],[7.9447,51.7003],[7.973,51.6917],[7.9979,51.6746],[7.9537,51.6723],[7.9492,51.6426],[7.9356,51.6357],[7.9118,51.6139],[7.9145,51.5958],[7.8714,51.5944],[7.8272,51.5787],[7.8419,51.55],[7.8329,51.5391],[7.8401,51.5296],[7.8299,51.5055],[7.8491,51.4807],[7.8374,51.4784],[7.8638,51.459],[7.8797,51.4666],[7.888,51.483],[7.908,51.49],[7.9216,51.4745],[7.9522,51.4659],[7.9658,51.4728],[7.9915,51.4689],[8.0036,51.4752],[8.0191,51.4596],[8.0602,51.4455],[8.1018,51.4471],[8.1237,51.4409],[8.1596,51.4418],[8.1788,51.427],[8.2053,51.4198],[8.2136,51.4082],[8.2366,51.4027],[8.2759,51.4059],[8.2989,51.3888],[8.3658,51.3973],[8.3907,51.4075],[8.4209,51.4106],[8.4613,51.427],[8.467,51.4386],[8.4878,51.4441],[8.5475,51.4682],[8.5203,51.49],[8.512,51.5305],[8.4927,51.5296],[8.4768,51.5493],[8.4742,51.5734],[8.507,51.5866],[8.5108,51.5944],[8.5376,51.6007],[8.5622,51.6139],[8.586,51.6153],[8.5731,51.6574],[8.5531,51.669],[8.5301,51.669],[8.5127,51.6792],[8.4787,51.6838],[8.4734,51.6987],[8.4761,51.7142],[8.4621,51.7227],[8.4413,51.7174],[8.4036,51.7197]]]}},{"type":"Feature","properties":{"codes":["SG"],"name":"Solingen","state":"Nordrhein-Westfalen","districtType":"Kreisfreie Stadt"},"geometry":{"type":"Polygon","coordinates":[[[7.1666,51.1537],[7.1379,51.1449],[7.1372,51.1653],[7.1153,51.1831],[7.1058,51.1963],[7.1077,51.2111],[7.0922,51.2206],[7.0684,51.2174],[7.0473,51.2074],[7.028,51.1878],[6.985,51.1715],[6.9657,51.1669],[6.951,51.1475],[6.9729,51.1488],[6.9959,51.1442],[6.9978,51.1178],[7.0337,51.1317],[7.0556,51.1248],[7.0756,51.1264],[7.0756,51.1363],[7.0979,51.1389],[7.1179,51.1317],[7.1198,51.1224],[7.1443,51.1192],[7.1719,51.1255],[7.1666,51.1537]]]}},{"type":"Feature","properties":{"codes":["AC","MON"],"name":"Städteregion Aachen","state":"Nordrhein-Westfalen","districtType":"Kreis"},"geometry":{"type":"Polygon","coordinates":[[[6.4169,50.6092],[6.3946,50.6132],[6.3965,50.6287],[6.406,50.6405],[6.3784,50.6537],[6.369,50.6662],[6.3323,50.6514],[6.324,50.6639],[6.2968,50.6699],[6.2866,50.6864],[6.3131,50.6903],[6.3085,50.7028],[6.3278,50.7378],[6.3554,50.7619],[6.3516,50.7774],[6.3142,50.772],[6.2983,50.7922],[6.3225,50.8001],[6.3361,50.8202],[6.3297,50.839],[6.3161,50.8531],[6.3214,50.8677],[6.2949,50.8834],[6.2534,50.8624],[6.2322,50.867],[6.2001,50.902],[6.2288,50.9207],[6.2232,50.9418],[6.1948,50.9504],[6.1763,50.9464],[6.1552,50.9309],[6.1499,50.9082],[6.1276,50.899],[6.1121,50.9105],[6.0876,50.9129],[6.0755,50.8897],[6.0876,50.8788],[6.0747,50.8475],[6.0453,50.8522],[6.0185,50.8459],[6.0166,50.8327],[6.0249,50.814],[6.0075,50.8024],[5.9811,50.8086],[5.9746,50.7978],[6.0279,50.7737],[6.0215,50.7533],[6.0407,50.7456],[6.0343,50.7331],[6.0736,50.7206],[6.1121,50.7229],[6.1397,50.6933],[6.1461,50.6801],[6.1627,50.6715],[6.1692,50.6419],[6.1884,50.6271],[6.2213,50.631],[6.2353,50.6257],[6.2609,50.6287],[6.2692,50.6194],[6.25,50.5984],[6.2031,50.5696],[6.1744,50.5578],[6.1782,50.5416],[6.1986,50.5354],[6.2058,50.5212],[6.2307,50.4971],[6.27,50.5041],[6.2847,50.4988],[6.3161,50.4971],[6.3297,50.5057],[6.3482,50.5073],[6.3701,50.5182],[6.3784,50.5361],[6.3644,50.54],[6.3656,50.5618],[6.3958,50.5845],[6.3901,50.5944],[6.4169,50.6007],[6.4169,50.6092]]]}},{"type":"Feature","properties":{"codes":["BF","ST","TE"],"name":"Steinfurt","state":"Nordrhein-Westfalen","districtType":"Kreis"},"geometry":{"type":"Polygon","coordinates":[[[7.9651,52.3249],[7.9484,52.3348],[7.9428,52.3592],[7.9216,52.3652],[7.8914,52.3809],[7.8427,52.3691],[7.8053,52.3714],[7.7237,52.4004],[7.7135,52.4011],[7.7026,52.4347],[7.6886,52.4541],[7.6674,52.4564],[7.6078,52.4743],[7.5904,52.4634],[7.5776,52.4469],[7.573,52.4298],[7.6025,52.4215],[7.5832,52.4034],[7.5742,52.3809],[7.5538,52.3684],[7.53,52.37],[7.4794,52.3473],[7.4382,52.3335],[7.4272,52.3138],[7.3868,52.3091],[7.3611,52.2883],[7.317,52.2804],[7.2977,52.264],[7.218,52.264],[7.1557,52.2663],[7.1217,52.261],[7.0994,52.2431],[7.096,52.201],[7.1058,52.1908],[7.1511,52.166],[7.1353,52.1551],[7.1519,52.1364],[7.2161,52.116],[7.2509,52.1199],[7.2546,52.1074],[7.2694,52.0912],[7.2603,52.0819],[7.275,52.0708],[7.2675,52.0585],[7.2886,52.0616],[7.2905,52.0507],[7.3298,52.0391],[7.36,52.0352],[7.3812,52.0273],[7.397,52.0382],[7.4216,52.0352],[7.4344,52.0203],[7.4325,52.0016],[7.4575,52.0055],[7.4748,51.9946],[7.5126,52.0],[7.5134,52.0085],[7.5326,52.018],[7.5383,52.0342],[7.5647,52.0467],[7.587,52.0491],[7.5987,52.0599],[7.6319,52.0451],[7.6584,52.0514],[7.6867,52.0328],[7.7045,52.0342],[7.7252,52.0507],[7.7226,52.0592],[7.7392,52.0764],[7.752,52.0975],[7.7951,52.1044],[7.8163,52.0935],[7.851,52.0942],[7.885,52.0833],[7.9061,52.0935],[7.9586,52.1051],[7.9715,52.116],[8.0081,52.1153],[8.0036,52.1542],[8.0255,52.1637],[8.007,52.176],[7.9741,52.1713],[7.9556,52.1783],[7.9337,52.1769],[7.908,52.1901],[7.9024,52.204],[7.9281,52.2297],[7.9247,52.2617],[7.9568,52.2725],[7.9311,52.2897],[7.9318,52.3015],[7.9492,52.3061],[7.987,52.3038],[7.9651,52.3249]]]}},{"type":"Feature","properties":{"codes":["LH","LÜN","UN"],"name":"Unna","state":"Nordrhein-Westfalen","districtType":"Kreis"},"geometry":{"type":"Polygon","coordinates":[[[7.7014,51.7128],[7.6867,51.729],[7.6512,51.7065],[7.6429,51.7135],[7.6127,51.7158],[7.6063,51.7065],[7.5677,51.6987],[7.5421,51.6848],[7.5179,51.7072],[7.5171,51.7213],[7.4839,51.7181],[7.4729,51.7352],[7.4382,51.7237],[7.4235,51.7142],[7.4491,51.6933],[7.4484,51.6762],[7.4344,51.6683],[7.4099,51.6644],[7.4408,51.6614],[7.4446,51.6465],[7.4646,51.6278],[7.4491,51.6076],[7.4182,51.5998],[7.4253,51.5866],[7.4465,51.581],[7.4741,51.5912],[7.4979,51.5921],[7.5281,51.5764],[7.5575,51.5849],[7.5904,51.5833],[7.6044,51.5625],[7.6078,51.5483],[7.6255,51.5516],[7.6372,51.5236],[7.5968,51.5094],[7.598,51.4939],[7.6089,51.4791],[7.5968,51.4705],[7.5711,51.4752],[7.5466,51.4666],[7.5326,51.4386],[7.5115,51.4323],[7.5088,51.4175],[7.5326,51.4066],[7.5337,51.395],[7.5666,51.399],[7.5878,51.3904],[7.6127,51.3855],[7.6319,51.4075],[7.6172,51.4198],[7.6282,51.4316],[7.6142,51.4471],[7.6659,51.4659],[7.7026,51.4745],[7.7483,51.4722],[7.7656,51.4682],[7.8491,51.4807],[7.8299,51.5055],[7.8401,51.5296],[7.8329,51.5391],[7.8419,51.55],[7.8272,51.5787],[7.8144,51.5896],[7.8106,51.6208],[7.7887,51.6169],[7.7592,51.6248],[7.7301,51.6248],[7.7188,51.6146],[7.6878,51.6139],[7.6776,51.6621],[7.698,51.6644],[7.7264,51.6785],[7.7007,51.6947],[7.7014,51.7128]]]}},{"type":"Feature","properties":{"codes":["KK","VIE"],"name":"Viersen","state":"Nordrhein-Westfalen","districtType":"Kreis"},"geometry":{"type":"Polygon","coordinates":[[[6.537,51.4066],[6.517,51.4254],[6.5076,51.4191],[6.4672,51.4175],[6.4656,51.4082],[6.4317,51.4075],[6.4011,51.4138],[6.3875,51.3941],[6.358,51.3772],[6.3304,51.3733],[6.3206,51.3638],[6.2643,51.3552],[6.2564,51.3624],[6.2243,51.3647],[6.2258,51.3608],[6.1903,51.3397],[6.1692,51.3327],[6.1597,51.3156],[6.1295,51.2866],[6.1242,51.2744],[6.0857,51.2477],[6.0728,51.2424],[6.0846,51.2253],[6.0679,51.2206],[6.0736,51.1824],[6.0819,51.1715],[6.1076,51.1722],[6.1178,51.1792],[6.1661,51.194],[6.1744,51.1847],[6.2077,51.1669],[6.2251,51.1729],[6.2417,51.1878],[6.2617,51.1864],[6.2919,51.1755],[6.3149,51.1792],[6.3161,51.1979],[6.3304,51.2065],[6.3304,51.2243],[6.3599,51.2292],[6.3708,51.2174],[6.4177,51.2197],[6.4592,51.247],[6.4785,51.2362],[6.5023,51.2355],[6.5223,51.226],[6.5389,51.2322],[6.562,51.2299],[6.5831,51.2408],[6.6179,51.2477],[6.6114,51.2596],[6.5967,51.2619],[6.5857,51.2866],[6.5344,51.2906],[6.5004,51.2892],[6.4921,51.3031],[6.5121,51.31],[6.5151,51.3351],[6.4864,51.3476],[6.4921,51.3624],[6.4849,51.3723],[6.4819,51.398],[6.4921,51.402],[6.528,51.399],[6.537,51.4066]]]}},{"type":"Feature","properties":{"codes":["BE","WAF"],"name":"Warendorf","state":"Nordrhein-Westfalen","districtType":"Kreis"},"geometry":{"type":"Polygon","coordinates":[[[7.885,52.0833],[7.851,52.0942],[7.8163,52.0935],[7.7951,52.1044],[7.752,52.0975],[7.7392,52.0764],[7.7226,52.0592],[7.7252,52.0507],[7.7045,52.0342],[7.7207,52.0328],[7.7317,52.0062],[7.7483,51.9969],[7.7335,51.9798],[7.7445,51.9657],[7.7456,51.9462],[7.7656,51.9363],[7.774,51.9221],[7.7585,51.8981],[7.7237,51.9011],[7.7045,51.9082],[7.6897,51.9011],[7.7071,51.8809],[7.6996,51.8693],[7.6803,51.877],[7.6576,51.8786],[7.6455,51.8717],[7.6474,51.8608],[7.6134,51.8404],[7.6418,51.8249],[7.6557,51.8265],[7.6724,51.8186],[7.6867,51.8038],[7.6943,51.786],[7.7354,51.7376],[7.752,51.7385],[7.7721,51.7267],[7.8336,51.7422],[7.8363,51.7299],[7.8888,51.7181],[7.8895,51.7049],[7.9228,51.7056],[7.9447,51.7003],[7.9677,51.722],[8.0172,51.7142],[8.0557,51.7165],[8.0969,51.7019],[8.1161,51.7181],[8.1494,51.7135],[8.1751,51.7026],[8.2,51.6831],[8.2045,51.6706],[8.2193,51.6581],[8.2676,51.6637],[8.2963,51.6776],[8.2952,51.6947],[8.3201,51.726],[8.3016,51.754],[8.2797,51.7695],[8.254,51.7735],[8.2578,51.8031],[8.24,51.8094],[8.2347,51.8216],[8.2045,51.8242],[8.2053,51.8351],[8.2181,51.8466],[8.1989,51.8631],[8.1853,51.8622],[8.1758,51.8825],[8.155,51.902],[8.1732,51.9198],[8.1622,51.933],[8.1275,51.9518],[8.1127,51.9557],[8.1146,51.9719],[8.1071,51.9907],[8.075,52.0111],[8.0961,52.0569],[8.0923,52.0632],[8.0667,52.0678],[8.0364,52.0639],[7.9934,52.05],[7.9813,52.0359],[7.9171,52.0514],[7.9209,52.0576],[7.885,52.0833]]]}},{"type":"Feature","properties":{"codes":["DIN","MO","WES"],"name":"Wesel","state":"Nordrhein-Westfalen","districtType":"Kreis"},"geometry":{"type":"Polygon","coordinates":[[[6.9106,51.7461],[6.8581,51.729],[6.849,51.7369],[6.8271,51.7299],[6.8188,51.7431],[6.7727,51.7461],[6.7693,51.7665],[6.7584,51.7765],[6.7444,51.7695],[6.7213,51.7688],[6.7142,51.7781],[6.6685,51.7774],[6.6545,51.7913],[6.6326,51.7992],[6.6088,51.7945],[6.5544,51.7952],[6.5113,51.8131],[6.4902,51.8117],[6.503,51.7876],[6.5332,51.7649],[6.4921,51.757],[6.4849,51.7345],[6.4894,51.7204],[6.4755,51.7174],[6.4607,51.7019],[6.4158,51.7128],[6.4094,51.726],[6.3773,51.7181],[6.3554,51.6996],[6.3792,51.6878],[6.3546,51.6458],[6.3214,51.6387],[6.293,51.6396],[6.3013,51.6215],[6.3342,51.6116],[6.3739,51.5889],[6.3739,51.5678],[6.4067,51.5609],[6.4215,51.575],[6.449,51.5687],[6.4959,51.5678],[6.4645,51.5516],[6.4875,51.5384],[6.4543,51.5087],[6.4736,51.4955],[6.4819,51.4798],[6.4977,51.4768],[6.5068,51.4659],[6.5023,51.4464],[6.5215,51.4402],[6.517,51.4254],[6.537,51.4066],[6.5589,51.3895],[6.6103,51.3967],[6.636,51.3927],[6.628,51.4175],[6.6628,51.4082],[6.6673,51.4386],[6.6783,51.4518],[6.6692,51.4627],[6.6647,51.4821],[6.6435,51.483],[6.6314,51.5032],[6.6409,51.5101],[6.6719,51.5118],[6.6994,51.5243],[6.6828,51.5312],[6.6764,51.5437],[6.6866,51.5602],[6.7077,51.5507],[6.7198,51.5516],[6.761,51.5328],[6.784,51.5335],[6.7821,51.5444],[6.8052,51.5602],[6.8142,51.5741],[6.8592,51.5896],[6.863,51.6007],[6.8528,51.6106],[6.8709,51.6225],[6.8664,51.6301],[6.9023,51.6357],[6.8939,51.6558],[6.9004,51.6753],[6.9124,51.6769],[6.9151,51.6987],[6.937,51.7042],[6.9381,51.719],[6.9106,51.7461]]]}},{"type":"Feature","properties":{"codes":["W"],"name":"Wuppertal","state":"Nordrhein-Westfalen","districtType":"Kreisfreie Stadt"},"geometry":{"type":"Polygon","coordinates":[[[7.0473,51.2074],[7.0684,51.2174],[7.0922,51.2206],[7.1077,51.2111],[7.1058,51.1963],[7.1153,51.1831],[7.1372,51.1653],[7.1527,51.1755],[7.1417,51.1894],[7.1731,51.2135],[7.2033,51.2121],[7.2335,51.2253],[7.2456,51.2253],[7.2656,51.2088],[7.2958,51.2058],[7.295,51.2206],[7.3105,51.2315],[7.3071,51.2392],[7.2667,51.2596],[7.275,51.2774],[7.2539,51.2883],[7.2648,51.3086],[7.2565,51.3172],[7.1859,51.2961],[7.1674,51.3133],[7.1058,51.3024],[7.0968,51.2836],[7.082,51.2797],[7.0609,51.2602],[7.0318,51.2477],[7.0435,51.2253],[7.0352,51.2158],[7.0473,51.2074]]]}},{"type":"Feature","properties":{"codes":["AW"],"name":"Ahrweiler","state":"Rheinland-Pfalz","districtType":"Landkreis"},"geometry":{"type":"Polygon","coordinates":[[[7.2104,50.6498],[7.195,50.6428],[7.1904,50.6264],[7.1545,50.6148],[7.1481,50.6],[7.1115,50.6092],[7.1051,50.5921],[7.093,50.5858],[7.0684,50.5937],[7.0563,50.6062],[7.0352,50.5944],[6.9978,50.5648],[6.9838,50.5657],[6.9721,50.5555],[6.9517,50.5634],[6.9279,50.5587],[6.9223,50.5539],[6.9317,50.5354],[6.9087,50.5252],[6.8856,50.5291],[6.8887,50.508],[6.9068,50.5025],[6.8977,50.4925],[6.906,50.4846],[6.8996,50.4707],[6.8803,50.4659],[6.8573,50.4527],[6.8407,50.4636],[6.8124,50.4721],[6.8014,50.4916],[6.7674,50.4823],[6.7591,50.4744],[6.7648,50.4504],[6.7436,50.4411],[6.7848,50.4207],[6.7701,50.3976],[6.8003,50.3617],[6.7976,50.3438],[6.8161,50.3258],[6.8362,50.3181],[6.8535,50.3267],[6.8709,50.3195],[6.8921,50.3211],[6.9196,50.3063],[6.9446,50.3142],[6.9529,50.3297],[6.9838,50.3422],[6.9838,50.3492],[7.0088,50.3749],[7.0767,50.4006],[7.0979,50.3943],[7.1024,50.4029],[7.1236,50.4061],[7.1326,50.3927],[7.1493,50.3936],[7.1795,50.4115],[7.2399,50.4052],[7.2592,50.3936],[7.2758,50.3983],[7.286,50.4098],[7.2905,50.452],[7.2977,50.4599],[7.3328,50.4668],[7.3445,50.477],[7.3215,50.4939],[7.2969,50.5189],[7.272,50.5687],[7.2603,50.5766],[7.2233,50.5828],[7.2097,50.5944],[7.2123,50.6234],[7.2104,50.6498]]]}},{"type":"Feature","properties":{"codes":["AK"],"name":"Altenkirchen (Westerwald)","state":"Rheinland-Pfalz","districtType":"Landkreis"},"geometry":{"type":"Polygon","coordinates":[[[7.851,50.9263],[7.8283,50.9286],[7.8136,50.9402],[7.786,50.9402],[7.7573,50.92],[7.7419,50.92],[7.7604,50.9006],[7.7528,50.8881],[7.7585,50.8795],[7.7483,50.867],[7.7641,50.8577],[7.7585,50.8436],[7.729,50.8508],[7.6996,50.8258],[7.661,50.8202],[7.6822,50.7945],[7.6788,50.7829],[7.6539,50.7681],[7.618,50.7704],[7.5987,50.7651],[7.5915,50.7565],[7.5942,50.7417],[7.5806,50.7378],[7.5519,50.7463],[7.5179,50.7315],[7.5016,50.7299],[7.4794,50.7183],[7.4567,50.7183],[7.4408,50.7114],[7.4639,50.6833],[7.4684,50.6722],[7.485,50.6699],[7.4831,50.6481],[7.4741,50.6349],[7.4567,50.6224],[7.4748,50.5828],[7.4952,50.572],[7.5164,50.571],[7.5319,50.5641],[7.5371,50.5805],[7.5594,50.599],[7.5428,50.6102],[7.5511,50.6264],[7.5787,50.6194],[7.5711,50.6451],[7.5915,50.6528],[7.6097,50.6474],[7.6346,50.6537],[7.6788,50.6442],[7.7007,50.6234],[7.7045,50.6544],[7.6916,50.6669],[7.7052,50.6748],[7.7207,50.6722],[7.7264,50.6871],[7.7007,50.6942],[7.6962,50.7051],[7.7154,50.716],[7.7199,50.7308],[7.7687,50.7322],[7.8079,50.7299],[7.8008,50.7167],[7.8163,50.7058],[7.8363,50.7121],[7.8604,50.6965],[7.8574,50.6833],[7.888,50.6794],[7.8816,50.6965],[7.8907,50.716],[7.9024,50.719],[7.9466,50.7088],[7.9666,50.6956],[7.9639,50.6778],[7.9953,50.6771],[8.0055,50.688],[8.0391,50.6972],[8.0402,50.7253],[7.987,50.7595],[7.9685,50.7737],[7.9677,50.7984],[7.9768,50.8251],[7.962,50.8475],[7.9254,50.8445],[7.9061,50.8482],[7.8869,50.8654],[7.8831,50.8749],[7.8299,50.8825],[7.8336,50.9082],[7.851,50.9263]]]}},{"type":"Feature","properties":{"codes":["AZ"],"name":"Alzey-Worms","state":"Rheinland-Pfalz","districtType":"Landkreis"},"geometry":{"type":"Polygon","coordinates":[[[8.3998,49.8033],[8.376,49.7987],[8.3567,49.7822],[8.3125,49.7838],[8.2861,49.7526],[8.254,49.7674],[8.2374,49.7697],[8.2257,49.7987],[8.2355,49.8063],[8.231,49.8227],[8.1989,49.8211],[8.1905,49.8353],[8.1943,49.8438],[8.2143,49.8531],[8.197,49.8679],[8.1769,49.8999],[8.1346,49.8906],[8.1192,49.8992],[8.1007,49.8913],[8.0485,49.8843],[8.0584,49.8742],[8.0512,49.864],[7.9972,49.8422],[7.9923,49.8343],[7.9639,49.8329],[7.9247,49.8033],[7.9311,49.7954],[7.933,49.766],[7.9054,49.7519],[7.9216,49.7426],[7.9651,49.7278],[7.9602,49.7021],[7.9862,49.6965],[8.0179,49.7107],[8.0595,49.6951],[8.1025,49.6981],[8.1109,49.678],[8.1328,49.6731],[8.155,49.6585],[8.1584,49.6444],[8.152,49.6266],[8.1917,49.6273],[8.2193,49.6101],[8.2328,49.5884],[8.2559,49.5914],[8.2385,49.6296],[8.2449,49.65],[8.2789,49.6553],[8.2578,49.6889],[8.288,49.6928],[8.3091,49.6843],[8.342,49.6826],[8.3503,49.6958],[8.3522,49.7301],[8.3696,49.7301],[8.4009,49.7371],[8.4236,49.7262],[8.4466,49.7308],[8.4485,49.734],[8.4799,49.7598],[8.4723,49.769],[8.433,49.766],[8.4172,49.772],[8.3998,49.8033]]]}},{"type":"Feature","properties":{"codes":["DÜW"],"name":"Bad Dürkheim","state":"Rheinland-Pfalz","districtType":"Landkreis"},"geometry":{"type":"Polygon","coordinates":[[[8.2559,49.5914],[8.2328,49.5884],[8.2193,49.6101],[8.1917,49.6273],[8.152,49.6266],[8.1263,49.6125],[8.1116,49.5844],[8.0897,49.5768],[8.0954,49.5511],[8.0648,49.5432],[8.0448,49.5238],[8.0255,49.5168],[8.0081,49.4981],[7.9639,49.4902],[7.9522,49.4825],[7.953,49.4598],[7.962,49.4443],[7.9813,49.4411],[7.9806,49.4265],[7.9568,49.4209],[7.9503,49.4131],[7.9602,49.3999],[7.9511,49.3906],[7.9152,49.3922],[7.8959,49.379],[7.8567,49.3735],[7.8484,49.3626],[7.8401,49.3586],[7.8272,49.3454],[7.8317,49.3237],[7.8555,49.3329],[7.8676,49.3135],[7.874,49.3112],[7.9182,49.3158],[7.9364,49.3088],[7.9394,49.3197],[7.962,49.3251],[7.9843,49.3422],[7.9998,49.3438],[8.0145,49.3524],[8.0504,49.3533],[8.0761,49.3626],[8.0905,49.3603],[8.0988,49.3883],[8.1226,49.3813],[8.1373,49.389],[8.163,49.3936],[8.1989,49.386],[8.2257,49.3702],[8.2162,49.3547],[8.2276,49.3471],[8.2264,49.3329],[8.2548,49.3227],[8.2982,49.3165],[8.3144,49.3112],[8.3174,49.3151],[8.3046,49.3501],[8.2925,49.3656],[8.2952,49.3735],[8.2657,49.4008],[8.2578,49.4193],[8.2374,49.4186],[8.2355,49.4397],[8.2835,49.4466],[8.2714,49.4786],[8.254,49.4777],[8.2449,49.4895],[8.2725,49.4987],[8.2657,49.5284],[8.2816,49.5425],[8.2804,49.5868],[8.2559,49.5914]]]}},{"type":"Feature","properties":{"codes":["KH"],"name":"Bad Kreuznach","state":"Rheinland-Pfalz","districtType":"Landkreis"},"geometry":{"type":"Polygon","coordinates":[[[7.7347,49.9988],[7.7124,49.9971],[7.6867,50.0011],[7.7071,49.9809],[7.6803,49.977],[7.6667,49.9691],[7.6584,49.9536],[7.6622,49.9395],[7.6493,49.9302],[7.6301,49.9348],[7.5961,49.9186],[7.573,49.8999],[7.5436,49.8959],[7.496,49.86],[7.4684,49.8663],[7.4246,49.8406],[7.4235,49.8515],[7.3989,49.8563],[7.3876,49.8468],[7.3959,49.8221],[7.4163,49.8026],[7.4439,49.7868],[7.4374,49.772],[7.4144,49.7565],[7.4408,49.7357],[7.4537,49.7449],[7.4805,49.738],[7.4971,49.7169],[7.5228,49.7074],[7.5307,49.71],[7.5485,49.6928],[7.5647,49.6856],[7.5776,49.6889],[7.5998,49.6794],[7.607,49.6843],[7.6403,49.6856],[7.6527,49.6988],[7.6739,49.6856],[7.6712,49.6708],[7.6584,49.6569],[7.6565,49.6375],[7.6776,49.6398],[7.7033,49.6523],[7.7207,49.6717],[7.7188,49.681],[7.7354,49.6975],[7.7237,49.7176],[7.7668,49.744],[7.7573,49.7581],[7.7721,49.7644],[7.7804,49.7512],[7.7989,49.7581],[7.8246,49.7519],[7.8393,49.7604],[7.8623,49.766],[7.8676,49.7574],[7.8959,49.7604],[7.9054,49.7519],[7.933,49.766],[7.9311,49.7954],[7.9247,49.8033],[7.9639,49.8329],[7.9549,49.8461],[7.9685,49.854],[7.9473,49.8804],[7.9201,49.882],[7.9107,49.9114],[7.8978,49.9302],[7.8446,49.9427],[7.8144,49.9334],[7.8061,49.9372],[7.8034,49.9592],[7.7732,49.973],[7.7585,49.9941],[7.7347,49.9988]]]}},{"type":"Feature","properties":{"codes":["BKS","WIL"],"name":"Bernkastel-Wittlich","state":"Rheinland-Pfalz","districtType":"Landkreis"},"geometry":{"type":"Polygon","coordinates":[[[6.9793,50.0976],[6.9555,50.0835],[6.9427,50.0884],[6.9189,50.0759],[6.9049,50.0782],[6.8977,50.1032],[6.8611,50.1296],[6.8214,50.124],[6.7757,50.1078],[6.7519,50.1092],[6.7308,50.0907],[6.7006,50.0844],[6.6949,50.075],[6.7032,50.0423],[6.7006,50.0221],[6.7104,50.0166],[6.7142,49.9846],[6.6813,49.9652],[6.7077,49.9388],[6.6994,49.9249],[6.7134,49.9186],[6.7123,49.9045],[6.7327,49.8797],[6.7553,49.8929],[6.7599,49.8797],[6.7848,49.8772],[6.7969,49.861],[6.8233,49.8593],[6.8452,49.8663],[6.8766,49.864],[6.8856,49.8468],[6.9015,49.832],[6.9223,49.8234],[6.9446,49.8227],[6.9491,49.8089],[6.903,49.8026],[6.903,49.7931],[6.8785,49.7831],[6.8958,49.7706],[6.9068,49.7512],[6.9472,49.7347],[6.9536,49.7239],[6.9748,49.7137],[6.9646,49.6942],[6.9812,49.6787],[7.0042,49.6731],[7.0446,49.6896],[7.1077,49.744],[7.1308,49.7581],[7.1251,49.772],[7.161,49.7977],[7.1897,49.8126],[7.2142,49.8306],[7.2637,49.8554],[7.2225,49.885],[7.2116,49.8999],[7.2335,49.9163],[7.2539,49.9411],[7.2218,49.948],[7.2135,49.9622],[7.2025,49.9661],[7.1897,49.9777],[7.1968,49.9863],[7.1602,49.9932],[7.1353,50.0011],[7.1251,50.0268],[7.1024,50.037],[7.0986,50.0618],[7.0575,50.0696],[7.0307,50.065],[7.0152,50.0782],[6.9838,50.0828],[6.9793,50.0976]]]}},{"type":"Feature","properties":{"codes":["BIR"],"name":"Birkenfeld","state":"Rheinland-Pfalz","districtType":"Landkreis"},"geometry":{"type":"Polygon","coordinates":[[[7.3989,49.8563],[7.3932,49.8711],[7.394,49.8929],[7.363,49.8992],[7.3381,49.8959],[7.3234,49.8992],[7.3086,49.8827],[7.2943,49.8788],[7.2814,49.8992],[7.2611,49.8913],[7.2391,49.8929],[7.2225,49.885],[7.2637,49.8554],[7.2142,49.8306],[7.1897,49.8126],[7.161,49.7977],[7.1251,49.772],[7.1308,49.7581],[7.1077,49.744],[7.0446,49.6896],[7.0609,49.681],[7.0435,49.6717],[7.0518,49.6592],[7.028,49.6398],[7.0594,49.6305],[7.0885,49.5993],[7.093,49.6039],[7.1243,49.5953],[7.1493,49.6039],[7.1749,49.5946],[7.1731,49.5877],[7.1904,49.5775],[7.2097,49.5775],[7.2188,49.565],[7.2618,49.5742],[7.2765,49.5485],[7.3041,49.5557],[7.3336,49.5712],[7.363,49.5962],[7.374,49.5986],[7.4106,49.5946],[7.4208,49.59],[7.4427,49.5986],[7.4344,49.6398],[7.4363,49.6569],[7.4537,49.6741],[7.4786,49.678],[7.5164,49.6771],[7.5217,49.6856],[7.5228,49.7074],[7.4971,49.7169],[7.4805,49.738],[7.4537,49.7449],[7.4408,49.7357],[7.4144,49.7565],[7.4374,49.772],[7.4439,49.7868],[7.4163,49.8026],[7.3959,49.8221],[7.3876,49.8468],[7.3989,49.8563]]]}},{"type":"Feature","properties":{"codes":["COC","ZEL"],"name":"Cochem-Zell","state":"Rheinland-Pfalz","districtType":"Landkreis"},"geometry":{"type":"Polygon","coordinates":[[[7.3823,50.1606],[7.3683,50.1887],[7.3759,50.209],[7.3566,50.2144],[7.3472,50.2035],[7.3509,50.2005],[7.3253,50.1982],[7.3022,50.2044],[7.3181,50.213],[7.2713,50.2519],[7.2475,50.2558],[7.2297,50.2635],[7.2135,50.2581],[7.1848,50.2658],[7.1885,50.2744],[7.1629,50.2806],[7.1345,50.2644],[7.1005,50.2737],[7.0877,50.2713],[7.0684,50.2799],[7.0518,50.244],[7.0363,50.2364],[7.0344,50.2262],[7.0114,50.2229],[6.9785,50.2371],[6.9529,50.2074],[6.9729,50.1748],[6.9729,50.1616],[6.9555,50.1576],[6.9767,50.1389],[6.9812,50.1171],[6.9793,50.0976],[6.9838,50.0828],[7.0152,50.0782],[7.0307,50.065],[7.0575,50.0696],[7.0986,50.0618],[7.1024,50.037],[7.1251,50.0268],[7.1353,50.0011],[7.1602,49.9932],[7.1968,49.9863],[7.1897,49.9777],[7.2025,49.9661],[7.2399,49.9598],[7.2584,49.97],[7.2841,49.97],[7.2905,49.98],[7.286,49.9941],[7.3079,49.9932],[7.3483,50.0089],[7.3555,50.0152],[7.3445,50.0275],[7.3264,50.0627],[7.3407,50.0634],[7.3438,50.0821],[7.3373,50.0937],[7.3086,50.1039],[7.2943,50.1203],[7.317,50.1335],[7.3271,50.125],[7.374,50.1398],[7.3638,50.1467],[7.3823,50.1606]]]}},{"type":"Feature","properties":{"codes":["KIB","ROK"],"name":"Donnersbergkreis","state":"Rheinland-Pfalz","districtType":"Landkreis"},"geometry":{"type":"Polygon","coordinates":[[[7.9054,49.7519],[7.8959,49.7604],[7.8676,49.7574],[7.8623,49.766],[7.8393,49.7604],[7.8246,49.7519],[7.7989,49.7581],[7.7804,49.7512],[7.7721,49.7644],[7.7573,49.7581],[7.7668,49.744],[7.7237,49.7176],[7.7354,49.6975],[7.7188,49.681],[7.7207,49.6717],[7.7033,49.6523],[7.7271,49.6414],[7.7188,49.625],[7.6969,49.6203],[7.706,49.6085],[7.6962,49.5884],[7.7188,49.5907],[7.752,49.5712],[7.7758,49.5666],[7.7834,49.5597],[7.763,49.5439],[7.7713,49.5363],[7.8053,49.5386],[7.8419,49.5261],[7.8722,49.5214],[7.9126,49.5346],[7.9568,49.5268],[7.9568,49.4934],[7.9639,49.4902],[8.0081,49.4981],[8.0255,49.5168],[8.0448,49.5238],[8.0648,49.5432],[8.0954,49.5511],[8.0897,49.5768],[8.1116,49.5844],[8.1263,49.6125],[8.152,49.6266],[8.1584,49.6444],[8.155,49.6585],[8.1328,49.6731],[8.1109,49.678],[8.1025,49.6981],[8.0595,49.6951],[8.0179,49.7107],[7.9862,49.6965],[7.9602,49.7021],[7.9651,49.7278],[7.9216,49.7426],[7.9054,49.7519]]]}},{"type":"Feature","properties":{"codes":["BIT","PRÜ"],"name":"Eifelkreis Bitburg-Prüm","state":"Rheinland-Pfalz","districtType":"Landkreis"},"geometry":{"type":"Polygon","coordinates":[[[6.4252,50.3228],[6.3829,50.3218],[6.3625,50.3056],[6.3278,50.3241],[6.3059,50.3195],[6.3066,50.3096],[6.2855,50.2938],[6.2919,50.279],[6.2783,50.2667],[6.259,50.2674],[6.216,50.2572],[6.1956,50.2371],[6.1775,50.2364],[6.1692,50.2246],[6.1884,50.2051],[6.1846,50.1942],[6.1911,50.181],[6.1499,50.1778],[6.1469,50.1606],[6.1197,50.0861],[6.1295,50.0736],[6.1121,50.0594],[6.134,50.0384],[6.1295,50.0298],[6.1461,50.0221],[6.1389,50.0103],[6.1571,49.9872],[6.1692,49.9809],[6.1646,49.9707],[6.1775,49.9543],[6.2084,49.9543],[6.2251,49.9395],[6.2341,49.9131],[6.2334,49.9006],[6.2462,49.8959],[6.2617,49.8811],[6.2828,49.8788],[6.2968,49.8663],[6.3112,49.8702],[6.3225,49.8524],[6.3399,49.8485],[6.3644,49.8508],[6.4022,49.8197],[6.4305,49.8102],[6.4536,49.8112],[6.4747,49.8211],[6.483,49.8221],[6.5042,49.8392],[6.528,49.8415],[6.5249,49.8531],[6.5427,49.8626],[6.6133,49.8827],[6.6398,49.8834],[6.6685,49.8929],[6.6813,49.9101],[6.6987,49.9131],[6.7123,49.9045],[6.7134,49.9186],[6.6994,49.9249],[6.7077,49.9388],[6.6813,49.9652],[6.7142,49.9846],[6.7104,50.0166],[6.7006,50.0221],[6.7032,50.0423],[6.6949,50.075],[6.7006,50.0844],[6.6628,50.0946],[6.65,50.1118],[6.636,50.1164],[6.616,50.1055],[6.5831,50.1092],[6.5782,50.1296],[6.5857,50.1349],[6.5525,50.1467],[6.5544,50.1662],[6.5703,50.1863],[6.5895,50.1958],[6.5903,50.2239],[6.5627,50.2301],[6.5672,50.2447],[6.5525,50.2535],[6.5332,50.2503],[6.5197,50.2658],[6.5113,50.2862],[6.4849,50.2852],[6.4702,50.3109],[6.4479,50.297],[6.4426,50.3056],[6.4233,50.3133],[6.4252,50.3228]]]}},{"type":"Feature","properties":{"codes":["FT"],"name":"Frankenthal (Pfalz)","state":"Rheinland-Pfalz","districtType":"Kreisfreie Stadt"},"geometry":{"type":"Polygon","coordinates":[[[8.4228,49.5742],[8.4043,49.5791],[8.3771,49.5657],[8.3382,49.558],[8.3375,49.5502],[8.3118,49.5495],[8.3227,49.537],[8.3091,49.5066],[8.3099,49.4849],[8.3522,49.4918],[8.3688,49.4997],[8.3798,49.5393],[8.3934,49.5502],[8.4228,49.5416],[8.4145,49.562],[8.4228,49.5742]]]}},{"type":"Feature","properties":{"codes":["GER"],"name":"Germersheim","state":"Rheinland-Pfalz","districtType":"Landkreis"},"geometry":{"type":"Polygon","coordinates":[[[8.4126,49.2496],[8.3915,49.2505],[8.3688,49.2683],[8.3677,49.2815],[8.3201,49.2963],[8.2918,49.2808],[8.2476,49.2753],[8.2514,49.2637],[8.2321,49.2604],[8.2385,49.2225],[8.231,49.2116],[8.2162,49.209],[8.2162,49.171],[8.2548,49.1701],[8.2631,49.153],[8.2548,49.146],[8.2631,49.1259],[8.2302,49.1243],[8.2053,49.1101],[8.1788,49.121],[8.166,49.1358],[8.1346,49.1266],[8.118,49.1321],[8.1173,49.1002],[8.1018,49.0884],[8.084,49.087],[8.0686,49.062],[8.0769,49.0332],[8.0686,48.9997],[8.0897,48.9895],[8.1226,48.9855],[8.1392,48.9786],[8.1951,48.977],[8.2007,48.967],[8.2226,48.9763],[8.2328,48.967],[8.2612,48.9809],[8.288,48.998],[8.2989,49.0168],[8.3061,49.0455],[8.3182,49.0627],[8.3548,49.093],[8.3624,49.1087],[8.3715,49.1453],[8.3696,49.171],[8.3851,49.1981],[8.4028,49.2139],[8.4036,49.2248],[8.3851,49.2255],[8.3926,49.2387],[8.4126,49.2496]]]}},{"type":"Feature","properties":{"codes":["KL"],"name":"Kaiserslautern","state":"Rheinland-Pfalz","districtType":"Kreisfreie Stadt"},"geometry":{"type":"Polygon","coordinates":[[[7.8484,49.3626],[7.8246,49.3741],[7.8155,49.3959],[7.8374,49.3968],[7.8684,49.41],[7.8703,49.4216],[7.8574,49.4436],[7.8586,49.4513],[7.8438,49.4645],[7.8136,49.4622],[7.7989,49.4723],[7.8008,49.4849],[7.7796,49.4902],[7.7573,49.4888],[7.7558,49.4763],[7.7373,49.473],[7.7199,49.4895],[7.7014,49.4948],[7.6795,49.4872],[7.6822,49.4598],[7.7007,49.4529],[7.7026,49.442],[7.6712,49.4496],[7.6346,49.4466],[7.6353,49.4327],[7.6622,49.4265],[7.6814,49.3968],[7.706,49.3922],[7.7694,49.3952],[7.7758,49.3883],[7.8144,49.3695],[7.8208,49.3609],[7.8401,49.3586],[7.8484,49.3626]]]}},{"type":"Feature","properties":{"codes":["KL"],"name":"Kaiserslautern","state":"Rheinland-Pfalz","districtType":"Landkreis"},"geometry":{"type":"Polygon","coordinates":[[[7.9639,49.4902],[7.9568,49.4934],[7.9568,49.5268],[7.9126,49.5346],[7.8722,49.5214],[7.8419,49.5261],[7.8053,49.5386],[7.7713,49.5363],[7.763,49.5439],[7.7834,49.5597],[7.7758,49.5666],[7.752,49.5712],[7.7188,49.5907],[7.6962,49.5884],[7.652,49.5884],[7.6418,49.5742],[7.6584,49.5729],[7.661,49.562],[7.6335,49.5386],[7.6097,49.5323],[7.6063,49.5214],[7.5851,49.53],[7.573,49.5221],[7.5281,49.5168],[7.5005,49.5034],[7.4786,49.4974],[7.4812,49.4872],[7.4465,49.4529],[7.4593,49.4351],[7.4253,49.4232],[7.4061,49.407],[7.3989,49.3906],[7.405,49.379],[7.3959,49.3718],[7.4023,49.3679],[7.4831,49.3415],[7.5032,49.354],[7.5371,49.3392],[7.5594,49.3524],[7.5723,49.3718],[7.6014,49.3765],[7.6097,49.3609],[7.6244,49.3609],[7.6244,49.3438],[7.6674,49.3422],[7.6795,49.3376],[7.7347,49.3447],[7.7604,49.3447],[7.7649,49.3197],[7.774,49.3105],[7.8008,49.3095],[7.8317,49.3237],[7.8272,49.3454],[7.8401,49.3586],[7.8208,49.3609],[7.8144,49.3695],[7.7758,49.3883],[7.7694,49.3952],[7.706,49.3922],[7.6814,49.3968],[7.6622,49.4265],[7.6353,49.4327],[7.6346,49.4466],[7.6712,49.4496],[7.7026,49.442],[7.7007,49.4529],[7.6822,49.4598],[7.6795,49.4872],[7.7014,49.4948],[7.7199,49.4895],[7.7373,49.473],[7.7558,49.4763],[7.7573,49.4888],[7.7796,49.4902],[7.8008,49.4849],[7.7989,49.4723],[7.8136,49.4622],[7.8438,49.4645],[7.8586,49.4513],[7.8574,49.4436],[7.8703,49.4216],[7.8684,49.41],[7.8374,49.3968],[7.8155,49.3959],[7.8246,49.3741],[7.8484,49.3626],[7.8567,49.3735],[7.8959,49.379],[7.9152,49.3922],[7.9511,49.3906],[7.9602,49.3999],[7.9503,49.4131],[7.9568,49.4209],[7.9806,49.4265],[7.9813,49.4411],[7.962,49.4443],[7.953,49.4598],[7.9522,49.4825],[7.9639,49.4902]]]}},{"type":"Feature","properties":{"codes":["KO"],"name":"Koblenz","state":"Rheinland-Pfalz","districtType":"Kreisfreie Stadt"},"geometry":{"type":"Polygon","coordinates":[[[7.6051,50.2938],[7.5961,50.3033],[7.5904,50.3258],[7.6301,50.3235],[7.6576,50.3281],[7.6667,50.3452],[7.6886,50.36],[7.6867,50.3732],[7.664,50.3818],[7.6172,50.3742],[7.6032,50.392],[7.5711,50.4108],[7.5364,50.3851],[7.5081,50.3765],[7.4858,50.3624],[7.4971,50.3468],[7.5217,50.3367],[7.5319,50.3218],[7.5164,50.3096],[7.5179,50.2977],[7.5337,50.2852],[7.5557,50.2829],[7.5768,50.2961],[7.6051,50.2938]]]}},{"type":"Feature","properties":{"codes":["KUS"],"name":"Kusel","state":"Rheinland-Pfalz","districtType":"Landkreis"},"geometry":{"type":"Polygon","coordinates":[[[7.7033,49.6523],[7.6776,49.6398],[7.6565,49.6375],[7.6584,49.6569],[7.6712,49.6708],[7.6739,49.6856],[7.6527,49.6988],[7.6403,49.6856],[7.607,49.6843],[7.5998,49.6794],[7.5776,49.6889],[7.5647,49.6856],[7.5485,49.6928],[7.5307,49.71],[7.5228,49.7074],[7.5217,49.6856],[7.5164,49.6771],[7.4786,49.678],[7.4537,49.6741],[7.4363,49.6569],[7.4344,49.6398],[7.4427,49.5986],[7.4208,49.59],[7.4106,49.5946],[7.374,49.5986],[7.363,49.5962],[7.3336,49.5712],[7.3041,49.5557],[7.2765,49.5485],[7.2765,49.537],[7.2988,49.5314],[7.286,49.5168],[7.2814,49.4888],[7.2969,49.4832],[7.3052,49.4723],[7.2867,49.4575],[7.2463,49.4459],[7.2527,49.4318],[7.2886,49.4163],[7.2924,49.4084],[7.2969,49.389],[7.3317,49.379],[7.3464,49.3813],[7.3695,49.3741],[7.3959,49.3718],[7.405,49.379],[7.3989,49.3906],[7.4061,49.407],[7.4253,49.4232],[7.4593,49.4351],[7.4465,49.4529],[7.4812,49.4872],[7.4786,49.4974],[7.5005,49.5034],[7.5281,49.5168],[7.573,49.5221],[7.5851,49.53],[7.6063,49.5214],[7.6097,49.5323],[7.6335,49.5386],[7.661,49.562],[7.6584,49.5729],[7.6418,49.5742],[7.652,49.5884],[7.6962,49.5884],[7.706,49.6085],[7.6969,49.6203],[7.7188,49.625],[7.7271,49.6414],[7.7033,49.6523]]]}},{"type":"Feature","properties":{"codes":["LD"],"name":"Landau in der Pfalz","state":"Rheinland-Pfalz","districtType":"Kreisfreie Stadt"},"geometry":{"type":"MultiPolygon","coordinates":[[[[7.8722,49.2831],[7.9254,49.2753],[7.9458,49.2621],[7.9639,49.259],[7.9632,49.2956],[7.9394,49.298],[7.9364,49.3088],[7.9182,49.3158],[7.874,49.3112],[7.8676,49.3135],[7.8722,49.2831]]],[[[8.1807,49.2067],[8.1566,49.2067],[8.1558,49.2278],[8.1294,49.2278],[8.1033,49.2324],[8.0576,49.2215],[8.0621,49.203],[8.044,49.1974],[8.0568,49.1866],[8.055,49.1694],[8.064,49.1553],[8.0905,49.1562],[8.1063,49.1741],[8.1758,49.1687],[8.1796,49.1835],[8.1694,49.203],[8.1807,49.2067]]]]}},{"type":"Feature","properties":{"codes":["LU"],"name":"Ludwigshafen am Rhein","state":"Rheinland-Pfalz","districtType":"Kreisfreie Stadt"},"geometry":{"type":"Polygon","coordinates":[[[8.3099,49.4849],[8.2989,49.4816],[8.3118,49.4598],[8.3575,49.4707],[8.3869,49.4311],[8.4017,49.4272],[8.4723,49.4436],[8.4447,49.4473],[8.4447,49.4598],[8.4632,49.473],[8.444,49.4911],[8.4228,49.5416],[8.3934,49.5502],[8.3798,49.5393],[8.3688,49.4997],[8.3522,49.4918],[8.3099,49.4849]]]}},{"type":"Feature","properties":{"codes":["BIN"],"name":"Mainz-Bingen","state":"Rheinland-Pfalz","districtType":"Landkreis"},"geometry":{"type":"Polygon","coordinates":[[[7.774,50.0666],[7.7649,50.0828],[7.7464,50.0798],[7.706,50.0634],[7.6739,50.0416],[7.6996,50.0129],[7.7143,50.0103],[7.7347,49.9988],[7.7585,49.9941],[7.7732,49.973],[7.8034,49.9592],[7.8061,49.9372],[7.8144,49.9334],[7.8446,49.9427],[7.8978,49.9302],[7.9107,49.9114],[7.9201,49.882],[7.9473,49.8804],[7.9685,49.854],[7.9549,49.8461],[7.9639,49.8329],[7.9923,49.8343],[7.9972,49.8422],[8.0512,49.864],[8.0584,49.8742],[8.0485,49.8843],[8.1007,49.8913],[8.1192,49.8992],[8.1346,49.8906],[8.1769,49.8999],[8.197,49.8679],[8.2143,49.8531],[8.1943,49.8438],[8.1905,49.8353],[8.1989,49.8211],[8.231,49.8227],[8.2355,49.8063],[8.2257,49.7987],[8.2374,49.7697],[8.254,49.7674],[8.2861,49.7526],[8.3125,49.7838],[8.3567,49.7822],[8.376,49.7987],[8.3998,49.8033],[8.3824,49.8188],[8.3779,49.8329],[8.3851,49.8485],[8.3786,49.86],[8.3575,49.8649],[8.3431,49.882],[8.3439,49.8952],[8.3548,49.9163],[8.3431,49.9404],[8.3265,49.9457],[8.311,49.9411],[8.2797,49.9411],[8.2804,49.9309],[8.2676,49.9249],[8.2483,49.8952],[8.2321,49.9006],[8.2302,49.9233],[8.2449,49.9395],[8.2174,49.9566],[8.1905,49.9529],[8.1807,49.9675],[8.1486,49.9638],[8.1437,49.9832],[8.1539,49.9879],[8.1558,50.0034],[8.1887,50.0096],[8.2,50.0221],[8.1898,50.0353],[8.1751,50.0347],[8.1063,50.0166],[8.075,50.0057],[8.0364,50.0027],[8.0089,49.9909],[7.9677,49.9777],[7.9401,49.9737],[7.8778,49.973],[7.8638,49.9823],[7.8586,50.0066],[7.831,50.0205],[7.8061,50.0393],[7.7796,50.0509],[7.774,50.0666]]]}},{"type":"Feature","properties":{"codes":["MZ"],"name":"Mainz","state":"Rheinland-Pfalz","districtType":"Kreisfreie Stadt"},"geometry":{"type":"Polygon","coordinates":[[[8.1898,50.0353],[8.2,50.0221],[8.1887,50.0096],[8.1558,50.0034],[8.1539,49.9879],[8.1437,49.9832],[8.1486,49.9638],[8.1807,49.9675],[8.1905,49.9529],[8.2174,49.9566],[8.2449,49.9395],[8.2302,49.9233],[8.2321,49.9006],[8.2483,49.8952],[8.2676,49.9249],[8.2804,49.9309],[8.2797,49.9411],[8.311,49.9411],[8.3265,49.9457],[8.3431,49.9404],[8.3412,49.9513],[8.3227,49.9737],[8.288,49.9948],[8.2725,50.0103],[8.2438,50.0284],[8.1898,50.0353]]]}},{"type":"Feature","properties":{"codes":["MY","MYK"],"name":"Mayen-Koblenz","state":"Rheinland-Pfalz","districtType":"Landkreis"},"geometry":{"type":"Polygon","coordinates":[[[7.5987,50.4645],[7.5776,50.4636],[7.5749,50.4504],[7.5549,50.4372],[7.5511,50.4184],[7.5254,50.4216],[7.5134,50.4154],[7.4729,50.4131],[7.4556,50.4233],[7.4427,50.4395],[7.4318,50.4441],[7.3959,50.4434],[7.3812,50.4487],[7.3483,50.4707],[7.3445,50.477],[7.3328,50.4668],[7.2977,50.4599],[7.2905,50.452],[7.286,50.4098],[7.2758,50.3983],[7.2592,50.3936],[7.2399,50.4052],[7.1795,50.4115],[7.1493,50.3936],[7.1326,50.3927],[7.1236,50.4061],[7.1024,50.4029],[7.0979,50.3943],[7.0767,50.4006],[7.0088,50.3749],[6.9838,50.3492],[7.0088,50.3499],[7.0197,50.3297],[6.9767,50.3033],[7.0004,50.2892],[7.0171,50.2938],[7.0428,50.2892],[7.0877,50.2713],[7.1005,50.2737],[7.1345,50.2644],[7.1629,50.2806],[7.1885,50.2744],[7.1848,50.2658],[7.2135,50.2581],[7.2297,50.2635],[7.2475,50.2558],[7.2713,50.2519],[7.3181,50.213],[7.3022,50.2044],[7.3253,50.1982],[7.3509,50.2005],[7.3472,50.2035],[7.3566,50.2144],[7.3759,50.209],[7.3683,50.1887],[7.3823,50.1606],[7.4087,50.163],[7.4299,50.1764],[7.4152,50.1919],[7.4318,50.2107],[7.4454,50.2114],[7.4593,50.1989],[7.476,50.2058],[7.4933,50.2262],[7.5081,50.2315],[7.5152,50.2535],[7.5364,50.2658],[7.5685,50.2549],[7.6044,50.2581],[7.6353,50.2456],[7.6512,50.2526],[7.6448,50.269],[7.6051,50.2938],[7.5768,50.2961],[7.5557,50.2829],[7.5337,50.2852],[7.5179,50.2977],[7.5164,50.3096],[7.5319,50.3218],[7.5217,50.3367],[7.4971,50.3468],[7.4858,50.3624],[7.5081,50.3765],[7.5364,50.3851],[7.5711,50.4108],[7.6032,50.392],[7.6172,50.3742],[7.664,50.3818],[7.6482,50.3834],[7.6501,50.3999],[7.6814,50.4052],[7.6705,50.4207],[7.6255,50.4427],[7.6142,50.4612],[7.5987,50.4645]]]}},{"type":"Feature","properties":{"codes":["NW"],"name":"Neustadt an der Weinstraße","state":"Rheinland-Pfalz","districtType":"Kreisfreie Stadt"},"geometry":{"type":"Polygon","coordinates":[[[8.3174,49.3079],[8.3144,49.3112],[8.2982,49.3165],[8.2548,49.3227],[8.2264,49.3329],[8.2276,49.3471],[8.2162,49.3547],[8.2257,49.3702],[8.1989,49.386],[8.163,49.3936],[8.1373,49.389],[8.1226,49.3813],[8.0988,49.3883],[8.0905,49.3603],[8.0761,49.3626],[8.0504,49.3533],[8.0145,49.3524],[7.9998,49.3438],[8.0402,49.3244],[8.0595,49.319],[8.075,49.3237],[8.1052,49.3151],[8.1384,49.3112],[8.1577,49.3151],[8.186,49.3095],[8.197,49.2963],[8.2532,49.2963],[8.3174,49.3079]]]}},{"type":"Feature","properties":{"codes":["NR"],"name":"Neuwied","state":"Rheinland-Pfalz","districtType":"Landkreis"},"geometry":{"type":"Polygon","coordinates":[[[7.4408,50.7114],[7.4235,50.7097],[7.4068,50.7183],[7.3683,50.7121],[7.3649,50.688],[7.3695,50.6722],[7.3555,50.6653],[7.3593,50.6498],[7.3309,50.6396],[7.3226,50.6419],[7.2977,50.6319],[7.2554,50.6248],[7.2161,50.628],[7.2123,50.6234],[7.2097,50.5944],[7.2233,50.5828],[7.2603,50.5766],[7.272,50.5687],[7.2969,50.5189],[7.3215,50.4939],[7.3445,50.477],[7.3483,50.4707],[7.3812,50.4487],[7.3959,50.4434],[7.4318,50.4441],[7.4427,50.4395],[7.4556,50.4233],[7.4729,50.4131],[7.5134,50.4154],[7.5254,50.4216],[7.5511,50.4184],[7.5549,50.4372],[7.5749,50.4504],[7.5776,50.4636],[7.5987,50.4645],[7.6032,50.4816],[7.6403,50.4846],[7.6576,50.4932],[7.6788,50.4965],[7.6686,50.5189],[7.6924,50.5259],[7.7026,50.5439],[7.6931,50.5532],[7.7045,50.5618],[7.6924,50.572],[7.6803,50.5937],[7.6648,50.5944],[7.6739,50.6125],[7.7007,50.6234],[7.6788,50.6442],[7.6346,50.6537],[7.6097,50.6474],[7.5915,50.6528],[7.5711,50.6451],[7.5787,50.6194],[7.5511,50.6264],[7.5428,50.6102],[7.5594,50.599],[7.5371,50.5805],[7.5319,50.5641],[7.5164,50.571],[7.4952,50.572],[7.4748,50.5828],[7.4567,50.6224],[7.4741,50.6349],[7.4831,50.6481],[7.485,50.6699],[7.4684,50.6722],[7.4639,50.6833],[7.4408,50.7114]]]}},{"type":"Feature","properties":{"codes":["PS"],"name":"Pirmasens","state":"Rheinland-Pfalz","districtType":"Kreisfreie Stadt"},"geometry":{"type":"Polygon","coordinates":[[[7.5704,49.1655],[7.5904,49.1615],[7.6353,49.1625],[7.641,49.181],[7.6557,49.1866],[7.6539,49.1958],[7.6659,49.2076],[7.6731,49.2287],[7.6289,49.2225],[7.6014,49.2333],[7.5711,49.2347],[7.5549,49.2201],[7.5198,49.2116],[7.5152,49.2005],[7.5613,49.1664],[7.5704,49.1655]]]}},{"type":"Feature","properties":{"codes":["GOA","SIM"],"name":"Rhein-Hunsrück-Kreis","state":"Rheinland-Pfalz","districtType":"Landkreis"},"geometry":{"type":"Polygon","coordinates":[[[7.6353,50.2456],[7.6044,50.2581],[7.5685,50.2549],[7.5364,50.2658],[7.5152,50.2535],[7.5081,50.2315],[7.4933,50.2262],[7.476,50.2058],[7.4593,50.1989],[7.4454,50.2114],[7.4318,50.2107],[7.4152,50.1919],[7.4299,50.1764],[7.4087,50.163],[7.3823,50.1606],[7.3638,50.1467],[7.374,50.1398],[7.3271,50.125],[7.317,50.1335],[7.2943,50.1203],[7.3086,50.1039],[7.3373,50.0937],[7.3438,50.0821],[7.3407,50.0634],[7.3264,50.0627],[7.3445,50.0275],[7.3555,50.0152],[7.3483,50.0089],[7.3079,49.9932],[7.286,49.9941],[7.2905,49.98],[7.2841,49.97],[7.2584,49.97],[7.2399,49.9598],[7.2025,49.9661],[7.2135,49.9622],[7.2218,49.948],[7.2539,49.9411],[7.2335,49.9163],[7.2116,49.8999],[7.2225,49.885],[7.2391,49.8929],[7.2611,49.8913],[7.2814,49.8992],[7.2943,49.8788],[7.3086,49.8827],[7.3234,49.8992],[7.3381,49.8959],[7.363,49.8992],[7.394,49.8929],[7.3932,49.8711],[7.3989,49.8563],[7.4235,49.8515],[7.4246,49.8406],[7.4684,49.8663],[7.496,49.86],[7.5436,49.8959],[7.573,49.8999],[7.5961,49.9186],[7.6301,49.9348],[7.6493,49.9302],[7.6622,49.9395],[7.6584,49.9536],[7.6667,49.9691],[7.6803,49.977],[7.7071,49.9809],[7.6867,50.0011],[7.7124,49.9971],[7.7347,49.9988],[7.7143,50.0103],[7.6996,50.0129],[7.6739,50.0416],[7.706,50.0634],[7.7464,50.0798],[7.7649,50.0828],[7.7218,50.1164],[7.7385,50.1287],[7.7252,50.1467],[7.6878,50.1701],[7.6501,50.1764],[7.6418,50.2035],[7.6206,50.216],[7.6142,50.2269],[7.5832,50.2348],[7.5821,50.2463],[7.6006,50.2503],[7.6353,50.2456]]]}},{"type":"Feature","properties":{"codes":["DIZ","EMS","GOH"],"name":"Rhein-Lahn-Kreis","state":"Rheinland-Pfalz","districtType":"Landkreis"},"geometry":{"type":"Polygon","coordinates":[[[7.9715,50.4061],[7.9549,50.399],[7.9375,50.4147],[7.9107,50.4098],[7.8997,50.4022],[7.8797,50.3999],[7.8861,50.3874],[7.8703,50.3515],[7.8272,50.3522],[7.8234,50.3593],[7.7868,50.3624],[7.7694,50.3719],[7.7898,50.3841],[7.7751,50.3966],[7.7604,50.389],[7.7445,50.3966],[7.7354,50.3818],[7.74,50.3719],[7.698,50.3547],[7.6886,50.36],[7.6667,50.3452],[7.6576,50.3281],[7.6301,50.3235],[7.5904,50.3258],[7.5961,50.3033],[7.6051,50.2938],[7.6448,50.269],[7.6512,50.2526],[7.6353,50.2456],[7.6006,50.2503],[7.5821,50.2463],[7.5832,50.2348],[7.6142,50.2269],[7.6206,50.216],[7.6418,50.2035],[7.6501,50.1764],[7.6878,50.1701],[7.7252,50.1467],[7.7385,50.1287],[7.7218,50.1164],[7.7649,50.0828],[7.774,50.0666],[7.7823,50.0666],[7.8034,50.0844],[7.8382,50.0851],[7.8348,50.1062],[7.8529,50.128],[7.8869,50.1155],[7.9009,50.1227],[7.9137,50.1155],[7.9273,50.1194],[7.9228,50.1349],[7.9299,50.1451],[7.885,50.1678],[7.8831,50.181],[7.9126,50.1958],[7.9209,50.2081],[7.9466,50.2097],[7.9602,50.2199],[7.9987,50.2308],[8.0025,50.2246],[8.0346,50.2153],[8.0383,50.2269],[8.0568,50.2364],[8.0383,50.2463],[8.0255,50.2618],[8.0357,50.2713],[8.0531,50.2744],[8.1033,50.2595],[8.1218,50.2776],[8.1211,50.2961],[8.1025,50.3096],[8.1071,50.3218],[8.0916,50.3297],[8.0742,50.3297],[8.0761,50.3475],[8.0595,50.3756],[8.0198,50.3857],[8.021,50.399],[7.9907,50.3999],[7.9715,50.4061]]]}},{"type":"Feature","properties":{"codes":["RP"],"name":"Rhein-Pfalz-Kreis","state":"Rheinland-Pfalz","districtType":"Landkreis"},"geometry":{"type":"Polygon","coordinates":[[[8.4145,49.5953],[8.3907,49.6025],[8.3496,49.6062],[8.3227,49.5946],[8.2804,49.5868],[8.2816,49.5425],[8.2657,49.5284],[8.2725,49.4987],[8.2449,49.4895],[8.254,49.4777],[8.2714,49.4786],[8.2835,49.4466],[8.2355,49.4397],[8.2374,49.4186],[8.2578,49.4193],[8.2657,49.4008],[8.2952,49.3735],[8.2925,49.3656],[8.3046,49.3501],[8.3174,49.3151],[8.3144,49.3112],[8.3174,49.3079],[8.3201,49.2963],[8.3677,49.2815],[8.3688,49.2683],[8.3915,49.2505],[8.4126,49.2496],[8.4402,49.2621],[8.467,49.2831],[8.4036,49.3056],[8.3998,49.3197],[8.4073,49.329],[8.3752,49.3422],[8.4073,49.3718],[8.4228,49.3765],[8.4338,49.3556],[8.4447,49.3649],[8.464,49.3633],[8.4704,49.3408],[8.4863,49.3508],[8.4999,49.3711],[8.4935,49.3873],[8.478,49.3751],[8.4651,49.3873],[8.4961,49.4022],[8.4972,49.4117],[8.5082,49.4311],[8.4991,49.4427],[8.4723,49.4436],[8.4017,49.4272],[8.3869,49.4311],[8.3575,49.4707],[8.3118,49.4598],[8.2989,49.4816],[8.3099,49.4849],[8.3091,49.5066],[8.3227,49.537],[8.3118,49.5495],[8.3375,49.5502],[8.3382,49.558],[8.3771,49.5657],[8.4043,49.5791],[8.4228,49.5742],[8.4228,49.5837],[8.4145,49.5953]]]}},{"type":"Feature","properties":{"codes":["SÜW"],"name":"Südliche Weinstraße","state":"Rheinland-Pfalz","districtType":"Landkreis"},"geometry":{"type":"Polygon","coordinates":[[[8.3174,49.3079],[8.2532,49.2963],[8.197,49.2963],[8.186,49.3095],[8.1577,49.3151],[8.1384,49.3112],[8.1052,49.3151],[8.075,49.3237],[8.0595,49.319],[8.0402,49.3244],[7.9998,49.3438],[7.9843,49.3422],[7.962,49.3251],[7.9394,49.3197],[7.9364,49.3088],[7.9394,49.298],[7.9632,49.2956],[7.9639,49.259],[7.9458,49.2621],[7.9254,49.2753],[7.8722,49.2831],[7.8555,49.2722],[7.8283,49.266],[7.8778,49.2496],[7.8695,49.2317],[7.9016,49.2324],[7.9145,49.2099],[7.9043,49.1896],[7.9152,49.1773],[7.9073,49.1585],[7.8907,49.1453],[7.8574,49.1516],[7.8529,49.1312],[7.8714,49.1141],[7.9061,49.118],[7.9145,49.1016],[7.9099,49.0907],[7.8914,49.0923],[7.8952,49.0775],[7.8805,49.0541],[7.9024,49.0564],[7.9107,49.0448],[7.9235,49.0441],[7.9318,49.058],[7.9666,49.0418],[7.9741,49.027],[8.0006,49.0284],[8.0134,49.0207],[8.0466,49.0136],[8.0686,48.9997],[8.0769,49.0332],[8.0686,49.062],[8.084,49.087],[8.1018,49.0884],[8.1173,49.1002],[8.118,49.1321],[8.1346,49.1266],[8.166,49.1358],[8.1788,49.121],[8.2053,49.1101],[8.2302,49.1243],[8.2631,49.1259],[8.2548,49.146],[8.2631,49.153],[8.2548,49.1701],[8.2162,49.171],[8.2162,49.209],[8.231,49.2116],[8.2385,49.2225],[8.2321,49.2604],[8.2514,49.2637],[8.2476,49.2753],[8.2918,49.2808],[8.3201,49.2963],[8.3174,49.3079]],[[8.1807,49.2067],[8.1694,49.203],[8.1796,49.1835],[8.1758,49.1687],[8.1063,49.1741],[8.0905,49.1562],[8.064,49.1553],[8.055,49.1694],[8.0568,49.1866],[8.044,49.1974],[8.0621,49.203],[8.0576,49.2215],[8.1033,49.2324],[8.1294,49.2278],[8.1558,49.2278],[8.1566,49.2067],[8.1807,49.2067]]]}},{"type":"Feature","properties":{"codes":["PS","ZW"],"name":"Südwestpfalz","state":"Rheinland-Pfalz","districtType":"Landkreis"},"geometry":{"type":"Polygon","coordinates":[[[7.8317,49.3237],[7.8008,49.3095],[7.774,49.3105],[7.7649,49.3197],[7.7604,49.3447],[7.7347,49.3447],[7.6795,49.3376],[7.6674,49.3422],[7.6244,49.3438],[7.6244,49.3609],[7.6097,49.3609],[7.6014,49.3765],[7.5723,49.3718],[7.5594,49.3524],[7.5371,49.3392],[7.5032,49.354],[7.4831,49.3415],[7.4023,49.3679],[7.4042,49.3461],[7.3932,49.3283],[7.394,49.3165],[7.4106,49.3026],[7.4061,49.291],[7.442,49.2776],[7.4374,49.2699],[7.4125,49.259],[7.4023,49.234],[7.4246,49.2262],[7.3804,49.2106],[7.3317,49.2053],[7.3207,49.1896],[7.3536,49.1609],[7.3657,49.1602],[7.3683,49.1615],[7.3649,49.1717],[7.4261,49.181],[7.4465,49.1687],[7.4646,49.1639],[7.4941,49.1694],[7.4896,49.1421],[7.505,49.1226],[7.5171,49.1196],[7.5288,49.0969],[7.564,49.0798],[7.6025,49.083],[7.6308,49.0728],[7.6308,49.055],[7.6731,49.0448],[7.698,49.0495],[7.7052,49.0564],[7.7317,49.0441],[7.7694,49.0478],[7.7944,49.0659],[7.8117,49.0603],[7.831,49.0471],[7.8502,49.0441],[7.8676,49.0332],[7.888,49.0488],[7.9107,49.0448],[7.9024,49.0564],[7.8805,49.0541],[7.8952,49.0775],[7.8914,49.0923],[7.9099,49.0907],[7.9145,49.1016],[7.9061,49.118],[7.8714,49.1141],[7.8529,49.1312],[7.8574,49.1516],[7.8907,49.1453],[7.9073,49.1585],[7.9152,49.1773],[7.9043,49.1896],[7.9145,49.2099],[7.9016,49.2324],[7.8695,49.2317],[7.8778,49.2496],[7.8283,49.266],[7.8555,49.2722],[7.8722,49.2831],[7.8676,49.3135],[7.8555,49.3329],[7.8317,49.3237]],[[7.5704,49.1655],[7.5613,49.1664],[7.5152,49.2005],[7.5198,49.2116],[7.5549,49.2201],[7.5711,49.2347],[7.6014,49.2333],[7.6289,49.2225],[7.6731,49.2287],[7.6659,49.2076],[7.6539,49.1958],[7.6557,49.1866],[7.641,49.181],[7.6353,49.1625],[7.5904,49.1615],[7.5704,49.1655]]]}},{"type":"Feature","properties":{"codes":["SP"],"name":"Speyer","state":"Rheinland-Pfalz","districtType":"Kreisfreie Stadt"},"geometry":{"type":"Polygon","coordinates":[[[8.487,49.2901],[8.4844,49.3049],[8.4523,49.3174],[8.4523,49.329],[8.4704,49.3408],[8.464,49.3633],[8.4447,49.3649],[8.4338,49.3556],[8.4228,49.3765],[8.4073,49.3718],[8.3752,49.3422],[8.4073,49.329],[8.3998,49.3197],[8.4036,49.3056],[8.467,49.2831],[8.487,49.2901]]]}},{"type":"Feature","properties":{"codes":["SAB"],"name":"Trier-Saarburg","state":"Rheinland-Pfalz","districtType":"Landkreis"},"geometry":{"type":"Polygon","coordinates":[[[6.7123,49.9045],[6.6987,49.9131],[6.6813,49.9101],[6.6685,49.8929],[6.6398,49.8834],[6.6133,49.8827],[6.5427,49.8626],[6.5249,49.8531],[6.528,49.8415],[6.5042,49.8392],[6.483,49.8221],[6.4747,49.8211],[6.5057,49.8095],[6.5204,49.8135],[6.5306,49.8049],[6.5057,49.7901],[6.517,49.7815],[6.5159,49.7588],[6.5011,49.7535],[6.5023,49.7269],[6.5068,49.716],[6.4838,49.6988],[6.4573,49.6896],[6.4317,49.6701],[6.44,49.6523],[6.4188,49.6171],[6.3995,49.6025],[6.3754,49.593],[6.381,49.5821],[6.3591,49.5705],[6.3818,49.558],[6.3803,49.5511],[6.4188,49.5439],[6.4305,49.5485],[6.4528,49.5386],[6.4721,49.5439],[6.4902,49.5314],[6.5132,49.5353],[6.5249,49.5291],[6.5389,49.5393],[6.5718,49.5363],[6.5801,49.5221],[6.6058,49.5175],[6.6077,49.5268],[6.6307,49.5416],[6.6462,49.5393],[6.6802,49.5471],[6.6941,49.5402],[6.7085,49.5534],[6.7342,49.5604],[6.7572,49.561],[6.7784,49.5705],[6.8014,49.5884],[6.8131,49.5923],[6.8354,49.5837],[6.8573,49.6055],[6.8803,49.6062],[6.8913,49.6134],[6.9355,49.6157],[6.9491,49.6257],[6.9785,49.6358],[6.9876,49.6289],[7.0125,49.628],[7.0518,49.6592],[7.0435,49.6717],[7.0609,49.681],[7.0446,49.6896],[7.0042,49.6731],[6.9812,49.6787],[6.9646,49.6942],[6.9748,49.7137],[6.9536,49.7239],[6.9472,49.7347],[6.9068,49.7512],[6.8958,49.7706],[6.8785,49.7831],[6.903,49.7931],[6.903,49.8026],[6.9491,49.8089],[6.9446,49.8227],[6.9223,49.8234],[6.9015,49.832],[6.8856,49.8468],[6.8766,49.864],[6.8452,49.8663],[6.8233,49.8593],[6.7969,49.861],[6.7848,49.8772],[6.7599,49.8797],[6.7553,49.8929],[6.7327,49.8797],[6.7123,49.9045]],[[6.6673,49.8359],[6.6737,49.8531],[6.6877,49.8563],[6.7032,49.8478],[6.707,49.829],[6.7417,49.8135],[6.704,49.8056],[6.727,49.7901],[6.7315,49.7769],[6.6968,49.772],[6.7077,49.7512],[6.7296,49.7387],[6.7149,49.734],[6.7142,49.7239],[6.6923,49.7113],[6.6564,49.7107],[6.6443,49.6988],[6.6224,49.6998],[6.6103,49.7083],[6.6141,49.7208],[6.5654,49.7014],[6.557,49.7183],[6.5544,49.7394],[6.5748,49.7558],[6.5959,49.7551],[6.616,49.7621],[6.6024,49.7799],[6.6288,49.7855],[6.6352,49.8033],[6.6552,49.8112],[6.6673,49.8359]]]}},{"type":"Feature","properties":{"codes":["TR"],"name":"Trier","state":"Rheinland-Pfalz","districtType":"Kreisfreie Stadt"},"geometry":{"type":"Polygon","coordinates":[[[6.6673,49.8359],[6.6552,49.8112],[6.6352,49.8033],[6.6288,49.7855],[6.6024,49.7799],[6.616,49.7621],[6.5959,49.7551],[6.5748,49.7558],[6.5544,49.7394],[6.557,49.7183],[6.5654,49.7014],[6.6141,49.7208],[6.6103,49.7083],[6.6224,49.6998],[6.6443,49.6988],[6.6564,49.7107],[6.6923,49.7113],[6.7142,49.7239],[6.7149,49.734],[6.7296,49.7387],[6.7077,49.7512],[6.6968,49.772],[6.7315,49.7769],[6.727,49.7901],[6.704,49.8056],[6.7417,49.8135],[6.707,49.829],[6.7032,49.8478],[6.6877,49.8563],[6.6737,49.8531],[6.6673,49.8359]]]}},{"type":"Feature","properties":{"codes":["DAU"],"name":"Vulkaneifel","state":"Rheinland-Pfalz","districtType":"Landkreis"},"geometry":{"type":"Polygon","coordinates":[[[6.7776,50.364],[6.7534,50.3538],[6.7398,50.3538],[6.6994,50.336],[6.6866,50.3584],[6.6685,50.3719],[6.6564,50.3679],[6.6545,50.3508],[6.636,50.3452],[6.6269,50.3522],[6.625,50.3749],[6.6031,50.3881],[6.5434,50.3663],[6.5298,50.3686],[6.4838,50.339],[6.4592,50.3438],[6.4607,50.3593],[6.4207,50.3686],[6.4222,50.3818],[6.4131,50.3897],[6.3848,50.3841],[6.4075,50.339],[6.4252,50.3228],[6.4233,50.3133],[6.4426,50.3056],[6.4479,50.297],[6.4702,50.3109],[6.4849,50.2852],[6.5113,50.2862],[6.5197,50.2658],[6.5332,50.2503],[6.5525,50.2535],[6.5672,50.2447],[6.5627,50.2301],[6.5903,50.2239],[6.5895,50.1958],[6.5703,50.1863],[6.5544,50.1662],[6.5525,50.1467],[6.5857,50.1349],[6.5782,50.1296],[6.5831,50.1092],[6.616,50.1055],[6.636,50.1164],[6.65,50.1118],[6.6628,50.0946],[6.7006,50.0844],[6.7308,50.0907],[6.7519,50.1092],[6.7757,50.1078],[6.8214,50.124],[6.8611,50.1296],[6.8977,50.1032],[6.9049,50.0782],[6.9189,50.0759],[6.9427,50.0884],[6.9555,50.0835],[6.9793,50.0976],[6.9812,50.1171],[6.9767,50.1389],[6.9555,50.1576],[6.9729,50.1616],[6.9729,50.1748],[6.9529,50.2074],[6.9785,50.2371],[7.0114,50.2229],[7.0344,50.2262],[7.0363,50.2364],[7.0518,50.244],[7.0684,50.2799],[7.0428,50.2892],[7.0171,50.2938],[7.0004,50.2892],[6.9767,50.3033],[7.0197,50.3297],[7.0088,50.3499],[6.9838,50.3492],[6.9838,50.3422],[6.9529,50.3297],[6.9446,50.3142],[6.9196,50.3063],[6.8921,50.3211],[6.8709,50.3195],[6.8535,50.3267],[6.8362,50.3181],[6.8161,50.3258],[6.7976,50.3438],[6.8003,50.3617],[6.7776,50.364]]]}},{"type":"Feature","properties":{"codes":["WW"],"name":"Westerwaldkreis","state":"Rheinland-Pfalz","districtType":"Landkreis"},"geometry":{"type":"Polygon","coordinates":[[[8.0391,50.6972],[8.0055,50.688],[7.9953,50.6771],[7.9639,50.6778],[7.9666,50.6956],[7.9466,50.7088],[7.9024,50.719],[7.8907,50.716],[7.8816,50.6965],[7.888,50.6794],[7.8574,50.6833],[7.8604,50.6965],[7.8363,50.7121],[7.8163,50.7058],[7.8008,50.7167],[7.8079,50.7299],[7.7687,50.7322],[7.7199,50.7308],[7.7154,50.716],[7.6962,50.7051],[7.7007,50.6942],[7.7264,50.6871],[7.7207,50.6722],[7.7052,50.6748],[7.6916,50.6669],[7.7045,50.6544],[7.7007,50.6234],[7.6739,50.6125],[7.6648,50.5944],[7.6803,50.5937],[7.6924,50.572],[7.7045,50.5618],[7.6931,50.5532],[7.7026,50.5439],[7.6924,50.5259],[7.6686,50.5189],[7.6788,50.4965],[7.6576,50.4932],[7.6403,50.4846],[7.6032,50.4816],[7.5987,50.4645],[7.6142,50.4612],[7.6255,50.4427],[7.6705,50.4207],[7.6814,50.4052],[7.6501,50.3999],[7.6482,50.3834],[7.664,50.3818],[7.6867,50.3732],[7.6886,50.36],[7.698,50.3547],[7.74,50.3719],[7.7354,50.3818],[7.7445,50.3966],[7.7604,50.389],[7.7751,50.3966],[7.7898,50.3841],[7.7694,50.3719],[7.7868,50.3624],[7.8234,50.3593],[7.8272,50.3522],[7.8703,50.3515],[7.8861,50.3874],[7.8797,50.3999],[7.8997,50.4022],[7.9107,50.4098],[7.9375,50.4147],[7.9549,50.399],[7.9715,50.4061],[7.9813,50.4177],[7.9907,50.4441],[8.0108,50.4527],[7.9877,50.4731],[7.9787,50.4879],[7.9877,50.5002],[7.9832,50.511],[7.9934,50.5222],[8.0281,50.5446],[8.0493,50.5525],[8.0667,50.5493],[8.0723,50.5391],[8.1033,50.533],[8.1109,50.5439],[8.132,50.5571],[8.1475,50.5819],[8.1513,50.599],[8.1282,50.6076],[8.1403,50.6319],[8.1097,50.6576],[8.1097,50.6708],[8.1256,50.6857],[8.0988,50.7035],[8.075,50.7051],[8.0595,50.6949],[8.0391,50.6972]]]}},{"type":"Feature","properties":{"codes":["WO"],"name":"Worms","state":"Rheinland-Pfalz","districtType":"Kreisfreie Stadt"},"geometry":{"type":"Polygon","coordinates":[[[8.4145,49.5953],[8.3805,49.6296],[8.3696,49.6592],[8.356,49.6794],[8.3631,49.6988],[8.3881,49.709],[8.4236,49.716],[8.4466,49.7308],[8.4236,49.7262],[8.4009,49.7371],[8.3696,49.7301],[8.3522,49.7301],[8.3503,49.6958],[8.342,49.6826],[8.3091,49.6843],[8.288,49.6928],[8.2578,49.6889],[8.2789,49.6553],[8.2449,49.65],[8.2385,49.6296],[8.2559,49.5914],[8.2804,49.5868],[8.3227,49.5946],[8.3496,49.6062],[8.3907,49.6025],[8.4145,49.5953]]]}},{"type":"Feature","properties":{"codes":["ZW"],"name":"Zweibrücken","state":"Rheinland-Pfalz","districtType":"Kreisfreie Stadt"},"geometry":{"type":"Polygon","coordinates":[[[7.3207,49.1896],[7.3317,49.2053],[7.3804,49.2106],[7.4246,49.2262],[7.4023,49.234],[7.4125,49.259],[7.4374,49.2699],[7.442,49.2776],[7.4061,49.291],[7.4106,49.3026],[7.394,49.3165],[7.3804,49.3065],[7.3857,49.294],[7.3721,49.2808],[7.3419,49.2815],[7.3419,49.2667],[7.3253,49.2574],[7.3071,49.2558],[7.2905,49.231],[7.3034,49.2232],[7.2977,49.213],[7.3207,49.1896]]]}},{"type":"Feature","properties":{"codes":["MZG"],"name":"Merzig-Wadern","state":"Saarland","districtType":"Landkreis"},"geometry":{"type":"Polygon","coordinates":[[[6.8913,49.6134],[6.8803,49.6062],[6.8573,49.6055],[6.8354,49.5837],[6.8131,49.5923],[6.8014,49.5884],[6.7784,49.5705],[6.7572,49.561],[6.7342,49.5604],[6.7085,49.5534],[6.6941,49.5402],[6.6802,49.5471],[6.6462,49.5393],[6.6307,49.5416],[6.6077,49.5268],[6.6058,49.5175],[6.5801,49.5221],[6.5718,49.5363],[6.5389,49.5393],[6.5249,49.5291],[6.5132,49.5353],[6.4902,49.5314],[6.4721,49.5439],[6.4528,49.5386],[6.4305,49.5485],[6.4188,49.5439],[6.3803,49.5511],[6.3572,49.5323],[6.3674,49.505],[6.3708,49.4668],[6.3912,49.4638],[6.4279,49.4763],[6.4407,49.4668],[6.4645,49.4661],[6.4864,49.4513],[6.5344,49.4351],[6.557,49.4193],[6.5718,49.4179],[6.5895,49.3999],[6.6216,49.4038],[6.6428,49.4117],[6.6673,49.3922],[6.6941,49.382],[6.716,49.379],[6.7425,49.3959],[6.7821,49.4038],[6.795,49.4117],[6.7969,49.4272],[6.7886,49.4358],[6.7976,49.4598],[6.8116,49.473],[6.8214,49.4693],[6.8535,49.4832],[6.8747,49.4793],[6.9106,49.502],[6.9555,49.5119],[6.9563,49.5525],[6.9627,49.561],[6.9498,49.5736],[6.9581,49.5861],[6.9536,49.5946],[6.9344,49.5993],[6.906,49.5907],[6.8951,49.5976],[6.8913,49.6134]]]}},{"type":"Feature","properties":{"codes":["NK","OTW"],"name":"Neunkirchen","state":"Saarland","districtType":"Landkreis"},"geometry":{"type":"Polygon","coordinates":[[[7.2527,49.4318],[7.2271,49.4288],[7.2169,49.4374],[7.1923,49.4272],[7.1493,49.4163],[7.1224,49.4295],[7.0813,49.4107],[7.0601,49.4094],[7.0473,49.4265],[7.0326,49.4226],[7.0106,49.4334],[6.9895,49.4364],[6.9517,49.4239],[6.9336,49.4272],[6.9189,49.414],[6.9389,49.3929],[6.9446,49.3774],[6.9563,49.3735],[6.9646,49.3563],[6.9921,49.3593],[7.0224,49.3586],[7.028,49.3477],[7.0454,49.3501],[7.0609,49.3422],[7.0866,49.3471],[7.1141,49.3362],[7.1088,49.3142],[7.1398,49.301],[7.1655,49.298],[7.1783,49.3033],[7.1885,49.2894],[7.241,49.3033],[7.2391,49.3142],[7.2656,49.3237],[7.2399,49.3322],[7.2418,49.3501],[7.2206,49.3695],[7.2501,49.386],[7.2554,49.3975],[7.2848,49.4022],[7.2924,49.4084],[7.2886,49.4163],[7.2527,49.4318]]]}},{"type":"Feature","properties":{"codes":["SB","VK"],"name":"Regionalverband Saarbrücken","state":"Saarland","districtType":"Landkreis"},"geometry":{"type":"Polygon","coordinates":[[[6.9446,49.3774],[6.9041,49.3556],[6.8701,49.3461],[6.8822,49.3313],[6.8811,49.301],[6.8573,49.2831],[6.8554,49.2722],[6.8278,49.2746],[6.8335,49.2581],[6.8105,49.241],[6.7984,49.2396],[6.7674,49.2232],[6.7417,49.2262],[6.7232,49.2185],[6.7315,49.206],[6.7115,49.1882],[6.7206,49.1757],[6.7391,49.1639],[6.7803,49.1687],[6.8335,49.1516],[6.8471,49.1569],[6.8445,49.1734],[6.8592,49.1747],[6.8501,49.203],[6.8362,49.2116],[6.8592,49.2232],[6.8932,49.209],[6.9189,49.2225],[6.94,49.2169],[6.9593,49.203],[6.9755,49.209],[6.9997,49.1944],[7.0337,49.1889],[7.028,49.1757],[7.0318,49.1569],[7.0465,49.1375],[7.0446,49.1187],[7.0582,49.1118],[7.073,49.125],[7.0896,49.1305],[7.082,49.153],[7.1013,49.1562],[7.1198,49.1701],[7.1058,49.1859],[7.1289,49.2116],[7.1224,49.2232],[7.1289,49.2433],[7.1032,49.2542],[7.0794,49.2496],[7.062,49.2676],[7.0801,49.2746],[7.0832,49.2947],[7.1172,49.3095],[7.1088,49.3142],[7.1141,49.3362],[7.0866,49.3471],[7.0609,49.3422],[7.0454,49.3501],[7.028,49.3477],[7.0224,49.3586],[6.9921,49.3593],[6.9646,49.3563],[6.9563,49.3735],[6.9446,49.3774]]]}},{"type":"Feature","properties":{"codes":["SLS"],"name":"Saarlouis","state":"Saarland","districtType":"Landkreis"},"geometry":{"type":"Polygon","coordinates":[[[6.9895,49.4364],[6.9774,49.4529],[6.9683,49.4786],[6.9529,49.4825],[6.9408,49.4723],[6.9223,49.4723],[6.9106,49.4809],[6.926,49.4888],[6.9106,49.502],[6.8747,49.4793],[6.8535,49.4832],[6.8214,49.4693],[6.8116,49.473],[6.7976,49.4598],[6.7886,49.4358],[6.7969,49.4272],[6.795,49.4117],[6.7821,49.4038],[6.7425,49.3959],[6.716,49.379],[6.6941,49.382],[6.6673,49.3922],[6.6428,49.4117],[6.6216,49.4038],[6.5895,49.3999],[6.5718,49.4179],[6.557,49.4193],[6.5389,49.4124],[6.5408,49.4022],[6.5638,49.3883],[6.5876,49.3843],[6.5986,49.3616],[6.5654,49.3477],[6.5959,49.3299],[6.5895,49.3237],[6.6167,49.3026],[6.67,49.2799],[6.6636,49.2551],[6.6764,49.2567],[6.6904,49.2472],[6.6885,49.2215],[6.6957,49.2153],[6.7232,49.2185],[6.7417,49.2262],[6.7674,49.2232],[6.7984,49.2396],[6.8105,49.241],[6.8335,49.2581],[6.8278,49.2746],[6.8554,49.2722],[6.8573,49.2831],[6.8811,49.301],[6.8822,49.3313],[6.8701,49.3461],[6.9041,49.3556],[6.9446,49.3774],[6.9389,49.3929],[6.9189,49.414],[6.9336,49.4272],[6.9517,49.4239],[6.9895,49.4364]]]}},{"type":"Feature","properties":{"codes":["HOM","IGB"],"name":"Saarpfalz-Kreis","state":"Saarland","districtType":"Landkreis"},"geometry":{"type":"Polygon","coordinates":[[[7.3959,49.3718],[7.3695,49.3741],[7.3464,49.3813],[7.3317,49.379],[7.2969,49.389],[7.2924,49.4084],[7.2848,49.4022],[7.2554,49.3975],[7.2501,49.386],[7.2206,49.3695],[7.2418,49.3501],[7.2399,49.3322],[7.2656,49.3237],[7.2391,49.3142],[7.241,49.3033],[7.1885,49.2894],[7.1783,49.3033],[7.1655,49.298],[7.1398,49.301],[7.1172,49.3095],[7.0832,49.2947],[7.0801,49.2746],[7.062,49.2676],[7.0794,49.2496],[7.1032,49.2542],[7.1289,49.2433],[7.1224,49.2232],[7.1289,49.2116],[7.1058,49.1859],[7.1198,49.1701],[7.1013,49.1562],[7.1262,49.1414],[7.1353,49.1282],[7.1591,49.1219],[7.184,49.1298],[7.2052,49.1236],[7.2456,49.1289],[7.2656,49.1226],[7.2841,49.1236],[7.2977,49.1173],[7.3124,49.1358],[7.3298,49.1444],[7.363,49.143],[7.3657,49.1602],[7.3683,49.1615],[7.3657,49.1602],[7.3536,49.1609],[7.3207,49.1896],[7.2977,49.213],[7.3034,49.2232],[7.2905,49.231],[7.3071,49.2558],[7.3253,49.2574],[7.3419,49.2667],[7.3419,49.2815],[7.3721,49.2808],[7.3857,49.294],[7.3804,49.3065],[7.394,49.3165],[7.3932,49.3283],[7.4042,49.3461],[7.4023,49.3679],[7.3959,49.3718]]]}},{"type":"Feature","properties":{"codes":["WND"],"name":"St. Wendel","state":"Saarland","districtType":"Landkreis"},"geometry":{"type":"Polygon","coordinates":[[[7.2765,49.5485],[7.2618,49.5742],[7.2188,49.565],[7.2097,49.5775],[7.1904,49.5775],[7.1731,49.5877],[7.1749,49.5946],[7.1493,49.6039],[7.1243,49.5953],[7.093,49.6039],[7.0885,49.5993],[7.0594,49.6305],[7.028,49.6398],[7.0125,49.628],[6.9876,49.6289],[6.9785,49.6358],[6.9491,49.6257],[6.9355,49.6157],[6.8913,49.6134],[6.8951,49.5976],[6.906,49.5907],[6.9344,49.5993],[6.9536,49.5946],[6.9581,49.5861],[6.9498,49.5736],[6.9627,49.561],[6.9563,49.5525],[6.9555,49.5119],[6.9106,49.502],[6.926,49.4888],[6.9106,49.4809],[6.9223,49.4723],[6.9408,49.4723],[6.9529,49.4825],[6.9683,49.4786],[6.9774,49.4529],[6.9895,49.4364],[7.0106,49.4334],[7.0326,49.4226],[7.0473,49.4265],[7.0601,49.4094],[7.0813,49.4107],[7.1224,49.4295],[7.1493,49.4163],[7.1923,49.4272],[7.2169,49.4374],[7.2271,49.4288],[7.2527,49.4318],[7.2463,49.4459],[7.2867,49.4575],[7.3052,49.4723],[7.2969,49.4832],[7.2814,49.4888],[7.286,49.5168],[7.2988,49.5314],[7.2765,49.537],[7.2765,49.5485]]]}},{"type":"Feature","properties":{"codes":["GA","KLZ","SAW"],"name":"Altmarkkreis Salzwedel","state":"Sachsen-Anhalt","districtType":"Landkreis"},"geometry":{"type":"Polygon","coordinates":[[[11.5867,52.4587],[11.6052,52.4937],[11.586,52.4977],[11.5905,52.5203],[11.5686,52.525],[11.5886,52.585],[11.5886,52.6167],[11.5667,52.6137],[11.5399,52.6167],[11.5078,52.6084],[11.4511,52.6121],[11.4209,52.6107],[11.3967,52.6229],[11.4209,52.6371],[11.4564,52.6387],[11.4915,52.6535],[11.4749,52.672],[11.4859,52.6885],[11.5153,52.7024],[11.5236,52.7119],[11.5225,52.7422],[11.5565,52.7584],[11.5546,52.767],[11.5063,52.7726],[11.507,52.7818],[11.5391,52.8006],[11.5308,52.8147],[11.4806,52.8147],[11.4685,52.8418],[11.527,52.8418],[11.5354,52.852],[11.5724,52.8481],[11.5924,52.8566],[11.6264,52.855],[11.6283,52.8745],[11.62,52.88],[11.6373,52.8971],[11.6071,52.9011],[11.5777,52.9159],[11.5686,52.9298],[11.5501,52.9212],[11.5097,52.9337],[11.5051,52.9407],[11.4704,52.9393],[11.4262,52.9196],[11.4069,52.9041],[11.3748,52.9002],[11.3503,52.8886],[11.2951,52.8745],[11.2914,52.8879],[11.2676,52.88],[11.2438,52.8784],[11.2207,52.8978],[11.1603,52.9057],[11.1354,52.8978],[11.0931,52.8995],[11.0987,52.9127],[11.061,52.9097],[11.041,52.9136],[10.9994,52.911],[10.9896,52.9002],[10.9904,52.8886],[10.9711,52.8777],[10.9401,52.8536],[10.8948,52.8559],[10.8903,52.8457],[10.8665,52.8559],[10.8419,52.852],[10.8344,52.8474],[10.8004,52.8504],[10.772,52.8342],[10.7566,52.8193],[10.7592,52.7959],[10.7566,52.7827],[10.7921,52.7475],[10.7985,52.7133],[10.8234,52.7181],[10.8344,52.6994],[10.9023,52.6354],[10.9171,52.6167],[10.9307,52.6114],[10.9647,52.6262],[10.9768,52.6239],[10.9756,52.6067],[10.9401,52.5887],[10.9371,52.5678],[10.9545,52.5398],[11.0089,52.497],[11.0353,52.4983],[11.0519,52.5085],[11.0719,52.4861],[11.0776,52.4696],[11.095,52.458],[11.1475,52.4337],[11.2098,52.4386],[11.2408,52.4377],[11.263,52.4307],[11.2842,52.4298],[11.2951,52.4386],[11.3125,52.4386],[11.3197,52.4245],[11.3556,52.4252],[11.3824,52.4307],[11.4051,52.4252],[11.4511,52.408],[11.4428,52.3995],[11.4474,52.3872],[11.5622,52.4103],[11.5867,52.4587]]]}},{"type":"Feature","properties":{"codes":["ABI","AZE","BTF","KÖT","ZE"],"name":"Anhalt-Bitterfeld","state":"Sachsen-Anhalt","districtType":"Landkreis"},"geometry":{"type":"Polygon","coordinates":[[[12.3761,52.0451],[12.3595,52.0467],[12.3485,52.0592],[12.3293,52.0694],[12.3191,52.0903],[12.2771,52.1044],[12.2688,52.1005],[12.2144,52.1028],[12.2046,52.0889],[12.1789,52.0764],[12.1272,52.0694],[12.0981,52.0757],[12.0751,52.0757],[12.0566,52.0569],[12.0328,52.0585],[12.0173,52.0391],[11.9942,52.0335],[11.9871,52.0257],[11.9667,52.025],[11.9531,52.0095],[11.9229,52.0016],[11.8908,52.0025],[11.8843,51.9782],[11.9467,51.933],[11.9648,51.9261],[11.9678,51.9145],[12.0135,51.8888],[11.9961,51.8717],[11.9667,51.8668],[11.9376,51.8809],[11.9217,51.8793],[11.907,51.8638],[11.8723,51.8536],[11.8575,51.8374],[11.8832,51.8193],[11.873,51.8031],[11.8492,51.7797],[11.8779,51.7649],[11.8832,51.7494],[11.8685,51.7494],[11.8549,51.7392],[11.8556,51.7142],[11.8466,51.7105],[11.8383,51.6831],[11.8658,51.6753],[11.8953,51.6567],[11.9217,51.6458],[11.9485,51.6426],[11.9731,51.6465],[12.0392,51.6433],[12.0275,51.6287],[12.0437,51.6123],[12.0467,51.5842],[12.1162,51.5803],[12.1642,51.581],[12.1695,51.55],[12.1861,51.5351],[12.199,51.5312],[12.2099,51.5421],[12.2311,51.5477],[12.2329,51.5609],[12.2934,51.5609],[12.3485,51.5866],[12.3678,51.5833],[12.3961,51.5873],[12.4256,51.5819],[12.4275,51.5991],[12.4429,51.61],[12.4596,51.6037],[12.5359,51.606],[12.5744,51.6153],[12.5808,51.6262],[12.5661,51.6419],[12.5744,51.6676],[12.5494,51.6683],[12.5166,51.6604],[12.4973,51.6699],[12.4954,51.6824],[12.4743,51.6824],[12.466,51.7049],[12.4331,51.7049],[12.4071,51.694],[12.3852,51.698],[12.3493,51.6838],[12.3447,51.7033],[12.3632,51.7065],[12.3485,51.7197],[12.3266,51.7174],[12.3357,51.7336],[12.3221,51.7362],[12.3043,51.7517],[12.2972,51.7728],[12.2896,51.7765],[12.2786,51.7999],[12.2639,51.785],[12.2382,51.7836],[12.2284,51.757],[12.1385,51.7804],[12.1208,51.782],[12.1181,51.807],[12.1385,51.8147],[12.1329,51.8216],[12.1438,51.8661],[12.1136,51.8717],[12.1219,51.8981],[12.1374,51.9034],[12.1597,51.902],[12.1789,51.9082],[12.1578,51.9214],[12.1642,51.93],[12.2099,51.9416],[12.2118,51.9557],[12.2639,51.9705],[12.2817,51.9705],[12.265,51.9884],[12.2779,51.9946],[12.3221,52.0],[12.3395,52.0187],[12.3549,52.0273],[12.3742,52.0266],[12.3761,52.0451]]]}},{"type":"Feature","properties":{"codes":["BK","BÖ","HDL","OC","OK","WMS","WZL"],"name":"Börde","state":"Sachsen-Anhalt","districtType":"Landkreis"},"geometry":{"type":"Polygon","coordinates":[[[11.5867,52.4587],[11.5622,52.4103],[11.4474,52.3872],[11.4428,52.3995],[11.4511,52.408],[11.4051,52.4252],[11.3824,52.4307],[11.3556,52.4252],[11.3197,52.4245],[11.3125,52.4386],[11.2951,52.4386],[11.2842,52.4298],[11.263,52.4307],[11.2408,52.4377],[11.2098,52.4386],[11.1475,52.4337],[11.095,52.458],[11.0776,52.4696],[11.0719,52.4861],[11.0519,52.5085],[11.0353,52.4983],[11.0089,52.497],[10.9756,52.5016],[10.9473,52.4946],[10.9345,52.4719],[10.9337,52.4611],[10.9564,52.4446],[10.962,52.4347],[10.9896,52.4205],[11.0364,52.3856],[11.0493,52.3872],[11.0666,52.3731],[11.0693,52.3582],[11.0372,52.345],[11.007,52.3457],[10.996,52.342],[11.0391,52.3015],[11.0123,52.2913],[11.0289,52.2702],[11.0519,52.2672],[11.0591,52.2406],[11.0731,52.2431],[11.0859,52.229],[11.0776,52.2188],[11.0444,52.2149],[11.0217,52.2049],[11.0123,52.1885],[11.0179,52.1792],[11.0364,52.1713],[11.0591,52.1723],[11.0602,52.1526],[11.0455,52.1433],[11.0444,52.134],[11.0179,52.1285],[11.0096,52.1199],[10.9802,52.1083],[10.9416,52.1028],[10.9416,52.0942],[10.9711,52.0856],[10.973,52.0724],[10.9647,52.0569],[11.0153,52.046],[11.0243,52.0398],[11.0693,52.0382],[11.084,52.0266],[11.0848,52.0118],[11.1116,52.0],[11.152,52.0],[11.1501,51.9719],[11.1758,51.9657],[11.1803,51.9557],[11.1648,51.9448],[11.1618,51.934],[11.1747,51.9175],[11.1905,51.9268],[11.2215,51.9191],[11.2253,51.9089],[11.2593,51.8987],[11.2823,51.9066],[11.3114,51.8997],[11.3408,51.9011],[11.3465,51.9136],[11.3711,51.934],[11.3601,51.9393],[11.3446,51.9627],[11.3646,51.9798],[11.396,51.9805],[11.4088,52.0009],[11.4466,52.0071],[11.4474,51.9914],[11.4813,51.9814],[11.4915,51.9729],[11.5206,51.9627],[11.6033,51.9696],[11.6045,52.022],[11.6373,52.0305],[11.6283,52.0359],[11.6154,52.0569],[11.5924,52.0694],[11.5206,52.0671],[11.5474,52.144],[11.5603,52.1426],[11.561,52.1683],[11.5686,52.1753],[11.6271,52.1869],[11.6475,52.1987],[11.6373,52.2283],[11.674,52.2267],[11.6887,52.2049],[11.7042,52.1994],[11.7144,52.2079],[11.7034,52.2221],[11.7008,52.2415],[11.7272,52.2517],[11.7548,52.2781],[11.765,52.2936],[11.7676,52.3114],[11.8054,52.3348],[11.7869,52.345],[11.8005,52.3543],[11.8216,52.3443],[11.8182,52.3341],[11.8522,52.3318],[11.8292,52.3645],[11.8281,52.3724],[11.8409,52.4011],[11.8171,52.4152],[11.7895,52.4103],[11.7741,52.3995],[11.7182,52.4103],[11.7329,52.4245],[11.717,52.4275],[11.6996,52.4594],[11.643,52.4696],[11.5867,52.4587]]]}},{"type":"Feature","properties":{"codes":["BLK","HHM","NEB","NMB","WSF","ZZ"],"name":"Burgenlandkreis","state":"Sachsen-Anhalt","districtType":"Landkreis"},"geometry":{"type":"Polygon","coordinates":[[[12.1706,51.2758],[12.1476,51.279],[12.1449,51.2704],[12.1136,51.2681],[12.1128,51.2612],[12.0513,51.254],[12.0566,51.2665],[12.0373,51.286],[12.0007,51.2767],[11.9935,51.282],[11.9686,51.2695],[11.9274,51.2704],[11.9236,51.2362],[11.8987,51.2329],[11.8787,51.244],[11.8458,51.2369],[11.8364,51.2477],[11.788,51.2477],[11.788,51.2681],[11.7605,51.2836],[11.6989,51.2665],[11.6777,51.2767],[11.629,51.3061],[11.606,51.3156],[11.5969,51.3031],[11.5814,51.3054],[11.5667,51.2945],[11.5641,51.279],[11.5493,51.2751],[11.527,51.2866],[11.518,51.2767],[11.4987,51.2806],[11.4742,51.2952],[11.4583,51.2906],[11.4466,51.2711],[11.4081,51.2385],[11.385,51.2464],[11.3646,51.2213],[11.3896,51.2174],[11.3915,51.2035],[11.4081,51.2035],[11.4281,51.2128],[11.4466,51.2081],[11.4557,51.1956],[11.4685,51.1926],[11.4711,51.1699],[11.4795,51.159],[11.4723,51.1482],[11.4511,51.1465],[11.4659,51.1248],[11.4628,51.1132],[11.4851,51.1053],[11.5456,51.1023],[11.5474,51.1116],[11.5712,51.1192],[11.6015,51.1139],[11.62,51.1046],[11.6623,51.1109],[11.6887,51.0984],[11.697,51.0875],[11.7008,51.0694],[11.7208,51.071],[11.7529,51.0571],[11.8118,51.0476],[11.876,51.0578],[11.896,51.0453],[11.9108,51.0453],[11.9164,51.0266],[11.9429,51.0321],[11.9648,51.018],[11.984,50.9909],[12.0063,50.9909],[12.0211,50.9691],[12.0392,50.9728],[12.0558,50.9682],[12.0924,50.9768],[12.1283,50.9652],[12.1631,50.9589],[12.1631,50.9668],[12.1823,50.9761],[12.1982,50.9566],[12.2239,50.9425],[12.2382,50.952],[12.2401,50.9761],[12.2658,50.9916],[12.2915,51.0189],[12.287,51.0375],[12.2624,51.0493],[12.2605,51.068],[12.2836,51.0826],[12.2843,51.0912],[12.2318,51.103],[12.2246,51.1192],[12.2413,51.1294],[12.2329,51.1356],[12.1963,51.1419],[12.1971,51.1597],[12.2126,51.1831],[12.1914,51.1956],[12.2008,51.2135],[12.1914,51.2369],[12.1899,51.2579],[12.1733,51.2579],[12.1706,51.2758]]]}},{"type":"Feature","properties":{"codes":["DE","RSL"],"name":"Dessau-Roßlau","state":"Sachsen-Anhalt","districtType":"Kreisfreie Stadt"},"geometry":{"type":"Polygon","coordinates":[[[12.2817,51.9705],[12.2639,51.9705],[12.2118,51.9557],[12.2099,51.9416],[12.1642,51.93],[12.1578,51.9214],[12.1789,51.9082],[12.1597,51.902],[12.1374,51.9034],[12.1219,51.8981],[12.1136,51.8717],[12.1438,51.8661],[12.1329,51.8216],[12.1385,51.8147],[12.1181,51.807],[12.1208,51.782],[12.1385,51.7804],[12.2284,51.757],[12.2382,51.7836],[12.2639,51.785],[12.2786,51.7999],[12.2896,51.7765],[12.2972,51.7728],[12.3043,51.7517],[12.3221,51.7362],[12.3357,51.7336],[12.3478,51.7711],[12.3413,51.7899],[12.3228,51.7929],[12.3062,51.8077],[12.3209,51.8193],[12.3191,51.8388],[12.2843,51.8615],[12.2964,51.8793],[12.3209,51.8879],[12.3107,51.9145],[12.3081,51.933],[12.3209,51.9402],[12.3074,51.9518],[12.2836,51.9432],[12.2696,51.958],[12.2817,51.9705]]]}},{"type":"Feature","properties":{"codes":["HAL"],"name":"Halle (Saale)","state":"Sachsen-Anhalt","districtType":"Kreisfreie Stadt"},"geometry":{"type":"Polygon","coordinates":[[[11.93,51.4386],[11.9519,51.4332],[11.9519,51.4075],[11.9788,51.4052],[12.0052,51.4075],[12.029,51.4277],[12.0245,51.437],[12.0566,51.4596],[12.0532,51.4759],[12.0788,51.4745],[12.0724,51.486],[12.0347,51.4969],[12.0226,51.5164],[12.009,51.5282],[12.0173,51.5398],[11.9999,51.543],[11.9667,51.5391],[11.9244,51.5305],[11.9146,51.525],[11.896,51.5351],[11.8806,51.5351],[11.876,51.5219],[11.8568,51.515],[11.8787,51.4916],[11.8723,51.4752],[11.8889,51.4636],[11.9146,51.4643],[11.93,51.4518],[11.93,51.4386]]]}},{"type":"Feature","properties":{"codes":["HBS","HZ","QLB","WR"],"name":"Harz","state":"Sachsen-Anhalt","districtType":"Landkreis"},"geometry":{"type":"Polygon","coordinates":[[[10.9647,52.0569],[10.9435,52.0592],[10.8767,52.0592],[10.8582,52.0514],[10.8015,52.0484],[10.7014,52.05],[10.6482,52.0421],[10.6553,52.025],[10.6391,52.0157],[10.6059,52.0078],[10.5756,52.0111],[10.5609,52.0039],[10.5866,51.9828],[10.6059,51.9775],[10.6198,51.9666],[10.6417,51.9627],[10.647,51.9534],[10.6225,51.9478],[10.6134,51.9393],[10.6134,51.9214],[10.638,51.9159],[10.6489,51.9073],[10.6501,51.8895],[10.6315,51.8717],[10.6161,51.87],[10.6021,51.8545],[10.584,51.8529],[10.5764,51.8427],[10.5749,51.8124],[10.5847,51.7959],[10.5809,51.7797],[10.5911,51.7688],[10.6251,51.7593],[10.6417,51.7253],[10.6682,51.7095],[10.6727,51.697],[10.6648,51.6885],[10.6701,51.6667],[10.6829,51.6604],[10.7014,51.6419],[10.7373,51.6449],[10.749,51.6403],[10.772,51.6442],[10.8151,51.6396],[10.8336,51.631],[10.8574,51.6324],[10.8869,51.6123],[10.9159,51.6162],[10.9318,51.6294],[10.9692,51.6333],[10.9768,51.6248],[11.0187,51.6271],[11.0123,51.6083],[10.9915,51.61],[11.0123,51.6083],[11.0134,51.6053],[11.0217,51.5998],[11.0179,51.5998],[11.0364,51.6037],[11.0557,51.5944],[11.0719,51.6007],[11.0987,51.5998],[11.1123,51.578],[11.141,51.5671],[11.1573,51.5741],[11.1573,51.5882],[11.1913,51.5928],[11.206,51.5882],[11.2336,51.5968],[11.2426,51.609],[11.2355,51.6278],[11.2374,51.6426],[11.2793,51.6465],[11.3099,51.6614],[11.3318,51.6676],[11.3454,51.6855],[11.3813,51.6917],[11.396,51.6996],[11.3903,51.7142],[11.4017,51.7299],[11.4088,51.7501],[11.3967,51.7702],[11.3473,51.7781],[11.3363,51.7742],[11.3261,51.7579],[11.3035,51.7586],[11.2778,51.7718],[11.274,51.7945],[11.24,51.8084],[11.2664,51.8341],[11.2921,51.8279],[11.3208,51.8483],[11.3382,51.8529],[11.3325,51.8693],[11.3382,51.8793],[11.328,51.8872],[11.3408,51.9011],[11.3114,51.8997],[11.2823,51.9066],[11.2593,51.8987],[11.2253,51.9089],[11.2215,51.9191],[11.1905,51.9268],[11.1747,51.9175],[11.1618,51.934],[11.1648,51.9448],[11.1803,51.9557],[11.1758,51.9657],[11.1501,51.9719],[11.152,52.0],[11.1116,52.0],[11.0848,52.0118],[11.084,52.0266],[11.0693,52.0382],[11.0243,52.0398],[11.0153,52.046],[10.9647,52.0569]]]}},{"type":"Feature","properties":{"codes":["BRG","GNT","JL"],"name":"Jerichower Land","state":"Sachsen-Anhalt","districtType":"Landkreis"},"geometry":{"type":"Polygon","coordinates":[[[12.1714,52.5062],[12.1162,52.5062],[12.1026,52.5118],[12.1034,52.5241],[12.0777,52.5398],[12.0513,52.525],[12.0199,52.525],[12.0052,52.5194],[11.9878,52.5359],[11.9776,52.5335],[11.9603,52.5155],[11.9859,52.4923],[11.9871,52.4743],[12.0026,52.4594],[11.9924,52.4455],[11.9924,52.4307],[11.9795,52.4222],[11.9603,52.3995],[11.9274,52.3895],[11.941,52.38],[11.9108,52.3707],[11.9025,52.3552],[11.8522,52.3318],[11.8054,52.3348],[11.7676,52.3114],[11.765,52.2936],[11.7548,52.2781],[11.7272,52.2517],[11.7008,52.2415],[11.7034,52.2221],[11.7144,52.2079],[11.6868,52.1869],[11.7072,52.1706],[11.7072,52.1466],[11.7227,52.144],[11.7144,52.1153],[11.7219,52.1005],[11.7484,52.0935],[11.7639,52.0764],[11.7631,52.0731],[11.7741,52.0671],[11.8024,52.0685],[11.8145,52.0623],[11.8473,52.0576],[11.8485,52.0342],[11.8715,52.0266],[11.8896,52.0111],[11.8908,52.0025],[11.9229,52.0016],[11.9531,52.0095],[11.9667,52.025],[11.9871,52.0257],[11.9942,52.0335],[12.0173,52.0391],[12.0328,52.0585],[12.0566,52.0569],[12.0751,52.0757],[12.0981,52.0757],[12.1272,52.0694],[12.1789,52.0764],[12.2046,52.0889],[12.2144,52.1028],[12.2688,52.1005],[12.2771,52.1044],[12.2632,52.1324],[12.242,52.141],[12.2209,52.166],[12.2284,52.1862],[12.2413,52.1822],[12.2465,52.2095],[12.2786,52.2174],[12.2888,52.2251],[12.2613,52.2461],[12.2447,52.2478],[12.2511,52.2725],[12.2669,52.2999],[12.3081,52.345],[12.2836,52.3645],[12.3055,52.3786],[12.2915,52.3863],[12.3028,52.405],[12.2752,52.412],[12.3028,52.4347],[12.3055,52.4518],[12.3172,52.4541],[12.3266,52.4743],[12.3092,52.4782],[12.3126,52.4898],[12.2979,52.496],[12.2715,52.4875],[12.2688,52.5007],[12.2586,52.5178],[12.2329,52.5234],[12.2239,52.5118],[12.1997,52.497],[12.1854,52.496],[12.1714,52.5062]]]}},{"type":"Feature","properties":{"codes":["MD"],"name":"Magdeburg","state":"Sachsen-Anhalt","districtType":"Kreisfreie Stadt"},"geometry":{"type":"Polygon","coordinates":[[[11.7042,52.1994],[11.6887,52.2049],[11.674,52.2267],[11.6373,52.2283],[11.6475,52.1987],[11.6271,52.1869],[11.5686,52.1753],[11.561,52.1683],[11.5603,52.1426],[11.5474,52.144],[11.5206,52.0671],[11.5924,52.0694],[11.6154,52.0569],[11.6283,52.0359],[11.6475,52.0257],[11.6944,52.05],[11.7227,52.0391],[11.742,52.0467],[11.7484,52.0616],[11.7631,52.0731],[11.7639,52.0764],[11.7393,52.085],[11.7484,52.0935],[11.7219,52.1005],[11.7144,52.1153],[11.7227,52.144],[11.7072,52.1466],[11.7072,52.1706],[11.6868,52.1869],[11.7042,52.1994]]]}},{"type":"Feature","properties":{"codes":["EIL","HET","ML","MSH","SGH"],"name":"Mansfeld-Südharz","state":"Sachsen-Anhalt","districtType":"Landkreis"},"geometry":{"type":"Polygon","coordinates":[[[11.7521,51.6333],[11.72,51.6294],[11.7091,51.6426],[11.6328,51.6567],[11.6045,51.6644],[11.6124,51.6769],[11.6045,51.701],[11.5833,51.701],[11.5467,51.6848],[11.5191,51.6885],[11.5172,51.7033],[11.4987,51.7165],[11.4628,51.7181],[11.4466,51.7128],[11.4319,51.7213],[11.4017,51.7299],[11.3903,51.7142],[11.396,51.6996],[11.3813,51.6917],[11.3454,51.6855],[11.3318,51.6676],[11.3099,51.6614],[11.2793,51.6465],[11.2374,51.6426],[11.2355,51.6278],[11.2426,51.609],[11.2336,51.5968],[11.206,51.5882],[11.1913,51.5928],[11.1573,51.5882],[11.1573,51.5741],[11.141,51.5671],[11.1123,51.578],[11.0987,51.5998],[11.0719,51.6007],[11.0557,51.5944],[11.0364,51.6037],[11.0179,51.5998],[11.0217,51.5998],[11.0134,51.6053],[11.0123,51.6083],[10.9915,51.61],[11.0123,51.6083],[11.0187,51.6271],[10.9768,51.6248],[10.9692,51.6333],[10.9318,51.6294],[10.9159,51.6162],[10.9337,51.606],[10.9261,51.5928],[10.8884,51.5968],[10.882,51.5803],[10.9042,51.55],[10.9401,51.5414],[10.9363,51.5118],[10.9703,51.483],[10.9609,51.4712],[10.973,51.4534],[10.9666,51.4323],[10.996,51.4191],[11.0187,51.4168],[11.061,51.43],[11.1528,51.402],[11.1841,51.4027],[11.2234,51.4129],[11.2328,51.4052],[11.274,51.4004],[11.3227,51.4099],[11.331,51.3904],[11.3582,51.3855],[11.3786,51.3872],[11.3967,51.3809],[11.3933,51.3591],[11.4005,51.3489],[11.4062,51.342],[11.4115,51.3429],[11.4292,51.3397],[11.4209,51.3538],[11.439,51.3677],[11.4659,51.3747],[11.4749,51.3881],[11.4885,51.3934],[11.5006,51.4122],[11.5225,51.4168],[11.5244,51.4254],[11.5603,51.4432],[11.6007,51.4432],[11.6052,51.4527],[11.6336,51.4613],[11.6502,51.4518],[11.6687,51.4504],[11.6732,51.4356],[11.6906,51.4231],[11.7427,51.43],[11.7401,51.4425],[11.7657,51.4441],[11.7741,51.4643],[11.762,51.4682],[11.7401,51.486],[11.7072,51.4993],[11.7053,51.5127],[11.7253,51.5289],[11.7136,51.55],[11.6879,51.5615],[11.7061,51.5842],[11.7272,51.5912],[11.7355,51.6067],[11.7567,51.6106],[11.7484,51.6208],[11.7521,51.6333]]]}},{"type":"Feature","properties":{"codes":["MER","MQ","QFT","SK"],"name":"Saalekreis","state":"Sachsen-Anhalt","districtType":"Landkreis"},"geometry":{"type":"Polygon","coordinates":[[[12.199,51.5312],[12.1861,51.5351],[12.1695,51.55],[12.1642,51.581],[12.1162,51.5803],[12.0467,51.5842],[12.0437,51.6123],[12.0275,51.6287],[12.0392,51.6433],[11.9731,51.6465],[11.9485,51.6426],[11.9217,51.6458],[11.8953,51.6567],[11.8658,51.6753],[11.8549,51.669],[11.8492,51.6544],[11.8171,51.6505],[11.799,51.6426],[11.7657,51.6472],[11.7446,51.6442],[11.7521,51.6333],[11.7484,51.6208],[11.7567,51.6106],[11.7355,51.6067],[11.7272,51.5912],[11.7061,51.5842],[11.6879,51.5615],[11.7136,51.55],[11.7253,51.5289],[11.7053,51.5127],[11.7072,51.4993],[11.7401,51.486],[11.762,51.4682],[11.7741,51.4643],[11.7657,51.4441],[11.7401,51.4425],[11.7427,51.43],[11.6906,51.4231],[11.6732,51.4356],[11.6687,51.4504],[11.6502,51.4518],[11.6336,51.4613],[11.6052,51.4527],[11.6007,51.4432],[11.5603,51.4432],[11.5244,51.4254],[11.5225,51.4168],[11.5006,51.4122],[11.4885,51.3934],[11.4749,51.3881],[11.4659,51.3747],[11.439,51.3677],[11.4209,51.3538],[11.4292,51.3397],[11.4307,51.3225],[11.4677,51.3047],[11.4742,51.2952],[11.4987,51.2806],[11.518,51.2767],[11.527,51.2866],[11.5493,51.2751],[11.5641,51.279],[11.5667,51.2945],[11.5814,51.3054],[11.5969,51.3031],[11.606,51.3156],[11.629,51.3061],[11.6777,51.2767],[11.6989,51.2665],[11.7605,51.2836],[11.788,51.2681],[11.788,51.2477],[11.8364,51.2477],[11.8458,51.2369],[11.8787,51.244],[11.8987,51.2329],[11.9236,51.2362],[11.9274,51.2704],[11.9686,51.2695],[11.9935,51.282],[12.0007,51.2767],[12.0373,51.286],[12.0566,51.2665],[12.0513,51.254],[12.1128,51.2612],[12.1136,51.2681],[12.1449,51.2704],[12.1476,51.279],[12.1706,51.2758],[12.1578,51.2922],[12.1548,51.31],[12.1695,51.3281],[12.1933,51.3327],[12.1861,51.3624],[12.1933,51.3693],[12.1752,51.3832],[12.1752,51.4004],[12.1869,51.4145],[12.1823,51.4323],[12.1578,51.4323],[12.1578,51.4527],[12.1483,51.4596],[12.1733,51.4682],[12.1759,51.4821],[12.2035,51.4854],[12.208,51.5025],[12.1925,51.5064],[12.199,51.5312]],[[11.93,51.4386],[11.93,51.4518],[11.9146,51.4643],[11.8889,51.4636],[11.8723,51.4752],[11.8787,51.4916],[11.8568,51.515],[11.876,51.5219],[11.8806,51.5351],[11.896,51.5351],[11.9146,51.525],[11.9244,51.5305],[11.9667,51.5391],[11.9999,51.543],[12.0173,51.5398],[12.009,51.5282],[12.0226,51.5164],[12.0347,51.4969],[12.0724,51.486],[12.0788,51.4745],[12.0532,51.4759],[12.0566,51.4596],[12.0245,51.437],[12.029,51.4277],[12.0052,51.4075],[11.9788,51.4052],[11.9519,51.4075],[11.9519,51.4332],[11.93,51.4386]]]}},{"type":"Feature","properties":{"codes":["ASL","BBG","SBK","SFT","SLK"],"name":"Salzlandkreis","state":"Sachsen-Anhalt","districtType":"Landkreis"},"geometry":{"type":"MultiPolygon","coordinates":[[[[11.8908,52.0025],[11.8896,52.0111],[11.8715,52.0266],[11.8485,52.0342],[11.8473,52.0576],[11.8145,52.0623],[11.8024,52.0685],[11.7741,52.0671],[11.7631,52.0731],[11.7484,52.0616],[11.742,52.0467],[11.7227,52.0391],[11.6944,52.05],[11.6475,52.0257],[11.6373,52.0305],[11.6045,52.022],[11.6033,51.9696],[11.5206,51.9627],[11.4915,51.9729],[11.4813,51.9814],[11.4474,51.9914],[11.4466,52.0071],[11.4088,52.0009],[11.396,51.9805],[11.3646,51.9798],[11.3446,51.9627],[11.3601,51.9393],[11.3711,51.934],[11.3465,51.9136],[11.3408,51.9011],[11.328,51.8872],[11.3382,51.8793],[11.3325,51.8693],[11.3382,51.8529],[11.3208,51.8483],[11.2921,51.8279],[11.2664,51.8341],[11.24,51.8084],[11.274,51.7945],[11.2778,51.7718],[11.3035,51.7586],[11.3261,51.7579],[11.3363,51.7742],[11.3473,51.7781],[11.3967,51.7702],[11.4088,51.7501],[11.4017,51.7299],[11.4319,51.7213],[11.4466,51.7128],[11.4628,51.7181],[11.4987,51.7165],[11.5172,51.7033],[11.5191,51.6885],[11.5467,51.6848],[11.5833,51.701],[11.6045,51.701],[11.6124,51.6769],[11.6045,51.6644],[11.6328,51.6567],[11.7091,51.6426],[11.72,51.6294],[11.7521,51.6333],[11.7446,51.6442],[11.7657,51.6472],[11.799,51.6426],[11.8171,51.6505],[11.8492,51.6544],[11.8549,51.669],[11.8658,51.6753],[11.8383,51.6831],[11.8466,51.7105],[11.8556,51.7142],[11.8549,51.7392],[11.8685,51.7494],[11.8832,51.7494],[11.8779,51.7649],[11.8492,51.7797],[11.873,51.8031],[11.8832,51.8193],[11.8575,51.8374],[11.8723,51.8536],[11.907,51.8638],[11.9217,51.8793],[11.9376,51.8809],[11.9667,51.8668],[11.9961,51.8717],[12.0135,51.8888],[11.9678,51.9145],[11.9648,51.9261],[11.9467,51.933],[11.8843,51.9782],[11.8908,52.0025]]],[[[11.7639,52.0764],[11.7484,52.0935],[11.7393,52.085],[11.7639,52.0764]]]]}},{"type":"Feature","properties":{"codes":["HV","OBG","SDL"],"name":"Stendal","state":"Sachsen-Anhalt","districtType":"Landkreis"},"geometry":{"type":"MultiPolygon","coordinates":[[[[11.8182,52.3341],[11.8216,52.3443],[11.8005,52.3543],[11.7869,52.345],[11.8054,52.3348],[11.8182,52.3341]]],[[[12.1264,52.8902],[12.1128,52.8761],[12.0815,52.877],[12.077,52.8863],[12.0532,52.8886],[12.0063,52.8879],[11.9859,52.8761],[11.9595,52.88],[11.9319,52.8916],[11.8998,52.8925],[11.8696,52.9097],[11.842,52.9087],[11.8228,52.9236],[11.8492,52.943],[11.8473,52.9509],[11.8235,52.9578],[11.7824,52.9625],[11.762,52.9828],[11.7329,52.9891],[11.7015,52.9773],[11.6823,52.9875],[11.6842,53.0007],[11.674,53.0092],[11.6509,53.0053],[11.6264,53.0125],[11.6411,53.0326],[11.6207,53.0419],[11.5981,53.0356],[11.541,53.0],[11.5263,53.0085],[11.5063,53.0],[11.4923,52.9594],[11.5097,52.9337],[11.5501,52.9212],[11.5686,52.9298],[11.5777,52.9159],[11.6071,52.9011],[11.6373,52.8971],[11.62,52.88],[11.6283,52.8745],[11.6264,52.855],[11.5924,52.8566],[11.5724,52.8481],[11.5354,52.852],[11.527,52.8418],[11.4685,52.8418],[11.4806,52.8147],[11.5308,52.8147],[11.5391,52.8006],[11.507,52.7818],[11.5063,52.7726],[11.5546,52.767],[11.5565,52.7584],[11.5225,52.7422],[11.5236,52.7119],[11.5153,52.7024],[11.4859,52.6885],[11.4749,52.672],[11.4915,52.6535],[11.4564,52.6387],[11.4209,52.6371],[11.3967,52.6229],[11.4209,52.6107],[11.4511,52.6121],[11.5078,52.6084],[11.5399,52.6167],[11.5667,52.6137],[11.5886,52.6167],[11.5886,52.585],[11.5686,52.525],[11.5905,52.5203],[11.586,52.4977],[11.6052,52.4937],[11.5867,52.4587],[11.643,52.4696],[11.6996,52.4594],[11.717,52.4275],[11.7329,52.4245],[11.7182,52.4103],[11.7741,52.3995],[11.7895,52.4103],[11.8171,52.4152],[11.8409,52.4011],[11.8281,52.3724],[11.8292,52.3645],[11.8522,52.3318],[11.9025,52.3552],[11.9108,52.3707],[11.941,52.38],[11.9274,52.3895],[11.9603,52.3995],[11.9795,52.4222],[11.9924,52.4307],[11.9924,52.4455],[12.0026,52.4594],[11.9871,52.4743],[11.9859,52.4923],[11.9603,52.5155],[11.9776,52.5335],[11.9878,52.5359],[12.0052,52.5194],[12.0199,52.525],[12.0513,52.525],[12.0777,52.5398],[12.1034,52.5241],[12.1026,52.5118],[12.1162,52.5062],[12.1714,52.5062],[12.1676,52.5148],[12.1888,52.5326],[12.174,52.5389],[12.1449,52.5296],[12.1604,52.5623],[12.1816,52.5755],[12.1733,52.5826],[12.1695,52.6216],[12.2035,52.6183],[12.2311,52.6301],[12.2382,52.6628],[12.2356,52.6806],[12.2175,52.6977],[12.2046,52.7304],[12.2227,52.7399],[12.2201,52.7468],[12.2061,52.7624],[12.2209,52.7732],[12.2239,52.7874],[12.2496,52.792],[12.2575,52.8052],[12.2477,52.8147],[12.2318,52.8497],[12.2337,52.8599],[12.208,52.8659],[12.1925,52.8777],[12.1721,52.8645],[12.1238,52.8536],[12.1329,52.8659],[12.12,52.8754],[12.1264,52.8902]]]]}},{"type":"Feature","properties":{"codes":["GHC","JE","WB"],"name":"Wittenberg","state":"Sachsen-Anhalt","districtType":"Landkreis"},"geometry":{"type":"Polygon","coordinates":[[[12.7696,51.9791],[12.7568,51.9861],[12.7311,51.9884],[12.6745,52.0111],[12.6488,52.0085],[12.645,51.9946],[12.6148,51.9914],[12.6027,51.9814],[12.5393,51.9854],[12.5359,52.0009],[12.5045,52.0071],[12.4834,52.0194],[12.4807,52.0335],[12.4603,52.0352],[12.4505,52.0164],[12.4301,52.018],[12.3897,52.0437],[12.3761,52.0451],[12.3742,52.0266],[12.3549,52.0273],[12.3395,52.0187],[12.3221,52.0],[12.2779,51.9946],[12.265,51.9884],[12.2817,51.9705],[12.2696,51.958],[12.2836,51.9432],[12.3074,51.9518],[12.3209,51.9402],[12.3081,51.933],[12.3107,51.9145],[12.3209,51.8879],[12.2964,51.8793],[12.2843,51.8615],[12.3191,51.8388],[12.3209,51.8193],[12.3062,51.8077],[12.3228,51.7929],[12.3413,51.7899],[12.3478,51.7711],[12.3357,51.7336],[12.3266,51.7174],[12.3485,51.7197],[12.3632,51.7065],[12.3447,51.7033],[12.3493,51.6838],[12.3852,51.698],[12.4071,51.694],[12.4331,51.7049],[12.466,51.7049],[12.4743,51.6824],[12.4954,51.6824],[12.4973,51.6699],[12.5166,51.6604],[12.5494,51.6683],[12.5744,51.6676],[12.5661,51.6419],[12.5808,51.6262],[12.622,51.6162],[12.6495,51.6208],[12.6662,51.6317],[12.6669,51.6419],[12.6888,51.6628],[12.7183,51.6614],[12.7504,51.6496],[12.7723,51.6472],[12.7908,51.6644],[12.8176,51.6699],[12.8459,51.6838],[12.8626,51.6739],[12.8678,51.6567],[12.8916,51.6528],[12.9139,51.6442],[12.9294,51.6496],[12.9725,51.6512],[12.9672,51.6637],[12.9963,51.669],[13.0121,51.6644],[13.0238,51.6373],[13.1277,51.6762],[13.1624,51.6917],[13.1541,51.7105],[13.1798,51.7313],[13.1541,51.7447],[13.1636,51.7547],[13.1477,51.7665],[13.1598,51.7742],[13.1636,51.8022],[13.1424,51.8209],[13.1239,51.8575],[13.1507,51.8598],[13.1322,51.8825],[13.0809,51.8684],[13.0423,51.87],[13.0378,51.8911],[13.045,51.9004],[12.9853,51.9043],[12.9762,51.9198],[12.9558,51.9231],[12.9608,51.9346],[12.9185,51.9393],[12.8962,51.9284],[12.8882,51.9346],[12.8524,51.9346],[12.8505,51.9587],[12.844,51.9673],[12.801,51.962],[12.7761,51.965],[12.7696,51.9791]]]}},{"type":"Feature","properties":{"codes":["BIW","BZ","HY","KM"],"name":"Bautzen","state":"Sachsen","districtType":"Landkreis"},"geometry":{"type":"Polygon","coordinates":[[[14.4911,51.0437],[14.4904,51.0608],[14.473,51.0703],[14.4874,51.0773],[14.5225,51.0819],[14.5572,51.0803],[14.5803,51.1046],[14.5746,51.1201],[14.6097,51.1169],[14.6067,51.1271],[14.629,51.1294],[14.6554,51.1567],[14.683,51.1488],[14.6804,51.166],[14.6985,51.1801],[14.6785,51.191],[14.6823,51.2111],[14.6656,51.2105],[14.6207,51.2306],[14.6362,51.2487],[14.618,51.2635],[14.6233,51.2781],[14.6113,51.2806],[14.5988,51.2952],[14.606,51.3077],[14.5648,51.3172],[14.5482,51.3357],[14.5244,51.3476],[14.5199,51.3344],[14.4794,51.3209],[14.4628,51.3561],[14.4847,51.3756],[14.4794,51.3855],[14.5225,51.4323],[14.5059,51.4478],[14.484,51.4511],[14.4911,51.4613],[14.4711,51.4759],[14.4764,51.5025],[14.4666,51.5111],[14.4398,51.5118],[14.4519,51.5305],[14.4481,51.5421],[14.4096,51.5375],[14.3986,51.5421],[14.3635,51.5243],[14.3435,51.518],[14.3235,51.5196],[14.2721,51.5328],[14.2287,51.5328],[14.2132,51.5398],[14.1369,51.543],[14.1297,51.5358],[14.1354,51.5213],[14.1078,51.5219],[14.0931,51.4969],[14.0738,51.4916],[14.0885,51.4791],[14.0719,51.4722],[14.0387,51.4798],[14.0334,51.4752],[14.0553,51.4613],[14.0628,51.4455],[14.0451,51.4393],[14.0443,51.4191],[13.9975,51.3848],[13.9994,51.374],[13.9699,51.3756],[13.9726,51.3934],[13.948,51.395],[13.9103,51.3786],[13.8729,51.3756],[13.8634,51.3818],[13.8351,51.3772],[13.8442,51.3661],[13.8563,51.3374],[13.826,51.3413],[13.8185,51.3195],[13.8011,51.3038],[13.8177,51.282],[13.8038,51.2728],[13.8121,51.2362],[13.7992,51.2243],[13.7837,51.2283],[13.7792,51.2035],[13.792,51.1926],[13.7701,51.1854],[13.7664,51.1755],[13.78,51.166],[13.8022,51.1683],[13.8049,51.1597],[13.8306,51.1475],[13.8608,51.1583],[13.8793,51.1544],[13.8876,51.1403],[13.8698,51.1363],[13.8955,51.1037],[13.9114,51.0944],[13.8884,51.0734],[13.9223,51.0632],[13.9654,51.0618],[13.9809,51.0687],[14.0085,51.071],[14.0372,51.0671],[14.0508,51.0866],[14.0617,51.0743],[14.1059,51.0734],[14.1278,51.0875],[14.1433,51.0743],[14.1618,51.0664],[14.1803,51.0757],[14.1867,51.0875],[14.2151,51.0842],[14.2472,51.0734],[14.2638,51.0618],[14.2785,51.0743],[14.3204,51.068],[14.3178,51.0546],[14.3408,51.0384],[14.362,51.0453],[14.3831,51.0384],[14.3846,51.0266],[14.4205,51.0189],[14.4538,51.0361],[14.4749,51.0259],[14.493,51.0236],[14.4911,51.0437]]]}},{"type":"Feature","properties":{"codes":["C"],"name":"Chemnitz","state":"Sachsen","districtType":"Kreisfreie Stadt"},"geometry":{"type":"Polygon","coordinates":[[[12.7787,50.7899],[12.7927,50.7846],[12.8165,50.7883],[12.8403,50.8024],[12.8935,50.7829],[12.8947,50.7549],[12.9109,50.744],[12.9366,50.7433],[12.9358,50.7533],[12.9524,50.7588],[12.9634,50.7526],[12.9898,50.7674],[13.0219,50.7767],[13.0488,50.8063],[13.0397,50.8188],[13.0495,50.8343],[13.0284,50.8482],[12.9872,50.8522],[12.9864,50.8647],[12.9963,50.8749],[12.9891,50.8904],[12.9751,50.895],[12.9479,50.8897],[12.9185,50.8888],[12.8697,50.902],[12.8486,50.8983],[12.8048,50.867],[12.8036,50.8482],[12.7825,50.8367],[12.7734,50.8235],[12.7477,50.8218],[12.7787,50.7899]]]}},{"type":"Feature","properties":{"codes":["DD"],"name":"Dresden","state":"Sachsen","districtType":"Kreisfreie Stadt"},"geometry":{"type":"Polygon","coordinates":[[[13.5802,51.0648],[13.5836,51.0446],[13.604,51.0321],[13.6425,51.0305],[13.6606,51.0344],[13.6663,51.0173],[13.6818,51.015],[13.6882,51.0025],[13.7286,51.0104],[13.7618,51.0002],[13.7709,50.9877],[13.7894,50.987],[13.8177,50.9752],[13.8313,50.9784],[13.8581,50.9932],[13.8808,50.9837],[13.9103,50.9995],[13.9114,51.0127],[13.939,51.015],[13.9405,51.0219],[13.9628,51.0314],[13.9654,51.0618],[13.9223,51.0632],[13.8884,51.0734],[13.9114,51.0944],[13.8955,51.1037],[13.8698,51.1363],[13.8876,51.1403],[13.8793,51.1544],[13.8608,51.1583],[13.8306,51.1475],[13.8049,51.1597],[13.8022,51.1683],[13.78,51.166],[13.7664,51.1755],[13.7516,51.1692],[13.7618,51.156],[13.7562,51.135],[13.7203,51.1403],[13.712,51.1333],[13.7074,51.1123],[13.6946,51.103],[13.6874,51.0882],[13.6701,51.096],[13.6591,51.0912],[13.6187,51.103],[13.6066,51.0967],[13.5802,51.0648]]]}},{"type":"Feature","properties":{"codes":["ANA","ASZ","AU","ERZ","MAB","MEK","STL","SZB","ZP"],"name":"Erzgebirgskreis","state":"Sachsen","districtType":"Landkreis"},"geometry":{"type":"Polygon","coordinates":[[[13.502,50.6333],[13.4854,50.6396],[13.4846,50.6498],[13.4506,50.663],[13.4306,50.6653],[13.434,50.6762],[13.3724,50.7137],[13.3762,50.7378],[13.3645,50.7533],[13.3305,50.7456],[13.281,50.7394],[13.2689,50.7494],[13.278,50.7635],[13.2486,50.7767],[13.1651,50.7829],[13.1394,50.7697],[13.1167,50.7783],[13.1137,50.7908],[13.0861,50.7806],[13.0488,50.8063],[13.0219,50.7767],[12.9898,50.7674],[12.9634,50.7526],[12.9524,50.7588],[12.9358,50.7533],[12.9366,50.7433],[12.9109,50.744],[12.8947,50.7549],[12.8935,50.7829],[12.8403,50.8024],[12.8165,50.7883],[12.7927,50.7846],[12.7787,50.7899],[12.756,50.7714],[12.744,50.7783],[12.7258,50.7744],[12.7175,50.7658],[12.7239,50.7526],[12.7137,50.7385],[12.6952,50.7394],[12.6805,50.7526],[12.656,50.751],[12.6688,50.726],[12.6488,50.7285],[12.6393,50.7167],[12.6805,50.7005],[12.7047,50.7005],[12.7183,50.6887],[12.7081,50.6662],[12.6964,50.6544],[12.7111,50.6428],[12.6873,50.6342],[12.6662,50.6405],[12.6469,50.6405],[12.6303,50.6271],[12.631,50.6194],[12.6035,50.6171],[12.5899,50.6109],[12.5982,50.5977],[12.5834,50.593],[12.5763,50.5805],[12.6046,50.5733],[12.6137,50.5648],[12.5834,50.5532],[12.5604,50.5594],[12.5385,50.5555],[12.5117,50.5314],[12.4788,50.5245],[12.4716,50.5064],[12.4577,50.5025],[12.475,50.487],[12.4954,50.4839],[12.4936,50.4691],[12.5374,50.4434],[12.5842,50.424],[12.5834,50.4068],[12.6001,50.4061],[12.6174,50.4154],[12.645,50.4108],[12.6733,50.417],[12.7047,50.3983],[12.7073,50.4075],[12.7304,50.4216],[12.7338,50.4316],[12.7946,50.4497],[12.8063,50.4434],[12.8203,50.4599],[12.912,50.424],[12.9366,50.4115],[12.9845,50.42],[12.9974,50.4348],[13.0193,50.4464],[13.0231,50.4886],[13.0314,50.5097],[13.0559,50.5011],[13.102,50.5025],[13.1341,50.5173],[13.1779,50.5025],[13.1957,50.5034],[13.1945,50.515],[13.2293,50.5502],[13.2229,50.5634],[13.2331,50.5789],[13.2535,50.5953],[13.2791,50.593],[13.2863,50.5805],[13.3241,50.5812],[13.326,50.6085],[13.369,50.6201],[13.3781,50.628],[13.3724,50.6491],[13.4057,50.6326],[13.4128,50.6178],[13.4635,50.6014],[13.502,50.6333]]]}},{"type":"Feature","properties":{"codes":["GR","LÖB","NOL","NY","WSW","ZI"],"name":"Görlitz","state":"Sachsen","districtType":"Landkreis"},"geometry":{"type":"Polygon","coordinates":[[[15.0373,51.2447],[15.0418,51.2744],[15.0297,51.2945],[14.9923,51.3242],[14.9765,51.3459],[14.9776,51.3756],[14.9655,51.3848],[14.964,51.4075],[14.9738,51.4425],[14.9667,51.4455],[14.9481,51.4722],[14.927,51.4728],[14.9225,51.4821],[14.8711,51.4847],[14.8518,51.4893],[14.8326,51.5032],[14.7959,51.518],[14.7646,51.5187],[14.7344,51.5266],[14.7317,51.5444],[14.7113,51.5632],[14.7298,51.5819],[14.7079,51.5974],[14.6966,51.5968],[14.7061,51.5773],[14.6739,51.5507],[14.6554,51.5546],[14.6316,51.5507],[14.606,51.5546],[14.5988,51.5717],[14.5784,51.581],[14.547,51.5641],[14.5149,51.5539],[14.5085,51.5585],[14.459,51.5569],[14.4481,51.5421],[14.4519,51.5305],[14.4398,51.5118],[14.4666,51.5111],[14.4764,51.5025],[14.4711,51.4759],[14.4911,51.4613],[14.484,51.4511],[14.5059,51.4478],[14.5225,51.4323],[14.4794,51.3855],[14.4847,51.3756],[14.4628,51.3561],[14.4794,51.3209],[14.5199,51.3344],[14.5244,51.3476],[14.5482,51.3357],[14.5648,51.3172],[14.606,51.3077],[14.5988,51.2952],[14.6113,51.2806],[14.6233,51.2781],[14.618,51.2635],[14.6362,51.2487],[14.6207,51.2306],[14.6656,51.2105],[14.6823,51.2111],[14.6785,51.191],[14.6985,51.1801],[14.6804,51.166],[14.683,51.1488],[14.6554,51.1567],[14.629,51.1294],[14.6067,51.1271],[14.6097,51.1169],[14.5746,51.1201],[14.5803,51.1046],[14.5572,51.0803],[14.5225,51.0819],[14.4874,51.0773],[14.473,51.0703],[14.4904,51.0608],[14.4911,51.0437],[14.5085,51.043],[14.4987,51.0219],[14.5327,51.0166],[14.5463,51.0048],[14.5656,51.0094],[14.5829,50.9932],[14.5995,50.987],[14.5958,50.9629],[14.5841,50.9457],[14.561,50.9254],[14.5829,50.9145],[14.6388,50.93],[14.6517,50.927],[14.6517,50.9075],[14.6362,50.8973],[14.6188,50.864],[14.6196,50.8584],[14.6464,50.8492],[14.6619,50.8499],[14.6902,50.8383],[14.7087,50.8406],[14.7272,50.8225],[14.7389,50.8288],[14.7665,50.8195],[14.8024,50.8258],[14.8076,50.8469],[14.8254,50.8693],[14.8197,50.8858],[14.8673,50.9168],[14.8756,50.9316],[14.8915,50.9356],[14.9032,50.9705],[14.9198,50.9752],[14.9172,50.9909],[14.938,51.0111],[14.9481,51.04],[14.9648,51.05],[14.9821,51.1116],[14.995,51.1241],[14.9912,51.1403],[15.0006,51.1488],[14.9931,51.163],[15.009,51.1801],[15.0052,51.1917],[15.0282,51.2415],[15.0373,51.2447]]]}},{"type":"Feature","properties":{"codes":["BNA","GHA","GRM","L","MTL","WUR"],"name":"Leipzig","state":"Sachsen","districtType":"Kreisfreie Stadt"},"geometry":{"type":"Polygon","coordinates":[[[12.2431,51.3483],[12.2477,51.3311],[12.2367,51.3265],[12.2522,51.2992],[12.2503,51.2649],[12.2594,51.2501],[12.2541,51.2385],[12.2824,51.2431],[12.3138,51.2431],[12.3274,51.2711],[12.3413,51.2672],[12.3523,51.2806],[12.3504,51.2961],[12.3723,51.2938],[12.3814,51.2829],[12.4467,51.2829],[12.4486,51.2688],[12.4781,51.2579],[12.4954,51.2774],[12.5102,51.3031],[12.5385,51.3061],[12.5328,51.3156],[12.543,51.3242],[12.5264,51.3443],[12.509,51.3476],[12.4988,51.3608],[12.4667,51.3677],[12.4686,51.4013],[12.4577,51.4106],[12.4652,51.4207],[12.489,51.4175],[12.4924,51.4316],[12.4724,51.4323],[12.4716,51.4425],[12.4531,51.4432],[12.4422,51.4309],[12.4146,51.4293],[12.3961,51.4184],[12.375,51.4238],[12.3576,51.4175],[12.2798,51.4184],[12.2632,51.4112],[12.2677,51.3973],[12.2567,51.3809],[12.242,51.3733],[12.2431,51.3483]]]}},{"type":"Feature","properties":{"codes":["BNA","GHA","GRM","L","MTL","WUR"],"name":"Leipzig","state":"Sachsen","districtType":"Landkreis"},"geometry":{"type":"Polygon","coordinates":[[[12.9256,51.2183],[12.9075,51.2292],[12.9249,51.247],[12.9286,51.2672],[12.9094,51.2721],[12.8992,51.2883],[12.8735,51.2992],[12.8716,51.3054],[12.8962,51.3219],[12.8999,51.3452],[12.9173,51.3545],[12.932,51.3538],[12.9385,51.3661],[12.9128,51.3723],[12.9045,51.3997],[12.9377,51.395],[12.9422,51.4129],[12.9037,51.4346],[12.8871,51.437],[12.878,51.4464],[12.8576,51.4455],[12.8165,51.4527],[12.8138,51.4596],[12.7889,51.4689],[12.7568,51.4541],[12.7202,51.455],[12.7137,51.4455],[12.6816,51.4478],[12.6624,51.4455],[12.645,51.4332],[12.6541,51.4261],[12.6476,51.4129],[12.6212,51.4059],[12.6212,51.3967],[12.6035,51.3848],[12.5763,51.3802],[12.5566,51.3716],[12.5347,51.374],[12.4988,51.3608],[12.509,51.3476],[12.5264,51.3443],[12.543,51.3242],[12.5328,51.3156],[12.5385,51.3061],[12.5102,51.3031],[12.4954,51.2774],[12.4781,51.2579],[12.4486,51.2688],[12.4467,51.2829],[12.3814,51.2829],[12.3723,51.2938],[12.3504,51.2961],[12.3523,51.2806],[12.3413,51.2672],[12.3274,51.2711],[12.3138,51.2431],[12.2824,51.2431],[12.2541,51.2385],[12.2594,51.2501],[12.2503,51.2649],[12.2522,51.2992],[12.2367,51.3265],[12.2477,51.3311],[12.2431,51.3483],[12.1933,51.3327],[12.1695,51.3281],[12.1548,51.31],[12.1578,51.2922],[12.1706,51.2758],[12.1733,51.2579],[12.1899,51.2579],[12.1914,51.2369],[12.2008,51.2135],[12.1914,51.1956],[12.2126,51.1831],[12.1971,51.1597],[12.1963,51.1419],[12.2329,51.1356],[12.2413,51.1294],[12.2246,51.1192],[12.2318,51.103],[12.2843,51.0912],[12.3183,51.0937],[12.3319,51.1037],[12.3568,51.0944],[12.3542,51.0842],[12.375,51.0773],[12.3942,51.0835],[12.4071,51.075],[12.4494,51.0789],[12.4698,51.0641],[12.5019,51.0641],[12.5026,51.0351],[12.5192,51.0229],[12.5385,51.0243],[12.5404,51.0057],[12.5725,50.99],[12.6008,50.9923],[12.6174,50.9807],[12.6341,50.9791],[12.6862,50.9853],[12.7066,51.0071],[12.7175,51.0018],[12.7402,51.0025],[12.7292,51.0189],[12.713,51.0289],[12.7304,51.0375],[12.7292,51.0539],[12.7164,51.0608],[12.7266,51.0842],[12.7387,51.0882],[12.7451,51.106],[12.787,51.1014],[12.7972,51.1053],[12.8112,51.0912],[12.8716,51.0944],[12.8909,51.0984],[12.8962,51.1109],[12.8882,51.1169],[12.8947,51.1317],[12.8724,51.1458],[12.8497,51.1537],[12.8754,51.1755],[12.8909,51.2058],[12.9256,51.2183]]]}},{"type":"Feature","properties":{"codes":["GRH","MEI","RG","RIE"],"name":"Meißen","state":"Sachsen","districtType":"Landkreis"},"geometry":{"type":"Polygon","coordinates":[[[13.6912,51.374],[13.6829,51.3677],[13.5938,51.3693],[13.5881,51.3848],[13.57,51.3855],[13.5507,51.3795],[13.525,51.3841],[13.5212,51.402],[13.4635,51.4122],[13.4653,51.4214],[13.4287,51.4316],[13.411,51.4402],[13.4019,51.4541],[13.3883,51.4478],[13.3762,51.4247],[13.3581,51.4339],[13.3112,51.4224],[13.2863,51.4112],[13.2863,51.3997],[13.2599,51.4004],[13.2561,51.3918],[13.2138,51.3967],[13.21,51.4052],[13.1908,51.3941],[13.1817,51.3763],[13.2029,51.3686],[13.201,51.3483],[13.2112,51.3436],[13.2021,51.3295],[13.2149,51.2938],[13.2066,51.2774],[13.2164,51.2688],[13.1945,51.2556],[13.2066,51.2401],[13.1983,51.2306],[13.2138,51.1824],[13.2278,51.1699],[13.2542,51.163],[13.247,51.1326],[13.2599,51.0687],[13.2459,51.0539],[13.2553,51.0375],[13.2433,51.0289],[13.2368,51.0071],[13.2761,51.0314],[13.323,51.0361],[13.3434,51.046],[13.3883,51.0516],[13.4011,51.0407],[13.4223,51.0344],[13.4321,51.0555],[13.4525,51.0539],[13.4846,51.0664],[13.5103,51.0595],[13.559,51.0601],[13.5802,51.0648],[13.6066,51.0967],[13.6187,51.103],[13.6591,51.0912],[13.6701,51.096],[13.6874,51.0882],[13.6946,51.103],[13.7074,51.1123],[13.712,51.1333],[13.7203,51.1403],[13.7562,51.135],[13.7618,51.156],[13.7516,51.1692],[13.7664,51.1755],[13.7701,51.1854],[13.792,51.1926],[13.7792,51.2035],[13.7837,51.2283],[13.7992,51.2243],[13.8121,51.2362],[13.8038,51.2728],[13.8177,51.282],[13.8011,51.3038],[13.8185,51.3195],[13.826,51.3413],[13.8563,51.3374],[13.8442,51.3661],[13.8351,51.3772],[13.7535,51.3661],[13.7388,51.3615],[13.7086,51.3647],[13.6912,51.374]]]}},{"type":"Feature","properties":{"codes":["BED","DL","FG","FLÖ","HC","MW","RL"],"name":"Mittelsachsen","state":"Sachsen","districtType":"Landkreis"},"geometry":{"type":"Polygon","coordinates":[[[13.1983,51.2306],[13.1836,51.2345],[13.1477,51.2213],[13.1084,51.223],[13.088,51.2111],[13.079,51.219],[13.0469,51.2135],[13.0442,51.2019],[13.0174,51.2065],[12.9917,51.222],[12.9615,51.2253],[12.9256,51.2183],[12.8909,51.2058],[12.8754,51.1755],[12.8497,51.1537],[12.8724,51.1458],[12.8947,51.1317],[12.8882,51.1169],[12.8962,51.1109],[12.8909,51.0984],[12.8716,51.0944],[12.8112,51.0912],[12.7972,51.1053],[12.787,51.1014],[12.7451,51.106],[12.7387,51.0882],[12.7266,51.0842],[12.7164,51.0608],[12.7292,51.0539],[12.7304,51.0375],[12.713,51.0289],[12.7292,51.0189],[12.7402,51.0025],[12.7175,51.0018],[12.7066,51.0071],[12.6862,50.9853],[12.6341,50.9791],[12.6174,50.9807],[12.631,50.9402],[12.6533,50.924],[12.6669,50.923],[12.6752,50.9122],[12.7183,50.9013],[12.7432,50.902],[12.778,50.867],[12.8048,50.867],[12.8486,50.8983],[12.8697,50.902],[12.9185,50.8888],[12.9479,50.8897],[12.9751,50.895],[12.9891,50.8904],[12.9963,50.8749],[12.9864,50.8647],[12.9872,50.8522],[13.0284,50.8482],[13.0495,50.8343],[13.0397,50.8188],[13.0488,50.8063],[13.0861,50.7806],[13.1137,50.7908],[13.1167,50.7783],[13.1394,50.7697],[13.1651,50.7829],[13.2486,50.7767],[13.278,50.7635],[13.2689,50.7494],[13.281,50.7394],[13.3305,50.7456],[13.3645,50.7533],[13.3762,50.7378],[13.3724,50.7137],[13.434,50.6762],[13.4306,50.6653],[13.4506,50.663],[13.4846,50.6498],[13.4854,50.6396],[13.502,50.6333],[13.5239,50.6389],[13.5129,50.6544],[13.5443,50.6778],[13.5416,50.688],[13.525,50.7042],[13.5545,50.7144],[13.6028,50.7104],[13.6266,50.716],[13.6251,50.7229],[13.6527,50.7308],[13.6206,50.7463],[13.604,50.7704],[13.5945,50.7767],[13.5726,50.772],[13.5507,50.7883],[13.5726,50.8093],[13.5507,50.8179],[13.5443,50.8297],[13.5277,50.8281],[13.5039,50.8397],[13.5148,50.8561],[13.502,50.867],[13.4884,50.8927],[13.4608,50.902],[13.4578,50.924],[13.448,50.9395],[13.4287,50.9434],[13.4351,50.9566],[13.4737,50.9768],[13.4661,50.9837],[13.4385,50.9807],[13.4268,50.9939],[13.4468,51.0205],[13.4397,51.0298],[13.4011,51.0407],[13.3883,51.0516],[13.3434,51.046],[13.323,51.0361],[13.2761,51.0314],[13.2368,51.0071],[13.2433,51.0289],[13.2553,51.0375],[13.2459,51.0539],[13.2599,51.0687],[13.247,51.1326],[13.2542,51.163],[13.2278,51.1699],[13.2138,51.1824],[13.1983,51.2306]]]}},{"type":"Feature","properties":{"codes":["DZ","EB","OZ","TDO","TG","TO"],"name":"Nordsachsen","state":"Sachsen","districtType":"Landkreis"},"geometry":{"type":"Polygon","coordinates":[[[13.0514,51.6472],[13.0238,51.6373],[13.0121,51.6644],[12.9963,51.669],[12.9672,51.6637],[12.9725,51.6512],[12.9294,51.6496],[12.9139,51.6442],[12.8916,51.6528],[12.8678,51.6567],[12.8626,51.6739],[12.8459,51.6838],[12.8176,51.6699],[12.7908,51.6644],[12.7723,51.6472],[12.7504,51.6496],[12.7183,51.6614],[12.6888,51.6628],[12.6669,51.6419],[12.6662,51.6317],[12.6495,51.6208],[12.622,51.6162],[12.5808,51.6262],[12.5744,51.6153],[12.5359,51.606],[12.4596,51.6037],[12.4429,51.61],[12.4275,51.5991],[12.4256,51.5819],[12.3961,51.5873],[12.3678,51.5833],[12.3485,51.5866],[12.2934,51.5609],[12.2329,51.5609],[12.2311,51.5477],[12.2099,51.5421],[12.199,51.5312],[12.1925,51.5064],[12.208,51.5025],[12.2035,51.4854],[12.1759,51.4821],[12.1733,51.4682],[12.1483,51.4596],[12.1578,51.4527],[12.1578,51.4323],[12.1823,51.4323],[12.1869,51.4145],[12.1752,51.4004],[12.1752,51.3832],[12.1933,51.3693],[12.1861,51.3624],[12.1933,51.3327],[12.2431,51.3483],[12.242,51.3733],[12.2567,51.3809],[12.2677,51.3973],[12.2632,51.4112],[12.2798,51.4184],[12.3576,51.4175],[12.375,51.4238],[12.3961,51.4184],[12.4146,51.4293],[12.4422,51.4309],[12.4531,51.4432],[12.4716,51.4425],[12.4724,51.4323],[12.4924,51.4316],[12.489,51.4175],[12.4652,51.4207],[12.4577,51.4106],[12.4686,51.4013],[12.4667,51.3677],[12.4988,51.3608],[12.5347,51.374],[12.5566,51.3716],[12.5763,51.3802],[12.6035,51.3848],[12.6212,51.3967],[12.6212,51.4059],[12.6476,51.4129],[12.6541,51.4261],[12.645,51.4332],[12.6624,51.4455],[12.6816,51.4478],[12.7137,51.4455],[12.7202,51.455],[12.7568,51.4541],[12.7889,51.4689],[12.8138,51.4596],[12.8165,51.4527],[12.8576,51.4455],[12.878,51.4464],[12.8871,51.437],[12.9037,51.4346],[12.9422,51.4129],[12.9377,51.395],[12.9045,51.3997],[12.9128,51.3723],[12.9385,51.3661],[12.932,51.3538],[12.9173,51.3545],[12.8999,51.3452],[12.8962,51.3219],[12.8716,51.3054],[12.8735,51.2992],[12.8992,51.2883],[12.9094,51.2721],[12.9286,51.2672],[12.9249,51.247],[12.9075,51.2292],[12.9256,51.2183],[12.9615,51.2253],[12.9917,51.222],[13.0174,51.2065],[13.0442,51.2019],[13.0469,51.2135],[13.079,51.219],[13.088,51.2111],[13.1084,51.223],[13.1477,51.2213],[13.1836,51.2345],[13.1983,51.2306],[13.2066,51.2401],[13.1945,51.2556],[13.2164,51.2688],[13.2066,51.2774],[13.2149,51.2938],[13.2021,51.3295],[13.2112,51.3436],[13.201,51.3483],[13.2029,51.3686],[13.1817,51.3763],[13.1908,51.3941],[13.21,51.4052],[13.1972,51.4346],[13.2036,51.458],[13.1828,51.4712],[13.2074,51.5048],[13.2085,51.5243],[13.19,51.5398],[13.1855,51.5578],[13.147,51.5632],[13.1424,51.5724],[13.1617,51.5921],[13.1194,51.6185],[13.0854,51.609],[13.0809,51.6178],[13.0514,51.6472]]]}},{"type":"Feature","properties":{"codes":["DW","FTL","PIR","SEB"],"name":"Sächsische Schweiz-Osterzgebirge","state":"Sachsen","districtType":"Landkreis"},"geometry":{"type":"Polygon","coordinates":[[[14.3178,51.0546],[14.3204,51.068],[14.2785,51.0743],[14.2638,51.0618],[14.2472,51.0734],[14.2151,51.0842],[14.1867,51.0875],[14.1803,51.0757],[14.1618,51.0664],[14.1433,51.0743],[14.1278,51.0875],[14.1059,51.0734],[14.0617,51.0743],[14.0508,51.0866],[14.0372,51.0671],[14.0085,51.071],[13.9809,51.0687],[13.9654,51.0618],[13.9628,51.0314],[13.9405,51.0219],[13.939,51.015],[13.9114,51.0127],[13.9103,50.9995],[13.8808,50.9837],[13.8581,50.9932],[13.8313,50.9784],[13.8177,50.9752],[13.7894,50.987],[13.7709,50.9877],[13.7618,51.0002],[13.7286,51.0104],[13.6882,51.0025],[13.6818,51.015],[13.6663,51.0173],[13.6606,51.0344],[13.6425,51.0305],[13.604,51.0321],[13.5836,51.0446],[13.5802,51.0648],[13.559,51.0601],[13.5103,51.0595],[13.4846,51.0664],[13.4525,51.0539],[13.4321,51.0555],[13.4223,51.0344],[13.4397,51.0298],[13.4468,51.0205],[13.4268,50.9939],[13.4385,50.9807],[13.4661,50.9837],[13.4737,50.9768],[13.4351,50.9566],[13.4287,50.9434],[13.448,50.9395],[13.4578,50.924],[13.4608,50.902],[13.4884,50.8927],[13.502,50.867],[13.5148,50.8561],[13.5039,50.8397],[13.5277,50.8281],[13.5443,50.8297],[13.5507,50.8179],[13.5726,50.8093],[13.5507,50.7883],[13.5726,50.772],[13.5945,50.7767],[13.604,50.7704],[13.6206,50.7463],[13.6527,50.7308],[13.6663,50.7322],[13.692,50.7183],[13.7278,50.7338],[13.7407,50.7269],[13.7581,50.7362],[13.8075,50.7331],[13.826,50.7246],[13.8551,50.7269],[13.8683,50.7424],[13.8793,50.7378],[13.8967,50.7433],[13.9012,50.7549],[13.8876,50.7714],[13.9001,50.7846],[13.939,50.7899],[13.9533,50.807],[13.9911,50.8195],[14.0232,50.8093],[14.0674,50.8103],[14.09,50.8265],[14.1335,50.8343],[14.1618,50.8475],[14.2022,50.8515],[14.2234,50.8591],[14.2362,50.8841],[14.2672,50.895],[14.2921,50.8848],[14.3877,50.899],[14.3865,50.9154],[14.4024,50.9247],[14.4013,50.9332],[14.3729,50.9379],[14.3461,50.9488],[14.3114,50.9534],[14.3133,50.9721],[14.2581,50.9877],[14.2653,51.008],[14.28,51.0143],[14.2921,51.0469],[14.3178,51.0546]]]}},{"type":"Feature","properties":{"codes":["AE","OVL","PL","RC","V"],"name":"Vogtlandkreis","state":"Sachsen","districtType":"Landkreis"},"geometry":{"type":"Polygon","coordinates":[[[12.5275,50.5469],[12.5192,50.5532],[12.4936,50.5578],[12.4705,50.5555],[12.4588,50.5657],[12.4411,50.5611],[12.4312,50.571],[12.4395,50.6148],[12.4101,50.6217],[12.4229,50.6333],[12.3961,50.6551],[12.3768,50.6607],[12.3787,50.6739],[12.3191,50.6762],[12.299,50.6514],[12.2639,50.6435],[12.2658,50.631],[12.242,50.6333],[12.2318,50.6271],[12.2073,50.6366],[12.188,50.6234],[12.1604,50.6303],[12.1465,50.6257],[12.1465,50.6062],[12.1162,50.5977],[12.111,50.5891],[12.1374,50.5819],[12.1155,50.5673],[12.1015,50.5782],[12.0834,50.5789],[12.077,50.5578],[12.0392,50.5532],[12.0173,50.568],[12.0358,50.5812],[12.0347,50.5944],[12.0211,50.5984],[12.0044,50.6139],[12.0199,50.6241],[12.0109,50.6356],[11.9924,50.6248],[11.989,50.6109],[11.944,50.5914],[11.9236,50.5858],[11.9338,50.5687],[11.9134,50.5555],[11.8832,50.5516],[11.8715,50.54],[11.8877,50.5166],[11.9044,50.5159],[11.9255,50.5259],[11.9338,50.5057],[11.9621,50.4902],[11.9467,50.4793],[11.9429,50.4599],[11.921,50.4582],[11.8953,50.4497],[11.8979,50.4355],[11.9648,50.3999],[11.9833,50.3857],[11.9788,50.3695],[11.9924,50.3531],[12.0116,50.3461],[12.032,50.3297],[12.0585,50.3274],[12.0879,50.3327],[12.1008,50.3181],[12.1264,50.3156],[12.1457,50.3218],[12.1842,50.3228],[12.199,50.3033],[12.1952,50.2931],[12.2016,50.273],[12.2541,50.2704],[12.2658,50.2588],[12.2394,50.2463],[12.2605,50.2348],[12.2734,50.2331],[12.2934,50.2215],[12.2824,50.2137],[12.2779,50.1919],[12.3036,50.1755],[12.3191,50.1715],[12.3383,50.1926],[12.3255,50.2028],[12.3293,50.2354],[12.3568,50.2424],[12.3523,50.2628],[12.3704,50.2852],[12.3942,50.2892],[12.4037,50.3241],[12.4331,50.3235],[12.4429,50.3422],[12.4698,50.3547],[12.4924,50.3547],[12.486,50.3709],[12.5128,50.3959],[12.5585,50.399],[12.5834,50.4068],[12.5842,50.424],[12.5374,50.4434],[12.4936,50.4691],[12.4954,50.4839],[12.475,50.487],[12.4577,50.5025],[12.4716,50.5064],[12.4788,50.5245],[12.5117,50.5314],[12.5275,50.5469]]]}},{"type":"Feature","properties":{"codes":["GC","HOT","WDA","Z"],"name":"Zwickau","state":"Sachsen","districtType":"Landkreis"},"geometry":{"type":"Polygon","coordinates":[[[12.8048,50.867],[12.778,50.867],[12.7432,50.902],[12.7183,50.9013],[12.6752,50.9122],[12.6669,50.923],[12.6533,50.924],[12.6405,50.9029],[12.6065,50.9059],[12.5732,50.9013],[12.5604,50.9059],[12.5385,50.9006],[12.5211,50.9075],[12.5102,50.8934],[12.4898,50.8934],[12.4614,50.8818],[12.4641,50.8726],[12.4441,50.8624],[12.4486,50.8561],[12.4377,50.842],[12.4184,50.8406],[12.4025,50.8492],[12.3651,50.8469],[12.3493,50.8383],[12.3478,50.8235],[12.3138,50.8188],[12.2862,50.8202],[12.2779,50.8093],[12.2511,50.8179],[12.2431,50.8093],[12.2522,50.7908],[12.2881,50.7899],[12.2843,50.7737],[12.2639,50.7602],[12.2447,50.7651],[12.2284,50.7572],[12.2273,50.7401],[12.2348,50.7331],[12.265,50.7378],[12.2734,50.7292],[12.253,50.716],[12.2752,50.6864],[12.3145,50.6857],[12.3191,50.6762],[12.3787,50.6739],[12.3768,50.6607],[12.3961,50.6551],[12.4229,50.6333],[12.4101,50.6217],[12.4395,50.6148],[12.4312,50.571],[12.4411,50.5611],[12.4588,50.5657],[12.4705,50.5555],[12.4936,50.5578],[12.5192,50.5532],[12.5275,50.5469],[12.5385,50.5555],[12.5604,50.5594],[12.5834,50.5532],[12.6137,50.5648],[12.6046,50.5733],[12.5763,50.5805],[12.5834,50.593],[12.5982,50.5977],[12.5899,50.6109],[12.6035,50.6171],[12.631,50.6194],[12.6303,50.6271],[12.6469,50.6405],[12.6662,50.6405],[12.6873,50.6342],[12.7111,50.6428],[12.6964,50.6544],[12.7081,50.6662],[12.7183,50.6887],[12.7047,50.7005],[12.6805,50.7005],[12.6393,50.7167],[12.6488,50.7285],[12.6688,50.726],[12.656,50.751],[12.6805,50.7526],[12.6952,50.7394],[12.7137,50.7385],[12.7239,50.7526],[12.7175,50.7658],[12.7258,50.7744],[12.744,50.7783],[12.756,50.7714],[12.7787,50.7899],[12.7477,50.8218],[12.7734,50.8235],[12.7825,50.8367],[12.8036,50.8482],[12.8048,50.867]]]}},{"type":"Feature","properties":{"codes":["HEI","MED"],"name":"Dithmarschen","state":"Schleswig-Holstein","districtType":"Kreis"},"geometry":{"type":"Polygon","coordinates":[[[9.1763,54.3346],[9.1487,54.3377],[9.1359,54.3472],[9.1064,54.358],[9.091,54.3705],[9.08,54.3627],[9.0366,54.3682],[9.0094,54.3791],[8.989,54.3689],[8.9837,54.3472],[8.9954,54.3363],[8.9678,54.3159],[8.9486,54.3136],[8.9448,54.3059],[8.9414,54.2888],[8.9017,54.2598],[8.8413,54.2568],[8.8311,54.2397],[8.8356,54.2233],[8.8092,54.1913],[8.8081,54.1718],[8.8183,54.1672],[8.8311,54.1392],[8.8587,54.1244],[8.8689,54.1227],[8.8983,54.1346],[8.9285,54.1313],[8.9486,54.0917],[8.9844,54.063],[8.9863,54.0597],[8.9818,54.0449],[8.9641,54.0347],[8.9414,54.0347],[8.91,54.0433],[8.89,54.0459],[8.856,54.0433],[8.8413,54.0373],[8.8304,54.0225],[8.8541,53.9921],[8.8761,53.9787],[8.8772,53.9641],[8.9229,53.9196],[8.9705,53.8923],[9.0494,53.8986],[9.0845,53.8893],[9.1268,53.8877],[9.1982,53.8893],[9.2092,53.9335],[9.2277,53.9414],[9.27,53.975],[9.29,53.9819],[9.3036,54.0116],[9.2862,54.041],[9.3036,54.0426],[9.3111,54.0637],[9.3085,54.0878],[9.3164,54.0924],[9.3138,54.119],[9.3055,54.126],[9.3259,54.1362],[9.3882,54.1579],[9.4433,54.1735],[9.4305,54.1906],[9.4388,54.1999],[9.4339,54.2381],[9.4441,54.2397],[9.4195,54.2645],[9.4029,54.2677],[9.4037,54.2816],[9.3939,54.2888],[9.3663,54.2934],[9.358,54.2793],[9.3285,54.2832],[9.3066,54.2717],[9.2892,54.2747],[9.2836,54.2911],[9.267,54.2964],[9.2779,54.3245],[9.2605,54.334],[9.2303,54.3393],[9.2277,54.3245],[9.1763,54.3346]]]}},{"type":"Feature","properties":{"codes":["FL"],"name":"Flensburg","state":"Schleswig-Holstein","districtType":"Kreisfreie Stadt"},"geometry":{"type":"Polygon","coordinates":[[[9.4229,54.8228],[9.4018,54.808],[9.4056,54.7958],[9.3568,54.7793],[9.3791,54.7536],[9.4532,54.752],[9.4743,54.7724],[9.4947,54.77],[9.5064,54.7909],[9.5057,54.8103],[9.4921,54.8228],[9.4652,54.8222],[9.4524,54.8073],[9.4324,54.8113],[9.4229,54.8228]]]}},{"type":"Feature","properties":{"codes":["RZ"],"name":"Herzogtum Lauenburg","state":"Schleswig-Holstein","districtType":"Kreis"},"geometry":{"type":"Polygon","coordinates":[[[10.763,53.8112],[10.7354,53.8029],[10.7131,53.7881],[10.6829,53.7818],[10.6527,53.795],[10.638,53.7825],[10.6399,53.7677],[10.6168,53.7733],[10.5885,53.7872],[10.604,53.7927],[10.6051,53.8043],[10.5821,53.8043],[10.5583,53.7934],[10.5333,53.7756],[10.5345,53.7631],[10.5103,53.7608],[10.4729,53.767],[10.4472,53.7561],[10.4397,53.7397],[10.4121,53.7397],[10.4087,53.7334],[10.4408,53.7202],[10.4435,53.7008],[10.4114,53.7031],[10.4121,53.6883],[10.4042,53.6721],[10.414,53.6626],[10.4363,53.6556],[10.4333,53.6477],[10.462,53.6322],[10.4929,53.6338],[10.5152,53.6206],[10.4941,53.6019],[10.4601,53.5973],[10.428,53.6058],[10.4004,53.5903],[10.3876,53.5778],[10.3736,53.5762],[10.3305,53.5623],[10.2912,53.5366],[10.3067,53.5326],[10.2931,53.5201],[10.2701,53.5201],[10.2663,53.506],[10.2388,53.5046],[10.2369,53.496],[10.238,53.4835],[10.2656,53.4743],[10.269,53.4641],[10.292,53.4546],[10.326,53.4493],[10.3075,53.4328],[10.3286,53.4252],[10.3664,53.4259],[10.4299,53.3979],[10.5141,53.3715],[10.5571,53.3691],[10.5756,53.3596],[10.5949,53.3636],[10.6006,53.3784],[10.6161,53.383],[10.6187,53.4259],[10.6353,53.4562],[10.6519,53.4618],[10.6931,53.4555],[10.7014,53.478],[10.7517,53.4842],[10.7773,53.4951],[10.7868,53.5109],[10.8162,53.5201],[10.8189,53.534],[10.8317,53.5435],[10.8223,53.5755],[10.8427,53.5746],[10.8499,53.5653],[10.8933,53.5722],[10.9107,53.5715],[10.9235,53.5841],[10.9178,53.5949],[10.9299,53.6283],[10.9518,53.6477],[10.9545,53.6586],[10.939,53.6658],[10.9428,53.6829],[10.9235,53.6985],[10.8838,53.7054],[10.851,53.7024],[10.8242,53.711],[10.8068,53.7258],[10.806,53.739],[10.7709,53.7499],[10.7581,53.7647],[10.772,53.7974],[10.763,53.8112]]]}},{"type":"Feature","properties":{"codes":["KI"],"name":"Kiel","state":"Schleswig-Holstein","districtType":"Kreisfreie Stadt"},"geometry":{"type":"Polygon","coordinates":[[[10.1693,54.4335],[10.1526,54.4233],[10.1462,54.4111],[10.1315,54.4032],[10.1398,54.3891],[10.1186,54.3696],[10.0699,54.3712],[10.0654,54.3611],[10.0359,54.3604],[10.0378,54.3462],[10.0975,54.3502],[10.105,54.337],[10.093,54.3284],[10.0692,54.3254],[10.0533,54.334],[10.0424,54.3231],[10.048,54.2988],[10.0673,54.2849],[10.0884,54.2902],[10.0949,54.2631],[10.1232,54.2552],[10.1526,54.2506],[10.1745,54.2529],[10.1995,54.2645],[10.2097,54.2802],[10.19,54.2981],[10.19,54.3152],[10.2176,54.3214],[10.2048,54.3409],[10.1745,54.3455],[10.1745,54.3346],[10.17,54.3277],[10.1515,54.3238],[10.1526,54.3208],[10.1334,54.3145],[10.1572,54.3386],[10.1553,54.3439],[10.1406,54.3541],[10.1436,54.3587],[10.1489,54.3604],[10.1628,54.3805],[10.1609,54.3837],[10.1912,54.39],[10.1912,54.4085],[10.1719,54.4273],[10.1693,54.4335]]]}},{"type":"Feature","properties":{"codes":["HL"],"name":"Lübeck","state":"Schleswig-Holstein","districtType":"Kreisfreie Stadt"},"geometry":{"type":"Polygon","coordinates":[[[10.5821,53.8043],[10.6051,53.8043],[10.604,53.7927],[10.5885,53.7872],[10.6168,53.7733],[10.6399,53.7677],[10.638,53.7825],[10.6527,53.795],[10.6829,53.7818],[10.7131,53.7881],[10.7354,53.8029],[10.763,53.8112],[10.749,53.8402],[10.7702,53.8729],[10.8023,53.8768],[10.8208,53.8932],[10.8483,53.8969],[10.8491,53.9055],[10.8755,53.915],[10.8812,53.9243],[10.9114,53.9141],[10.9114,53.8979],[10.9352,53.9002],[10.962,53.9104],[10.9409,53.9187],[10.8948,53.9243],[10.8948,53.9335],[10.9095,53.9477],[10.9031,53.9562],[10.8812,53.9648],[10.885,53.9787],[10.874,53.9896],[10.8419,53.9912],[10.8499,53.9803],[10.8317,53.9717],[10.8162,53.9421],[10.8015,53.9298],[10.7811,53.9282],[10.6939,53.9078],[10.6629,53.8979],[10.6508,53.883],[10.6297,53.89],[10.604,53.89],[10.5794,53.8979],[10.5636,53.8847],[10.5942,53.8722],[10.5923,53.8534],[10.6206,53.8488],[10.5994,53.8379],[10.5666,53.8356],[10.5647,53.8214],[10.5821,53.8043]]]}},{"type":"Feature","properties":{"codes":["NMS"],"name":"Neumünster","state":"Schleswig-Holstein","districtType":"Kreisfreie Stadt"},"geometry":{"type":"Polygon","coordinates":[[[10.0352,54.129],[10.0159,54.1339],[9.9921,54.1501],[9.9793,54.1352],[9.9517,54.1244],[9.9396,54.1026],[9.926,54.0947],[9.9362,54.0769],[9.9324,54.0558],[9.9551,54.0528],[9.9442,54.0215],[9.9691,54.0255],[9.9993,54.0239],[10.0102,54.0396],[10.0371,54.0396],[10.0563,54.0574],[10.0295,54.0581],[10.034,54.0762],[10.0159,54.0801],[10.025,54.0917],[10.0197,54.1174],[10.0352,54.129]]]}},{"type":"Feature","properties":{"codes":["NF"],"name":"Nordfriesland","state":"Schleswig-Holstein","districtType":"Kreis"},"geometry":{"type":"MultiPolygon","coordinates":[[[[8.4833,54.4592],[8.4568,54.4662],[8.4493,54.4507],[8.4659,54.4266],[8.4863,54.4125],[8.5172,54.4273],[8.5018,54.4428],[8.487,54.4537],[8.4833,54.4592]]],[[[8.4806,54.5449],[8.4697,54.5456],[8.4651,54.5222],[8.4704,54.4965],[8.4991,54.506],[8.4916,54.5255],[8.501,54.5364],[8.4806,54.5449]]],[[[8.6917,54.5215],[8.7053,54.538],[8.7019,54.5558],[8.6906,54.5565],[8.6698,54.5489],[8.6441,54.5466],[8.6385,54.5387],[8.5871,54.5294],[8.5943,54.506],[8.623,54.4889],[8.6687,54.4935],[8.6789,54.4988],[8.6917,54.5215]]],[[[8.5512,54.5792],[8.5089,54.5737],[8.541,54.5644],[8.5475,54.5565],[8.5716,54.5574],[8.5569,54.5783],[8.5512,54.5792]]],[[[8.4916,54.5723],[8.4715,54.5792],[8.4549,54.5588],[8.501,54.5581],[8.4916,54.5723]]],[[[8.6642,54.6593],[8.6309,54.6478],[8.6026,54.6415],[8.5358,54.6353],[8.5467,54.6188],[8.5845,54.6336],[8.6102,54.6329],[8.6468,54.6392],[8.6604,54.6478],[8.6642,54.6593]]],[[[8.3575,54.7108],[8.3439,54.7068],[8.322,54.689],[8.2918,54.6702],[8.2997,54.657],[8.3367,54.6306],[8.3631,54.6079],[8.3953,54.6119],[8.3798,54.6329],[8.3817,54.6406],[8.3605,54.6501],[8.3541,54.6742],[8.3394,54.6943],[8.3575,54.7108]]],[[[8.5815,54.7302],[8.586,54.742],[8.5686,54.7506],[8.5191,54.7552],[8.4972,54.749],[8.478,54.7529],[8.4292,54.7457],[8.4164,54.7404],[8.3964,54.7177],[8.399,54.7022],[8.4338,54.6929],[8.453,54.692],[8.4787,54.6811],[8.5667,54.6797],[8.5705,54.6867],[8.575,54.7029],[8.5954,54.7193],[8.5815,54.7302]]],[[[8.3998,55.048],[8.41,55.0565],[8.399,55.0535],[8.3658,55.0084],[8.3458,54.9778],[8.331,54.9639],[8.2989,54.9118],[8.2899,54.8821],[8.2835,54.8198],[8.2797,54.752],[8.2971,54.742],[8.2944,54.7566],[8.2997,54.7761],[8.2925,54.7849],[8.2997,54.8027],[8.2944,54.8252],[8.3027,54.8532],[8.3073,54.8555],[8.3061,54.8587],[8.3273,54.8618],[8.3061,54.8587],[8.3016,54.8673],[8.3182,54.8775],[8.365,54.8759],[8.3771,54.8594],[8.4036,54.8479],[8.4172,54.8472],[8.4742,54.8673],[8.5089,54.8821],[8.5826,54.8845],[8.6052,54.8713],[8.6052,54.8409],[8.6487,54.8103],[8.6577,54.7948],[8.6763,54.7886],[8.6925,54.7668],[8.7065,54.7404],[8.6925,54.7286],[8.711,54.7177],[8.734,54.7115],[8.7522,54.6999],[8.7514,54.6811],[8.7726,54.6695],[8.8156,54.6531],[8.8337,54.6251],[8.8413,54.6188],[8.8239,54.5994],[8.8806,54.5994],[8.8836,54.5845],[8.8715,54.5565],[8.8772,54.5364],[8.8708,54.5262],[8.8466,54.5123],[8.8092,54.5005],[8.8183,54.4843],[8.8066,54.4701],[8.8266,54.4632],[8.8927,54.4586],[8.9184,54.4648],[8.9421,54.4912],[8.9633,54.5014],[8.9633,54.513],[8.9788,54.5209],[9.0128,54.4905],[8.9992,54.4632],[8.9625,54.4586],[8.9165,54.4233],[8.8934,54.4118],[8.8662,54.4039],[8.8156,54.4134],[8.7835,54.4085],[8.7238,54.4062],[8.7193,54.4025],[8.6706,54.3993],[8.6052,54.3831],[8.6026,54.3729],[8.6604,54.3682],[8.6853,54.3573],[8.6385,54.3462],[8.6366,54.3409],[8.6173,54.3472],[8.6045,54.358],[8.5898,54.3425],[8.5807,54.3066],[8.5935,54.2895],[8.62,54.2816],[8.5943,54.2988],[8.5935,54.302],[8.5943,54.2997],[8.6109,54.2925],[8.6,54.3073],[8.6026,54.3066],[8.6358,54.2839],[8.6449,54.273],[8.657,54.2779],[8.6732,54.2684],[8.6861,54.2717],[8.697,54.2802],[8.7238,54.2865],[8.7688,54.2872],[8.7873,54.2809],[8.8164,54.2911],[8.8413,54.2802],[8.8451,54.2638],[8.8515,54.2661],[8.8598,54.2793],[8.8439,54.2879],[8.8606,54.2802],[8.8606,54.2724],[8.8761,54.273],[8.9017,54.2856],[8.9486,54.3136],[8.9678,54.3159],[8.9954,54.3363],[8.9837,54.3472],[8.989,54.3689],[9.0094,54.3791],[9.0366,54.3682],[9.08,54.3627],[9.091,54.3705],[9.1064,54.358],[9.1359,54.3472],[9.1487,54.3377],[9.1763,54.3346],[9.1725,54.3488],[9.1873,54.3587],[9.2046,54.3814],[9.2424,54.3729],[9.2632,54.3844],[9.2598,54.3923],[9.2809,54.4164],[9.3278,54.4484],[9.3183,54.4724],[9.2862,54.4975],[9.2809,54.5153],[9.3036,54.5308],[9.2926,54.5364],[9.3111,54.5535],[9.2919,54.5605],[9.2855,54.5713],[9.2507,54.5783],[9.2552,54.5987],[9.2424,54.6142],[9.222,54.629],[9.2073,54.6313],[9.2231,54.6478],[9.1861,54.661],[9.1669,54.6867],[9.1718,54.6983],[9.1476,54.6999],[9.1249,54.6906],[9.0679,54.6983],[9.0826,54.7101],[9.0762,54.7177],[9.0781,54.7566],[9.111,54.7677],[9.1076,54.777],[9.1193,54.7872],[9.0993,54.8152],[9.0808,54.8205],[9.1091,54.8409],[9.1136,54.8736],[9.091,54.8703],[9.0487,54.8719],[9.0147,54.8868],[8.9844,54.8923],[8.9576,54.9016],[8.8934,54.9046],[8.8485,54.897],[8.8368,54.9055],[8.799,54.9046],[8.7771,54.893],[8.7548,54.897],[8.7182,54.8953],[8.6872,54.9085],[8.6385,54.9109],[8.6211,54.893],[8.5871,54.8868],[8.5138,54.8828],[8.4576,54.8766],[8.4183,54.8798],[8.3805,54.8907],[8.3624,54.9085],[8.3624,54.9553],[8.3541,54.9685],[8.3779,54.9958],[8.3945,55.0044],[8.4221,55.009],[8.4394,55.0192],[8.4402,55.0216],[8.4236,55.0341],[8.3971,55.041],[8.3998,55.048]]]]}},{"type":"Feature","properties":{"codes":["OH"],"name":"Ostholstein","state":"Schleswig-Holstein","districtType":"Kreis"},"geometry":{"type":"MultiPolygon","coordinates":[[[[10.8548,54.0894],[10.8676,54.0848],[10.8922,54.0947],[10.9205,54.1135],[10.9473,54.1369],[11.0032,54.1603],[11.05,54.1774],[11.0655,54.1906],[11.0859,54.1975],[11.0904,54.2226],[11.0821,54.2413],[11.084,54.2832],[11.075,54.3082],[11.0693,54.3439],[11.0583,54.3541],[11.0878,54.3573],[11.1271,54.3745],[11.1297,54.39],[11.1071,54.3953],[11.0912,54.3923],[11.0784,54.3775],[11.0262,54.3673],[10.9518,54.3844],[10.9288,54.3821],[10.9088,54.3682],[10.8691,54.358],[10.8261,54.3277],[10.7966,54.3145],[10.7664,54.3066],[10.7399,54.3096],[10.7131,54.305],[10.706,54.2888],[10.7214,54.2473],[10.6984,54.2318],[10.6995,54.2186],[10.7161,54.214],[10.6969,54.2008],[10.6738,54.1922],[10.6712,54.2061],[10.6372,54.2233],[10.6059,54.2249],[10.5949,54.2327],[10.573,54.2351],[10.5481,54.2279],[10.5409,54.207],[10.5205,54.1843],[10.4994,54.186],[10.4846,54.1751],[10.5096,54.1517],[10.516,54.1399],[10.5409,54.1313],[10.5326,54.1197],[10.496,54.1237],[10.4839,54.119],[10.4801,54.1042],[10.4416,54.1197],[10.4223,54.1158],[10.4268,54.091],[10.4178,54.0831],[10.448,54.0676],[10.4544,54.0597],[10.4812,54.0591],[10.4967,54.0706],[10.5216,54.0723],[10.5417,54.0653],[10.5647,54.0683],[10.5473,54.0419],[10.5564,54.031],[10.5409,54.0178],[10.5096,54.0278],[10.4756,54.013],[10.4563,53.9896],[10.4782,53.9889],[10.5179,53.9803],[10.5179,53.9585],[10.5443,53.9493],[10.5473,53.9289],[10.5333,53.9187],[10.5435,53.9094],[10.5617,53.9094],[10.5794,53.8979],[10.604,53.89],[10.6297,53.89],[10.6508,53.883],[10.6629,53.8979],[10.6939,53.9078],[10.7811,53.9282],[10.8015,53.9298],[10.8162,53.9421],[10.8317,53.9717],[10.8499,53.9803],[10.8419,53.9912],[10.8106,53.9935],[10.7849,53.9981],[10.7528,54.0324],[10.7547,54.0558],[10.7921,54.0746],[10.8125,54.0956],[10.8287,54.0878],[10.8548,54.0894]]],[[[11.2105,54.4141],[11.2521,54.4118],[11.2978,54.4025],[11.3125,54.4039],[11.2978,54.4319],[11.2778,54.4477],[11.2676,54.4648],[11.2521,54.4718],[11.2426,54.4942],[11.1905,54.5114],[11.1682,54.5222],[11.1444,54.5232],[11.0666,54.5364],[11.0372,54.5185],[11.0115,54.4856],[11.0077,54.4592],[11.0051,54.453],[11.0115,54.4414],[11.0462,54.4289],[11.0217,54.4382],[11.0372,54.4467],[11.0685,54.4523],[11.0848,54.4451],[11.0969,54.4444],[11.1025,54.4296],[11.095,54.4095],[11.1188,54.4025],[11.1747,54.4009],[11.1694,54.4148],[11.1988,54.4196],[11.2105,54.4141]]]]}},{"type":"Feature","properties":{"codes":["PI"],"name":"Pinneberg","state":"Schleswig-Holstein","districtType":"Kreis"},"geometry":{"type":"MultiPolygon","coordinates":[[[[9.5563,53.6253],[9.5642,53.6315],[9.5461,53.6477],[9.5351,53.6447],[9.5563,53.6253]]],[[[9.5268,53.6642],[9.5306,53.6728],[9.5204,53.6985],[9.5,53.711],[9.4966,53.7093],[9.5113,53.6922],[9.5193,53.6744],[9.5268,53.6642]]],[[[9.7515,53.8932],[9.67,53.8893],[9.648,53.8791],[9.656,53.8573],[9.6764,53.8518],[9.659,53.7967],[9.6424,53.774],[9.6231,53.767],[9.5672,53.7529],[9.5835,53.7219],[9.5578,53.7147],[9.5177,53.714],[9.5532,53.6704],[9.5498,53.6563],[9.5736,53.6269],[9.5789,53.6237],[9.5736,53.6269],[9.5551,53.6206],[9.6186,53.5963],[9.6469,53.5878],[9.6726,53.5715],[9.7342,53.5653],[9.747,53.5917],[9.7432,53.5973],[9.7598,53.6244],[9.7708,53.616],[9.7984,53.6072],[9.7984,53.5956],[9.8157,53.5864],[9.8369,53.5878],[9.8856,53.622],[9.9151,53.6549],[9.9453,53.6533],[9.9362,53.6813],[9.9487,53.711],[9.9781,53.7429],[9.9812,53.7638],[9.9691,53.7693],[9.9434,53.7529],[9.8966,53.7506],[9.9011,53.771],[9.8671,53.7818],[9.8818,53.798],[9.8811,53.8106],[9.824,53.8455],[9.7636,53.8729],[9.7515,53.8932]]]]}},{"type":"Feature","properties":{"codes":["PLÖ"],"name":"Plön","state":"Schleswig-Holstein","districtType":"Kreis"},"geometry":{"type":"Polygon","coordinates":[[[10.7124,54.305],[10.6829,54.3106],[10.6784,54.3214],[10.6501,54.3316],[10.6391,54.3479],[10.5949,54.3657],[10.5371,54.3805],[10.4876,54.3884],[10.451,54.4],[10.3883,54.4266],[10.3317,54.4359],[10.3022,54.4335],[10.2811,54.418],[10.2289,54.4141],[10.2097,54.3953],[10.2085,54.3877],[10.1983,54.3798],[10.1949,54.3719],[10.1802,54.3587],[10.1745,54.3462],[10.2048,54.3409],[10.2176,54.3214],[10.19,54.3152],[10.19,54.2981],[10.2097,54.2802],[10.1995,54.2645],[10.1745,54.2529],[10.1526,54.2506],[10.1232,54.2552],[10.0975,54.2381],[10.1296,54.2311],[10.1224,54.2233],[10.1315,54.2094],[10.1251,54.1962],[10.1175,54.161],[10.1307,54.1447],[10.093,54.1346],[10.0718,54.1251],[10.0352,54.129],[10.0197,54.1174],[10.025,54.0917],[10.0159,54.0801],[10.034,54.0762],[10.0295,54.0581],[10.0563,54.0574],[10.1379,54.0604],[10.1545,54.0551],[10.1745,54.0591],[10.2206,54.0792],[10.2701,54.0924],[10.2829,54.1003],[10.3517,54.1065],[10.3573,54.0824],[10.3736,54.0729],[10.4057,54.0706],[10.4268,54.091],[10.4223,54.1158],[10.4416,54.1197],[10.4801,54.1042],[10.4839,54.119],[10.496,54.1237],[10.5326,54.1197],[10.5409,54.1313],[10.516,54.1399],[10.5096,54.1517],[10.4846,54.1751],[10.4994,54.186],[10.5205,54.1843],[10.5409,54.207],[10.5481,54.2279],[10.573,54.2351],[10.5949,54.2327],[10.6059,54.2249],[10.6372,54.2233],[10.6712,54.2061],[10.6738,54.1922],[10.6969,54.2008],[10.7161,54.214],[10.6995,54.2186],[10.6984,54.2318],[10.7214,54.2473],[10.706,54.2888],[10.7124,54.305]]]}},{"type":"Feature","properties":{"codes":["ECK","RD"],"name":"Rendsburg-Eckernförde","state":"Schleswig-Holstein","districtType":"Kreis"},"geometry":{"type":"Polygon","coordinates":[[[10.0306,54.6369],[10.0212,54.6438],[9.9883,54.6406],[9.971,54.632],[9.9453,54.6369],[9.9377,54.6274],[9.9389,54.626],[9.8626,54.5963],[9.8407,54.5838],[9.8214,54.5815],[9.8067,54.5699],[9.7451,54.541],[9.7342,54.5285],[9.7009,54.5146],[9.7149,54.4912],[9.6752,54.4958],[9.6314,54.4734],[9.6416,54.4546],[9.5891,54.4342],[9.5589,54.4319],[9.5468,54.4],[9.5642,54.3768],[9.5563,54.358],[9.5177,54.3511],[9.4845,54.3386],[9.4626,54.337],[9.4422,54.3439],[9.4146,54.3462],[9.4018,54.3231],[9.4003,54.2981],[9.3939,54.2888],[9.4037,54.2816],[9.4029,54.2677],[9.4195,54.2645],[9.4441,54.2397],[9.4339,54.2381],[9.4388,54.1999],[9.4305,54.1906],[9.4433,54.1735],[9.3882,54.1579],[9.3259,54.1362],[9.3055,54.126],[9.3138,54.119],[9.3164,54.0924],[9.3085,54.0878],[9.3111,54.0637],[9.3368,54.0644],[9.3516,54.0713],[9.3791,54.0637],[9.4056,54.0706],[9.4275,54.0683],[9.4532,54.0878],[9.4743,54.091],[9.4936,54.0855],[9.5295,54.0987],[9.5589,54.0901],[9.571,54.0924],[9.602,54.063],[9.6046,54.0489],[9.6579,54.0472],[9.6983,54.0512],[9.7187,54.0426],[9.7425,54.0442],[9.767,54.0535],[9.7817,54.0489],[9.8048,54.0505],[9.8203,54.041],[9.8169,54.0215],[9.8535,54.0201],[9.8645,54.0123],[9.9003,54.01],[9.9442,54.0215],[9.9551,54.0528],[9.9324,54.0558],[9.9362,54.0769],[9.926,54.0947],[9.9396,54.1026],[9.9517,54.1244],[9.9793,54.1352],[9.9921,54.1501],[10.0159,54.1339],[10.0352,54.129],[10.0718,54.1251],[10.093,54.1346],[10.1307,54.1447],[10.1175,54.161],[10.1251,54.1962],[10.1315,54.2094],[10.1224,54.2233],[10.1296,54.2311],[10.0975,54.2381],[10.1232,54.2552],[10.0949,54.2631],[10.0884,54.2902],[10.0673,54.2849],[10.048,54.2988],[10.0424,54.3231],[10.0533,54.334],[10.0692,54.3254],[10.093,54.3284],[10.105,54.337],[10.0975,54.3502],[10.0378,54.3462],[10.0359,54.3604],[10.0654,54.3611],[10.0699,54.3712],[10.1186,54.3696],[10.1398,54.3891],[10.1315,54.4032],[10.1462,54.4111],[10.1526,54.4233],[10.1693,54.4335],[10.19,54.4569],[10.1745,54.4678],[10.1322,54.485],[10.0095,54.4734],[9.9955,54.4678],[9.96,54.4671],[9.9121,54.4514],[9.8645,54.4477],[9.8433,54.4599],[9.8414,54.4718],[9.8709,54.4708],[9.9121,54.488],[9.9664,54.5028],[9.9955,54.5192],[10.0159,54.5456],[10.0276,54.5503],[10.0261,54.5894],[10.0333,54.6174],[10.0306,54.6369]]]}},{"type":"Feature","properties":{"codes":["SL"],"name":"Schleswig-Flensburg","state":"Schleswig-Holstein","districtType":"Kreis"},"geometry":{"type":"MultiPolygon","coordinates":[[[[10.0306,54.6369],[10.0261,54.6577],[9.9774,54.6735],[9.9498,54.6749],[9.9389,54.6626],[9.9377,54.6445],[9.9453,54.6369],[9.971,54.632],[9.9883,54.6406],[10.0212,54.6438],[10.0306,54.6369]]],[[[9.6514,54.8215],[9.625,54.8314],[9.6027,54.8314],[9.5903,54.8446],[9.5937,54.8604],[9.6122,54.8759],[9.5929,54.8775],[9.5661,54.8548],[9.5193,54.8393],[9.4921,54.8228],[9.5057,54.8103],[9.5064,54.7909],[9.4947,54.77],[9.4743,54.7724],[9.4532,54.752],[9.3791,54.7536],[9.3568,54.7793],[9.4056,54.7958],[9.4018,54.808],[9.4229,54.8228],[9.4112,54.8423],[9.3825,54.8393],[9.3727,54.8198],[9.3542,54.8143],[9.3433,54.8004],[9.3293,54.8057],[9.2734,54.812],[9.2507,54.8096],[9.236,54.8314],[9.2405,54.8495],[9.1431,54.8726],[9.1136,54.8736],[9.1091,54.8409],[9.0808,54.8205],[9.0993,54.8152],[9.1193,54.7872],[9.1076,54.777],[9.111,54.7677],[9.0781,54.7566],[9.0762,54.7177],[9.0826,54.7101],[9.0679,54.6983],[9.1249,54.6906],[9.1476,54.6999],[9.1718,54.6983],[9.1669,54.6867],[9.1861,54.661],[9.2231,54.6478],[9.2073,54.6313],[9.222,54.629],[9.2424,54.6142],[9.2552,54.5987],[9.2507,54.5783],[9.2855,54.5713],[9.2919,54.5605],[9.3111,54.5535],[9.2926,54.5364],[9.3036,54.5308],[9.2809,54.5153],[9.2862,54.4975],[9.3183,54.4724],[9.3278,54.4484],[9.2809,54.4164],[9.2598,54.3923],[9.2632,54.3844],[9.2424,54.3729],[9.2046,54.3814],[9.1873,54.3587],[9.1725,54.3488],[9.1763,54.3346],[9.2277,54.3245],[9.2303,54.3393],[9.2605,54.334],[9.2779,54.3245],[9.267,54.2964],[9.2836,54.2911],[9.2892,54.2747],[9.3066,54.2717],[9.3285,54.2832],[9.358,54.2793],[9.3663,54.2934],[9.3939,54.2888],[9.4003,54.2981],[9.4018,54.3231],[9.4146,54.3462],[9.4422,54.3439],[9.4626,54.337],[9.4845,54.3386],[9.5177,54.3511],[9.5563,54.358],[9.5642,54.3768],[9.5468,54.4],[9.5589,54.4319],[9.5891,54.4342],[9.6416,54.4546],[9.6314,54.4734],[9.6752,54.4958],[9.6643,54.5067],[9.6239,54.5114],[9.582,54.5005],[9.5487,54.5067],[9.5449,54.509],[9.5827,54.51],[9.6039,54.5271],[9.6295,54.5308],[9.6462,54.5222],[9.7334,54.5317],[9.7527,54.5542],[9.767,54.5753],[9.7855,54.573],[9.8112,54.5792],[9.8093,54.5869],[9.8433,54.601],[9.8535,54.6003],[9.9049,54.6274],[9.9343,54.629],[9.9294,54.6415],[9.9396,54.6712],[9.9487,54.6781],[9.9774,54.6827],[9.9744,54.6936],[9.9883,54.7015],[9.9955,54.6811],[10.0167,54.692],[10.0276,54.6883],[10.0276,54.6844],[10.025,54.682],[10.0325,54.6735],[10.0306,54.6929],[9.9619,54.714],[9.9215,54.7101],[9.9049,54.7263],[9.8754,54.7223],[9.869,54.7411],[9.8286,54.742],[9.8203,54.7311],[9.7817,54.7335],[9.7689,54.748],[9.7719,54.7622],[9.7855,54.7714],[9.7617,54.8011],[9.713,54.808],[9.6624,54.8238],[9.6514,54.8215]]]]}},{"type":"Feature","properties":{"codes":["SE"],"name":"Segeberg","state":"Schleswig-Holstein","districtType":"Kreis"},"geometry":{"type":"Polygon","coordinates":[[[10.4178,54.0831],[10.4057,54.0706],[10.3736,54.0729],[10.3573,54.0824],[10.3517,54.1065],[10.2829,54.1003],[10.2701,54.0924],[10.2206,54.0792],[10.1745,54.0591],[10.1545,54.0551],[10.1379,54.0604],[10.0563,54.0574],[10.0371,54.0396],[10.0102,54.0396],[9.9993,54.0239],[9.9691,54.0255],[9.9442,54.0215],[9.9003,54.01],[9.8645,54.0123],[9.8342,53.9968],[9.8331,53.9648],[9.804,53.9819],[9.7791,53.9803],[9.7874,53.9641],[9.8067,53.9625],[9.8131,53.946],[9.8021,53.9352],[9.781,53.9384],[9.7734,53.9273],[9.758,53.9289],[9.7644,53.9071],[9.7515,53.8932],[9.7636,53.8729],[9.824,53.8455],[9.8811,53.8106],[9.8818,53.798],[9.8671,53.7818],[9.9011,53.771],[9.8966,53.7506],[9.9434,53.7529],[9.9691,53.7693],[9.9812,53.7638],[9.9781,53.7429],[9.9487,53.711],[9.9362,53.6813],[9.9453,53.6533],[9.9736,53.6487],[9.9902,53.651],[9.9902,53.6704],[9.9985,53.6813],[10.0405,53.682],[10.0507,53.6767],[10.0718,53.6968],[10.0699,53.7063],[10.0726,53.7093],[10.0269,53.7258],[10.0231,53.7499],[10.059,53.7661],[10.1122,53.7677],[10.1084,53.7452],[10.1277,53.7466],[10.147,53.7631],[10.1322,53.7716],[10.1481,53.7865],[10.1772,53.7918],[10.1949,53.8029],[10.2157,53.7832],[10.2554,53.7825],[10.2625,53.7967],[10.2471,53.8029],[10.2546,53.8168],[10.2452,53.8316],[10.3113,53.8557],[10.3222,53.8705],[10.3445,53.8689],[10.3415,53.858],[10.3645,53.8557],[10.3785,53.865],[10.3947,53.862],[10.4121,53.8729],[10.4325,53.8775],[10.4582,53.9025],[10.4994,53.9016],[10.5039,53.9104],[10.5333,53.9187],[10.5473,53.9289],[10.5443,53.9493],[10.5179,53.9585],[10.5179,53.9803],[10.4782,53.9889],[10.4563,53.9896],[10.4756,54.013],[10.5096,54.0278],[10.5409,54.0178],[10.5564,54.031],[10.5473,54.0419],[10.5647,54.0683],[10.5417,54.0653],[10.5216,54.0723],[10.4967,54.0706],[10.4812,54.0591],[10.4544,54.0597],[10.448,54.0676],[10.4178,54.0831]]]}},{"type":"Feature","properties":{"codes":["IZ"],"name":"Steinburg","state":"Schleswig-Holstein","districtType":"Kreis"},"geometry":{"type":"Polygon","coordinates":[[[9.8645,54.0123],[9.8535,54.0201],[9.8169,54.0215],[9.8203,54.041],[9.8048,54.0505],[9.7817,54.0489],[9.767,54.0535],[9.7425,54.0442],[9.7187,54.0426],[9.6983,54.0512],[9.6579,54.0472],[9.6046,54.0489],[9.602,54.063],[9.571,54.0924],[9.5589,54.0901],[9.5295,54.0987],[9.4936,54.0855],[9.4743,54.091],[9.4532,54.0878],[9.4275,54.0683],[9.4056,54.0706],[9.3791,54.0637],[9.3516,54.0713],[9.3368,54.0644],[9.3111,54.0637],[9.3036,54.0426],[9.2862,54.041],[9.3036,54.0116],[9.29,53.9819],[9.27,53.975],[9.2277,53.9414],[9.2092,53.9335],[9.1982,53.8893],[9.2213,53.8884],[9.2945,53.8722],[9.3278,53.8603],[9.3561,53.8386],[9.3772,53.8323],[9.3946,53.8184],[9.4286,53.7522],[9.4543,53.7327],[9.4902,53.7249],[9.5177,53.714],[9.5578,53.7147],[9.5835,53.7219],[9.5672,53.7529],[9.6231,53.767],[9.6424,53.774],[9.659,53.7967],[9.6764,53.8518],[9.656,53.8573],[9.648,53.8791],[9.67,53.8893],[9.7515,53.8932],[9.7644,53.9071],[9.758,53.9289],[9.7734,53.9273],[9.781,53.9384],[9.8021,53.9352],[9.8131,53.946],[9.8067,53.9625],[9.7874,53.9641],[9.7791,53.9803],[9.804,53.9819],[9.8331,53.9648],[9.8342,53.9968],[9.8645,54.0123]]]}},{"type":"Feature","properties":{"codes":["OD"],"name":"Stormarn","state":"Schleswig-Holstein","districtType":"Kreis"},"geometry":{"type":"Polygon","coordinates":[[[10.5794,53.8979],[10.5617,53.9094],[10.5435,53.9094],[10.5333,53.9187],[10.5039,53.9104],[10.4994,53.9016],[10.4582,53.9025],[10.4325,53.8775],[10.4121,53.8729],[10.3947,53.862],[10.3785,53.865],[10.3645,53.8557],[10.3415,53.858],[10.3445,53.8689],[10.3222,53.8705],[10.3113,53.8557],[10.2452,53.8316],[10.2546,53.8168],[10.2471,53.8029],[10.2625,53.7967],[10.2554,53.7825],[10.2157,53.7832],[10.1949,53.8029],[10.1772,53.7918],[10.1481,53.7865],[10.1322,53.7716],[10.147,53.7631],[10.1277,53.7466],[10.1084,53.7452],[10.1122,53.7677],[10.059,53.7661],[10.0231,53.7499],[10.0269,53.7258],[10.0726,53.7093],[10.082,53.7202],[10.1213,53.7133],[10.1681,53.7381],[10.1893,53.7304],[10.1919,53.7225],[10.1609,53.7001],[10.1534,53.6836],[10.1564,53.6697],[10.1738,53.6681],[10.1964,53.654],[10.1957,53.6378],[10.2168,53.6355],[10.2168,53.6253],[10.1893,53.6128],[10.1957,53.5847],[10.1655,53.5824],[10.1515,53.5769],[10.1489,53.5623],[10.1609,53.5574],[10.1507,53.5449],[10.1674,53.5373],[10.1636,53.5208],[10.1885,53.5123],[10.2104,53.5201],[10.2369,53.496],[10.2388,53.5046],[10.2663,53.506],[10.2701,53.5201],[10.2931,53.5201],[10.3067,53.5326],[10.2912,53.5366],[10.3305,53.5623],[10.3736,53.5762],[10.3876,53.5778],[10.4004,53.5903],[10.428,53.6058],[10.4601,53.5973],[10.4941,53.6019],[10.5152,53.6206],[10.4929,53.6338],[10.462,53.6322],[10.4333,53.6477],[10.4363,53.6556],[10.414,53.6626],[10.4042,53.6721],[10.4121,53.6883],[10.4114,53.7031],[10.4435,53.7008],[10.4408,53.7202],[10.4087,53.7334],[10.4121,53.7397],[10.4397,53.7397],[10.4472,53.7561],[10.4729,53.767],[10.5103,53.7608],[10.5345,53.7631],[10.5333,53.7756],[10.5583,53.7934],[10.5821,53.8043],[10.5647,53.8214],[10.5666,53.8356],[10.5994,53.8379],[10.6206,53.8488],[10.5923,53.8534],[10.5942,53.8722],[10.5636,53.8847],[10.5794,53.8979]]]}},{"type":"Feature","properties":{"codes":["ABG","SLN"],"name":"Altenburger Land","state":"Thüringen","districtType":"Landkreis"},"geometry":{"type":"Polygon","coordinates":[[[12.6174,50.9807],[12.6008,50.9923],[12.5725,50.99],[12.5404,51.0057],[12.5385,51.0243],[12.5192,51.0229],[12.5026,51.0351],[12.5019,51.0641],[12.4698,51.0641],[12.4494,51.0789],[12.4071,51.075],[12.3942,51.0835],[12.375,51.0773],[12.3542,51.0842],[12.3568,51.0944],[12.3319,51.1037],[12.3183,51.0937],[12.2843,51.0912],[12.2836,51.0826],[12.2605,51.068],[12.2624,51.0493],[12.287,51.0375],[12.2915,51.0189],[12.2658,50.9916],[12.2401,50.9761],[12.2382,50.952],[12.2239,50.9425],[12.2439,50.924],[12.2254,50.9105],[12.2273,50.892],[12.2175,50.8756],[12.2182,50.8591],[12.2465,50.8601],[12.2511,50.8179],[12.2779,50.8093],[12.2862,50.8202],[12.3138,50.8188],[12.3478,50.8235],[12.3493,50.8383],[12.3651,50.8469],[12.4025,50.8492],[12.4184,50.8406],[12.4377,50.842],[12.4486,50.8561],[12.4441,50.8624],[12.4641,50.8726],[12.4614,50.8818],[12.4898,50.8934],[12.5102,50.8934],[12.5211,50.9075],[12.5385,50.9006],[12.5604,50.9059],[12.5732,50.9013],[12.6065,50.9059],[12.6405,50.9029],[12.6533,50.924],[12.631,50.9402],[12.6174,50.9807]]]}},{"type":"Feature","properties":{"codes":["EIC","HIG","WBS"],"name":"Eichsfeld","state":"Thüringen","districtType":"Landkreis"},"geometry":{"type":"Polygon","coordinates":[[[10.4884,51.575],[10.451,51.5842],[10.4287,51.5928],[10.4087,51.5866],[10.3774,51.5889],[10.3785,51.5625],[10.3657,51.5562],[10.3672,51.543],[10.3479,51.5321],[10.3426,51.5196],[10.3086,51.515],[10.2867,51.4946],[10.2452,51.4821],[10.2354,51.4735],[10.2021,51.487],[10.1874,51.4784],[10.1745,51.4464],[10.1481,51.4464],[10.1168,51.43],[10.0911,51.4356],[10.0609,51.4332],[10.0378,51.4198],[10.0114,51.4207],[10.0057,51.4082],[9.9876,51.398],[9.9664,51.3957],[9.9423,51.3786],[9.9287,51.3756],[9.926,51.3529],[9.9415,51.3357],[9.9487,51.3172],[9.9857,51.2836],[10.0038,51.2866],[10.0597,51.2758],[10.0499,51.2556],[10.0726,51.2401],[10.0673,51.2276],[10.0903,51.2269],[10.113,51.2151],[10.1417,51.219],[10.15,51.2065],[10.1772,51.2098],[10.2066,51.191],[10.2066,51.1996],[10.1855,51.2135],[10.1949,51.2243],[10.224,51.2306],[10.2354,51.2276],[10.2727,51.2322],[10.3041,51.2424],[10.3196,51.2602],[10.3041,51.2658],[10.3113,51.2806],[10.3528,51.2843],[10.3785,51.311],[10.3728,51.3265],[10.3921,51.3436],[10.4491,51.3413],[10.4839,51.3436],[10.5133,51.3568],[10.5232,51.37],[10.5077,51.3795],[10.4948,51.4112],[10.5005,51.43],[10.5198,51.4393],[10.5005,51.455],[10.5088,51.4791],[10.5224,51.4916],[10.5288,51.5187],[10.5122,51.525],[10.5152,51.5391],[10.4839,51.546],[10.4922,51.5678],[10.4884,51.575]]]}},{"type":"Feature","properties":{"codes":["EA"],"name":"Eisenach","state":"Thüringen","districtType":"Kreisfreie Stadt"},"geometry":{"type":"Polygon","coordinates":[[[10.1821,50.9985],[10.1829,50.987],[10.2032,50.9698],[10.2463,50.9668],[10.2535,50.9527],[10.2882,50.9471],[10.3132,50.9349],[10.3343,50.9448],[10.3381,50.955],[10.3785,50.958],[10.3838,50.9721],[10.3755,50.9823],[10.3913,50.9893],[10.3902,51.0018],[10.3736,51.0229],[10.3755,51.0375],[10.3479,51.0375],[10.3324,51.05],[10.3105,51.0453],[10.3132,51.0289],[10.2901,51.0289],[10.2765,51.0173],[10.2746,50.9972],[10.2482,51.0064],[10.2021,51.0117],[10.1821,50.9985]]]}},{"type":"Feature","properties":{"codes":["EF"],"name":"Erfurt","state":"Thüringen","districtType":"Kreisfreie Stadt"},"geometry":{"type":"Polygon","coordinates":[[[10.8627,51.0266],[10.8638,51.0009],[10.882,51.0009],[10.8804,50.9823],[10.8627,50.9777],[10.8729,50.9596],[10.894,50.9606],[10.9005,50.9418],[10.928,50.9425],[10.9382,50.9471],[10.9582,50.9356],[10.9647,50.9207],[10.9318,50.9098],[10.9363,50.895],[10.9492,50.8911],[10.9786,50.8983],[11.0024,50.9082],[11.0308,50.9068],[11.1105,50.9129],[11.1059,50.927],[11.1373,50.93],[11.1482,50.9372],[11.1354,50.9488],[11.1346,50.9728],[11.163,50.98],[11.1747,50.99],[11.1637,51.0025],[11.1701,51.0189],[11.1263,51.0143],[11.1071,51.0344],[11.0931,51.0601],[11.0666,51.0796],[11.0462,51.0773],[11.0398,51.0655],[11.016,51.0595],[10.9922,51.0585],[10.9858,51.043],[10.9545,51.0375],[10.9326,51.0298],[10.9299,51.0173],[10.9133,51.015],[10.8959,51.0243],[10.8627,51.0266]]]}},{"type":"Feature","properties":{"codes":["G"],"name":"Gera","state":"Thüringen","districtType":"Kreisfreie Stadt"},"geometry":{"type":"Polygon","coordinates":[[[12.0211,50.9481],[12.0494,50.9325],[12.018,50.9138],[12.0275,50.9013],[12.0018,50.8818],[12.0154,50.8624],[11.9999,50.8508],[12.0199,50.8258],[12.0449,50.8188],[12.0841,50.8258],[12.111,50.8179],[12.1264,50.7994],[12.1521,50.8103],[12.1347,50.8188],[12.1347,50.8311],[12.1257,50.8492],[12.1521,50.8686],[12.1533,50.8874],[12.1385,50.8943],[12.131,50.9092],[12.1374,50.92],[12.1329,50.9325],[12.1695,50.9356],[12.1631,50.9589],[12.1283,50.9652],[12.0924,50.9768],[12.0558,50.9682],[12.0392,50.9728],[12.0211,50.9691],[12.0211,50.9481]]]}},{"type":"Feature","properties":{"codes":["GTH"],"name":"Gotha","state":"Thüringen","districtType":"Landkreis"},"geometry":{"type":"Polygon","coordinates":[[[10.8804,51.0984],[10.8381,51.0944],[10.8106,51.0984],[10.7702,51.0937],[10.7637,51.106],[10.7316,51.1116],[10.7067,51.1023],[10.7048,51.0866],[10.6958,51.0826],[10.7116,51.0523],[10.6784,51.0384],[10.6519,51.0414],[10.6425,51.0328],[10.6244,51.0321],[10.6149,51.0391],[10.593,51.0236],[10.5647,51.0212],[10.5617,51.0143],[10.4793,50.99],[10.4858,50.9698],[10.5205,50.9659],[10.4994,50.9494],[10.5012,50.9386],[10.4846,50.92],[10.4986,50.899],[10.4793,50.8983],[10.4801,50.9129],[10.4435,50.9092],[10.4363,50.8927],[10.4197,50.8874],[10.4012,50.864],[10.4114,50.8499],[10.4261,50.8429],[10.4544,50.8459],[10.4665,50.8515],[10.5024,50.8327],[10.5152,50.8343],[10.5379,50.8274],[10.5454,50.8017],[10.5371,50.7869],[10.5617,50.7829],[10.5647,50.7556],[10.584,50.7362],[10.6134,50.7378],[10.6315,50.7292],[10.6784,50.7176],[10.7078,50.719],[10.7233,50.7378],[10.7528,50.7183],[10.7566,50.744],[10.7683,50.7658],[10.8023,50.7665],[10.8253,50.7806],[10.8234,50.7899],[10.8381,50.811],[10.8234,50.8235],[10.8517,50.8235],[10.86,50.836],[10.8381,50.8469],[10.8483,50.8591],[10.8646,50.8568],[10.8691,50.8733],[10.9023,50.8983],[10.9363,50.895],[10.9318,50.9098],[10.9647,50.9207],[10.9582,50.9356],[10.9382,50.9471],[10.928,50.9425],[10.9005,50.9418],[10.894,50.9606],[10.8729,50.9596],[10.8627,50.9777],[10.8804,50.9823],[10.882,51.0009],[10.8638,51.0009],[10.8627,51.0266],[10.8702,51.0298],[10.8721,51.0571],[10.8914,51.0727],[10.8804,51.0984]]]}},{"type":"Feature","properties":{"codes":["GRZ","ZR"],"name":"Greiz","state":"Thüringen","districtType":"Landkreis"},"geometry":{"type":"Polygon","coordinates":[[[12.2239,50.9425],[12.1982,50.9566],[12.1823,50.9761],[12.1631,50.9668],[12.1631,50.9589],[12.1695,50.9356],[12.1329,50.9325],[12.1374,50.92],[12.131,50.9092],[12.1385,50.8943],[12.1533,50.8874],[12.1521,50.8686],[12.1257,50.8492],[12.1347,50.8311],[12.1347,50.8188],[12.1521,50.8103],[12.1264,50.7994],[12.111,50.8179],[12.0841,50.8258],[12.0449,50.8188],[12.0199,50.8258],[11.9999,50.8508],[12.0154,50.8624],[12.0018,50.8818],[12.0275,50.9013],[12.018,50.9138],[12.0494,50.9325],[12.0211,50.9481],[11.9905,50.955],[11.9576,50.9448],[11.9614,50.9254],[11.9519,50.9161],[11.9229,50.9145],[11.9134,50.9036],[11.9172,50.8934],[11.8908,50.895],[11.8859,50.8795],[11.9134,50.8522],[11.8953,50.8531],[11.8915,50.835],[11.91,50.8265],[11.9017,50.8079],[11.8896,50.8017],[11.8575,50.8017],[11.8666,50.7883],[11.9044,50.7806],[11.9127,50.772],[11.9319,50.7737],[11.944,50.7665],[11.9244,50.7579],[11.921,50.748],[11.9044,50.7456],[11.8987,50.7315],[11.8779,50.7253],[11.8696,50.7167],[11.8723,50.6785],[11.8677,50.6623],[11.8877,50.6639],[11.8825,50.6442],[11.887,50.6241],[11.9025,50.6076],[11.9172,50.6014],[11.9357,50.6039],[11.944,50.5914],[11.989,50.6109],[11.9924,50.6248],[12.0109,50.6356],[12.0199,50.6241],[12.0044,50.6139],[12.0211,50.5984],[12.0347,50.5944],[12.0358,50.5812],[12.0173,50.568],[12.0392,50.5532],[12.077,50.5578],[12.0834,50.5789],[12.1015,50.5782],[12.1155,50.5673],[12.1374,50.5819],[12.111,50.5891],[12.1162,50.5977],[12.1465,50.6062],[12.1465,50.6257],[12.1604,50.6303],[12.188,50.6234],[12.2073,50.6366],[12.2318,50.6271],[12.242,50.6333],[12.2658,50.631],[12.2639,50.6435],[12.299,50.6514],[12.3191,50.6762],[12.3145,50.6857],[12.2752,50.6864],[12.253,50.716],[12.2734,50.7292],[12.265,50.7378],[12.2348,50.7331],[12.2273,50.7401],[12.2284,50.7572],[12.2447,50.7651],[12.2639,50.7602],[12.2843,50.7737],[12.2881,50.7899],[12.2522,50.7908],[12.2431,50.8093],[12.2511,50.8179],[12.2465,50.8601],[12.2182,50.8591],[12.2175,50.8756],[12.2273,50.892],[12.2254,50.9105],[12.2439,50.924],[12.2239,50.9425]]]}},{"type":"Feature","properties":{"codes":["HBN"],"name":"Hildburghausen","state":"Thüringen","districtType":"Landkreis"},"geometry":{"type":"Polygon","coordinates":[[[10.8272,50.5812],[10.8106,50.5782],[10.7906,50.5828],[10.7702,50.596],[10.7645,50.6139],[10.7407,50.6132],[10.726,50.593],[10.7048,50.5766],[10.6712,50.5625],[10.6297,50.5805],[10.607,50.5875],[10.5821,50.5852],[10.5655,50.5726],[10.5296,50.5539],[10.5802,50.5367],[10.5775,50.5136],[10.5636,50.4995],[10.5519,50.4971],[10.5719,50.4698],[10.584,50.4464],[10.5666,50.4395],[10.5315,50.4355],[10.5096,50.445],[10.4876,50.4474],[10.4801,50.4161],[10.451,50.4022],[10.4635,50.3756],[10.4876,50.3756],[10.4922,50.3554],[10.5141,50.3515],[10.5443,50.3647],[10.5507,50.3468],[10.5617,50.3367],[10.6006,50.3336],[10.5923,50.3109],[10.6051,50.2938],[10.593,50.2697],[10.6115,50.2486],[10.6032,50.2417],[10.6123,50.2239],[10.6856,50.2253],[10.6958,50.2121],[10.7245,50.2058],[10.7316,50.213],[10.729,50.2301],[10.7324,50.2519],[10.7501,50.2424],[10.7694,50.241],[10.8004,50.251],[10.8223,50.2378],[10.8483,50.2456],[10.8517,50.2519],[10.8465,50.2753],[10.8325,50.2737],[10.8042,50.2799],[10.8042,50.2908],[10.7747,50.2947],[10.7418,50.3156],[10.715,50.3211],[10.715,50.3327],[10.7279,50.3383],[10.7143,50.3492],[10.715,50.364],[10.7388,50.3633],[10.749,50.3577],[10.7739,50.3719],[10.7804,50.3811],[10.8042,50.3788],[10.8306,50.3927],[10.8619,50.3874],[10.8876,50.3927],[10.9114,50.3851],[10.9326,50.3927],[10.9454,50.3864],[10.9594,50.4006],[10.9594,50.4161],[10.973,50.4279],[11.0043,50.4457],[11.0391,50.4622],[11.0379,50.4714],[11.0153,50.48],[10.9885,50.48],[10.9775,50.5025],[11.0005,50.515],[10.9877,50.5361],[10.9673,50.54],[10.9684,50.5525],[10.9428,50.5486],[10.9307,50.5594],[10.9299,50.5782],[10.9159,50.5828],[10.8967,50.6092],[10.8793,50.5977],[10.8774,50.5796],[10.8593,50.5687],[10.8434,50.5789],[10.8272,50.5812]]]}},{"type":"Feature","properties":{"codes":["ARN","IK","IL"],"name":"Ilm-Kreis","state":"Thüringen","districtType":"Landkreis"},"geometry":{"type":"Polygon","coordinates":[[[11.1105,50.9129],[11.0308,50.9068],[11.0024,50.9082],[10.9786,50.8983],[10.9492,50.8911],[10.9363,50.895],[10.9023,50.8983],[10.8691,50.8733],[10.8646,50.8568],[10.8483,50.8591],[10.8381,50.8469],[10.86,50.836],[10.8517,50.8235],[10.8234,50.8235],[10.8381,50.811],[10.8234,50.7899],[10.8253,50.7806],[10.8023,50.7665],[10.7683,50.7658],[10.7566,50.744],[10.7528,50.7183],[10.7437,50.6903],[10.7509,50.6785],[10.7335,50.6639],[10.7535,50.6521],[10.7728,50.6521],[10.7739,50.6382],[10.7856,50.631],[10.7804,50.6162],[10.7894,50.6062],[10.8272,50.599],[10.8272,50.5812],[10.8434,50.5789],[10.8593,50.5687],[10.8774,50.5796],[10.8793,50.5977],[10.8967,50.6092],[10.9159,50.5828],[10.9299,50.5782],[10.9307,50.5594],[10.9428,50.5486],[10.9684,50.5525],[10.9904,50.5476],[11.0123,50.5578],[11.0236,50.5525],[11.0493,50.5509],[11.07,50.5648],[11.0731,50.5882],[11.0885,50.6085],[11.0648,50.6217],[11.0591,50.6451],[11.0655,50.6653],[11.0428,50.6794],[11.0289,50.6708],[11.0115,50.688],[11.0334,50.691],[11.0508,50.6864],[11.0519,50.7028],[11.0621,50.7151],[11.075,50.7167],[11.0719,50.6949],[11.095,50.6979],[11.1014,50.7308],[11.1161,50.7322],[11.1373,50.7253],[11.1894,50.7371],[11.1875,50.7556],[11.1784,50.772],[11.2022,50.8017],[11.2215,50.804],[11.1565,50.8288],[11.1554,50.8445],[11.1667,50.8577],[11.1611,50.8686],[11.1327,50.8749],[11.1252,50.8874],[11.1346,50.8983],[11.1154,50.9013],[11.1105,50.9129]]]}},{"type":"Feature","properties":{"codes":["J"],"name":"Jena","state":"Thüringen","districtType":"Kreisfreie Stadt"},"geometry":{"type":"Polygon","coordinates":[[[11.5051,50.9059],[11.5346,50.9013],[11.5622,50.8874],[11.5591,50.8716],[11.5335,50.8702],[11.5289,50.8631],[11.5629,50.8561],[11.6052,50.8617],[11.609,50.8756],[11.6638,50.8811],[11.6604,50.892],[11.6464,50.8973],[11.6706,50.9207],[11.6657,50.9395],[11.6732,50.952],[11.6181,50.9768],[11.5924,50.9752],[11.5667,50.9659],[11.5474,50.9893],[11.5255,50.9807],[11.5218,50.9705],[11.5006,50.958],[11.5033,50.9332],[11.5097,50.9168],[11.5051,50.9059]]]}},{"type":"Feature","properties":{"codes":["ART","KYF","SDH"],"name":"Kyffhäuserkreis","state":"Thüringen","districtType":"Landkreis"},"geometry":{"type":"Polygon","coordinates":[[[11.3933,51.3591],[11.3967,51.3809],[11.3786,51.3872],[11.3582,51.3855],[11.331,51.3904],[11.3227,51.4099],[11.274,51.4004],[11.2328,51.4052],[11.2234,51.4129],[11.1841,51.4027],[11.1528,51.402],[11.061,51.43],[11.0187,51.4168],[10.996,51.4191],[10.9786,51.427],[10.9473,51.4075],[10.9125,51.4004],[10.8529,51.4099],[10.8317,51.4198],[10.806,51.4191],[10.7792,51.4066],[10.7694,51.3911],[10.7309,51.3934],[10.7097,51.3997],[10.6874,51.3927],[10.6553,51.3934],[10.6115,51.3818],[10.593,51.3841],[10.5553,51.398],[10.5481,51.3779],[10.5232,51.37],[10.5133,51.3568],[10.4839,51.3436],[10.4975,51.3367],[10.496,51.3117],[10.5243,51.3047],[10.5526,51.314],[10.5609,51.3265],[10.6096,51.3186],[10.6308,51.3001],[10.6342,51.2892],[10.6765,51.2797],[10.6848,51.2563],[10.6931,51.2533],[10.7003,51.2269],[10.7097,51.2167],[10.7335,51.2121],[10.7464,51.2213],[10.7728,51.2135],[10.7977,51.2206],[10.8336,51.223],[10.8767,51.2167],[10.8948,51.2174],[10.8948,51.2058],[10.9609,51.2058],[10.973,51.2003],[10.9802,51.222],[11.0024,51.222],[11.0077,51.244],[10.9941,51.2487],[11.0043,51.2672],[11.027,51.2711],[11.0379,51.2843],[11.0621,51.3001],[11.0693,51.3225],[11.104,51.3117],[11.1207,51.2883],[11.1482,51.2843],[11.1611,51.2744],[11.1501,51.2563],[11.2143,51.2408],[11.2392,51.244],[11.2555,51.2642],[11.2895,51.2464],[11.3023,51.244],[11.3254,51.2602],[11.3272,51.2711],[11.3069,51.2843],[11.3216,51.2922],[11.339,51.286],[11.331,51.2734],[11.3529,51.2728],[11.362,51.2572],[11.3824,51.2549],[11.385,51.2464],[11.4081,51.2385],[11.4466,51.2711],[11.4583,51.2906],[11.4742,51.2952],[11.4677,51.3047],[11.4307,51.3225],[11.4292,51.3397],[11.4115,51.3429],[11.4062,51.342],[11.3933,51.3591]]]}},{"type":"Feature","properties":{"codes":["NDH"],"name":"Nordhausen","state":"Thüringen","districtType":"Landkreis"},"geometry":{"type":"Polygon","coordinates":[[[10.9159,51.6162],[10.8869,51.6123],[10.8574,51.6324],[10.8336,51.631],[10.8151,51.6396],[10.772,51.6442],[10.749,51.6403],[10.7373,51.6449],[10.7014,51.6419],[10.6776,51.6387],[10.6712,51.6294],[10.6463,51.6225],[10.6334,51.6044],[10.638,51.5849],[10.6663,51.578],[10.6565,51.5585],[10.627,51.5678],[10.6123,51.5796],[10.5602,51.5569],[10.5345,51.5592],[10.5186,51.5539],[10.4884,51.575],[10.4922,51.5678],[10.4839,51.546],[10.5152,51.5391],[10.5122,51.525],[10.5288,51.5187],[10.5224,51.4916],[10.5088,51.4791],[10.5005,51.455],[10.5198,51.4393],[10.5005,51.43],[10.4948,51.4112],[10.5077,51.3795],[10.5232,51.37],[10.5481,51.3779],[10.5553,51.398],[10.593,51.3841],[10.6115,51.3818],[10.6553,51.3934],[10.6874,51.3927],[10.7097,51.3997],[10.7309,51.3934],[10.7694,51.3911],[10.7792,51.4066],[10.806,51.4191],[10.8317,51.4198],[10.8529,51.4099],[10.9125,51.4004],[10.9473,51.4075],[10.9786,51.427],[10.9666,51.4323],[10.973,51.4534],[10.9609,51.4712],[10.9703,51.483],[10.9363,51.5118],[10.9401,51.5414],[10.9042,51.55],[10.882,51.5803],[10.8884,51.5968],[10.9261,51.5928],[10.9337,51.606],[10.9159,51.6162]]]}},{"type":"Feature","properties":{"codes":["SÖM"],"name":"Sömmerda","state":"Thüringen","districtType":"Landkreis"},"geometry":{"type":"Polygon","coordinates":[[[11.385,51.2464],[11.3824,51.2549],[11.362,51.2572],[11.3529,51.2728],[11.331,51.2734],[11.339,51.286],[11.3216,51.2922],[11.3069,51.2843],[11.3272,51.2711],[11.3254,51.2602],[11.3023,51.244],[11.2895,51.2464],[11.2555,51.2642],[11.2392,51.244],[11.2143,51.2408],[11.1501,51.2563],[11.1611,51.2744],[11.1482,51.2843],[11.1207,51.2883],[11.104,51.3117],[11.0693,51.3225],[11.0621,51.3001],[11.0379,51.2843],[11.027,51.2711],[11.0043,51.2672],[10.9941,51.2487],[11.0077,51.244],[11.0024,51.222],[10.9802,51.222],[10.973,51.2003],[10.9609,51.2058],[10.9224,51.2049],[10.9152,51.1864],[10.9042,51.1801],[10.9095,51.166],[10.9114,51.1333],[10.8767,51.1264],[10.8804,51.0984],[10.8914,51.0727],[10.8721,51.0571],[10.8702,51.0298],[10.8627,51.0266],[10.8959,51.0243],[10.9133,51.015],[10.9299,51.0173],[10.9326,51.0298],[10.9545,51.0375],[10.9858,51.043],[10.9922,51.0585],[11.016,51.0595],[11.0398,51.0655],[11.0462,51.0773],[11.0666,51.0796],[11.0931,51.0601],[11.1071,51.0344],[11.1263,51.0143],[11.1701,51.0189],[11.2079,51.0266],[11.2079,51.0437],[11.1969,51.0571],[11.1924,51.0796],[11.1969,51.1046],[11.2521,51.1069],[11.2574,51.1014],[11.3125,51.0974],[11.3722,51.1007],[11.3998,51.0967],[11.4062,51.1076],[11.4292,51.103],[11.4364,51.0898],[11.4806,51.0998],[11.4851,51.1053],[11.4628,51.1132],[11.4659,51.1248],[11.4511,51.1465],[11.4723,51.1482],[11.4795,51.159],[11.4711,51.1699],[11.4685,51.1926],[11.4557,51.1956],[11.4466,51.2081],[11.4281,51.2128],[11.4081,51.2035],[11.3915,51.2035],[11.3896,51.2174],[11.3646,51.2213],[11.385,51.2464]]]}},{"type":"Feature","properties":{"codes":["EIS","SHK","SRO"],"name":"Saale-Holzland-Kreis","state":"Thüringen","districtType":"Landkreis"},"geometry":{"type":"Polygon","coordinates":[[[12.0211,50.9691],[12.0063,50.9909],[11.984,50.9909],[11.9648,51.018],[11.9429,51.0321],[11.9164,51.0266],[11.9108,51.0453],[11.896,51.0453],[11.876,51.0578],[11.8118,51.0476],[11.7529,51.0571],[11.7208,51.071],[11.7008,51.0694],[11.697,51.0875],[11.6823,51.0819],[11.6898,51.0773],[11.6861,51.0509],[11.6751,51.0361],[11.6539,51.0259],[11.6354,51.0243],[11.6026,51.0134],[11.6052,51.0057],[11.5758,51.0018],[11.5474,50.9893],[11.5667,50.9659],[11.5924,50.9752],[11.6181,50.9768],[11.6732,50.952],[11.6657,50.9395],[11.6706,50.9207],[11.6464,50.8973],[11.6604,50.892],[11.6638,50.8811],[11.609,50.8756],[11.6052,50.8617],[11.5629,50.8561],[11.5289,50.8631],[11.5335,50.8702],[11.5591,50.8716],[11.5622,50.8874],[11.5346,50.9013],[11.5051,50.9059],[11.4904,50.9013],[11.4961,50.8897],[11.4878,50.8811],[11.4613,50.8779],[11.4602,50.8677],[11.439,50.8647],[11.453,50.8475],[11.4564,50.8297],[11.4307,50.8297],[11.4326,50.8172],[11.4236,50.8086],[11.4273,50.7978],[11.4455,50.8008],[11.464,50.7836],[11.487,50.7774],[11.4961,50.7642],[11.5301,50.7665],[11.5418,50.7517],[11.5814,50.7549],[11.6033,50.747],[11.6154,50.7572],[11.708,50.7635],[11.7227,50.7813],[11.7125,50.7908],[11.7401,50.7984],[11.7503,50.7836],[11.762,50.7813],[11.8254,50.7954],[11.83,50.7852],[11.8666,50.7883],[11.8575,50.8017],[11.8896,50.8017],[11.9017,50.8079],[11.91,50.8265],[11.8915,50.835],[11.8953,50.8531],[11.9134,50.8522],[11.8859,50.8795],[11.8908,50.895],[11.9172,50.8934],[11.9134,50.9036],[11.9229,50.9145],[11.9519,50.9161],[11.9614,50.9254],[11.9576,50.9448],[11.9905,50.955],[12.0211,50.9481],[12.0211,50.9691]]]}},{"type":"Feature","properties":{"codes":["LBS","PN","SCZ","SOK"],"name":"Saale-Orla-Kreis","state":"Thüringen","districtType":"Landkreis"},"geometry":{"type":"Polygon","coordinates":[[[11.8666,50.7883],[11.83,50.7852],[11.8254,50.7954],[11.762,50.7813],[11.7503,50.7836],[11.7401,50.7984],[11.7125,50.7908],[11.7227,50.7813],[11.708,50.7635],[11.6154,50.7572],[11.6033,50.747],[11.5814,50.7549],[11.5448,50.751],[11.5236,50.7292],[11.5142,50.7322],[11.4885,50.7269],[11.473,50.7151],[11.4787,50.6979],[11.4923,50.6894],[11.5078,50.6685],[11.4961,50.663],[11.5006,50.6514],[11.518,50.6442],[11.5127,50.6349],[11.532,50.6069],[11.5659,50.6092],[11.5931,50.5977],[11.6033,50.6053],[11.6283,50.603],[11.6336,50.5944],[11.6071,50.572],[11.5724,50.5525],[11.5565,50.5571],[11.5282,50.5555],[11.5282,50.5453],[11.5033,50.543],[11.4813,50.5212],[11.4821,50.512],[11.4987,50.4853],[11.4813,50.4582],[11.4813,50.4316],[11.4878,50.4138],[11.4787,50.4013],[11.5191,50.3959],[11.5206,50.3811],[11.5622,50.3851],[11.5705,50.399],[11.5943,50.4029],[11.6245,50.3864],[11.6475,50.392],[11.6951,50.3959],[11.7072,50.4036],[11.7265,50.3999],[11.7382,50.4091],[11.7593,50.4154],[11.7926,50.4184],[11.8182,50.4006],[11.819,50.3913],[11.8503,50.4013],[11.8677,50.4013],[11.8806,50.4138],[11.9062,50.417],[11.9191,50.4247],[11.8979,50.4355],[11.8953,50.4497],[11.921,50.4582],[11.9429,50.4599],[11.9467,50.4793],[11.9621,50.4902],[11.9338,50.5057],[11.9255,50.5259],[11.9044,50.5159],[11.8877,50.5166],[11.8715,50.54],[11.8832,50.5516],[11.9134,50.5555],[11.9338,50.5687],[11.9236,50.5858],[11.944,50.5914],[11.9357,50.6039],[11.9172,50.6014],[11.9025,50.6076],[11.887,50.6241],[11.8825,50.6442],[11.8877,50.6639],[11.8677,50.6623],[11.8723,50.6785],[11.8696,50.7167],[11.8779,50.7253],[11.8987,50.7315],[11.9044,50.7456],[11.921,50.748],[11.9244,50.7579],[11.944,50.7665],[11.9319,50.7737],[11.9127,50.772],[11.9044,50.7806],[11.8666,50.7883]]]}},{"type":"Feature","properties":{"codes":["RU","SLF"],"name":"Saalfeld-Rudolstadt","state":"Thüringen","districtType":"Landkreis"},"geometry":{"type":"Polygon","coordinates":[[[11.4236,50.8086],[11.3998,50.8024],[11.3903,50.8179],[11.362,50.8156],[11.3631,50.8001],[11.339,50.7938],[11.3216,50.7945],[11.3035,50.804],[11.2997,50.814],[11.251,50.8343],[11.2574,50.8156],[11.2215,50.804],[11.2022,50.8017],[11.1784,50.772],[11.1875,50.7556],[11.1894,50.7371],[11.1373,50.7253],[11.1161,50.7322],[11.1014,50.7308],[11.095,50.6979],[11.0719,50.6949],[11.075,50.7167],[11.0621,50.7151],[11.0519,50.7028],[11.0508,50.6864],[11.0334,50.691],[11.0115,50.688],[11.0289,50.6708],[11.0428,50.6794],[11.0655,50.6653],[11.0591,50.6451],[11.0648,50.6217],[11.0885,50.6085],[11.0731,50.5882],[11.07,50.5648],[11.0493,50.5509],[11.0236,50.5525],[11.0123,50.5578],[10.9904,50.5476],[10.9684,50.5525],[10.9673,50.54],[10.9877,50.5361],[10.9922,50.5282],[11.0379,50.5235],[11.0685,50.5245],[11.0666,50.5143],[11.084,50.5103],[11.0931,50.5307],[11.1116,50.5367],[11.1565,50.5439],[11.1667,50.5282],[11.149,50.512],[11.1603,50.4948],[11.1777,50.5064],[11.1988,50.5002],[11.2071,50.4909],[11.2355,50.5073],[11.2664,50.5002],[11.2831,50.4886],[11.2657,50.4793],[11.2857,50.4853],[11.3208,50.4893],[11.3254,50.5103],[11.3439,50.5205],[11.3696,50.5229],[11.3888,50.5159],[11.4254,50.5159],[11.4409,50.4995],[11.4217,50.4932],[11.419,50.4543],[11.4228,50.4418],[11.4511,50.4309],[11.4813,50.4316],[11.4813,50.4582],[11.4987,50.4853],[11.4821,50.512],[11.4813,50.5212],[11.5033,50.543],[11.5282,50.5453],[11.5282,50.5555],[11.5565,50.5571],[11.5724,50.5525],[11.6071,50.572],[11.6336,50.5944],[11.6283,50.603],[11.6033,50.6053],[11.5931,50.5977],[11.5659,50.6092],[11.532,50.6069],[11.5127,50.6349],[11.518,50.6442],[11.5006,50.6514],[11.4961,50.663],[11.5078,50.6685],[11.4923,50.6894],[11.4787,50.6979],[11.473,50.7151],[11.4885,50.7269],[11.5142,50.7322],[11.5236,50.7292],[11.5448,50.751],[11.5418,50.7517],[11.5301,50.7665],[11.4961,50.7642],[11.487,50.7774],[11.464,50.7836],[11.4455,50.8008],[11.4273,50.7978],[11.4236,50.8086]]]}},{"type":"Feature","properties":{"codes":["MGN","SM"],"name":"Schmalkalden-Meiningen","state":"Thüringen","districtType":"Landkreis"},"geometry":{"type":"Polygon","coordinates":[[[10.7528,50.7183],[10.7233,50.7378],[10.7078,50.719],[10.6784,50.7176],[10.6315,50.7292],[10.6134,50.7378],[10.584,50.7362],[10.5647,50.7556],[10.5617,50.7829],[10.5371,50.7869],[10.5454,50.8017],[10.5379,50.8274],[10.5152,50.8343],[10.5024,50.8327],[10.4665,50.8515],[10.4544,50.8459],[10.4261,50.8429],[10.4114,50.8499],[10.4068,50.8202],[10.3747,50.7961],[10.3849,50.7869],[10.3626,50.779],[10.3426,50.7799],[10.3271,50.7883],[10.2867,50.7774],[10.2829,50.7697],[10.2625,50.7635],[10.2369,50.7665],[10.2233,50.7751],[10.2048,50.7727],[10.2225,50.7378],[10.2104,50.7246],[10.1836,50.7176],[10.1821,50.7042],[10.1938,50.6956],[10.1783,50.6739],[10.2032,50.66],[10.2187,50.6396],[10.204,50.631],[10.2078,50.6178],[10.147,50.6171],[10.1039,50.6287],[10.0873,50.6412],[10.0775,50.6373],[10.0809,50.6201],[10.0609,50.6264],[10.0371,50.6132],[10.0488,50.5984],[10.0454,50.5733],[10.0571,50.5548],[10.0378,50.5291],[10.0416,50.5166],[10.0518,50.5189],[10.0699,50.5354],[10.0937,50.5486],[10.1066,50.5641],[10.1213,50.5641],[10.1387,50.543],[10.1591,50.5502],[10.204,50.5548],[10.2097,50.54],[10.2304,50.5275],[10.2316,50.512],[10.2561,50.5127],[10.3067,50.4925],[10.3305,50.4939],[10.3415,50.483],[10.3362,50.4659],[10.3479,50.4629],[10.3709,50.4316],[10.3921,50.4302],[10.4012,50.4193],[10.3849,50.4091],[10.3876,50.3983],[10.4234,50.3927],[10.451,50.4022],[10.4801,50.4161],[10.4876,50.4474],[10.5096,50.445],[10.5315,50.4355],[10.5666,50.4395],[10.584,50.4464],[10.5719,50.4698],[10.5519,50.4971],[10.5636,50.4995],[10.5775,50.5136],[10.5802,50.5367],[10.5296,50.5539],[10.5655,50.5726],[10.5821,50.5852],[10.5519,50.6],[10.5526,50.6116],[10.5655,50.6155],[10.5957,50.6139],[10.5994,50.6234],[10.627,50.6303],[10.627,50.6396],[10.6417,50.6458],[10.681,50.6271],[10.6958,50.6356],[10.6939,50.6521],[10.7124,50.6669],[10.7335,50.6639],[10.7509,50.6785],[10.7437,50.6903],[10.7528,50.7183]]]}},{"type":"Feature","properties":{"codes":["NH","SON"],"name":"Sonneberg","state":"Thüringen","districtType":"Landkreis"},"geometry":{"type":"Polygon","coordinates":[[[11.2657,50.4793],[11.2831,50.4886],[11.2664,50.5002],[11.2355,50.5073],[11.2071,50.4909],[11.1988,50.5002],[11.1777,50.5064],[11.1603,50.4948],[11.149,50.512],[11.1667,50.5282],[11.1565,50.5439],[11.1116,50.5367],[11.0931,50.5307],[11.084,50.5103],[11.0666,50.5143],[11.0685,50.5245],[11.0379,50.5235],[10.9922,50.5282],[11.0005,50.515],[10.9775,50.5025],[10.9885,50.48],[11.0153,50.48],[11.0379,50.4714],[11.0391,50.4622],[11.0043,50.4457],[10.973,50.4279],[10.9594,50.4161],[10.9594,50.4006],[10.9454,50.3864],[10.9601,50.3756],[10.9564,50.3686],[10.9858,50.3475],[10.993,50.3656],[11.0327,50.36],[11.0372,50.3452],[11.0814,50.3515],[11.0897,50.3656],[11.1154,50.367],[11.1373,50.3522],[11.1592,50.3258],[11.1346,50.3142],[11.1335,50.3001],[11.1456,50.2852],[11.1841,50.2806],[11.1894,50.2713],[11.1977,50.2915],[11.2245,50.2776],[11.251,50.2681],[11.26,50.2753],[11.2536,50.2977],[11.2702,50.3072],[11.2566,50.3228],[11.2664,50.3522],[11.2842,50.36],[11.2778,50.3788],[11.2585,50.3999],[11.2695,50.4193],[11.2638,50.4418],[11.2464,50.4684],[11.2472,50.4784],[11.2657,50.4793]]]}},{"type":"Feature","properties":{"codes":["SHL"],"name":"Suhl","state":"Thüringen","districtType":"Kreisfreie Stadt"},"geometry":{"type":"Polygon","coordinates":[[[10.5821,50.5852],[10.607,50.5875],[10.6297,50.5805],[10.6712,50.5625],[10.7048,50.5766],[10.726,50.593],[10.7407,50.6132],[10.7645,50.6139],[10.7702,50.596],[10.7906,50.5828],[10.8106,50.5782],[10.8272,50.5812],[10.8272,50.599],[10.7894,50.6062],[10.7804,50.6162],[10.7856,50.631],[10.7739,50.6382],[10.7728,50.6521],[10.7535,50.6521],[10.7335,50.6639],[10.7124,50.6669],[10.6939,50.6521],[10.6958,50.6356],[10.681,50.6271],[10.6417,50.6458],[10.627,50.6396],[10.627,50.6303],[10.5994,50.6234],[10.5957,50.6139],[10.5655,50.6155],[10.5526,50.6116],[10.5519,50.6],[10.5821,50.5852]]]}},{"type":"Feature","properties":{"codes":["LSZ","MHL","UH"],"name":"Unstrut-Hainich-Kreis","state":"Thüringen","districtType":"Landkreis"},"geometry":{"type":"Polygon","coordinates":[[[10.4839,51.3436],[10.4491,51.3413],[10.3921,51.3436],[10.3728,51.3265],[10.3785,51.311],[10.3528,51.2843],[10.3113,51.2806],[10.3041,51.2658],[10.3196,51.2602],[10.3041,51.2424],[10.2727,51.2322],[10.2354,51.2276],[10.224,51.2306],[10.1949,51.2243],[10.1855,51.2135],[10.2066,51.1996],[10.2066,51.191],[10.2297,51.1746],[10.2078,51.1653],[10.2104,51.1442],[10.258,51.1475],[10.2727,51.1363],[10.3132,51.1528],[10.3434,51.1498],[10.3362,51.1412],[10.3471,51.1248],[10.3664,51.1231],[10.3702,51.1046],[10.3928,51.096],[10.3849,51.0835],[10.4204,51.0632],[10.4351,51.05],[10.4518,51.0632],[10.4499,51.0717],[10.4782,51.0812],[10.4876,51.0757],[10.5141,51.0789],[10.5269,51.0632],[10.5775,51.0585],[10.6078,51.0532],[10.6149,51.0391],[10.6244,51.0321],[10.6425,51.0328],[10.6519,51.0414],[10.6784,51.0384],[10.7116,51.0523],[10.6958,51.0826],[10.7048,51.0866],[10.7067,51.1023],[10.7316,51.1116],[10.7637,51.106],[10.7702,51.0937],[10.8106,51.0984],[10.8381,51.0944],[10.8804,51.0984],[10.8767,51.1264],[10.9114,51.1333],[10.9095,51.166],[10.9042,51.1801],[10.9152,51.1864],[10.9224,51.2049],[10.8948,51.2058],[10.8948,51.2174],[10.8767,51.2167],[10.8336,51.223],[10.7977,51.2206],[10.7728,51.2135],[10.7464,51.2213],[10.7335,51.2121],[10.7097,51.2167],[10.7003,51.2269],[10.6931,51.2533],[10.6848,51.2563],[10.6765,51.2797],[10.6342,51.2892],[10.6308,51.3001],[10.6096,51.3186],[10.5609,51.3265],[10.5526,51.314],[10.5243,51.3047],[10.496,51.3117],[10.4975,51.3367],[10.4839,51.3436]]]}},{"type":"Feature","properties":{"codes":["EA","SLZ","WAK"],"name":"Wartburgkreis","state":"Thüringen","districtType":"Landkreis"},"geometry":{"type":"Polygon","coordinates":[[[10.2104,51.1442],[10.204,51.1326],[10.2104,51.1231],[10.2002,51.1132],[10.1791,51.128],[10.1847,51.1412],[10.1693,51.1528],[10.1462,51.1442],[10.1186,51.1396],[10.1534,51.1185],[10.1745,51.1169],[10.1757,51.1069],[10.1443,51.0852],[10.1515,51.0694],[10.1462,51.0546],[10.1821,51.0476],[10.215,51.0266],[10.2021,51.0117],[10.2482,51.0064],[10.2746,50.9972],[10.2765,51.0173],[10.2901,51.0289],[10.3132,51.0289],[10.3105,51.0453],[10.3324,51.05],[10.3479,51.0375],[10.3755,51.0375],[10.3736,51.0229],[10.3902,51.0018],[10.3913,50.9893],[10.3755,50.9823],[10.3838,50.9721],[10.3785,50.958],[10.3381,50.955],[10.3343,50.9448],[10.3132,50.9349],[10.2882,50.9471],[10.2535,50.9527],[10.2463,50.9668],[10.2032,50.9698],[10.1829,50.987],[10.1821,50.9985],[10.1424,50.9939],[10.116,51.0117],[10.1001,51.0057],[10.0763,51.0111],[10.0359,51.0127],[10.0212,50.9932],[10.0242,50.9761],[10.0405,50.9675],[10.0454,50.9471],[10.0533,50.9395],[10.0114,50.9349],[9.9544,50.9418],[9.957,50.9224],[9.9744,50.9316],[9.9819,50.92],[10.0038,50.9214],[10.034,50.9105],[10.0469,50.8997],[10.0563,50.8811],[10.025,50.8677],[10.0186,50.8584],[10.0223,50.832],[10.0095,50.835],[9.9876,50.8281],[9.9763,50.8337],[9.9525,50.8211],[9.957,50.8093],[9.9442,50.7938],[9.9551,50.7852],[9.9525,50.7737],[9.926,50.7674],[9.9396,50.7556],[9.9415,50.7394],[9.9306,50.7223],[9.9121,50.7088],[9.9215,50.6956],[9.9068,50.684],[9.8947,50.684],[9.8792,50.6662],[9.8864,50.6342],[9.903,50.6396],[9.9294,50.6287],[9.9608,50.6296],[9.9691,50.6412],[9.9487,50.6567],[9.9517,50.6662],[9.9736,50.6662],[9.9891,50.6748],[10.0488,50.6739],[10.0699,50.656],[10.0775,50.6373],[10.0873,50.6412],[10.1039,50.6287],[10.147,50.6171],[10.2078,50.6178],[10.204,50.631],[10.2187,50.6396],[10.2032,50.66],[10.1783,50.6739],[10.1938,50.6956],[10.1821,50.7042],[10.1836,50.7176],[10.2104,50.7246],[10.2225,50.7378],[10.2048,50.7727],[10.2233,50.7751],[10.2369,50.7665],[10.2625,50.7635],[10.2829,50.7697],[10.2867,50.7774],[10.3271,50.7883],[10.3426,50.7799],[10.3626,50.779],[10.3849,50.7869],[10.3747,50.7961],[10.4068,50.8202],[10.4114,50.8499],[10.4012,50.864],[10.4197,50.8874],[10.4363,50.8927],[10.4435,50.9092],[10.4801,50.9129],[10.4793,50.8983],[10.4986,50.899],[10.4846,50.92],[10.5012,50.9386],[10.4994,50.9494],[10.5205,50.9659],[10.4858,50.9698],[10.4793,50.99],[10.5617,51.0143],[10.5647,51.0212],[10.593,51.0236],[10.6149,51.0391],[10.6078,51.0532],[10.5775,51.0585],[10.5269,51.0632],[10.5141,51.0789],[10.4876,51.0757],[10.4782,51.0812],[10.4499,51.0717],[10.4518,51.0632],[10.4351,51.05],[10.4204,51.0632],[10.3849,51.0835],[10.3928,51.096],[10.3702,51.1046],[10.3664,51.1231],[10.3471,51.1248],[10.3362,51.1412],[10.3434,51.1498],[10.3132,51.1528],[10.2727,51.1363],[10.258,51.1475],[10.2104,51.1442]]]}},{"type":"Feature","properties":{"codes":["AP","APD"],"name":"Weimarer Land","state":"Thüringen","districtType":"Landkreis"},"geometry":{"type":"Polygon","coordinates":[[[11.697,51.0875],[11.6887,51.0984],[11.6623,51.1109],[11.62,51.1046],[11.6015,51.1139],[11.5712,51.1192],[11.5474,51.1116],[11.5456,51.1023],[11.4851,51.1053],[11.4806,51.0998],[11.4364,51.0898],[11.4292,51.103],[11.4062,51.1076],[11.3998,51.0967],[11.3722,51.1007],[11.3125,51.0974],[11.2574,51.1014],[11.2521,51.1069],[11.1969,51.1046],[11.1924,51.0796],[11.1969,51.0571],[11.2079,51.0437],[11.2079,51.0266],[11.1701,51.0189],[11.1637,51.0025],[11.1747,50.99],[11.163,50.98],[11.1346,50.9728],[11.1354,50.9488],[11.1482,50.9372],[11.1373,50.93],[11.1059,50.927],[11.1154,50.9013],[11.1346,50.8983],[11.1252,50.8874],[11.1327,50.8749],[11.1611,50.8686],[11.1667,50.8577],[11.1554,50.8445],[11.1565,50.8288],[11.2215,50.804],[11.2574,50.8156],[11.251,50.8343],[11.2997,50.814],[11.3035,50.804],[11.3216,50.7945],[11.339,50.7938],[11.3631,50.8001],[11.362,50.8156],[11.3903,50.8179],[11.3998,50.8024],[11.4236,50.8086],[11.4326,50.8172],[11.4307,50.8297],[11.4564,50.8297],[11.453,50.8475],[11.439,50.8647],[11.4602,50.8677],[11.4613,50.8779],[11.4878,50.8811],[11.4961,50.8897],[11.4904,50.9013],[11.5051,50.9059],[11.5097,50.9168],[11.5033,50.9332],[11.5006,50.958],[11.5218,50.9705],[11.5255,50.9807],[11.5758,51.0018],[11.6052,51.0057],[11.6026,51.0134],[11.6354,51.0243],[11.6539,51.0259],[11.6751,51.0361],[11.6861,51.0509],[11.6898,51.0773],[11.6823,51.0819],[11.697,51.0875]],[[11.2464,51.0275],[11.2857,51.0321],[11.3325,51.0196],[11.3529,51.0212],[11.3473,51.008],[11.3722,50.9886],[11.3896,50.9923],[11.3967,50.9837],[11.3888,50.9675],[11.3979,50.955],[11.3677,50.9411],[11.3325,50.9425],[11.3318,50.927],[11.2933,50.9177],[11.2683,50.9395],[11.2842,50.9441],[11.2683,50.9682],[11.2676,51.0034],[11.2464,51.0071],[11.2343,51.0196],[11.2464,51.0275]]]}},{"type":"Feature","properties":{"codes":["WE"],"name":"Weimar","state":"Thüringen","districtType":"Kreisfreie Stadt"},"geometry":{"type":"Polygon","coordinates":[[[11.2464,51.0275],[11.2343,51.0196],[11.2464,51.0071],[11.2676,51.0034],[11.2683,50.9682],[11.2842,50.9441],[11.2683,50.9395],[11.2933,50.9177],[11.3318,50.927],[11.3325,50.9425],[11.3677,50.9411],[11.3979,50.955],[11.3888,50.9675],[11.3967,50.9837],[11.3896,50.9923],[11.3722,50.9886],[11.3473,51.008],[11.3529,51.0212],[11.3325,51.0196],[11.2857,51.0321],[11.2464,51.0275]]]}}]}