{"type":"FeatureCollection","features":[{"type":"Feature","properties":{"code":"971","name":"Guadeloupe","group":"outremer"},"geometry":{"type":"MultiPolygon","coordinates":[[[[-61.634,15.84],[-61.651,15.848],[-61.647,15.861],[-61.635,15.871],[-61.614,15.855],[-61.634,15.84]]],[[[-61.12,16.167],[-61.129,16.173],[-61.107,16.172],[-61.12,16.167]]],[[[-61.01,16.35],[-61.004,16.332],[-61.05,16.307],[-61.098,16.291],[-61.091,16.312],[-61.079,16.312],[-61.075,16.319],[-61.01,16.35]]],[[[-61.586,15.832],[-61.597,15.835],[-61.592,15.843],[-61.586,15.832]]],[[[-61.593,15.853],[-61.607,15.857],[-61.6,15.865],[-61.584,15.864],[-61.582,15.881],[-61.578,15.873],[-61.572,15.883],[-61.571,15.872],[-61.566,15.871],[-61.577,15.867],[-61.578,15.855],[-61.589,15.859],[-61.593,15.853]]],[[[-61.594,15.872],[-61.602,15.877],[-61.591,15.877],[-61.594,15.872]]],[[[-61.106,16.176],[-61.114,16.178],[-61.104,16.181],[-61.106,16.176]]],[[[-61.323,15.95],[-61.319,15.976],[-61.307,15.979],[-61.29,16.004],[-61.276,16.007],[-61.233,15.986],[-61.23,15.971],[-61.201,15.945],[-61.195,15.931],[-61.197,15.916],[-61.203,15.903],[-61.234,15.879],[-61.281,15.867],[-61.319,15.883],[-61.331,15.898],[-61.337,15.941],[-61.323,15.95]]],[[[-61.587,16.345],[-61.597,16.342],[-61.589,16.354],[-61.579,16.349],[-61.587,16.345]]],[[[-61.806,16.268],[-61.81,16.273],[-61.802,16.279],[-61.802,16.301],[-61.795,16.307],[-61.802,16.312],[-61.8,16.317],[-61.789,16.322],[-61.789,16.333],[-61.776,16.35],[-61.75,16.354],[-61.743,16.362],[-61.724,16.354],[-61.714,16.337],[-61.694,16.335],[-61.685,16.325],[-61.673,16.325],[-61.669,16.317],[-61.65,16.321],[-61.641,16.316],[-61.643,16.309],[-61.624,16.301],[-61.602,16.303],[-61.614,16.283],[-61.621,16.283],[-61.617,16.288],[-61.621,16.292],[-61.619,16.287],[-61.627,16.281],[-61.624,16.275],[-61.611,16.279],[-61.612,16.267],[-61.599,16.282],[-61.599,16.266],[-61.584,16.27],[-61.576,16.285],[-61.555,16.285],[-61.553,16.279],[-61.561,16.277],[-61.556,16.273],[-61.55,16.278],[-61.551,16.236],[-61.542,16.231],[-61.548,16.223],[-61.558,16.235],[-61.58,16.237],[-61.588,16.223],[-61.583,16.205],[-61.59,16.195],[-61.589,16.185],[-61.58,16.179],[-61.585,16.168],[-61.582,16.156],[-61.575,16.154],[-61.578,16.143],[-61.561,16.131],[-61.57,16.114],[-61.559,16.095],[-61.561,16.063],[-61.555,16.053],[-61.569,16.026],[-61.614,15.989],[-61.619,15.972],[-61.635,15.966],[-61.649,15.97],[-61.68,15.951],[-61.707,15.948],[-61.715,15.983],[-61.746,16.009],[-61.749,16.03],[-61.77,16.059],[-61.767,16.091],[-61.773,16.091],[-61.775,16.104],[-61.77,16.131],[-61.78,16.139],[-61.776,16.171],[-61.783,16.174],[-61.782,16.188],[-61.788,16.195],[-61.782,16.214],[-61.792,16.236],[-61.802,16.243],[-61.806,16.268]]],[[[-61.53,16.218],[-61.532,16.222],[-61.526,16.217],[-61.523,16.221],[-61.53,16.221],[-61.533,16.234],[-61.55,16.252],[-61.547,16.28],[-61.554,16.288],[-61.541,16.29],[-61.547,16.301],[-61.537,16.306],[-61.536,16.331],[-61.53,16.339],[-61.523,16.345],[-61.508,16.342],[-61.506,16.35],[-61.494,16.353],[-61.501,16.364],[-61.495,16.377],[-61.506,16.389],[-61.527,16.396],[-61.541,16.439],[-61.53,16.461],[-61.508,16.474],[-61.504,16.484],[-61.486,16.491],[-61.475,16.509],[-61.465,16.514],[-61.461,16.499],[-61.444,16.5],[-61.443,16.49],[-61.412,16.471],[-61.398,16.43],[-61.406,16.405],[-61.405,16.384],[-61.38,16.344],[-61.369,16.335],[-61.297,16.328],[-61.298,16.323],[-61.286,16.322],[-61.258,16.303],[-61.236,16.268],[-61.174,16.246],[-61.177,16.242],[-61.191,16.25],[-61.256,16.256],[-61.294,16.243],[-61.339,16.242],[-61.364,16.235],[-61.379,16.222],[-61.39,16.224],[-61.394,16.217],[-61.438,16.209],[-61.464,16.197],[-61.507,16.206],[-61.508,16.215],[-61.53,16.218]]]]}},{"type":"Feature","properties":{"code":"972","name":"Martinique","group":"outremer"},"geometry":{"type":"MultiPolygon","coordinates":[[[[-61.118,14.628],[-61.136,14.633],[-61.138,14.641],[-61.151,14.648],[-61.177,14.689],[-61.185,14.709],[-61.177,14.746],[-61.205,14.78],[-61.215,14.782],[-61.227,14.803],[-61.227,14.83],[-61.207,14.862],[-61.181,14.875],[-61.139,14.878],[-61.098,14.863],[-61.057,14.834],[-61.043,14.837],[-61.029,14.83],[-61.032,14.823],[-61.023,14.822],[-61.019,14.809],[-61.001,14.808],[-61.004,14.798],[-60.987,14.778],[-60.98,14.778],[-60.983,14.774],[-60.968,14.761],[-60.963,14.739],[-60.957,14.736],[-60.95,14.752],[-60.935,14.762],[-60.92,14.758],[-60.888,14.78],[-60.876,14.776],[-60.873,14.758],[-60.879,14.758],[-60.884,14.768],[-60.897,14.761],[-60.888,14.753],[-60.899,14.744],[-60.891,14.74],[-60.896,14.733],[-60.911,14.736],[-60.912,14.744],[-60.925,14.751],[-60.936,14.751],[-60.944,14.742],[-60.938,14.733],[-60.945,14.733],[-60.945,14.723],[-60.937,14.716],[-60.925,14.721],[-60.933,14.708],[-60.914,14.716],[-60.915,14.704],[-60.901,14.699],[-60.911,14.688],[-60.913,14.692],[-60.929,14.687],[-60.924,14.679],[-60.937,14.684],[-60.943,14.669],[-60.93,14.653],[-60.921,14.654],[-60.912,14.666],[-60.897,14.665],[-60.895,14.659],[-60.884,14.666],[-60.885,14.653],[-60.889,14.657],[-60.89,14.651],[-60.903,14.653],[-60.906,14.648],[-60.889,14.642],[-60.895,14.639],[-60.891,14.631],[-60.898,14.629],[-60.899,14.621],[-60.889,14.622],[-60.887,14.615],[-60.87,14.62],[-60.878,14.612],[-60.869,14.605],[-60.873,14.598],[-60.868,14.59],[-60.852,14.595],[-60.846,14.585],[-60.852,14.58],[-60.842,14.579],[-60.854,14.575],[-60.852,14.568],[-60.843,14.572],[-60.849,14.567],[-60.841,14.567],[-60.845,14.559],[-60.825,14.568],[-60.839,14.55],[-60.827,14.54],[-60.837,14.533],[-60.824,14.531],[-60.826,14.521],[-60.835,14.523],[-60.837,14.512],[-60.824,14.514],[-60.823,14.494],[-60.816,14.493],[-60.811,14.481],[-60.814,14.473],[-60.824,14.472],[-60.809,14.46],[-60.824,14.452],[-60.825,14.437],[-60.834,14.433],[-60.835,14.423],[-60.849,14.427],[-60.838,14.412],[-60.849,14.412],[-60.856,14.397],[-60.869,14.395],[-60.878,14.397],[-60.893,14.419],[-60.88,14.438],[-60.884,14.452],[-60.878,14.446],[-60.872,14.448],[-60.873,14.457],[-60.864,14.455],[-60.866,14.47],[-60.877,14.472],[-60.898,14.448],[-60.917,14.472],[-60.934,14.462],[-60.956,14.465],[-60.965,14.473],[-60.976,14.469],[-60.98,14.482],[-60.985,14.473],[-60.992,14.479],[-60.992,14.466],[-61.004,14.479],[-61.006,14.471],[-61.019,14.481],[-61.036,14.476],[-61.055,14.454],[-61.062,14.455],[-61.068,14.467],[-61.082,14.47],[-61.08,14.489],[-61.091,14.493],[-61.084,14.503],[-61.101,14.508],[-61.088,14.534],[-61.077,14.542],[-61.067,14.54],[-61.06,14.552],[-61.053,14.553],[-61.052,14.562],[-61.052,14.551],[-61.038,14.557],[-61.037,14.55],[-61.044,14.547],[-61.027,14.535],[-61.023,14.54],[-61.014,14.535],[-61.009,14.542],[-61.007,14.536],[-60.994,14.547],[-60.997,14.551],[-60.99,14.55],[-60.998,14.561],[-61.011,14.561],[-61.01,14.579],[-61.024,14.585],[-61.024,14.592],[-61.016,14.596],[-61.02,14.601],[-61.014,14.602],[-61.022,14.603],[-61.019,14.612],[-61.04,14.606],[-61.037,14.593],[-61.048,14.598],[-61.059,14.594],[-61.057,14.604],[-61.066,14.603],[-61.065,14.597],[-61.071,14.603],[-61.09,14.599],[-61.118,14.628]]],[[[-60.889,14.69],[-60.899,14.696],[-60.882,14.695],[-60.88,14.691],[-60.889,14.69]]]]}},{"type":"Feature","properties":{"code":"973","name":"Guyane","group":"outremer"},"geometry":{"type":"MultiPolygon","coordinates":[[[[-53.87,5.745],[-53.865,5.743],[-53.884,5.737],[-53.903,5.747],[-53.87,5.745]]],[[[-52.203,4.925],[-52.206,4.929],[-52.201,4.931],[-52.203,4.925]]],[[[-53.469,5.565],[-53.456,5.569],[-53.403,5.564],[-53.318,5.539],[-53.28,5.543],[-53.251,5.521],[-53.275,5.546],[-53.299,5.549],[-53.294,5.56],[-53.275,5.563],[-53.261,5.548],[-53.131,5.508],[-53.072,5.468],[-53.02,5.458],[-52.996,5.432],[-52.992,5.435],[-53.003,5.456],[-52.997,5.46],[-52.941,5.45],[-52.924,5.43],[-52.873,5.393],[-52.87,5.382],[-52.855,5.378],[-52.834,5.347],[-52.832,5.333],[-52.788,5.308],[-52.785,5.297],[-52.747,5.258],[-52.666,5.2],[-52.637,5.166],[-52.628,5.163],[-52.628,5.146],[-52.576,5.107],[-52.556,5.107],[-52.556,5.1],[-52.547,5.095],[-52.557,5.096],[-52.552,5.088],[-52.544,5.092],[-52.538,5.088],[-52.437,4.991],[-52.416,4.982],[-52.414,4.972],[-52.365,4.921],[-52.356,4.918],[-52.334,4.931],[-52.336,4.943],[-52.302,4.951],[-52.259,4.914],[-52.263,4.9],[-52.246,4.887],[-52.229,4.86],[-52.21,4.859],[-52.188,4.833],[-52.186,4.822],[-52.17,4.817],[-52.146,4.791],[-52.14,4.79],[-52.139,4.797],[-52.11,4.785],[-52.105,4.774],[-52.087,4.768],[-52.074,4.753],[-52.032,4.728],[-52.024,4.716],[-52.018,4.718],[-52.006,4.702],[-51.916,4.669],[-51.904,4.677],[-51.862,4.672],[-51.836,4.654],[-51.823,4.636],[-51.811,4.632],[-51.785,4.577],[-51.775,4.521],[-51.777,4.49],[-51.77,4.471],[-51.75,4.447],[-51.752,4.418],[-51.712,4.388],[-51.692,4.395],[-51.694,4.382],[-51.708,4.376],[-51.719,4.353],[-51.71,4.312],[-51.676,4.254],[-51.661,4.244],[-51.661,4.227],[-51.651,4.224],[-51.635,4.201],[-51.619,4.201],[-51.635,4.176],[-51.649,4.073],[-51.656,4.054],[-51.676,4.036],[-51.746,4.001],[-51.776,3.976],[-51.782,3.964],[-51.781,3.926],[-51.799,3.887],[-51.856,3.833],[-51.874,3.803],[-51.884,3.802],[-51.886,3.795],[-51.901,3.8],[-51.905,3.798],[-51.896,3.789],[-51.898,3.784],[-51.919,3.782],[-51.926,3.767],[-51.916,3.746],[-51.922,3.724],[-51.936,3.719],[-51.949,3.723],[-51.973,3.705],[-51.993,3.643],[-51.988,3.628],[-52.02,3.593],[-52.06,3.52],[-52.073,3.516],[-52.07,3.508],[-52.087,3.49],[-52.095,3.462],[-52.109,3.451],[-52.162,3.351],[-52.187,3.32],[-52.191,3.297],[-52.203,3.288],[-52.234,3.241],[-52.243,3.237],[-52.249,3.25],[-52.26,3.253],[-52.293,3.226],[-52.303,3.199],[-52.299,3.178],[-52.303,3.173],[-52.33,3.172],[-52.341,3.147],[-52.331,3.139],[-52.346,3.136],[-52.353,3.128],[-52.352,3.123],[-52.339,3.121],[-52.345,3.098],[-52.326,3.078],[-52.354,3.021],[-52.362,3.017],[-52.368,2.984],[-52.383,2.951],[-52.393,2.945],[-52.395,2.928],[-52.388,2.917],[-52.377,2.92],[-52.379,2.913],[-52.39,2.898],[-52.406,2.901],[-52.41,2.893],[-52.423,2.89],[-52.473,2.794],[-52.476,2.763],[-52.483,2.758],[-52.479,2.753],[-52.52,2.682],[-52.529,2.652],[-52.542,2.654],[-52.555,2.64],[-52.542,2.622],[-52.55,2.611],[-52.531,2.598],[-52.528,2.581],[-52.537,2.559],[-52.551,2.561],[-52.561,2.55],[-52.555,2.532],[-52.55,2.532],[-52.552,2.521],[-52.565,2.516],[-52.598,2.475],[-52.618,2.475],[-52.622,2.47],[-52.622,2.462],[-52.61,2.452],[-52.617,2.445],[-52.637,2.445],[-52.646,2.432],[-52.645,2.418],[-52.657,2.404],[-52.654,2.396],[-52.661,2.374],[-52.71,2.359],[-52.719,2.35],[-52.717,2.344],[-52.74,2.337],[-52.773,2.315],[-52.781,2.316],[-52.793,2.305],[-52.842,2.291],[-52.838,2.281],[-52.856,2.282],[-52.854,2.264],[-52.869,2.259],[-52.877,2.238],[-52.887,2.239],[-52.886,2.219],[-52.904,2.187],[-52.935,2.194],[-52.941,2.179],[-52.988,2.168],[-52.999,2.178],[-53.052,2.19],[-53.08,2.222],[-53.112,2.225],[-53.21,2.211],[-53.224,2.201],[-53.245,2.211],[-53.263,2.189],[-53.274,2.19],[-53.279,2.219],[-53.263,2.22],[-53.256,2.249],[-53.252,2.241],[-53.234,2.256],[-53.227,2.255],[-53.227,2.264],[-53.256,2.27],[-53.26,2.286],[-53.281,2.305],[-53.301,2.307],[-53.314,2.323],[-53.319,2.345],[-53.321,2.338],[-53.332,2.334],[-53.34,2.352],[-53.356,2.348],[-53.361,2.344],[-53.359,2.327],[-53.372,2.313],[-53.388,2.304],[-53.399,2.305],[-53.411,2.287],[-53.431,2.289],[-53.461,2.254],[-53.469,2.252],[-53.49,2.262],[-53.492,2.257],[-53.515,2.261],[-53.535,2.252],[-53.574,2.269],[-53.587,2.263],[-53.604,2.281],[-53.617,2.273],[-53.623,2.279],[-53.657,2.279],[-53.655,2.299],[-53.661,2.295],[-53.665,2.302],[-53.673,2.302],[-53.683,2.293],[-53.699,2.311],[-53.706,2.306],[-53.729,2.311],[-53.731,2.305],[-53.74,2.306],[-53.748,2.32],[-53.733,2.322],[-53.738,2.332],[-53.721,2.35],[-53.729,2.348],[-53.738,2.361],[-53.751,2.358],[-53.736,2.372],[-53.766,2.376],[-53.785,2.368],[-53.783,2.361],[-53.797,2.361],[-53.8,2.354],[-53.81,2.352],[-53.81,2.341],[-53.835,2.332],[-53.836,2.327],[-53.815,2.322],[-53.813,2.311],[-53.823,2.313],[-53.838,2.302],[-53.853,2.304],[-53.856,2.313],[-53.864,2.304],[-53.883,2.309],[-53.887,2.297],[-53.883,2.287],[-53.889,2.282],[-53.885,2.275],[-53.897,2.273],[-53.905,2.261],[-53.915,2.262],[-53.915,2.278],[-53.924,2.274],[-53.934,2.281],[-53.941,2.259],[-53.933,2.237],[-53.941,2.233],[-53.944,2.215],[-53.962,2.219],[-53.974,2.206],[-53.99,2.209],[-54.024,2.181],[-54.025,2.186],[-54.046,2.186],[-54.059,2.198],[-54.066,2.197],[-54.072,2.179],[-54.083,2.173],[-54.088,2.154],[-54.084,2.136],[-54.094,2.14],[-54.106,2.121],[-54.101,2.112],[-54.126,2.124],[-54.136,2.122],[-54.142,2.113],[-54.144,2.12],[-54.169,2.129],[-54.176,2.15],[-54.182,2.151],[-54.187,2.179],[-54.19,2.171],[-54.224,2.15],[-54.254,2.156],[-54.266,2.145],[-54.28,2.146],[-54.321,2.159],[-54.323,2.154],[-54.342,2.152],[-54.339,2.169],[-54.353,2.171],[-54.363,2.18],[-54.365,2.187],[-54.355,2.203],[-54.362,2.212],[-54.416,2.195],[-54.421,2.2],[-54.416,2.208],[-54.427,2.215],[-54.449,2.204],[-54.477,2.213],[-54.478,2.229],[-54.496,2.233],[-54.496,2.249],[-54.505,2.255],[-54.523,2.252],[-54.527,2.261],[-54.536,2.26],[-54.548,2.27],[-54.514,2.281],[-54.519,2.289],[-54.534,2.293],[-54.539,2.305],[-54.533,2.317],[-54.539,2.325],[-54.557,2.33],[-54.588,2.322],[-54.602,2.337],[-54.593,2.341],[-54.59,2.352],[-54.575,2.354],[-54.535,2.341],[-54.534,2.334],[-54.506,2.338],[-54.512,2.36],[-54.505,2.391],[-54.486,2.412],[-54.476,2.435],[-54.438,2.43],[-54.42,2.437],[-54.399,2.468],[-54.387,2.47],[-54.389,2.481],[-54.373,2.491],[-54.37,2.509],[-54.36,2.509],[-54.344,2.536],[-54.345,2.563],[-54.335,2.565],[-54.328,2.575],[-54.321,2.609],[-54.313,2.613],[-54.318,2.63],[-54.291,2.661],[-54.281,2.663],[-54.274,2.676],[-54.278,2.683],[-54.266,2.689],[-54.273,2.693],[-54.265,2.723],[-54.223,2.754],[-54.225,2.763],[-54.218,2.761],[-54.208,2.778],[-54.211,2.789],[-54.198,2.804],[-54.208,2.831],[-54.186,2.838],[-54.179,2.859],[-54.192,2.872],[-54.195,2.885],[-54.186,2.904],[-54.191,2.925],[-54.179,2.928],[-54.172,2.942],[-54.177,2.944],[-54.176,2.958],[-54.161,2.969],[-54.177,2.976],[-54.181,2.984],[-54.186,2.999],[-54.17,3.006],[-54.17,3.016],[-54.195,3.065],[-54.174,3.073],[-54.181,3.086],[-54.174,3.109],[-54.188,3.133],[-54.196,3.134],[-54.199,3.124],[-54.211,3.128],[-54.214,3.136],[-54.201,3.142],[-54.214,3.15],[-54.203,3.158],[-54.203,3.175],[-54.189,3.206],[-54.175,3.206],[-54.136,3.266],[-54.122,3.272],[-54.118,3.285],[-54.101,3.3],[-54.081,3.293],[-54.064,3.313],[-54.062,3.352],[-54.054,3.363],[-54.059,3.385],[-54.05,3.386],[-54.012,3.427],[-54.02,3.443],[-54.008,3.468],[-54.008,3.507],[-54.0,3.524],[-54.009,3.536],[-54.005,3.561],[-53.987,3.58],[-53.981,3.608],[-54.007,3.649],[-54.023,3.647],[-54.029,3.631],[-54.046,3.633],[-54.051,3.635],[-54.05,3.653],[-54.083,3.674],[-54.087,3.687],[-54.079,3.714],[-54.096,3.733],[-54.122,3.793],[-54.15,3.804],[-54.186,3.8],[-54.198,3.806],[-54.202,3.823],[-54.19,3.837],[-54.192,3.847],[-54.237,3.861],[-54.25,3.887],[-54.249,3.909],[-54.29,3.936],[-54.318,4.015],[-54.345,4.045],[-54.358,4.05],[-54.342,4.09],[-54.344,4.113],[-54.323,4.135],[-54.323,4.144],[-54.366,4.176],[-54.387,4.179],[-54.396,4.202],[-54.382,4.263],[-54.392,4.283],[-54.394,4.307],[-54.387,4.354],[-54.399,4.369],[-54.416,4.376],[-54.436,4.362],[-54.442,4.371],[-54.432,4.41],[-54.442,4.438],[-54.432,4.468],[-54.45,4.526],[-54.425,4.555],[-54.415,4.606],[-54.438,4.643],[-54.424,4.665],[-54.433,4.697],[-54.427,4.715],[-54.435,4.725],[-54.459,4.726],[-54.466,4.74],[-54.46,4.783],[-54.468,4.815],[-54.467,4.873],[-54.469,4.89],[-54.478,4.895],[-54.479,4.904],[-54.444,4.94],[-54.438,5.017],[-54.419,5.052],[-54.416,5.085],[-54.375,5.108],[-54.365,5.138],[-54.351,5.144],[-54.346,5.162],[-54.308,5.225],[-54.279,5.263],[-54.184,5.323],[-54.174,5.342],[-54.142,5.371],[-54.118,5.417],[-54.064,5.481],[-54.047,5.492],[-54.038,5.51],[-54.019,5.521],[-54.004,5.573],[-54.005,5.612],[-54.015,5.652],[-53.968,5.745],[-53.934,5.747],[-53.895,5.733],[-53.837,5.732],[-53.799,5.724],[-53.722,5.686],[-53.593,5.608],[-53.576,5.607],[-53.469,5.565]]],[[[-52.585,5.29],[-52.583,5.296],[-52.58,5.295],[-52.585,5.29]]]]}},{"type":"Feature","properties":{"code":"976","name":"Mayotte","group":"outremer"},"geometry":{"type":"MultiPolygon","coordinates":[[[[45.041,-12.647],[45.031,-12.656],[45.018,-12.643],[45.028,-12.637],[45.041,-12.647]]],[[[45.234,-12.898],[45.231,-12.902],[45.23,-12.896],[45.234,-12.898]]],[[[45.206,-12.911],[45.205,-12.911],[45.206,-12.911],[45.206,-12.911]]],[[[45.1,-12.802],[45.113,-12.795],[45.097,-12.792],[45.099,-12.786],[45.094,-12.785],[45.102,-12.781],[45.103,-12.767],[45.077,-12.767],[45.062,-12.751],[45.051,-12.756],[45.042,-12.745],[45.058,-12.727],[45.04,-12.722],[45.048,-12.716],[45.052,-12.7],[45.063,-12.702],[45.073,-12.692],[45.066,-12.681],[45.082,-12.681],[45.085,-12.667],[45.105,-12.651],[45.106,-12.662],[45.088,-12.671],[45.105,-12.676],[45.101,-12.681],[45.114,-12.688],[45.114,-12.696],[45.131,-12.7],[45.123,-12.705],[45.132,-12.721],[45.121,-12.723],[45.127,-12.723],[45.126,-12.728],[45.14,-12.735],[45.141,-12.728],[45.148,-12.728],[45.155,-12.737],[45.166,-12.726],[45.166,-12.717],[45.177,-12.73],[45.204,-12.73],[45.21,-12.736],[45.214,-12.732],[45.213,-12.741],[45.237,-12.753],[45.24,-12.763],[45.23,-12.774],[45.23,-12.762],[45.226,-12.775],[45.234,-12.776],[45.238,-12.785],[45.23,-12.784],[45.216,-12.795],[45.217,-12.8],[45.203,-12.809],[45.204,-12.82],[45.195,-12.823],[45.192,-12.831],[45.197,-12.833],[45.184,-12.842],[45.196,-12.845],[45.202,-12.863],[45.213,-12.863],[45.21,-12.87],[45.222,-12.874],[45.218,-12.885],[45.196,-12.897],[45.192,-12.906],[45.205,-12.92],[45.186,-12.917],[45.176,-12.931],[45.179,-12.944],[45.169,-12.943],[45.178,-12.966],[45.193,-12.976],[45.204,-12.974],[45.194,-12.987],[45.181,-12.984],[45.179,-12.995],[45.172,-12.978],[45.161,-12.973],[45.149,-13.0],[45.142,-13.0],[45.134,-12.989],[45.126,-12.996],[45.125,-12.98],[45.115,-12.981],[45.109,-12.994],[45.111,-12.96],[45.104,-12.958],[45.093,-12.967],[45.079,-12.963],[45.1,-12.948],[45.104,-12.931],[45.099,-12.925],[45.087,-12.93],[45.088,-12.923],[45.071,-12.899],[45.1,-12.899],[45.106,-12.924],[45.13,-12.936],[45.145,-12.936],[45.155,-12.924],[45.139,-12.891],[45.093,-12.853],[45.102,-12.844],[45.121,-12.84],[45.101,-12.835],[45.106,-12.813],[45.1,-12.802]]],[[[45.271,-12.793],[45.254,-12.781],[45.267,-12.79],[45.285,-12.759],[45.3,-12.783],[45.294,-12.787],[45.297,-12.796],[45.285,-12.802],[45.286,-12.818],[45.271,-12.793]]],[[[45.238,-12.81],[45.233,-12.817],[45.231,-12.807],[45.238,-12.81]]]]}},{"type":"Feature","properties":{"code":"01","name":"Ain","group":"metropole"},"geometry":{"type":"Polygon","coordinates":[[[4.78,46.177],[4.78,46.189],[4.793,46.202],[4.795,46.219],[4.808,46.237],[4.811,46.26],[4.825,46.273],[4.833,46.3],[4.853,46.33],[4.851,46.356],[4.888,46.403],[4.892,46.44],[4.914,46.461],[4.914,46.486],[4.936,46.514],[4.942,46.513],[4.941,46.52],[4.955,46.513],[4.944,46.511],[4.95,46.501],[4.96,46.508],[4.972,46.507],[4.963,46.512],[4.975,46.515],[5.011,46.511],[5.013,46.501],[5.056,46.484],[5.077,46.486],[5.097,46.5],[5.109,46.491],[5.134,46.501],[5.135,46.509],[5.166,46.503],[5.167,46.519],[5.177,46.511],[5.202,46.508],[5.204,46.494],[5.21,46.492],[5.206,46.486],[5.214,46.485],[5.21,46.479],[5.215,46.468],[5.226,46.468],[5.235,46.458],[5.246,46.46],[5.258,46.45],[5.314,46.446],[5.324,46.428],[5.309,46.425],[5.307,46.418],[5.312,46.416],[5.299,46.413],[5.334,46.397],[5.341,46.402],[5.352,46.393],[5.363,46.394],[5.378,46.382],[5.363,46.37],[5.377,46.364],[5.375,46.35],[5.401,46.34],[5.405,46.31],[5.41,46.309],[5.417,46.345],[5.424,46.348],[5.438,46.316],[5.467,46.323],[5.474,46.31],[5.466,46.292],[5.459,46.291],[5.457,46.274],[5.474,46.264],[5.503,46.271],[5.52,46.264],[5.537,46.268],[5.565,46.293],[5.594,46.294],[5.61,46.324],[5.631,46.33],[5.643,46.345],[5.65,46.334],[5.644,46.325],[5.667,46.325],[5.684,46.317],[5.685,46.311],[5.715,46.309],[5.719,46.293],[5.714,46.281],[5.725,46.261],[5.766,46.268],[5.821,46.262],[5.853,46.262],[5.864,46.271],[5.873,46.266],[5.895,46.287],[5.909,46.284],[5.922,46.312],[5.941,46.309],[5.984,46.363],[6.015,46.376],[6.061,46.418],[6.098,46.409],[6.106,46.399],[6.149,46.378],[6.158,46.38],[6.17,46.368],[6.12,46.312],[6.119,46.294],[6.102,46.285],[6.11,46.27],[6.12,46.265],[6.121,46.248],[6.102,46.237],[6.09,46.246],[6.073,46.241],[6.063,46.246],[6.046,46.231],[6.034,46.238],[6.003,46.221],[5.992,46.223],[5.993,46.216],[5.975,46.215],[5.969,46.206],[5.973,46.203],[5.964,46.197],[5.991,46.188],[5.995,46.183],[5.989,46.171],[5.982,46.173],[5.965,46.145],[5.966,46.137],[5.948,46.128],[5.92,46.131],[5.892,46.118],[5.885,46.108],[5.894,46.096],[5.89,46.087],[5.859,46.085],[5.832,46.106],[5.82,46.104],[5.823,46.092],[5.808,46.064],[5.814,46.057],[5.807,46.044],[5.812,46.024],[5.806,46.014],[5.811,46.01],[5.811,45.988],[5.834,45.972],[5.835,45.951],[5.822,45.929],[5.829,45.909],[5.797,45.831],[5.784,45.817],[5.787,45.803],[5.779,45.762],[5.784,45.744],[5.77,45.741],[5.776,45.726],[5.753,45.706],[5.701,45.71],[5.71,45.686],[5.685,45.666],[5.689,45.645],[5.678,45.638],[5.652,45.636],[5.632,45.611],[5.605,45.634],[5.603,45.652],[5.588,45.659],[5.586,45.667],[5.553,45.672],[5.546,45.697],[5.556,45.698],[5.567,45.684],[5.576,45.688],[5.574,45.695],[5.552,45.702],[5.554,45.707],[5.546,45.714],[5.528,45.715],[5.519,45.73],[5.421,45.809],[5.421,45.822],[5.436,45.828],[5.417,45.842],[5.415,45.851],[5.351,45.884],[5.302,45.848],[5.291,45.814],[5.273,45.794],[5.227,45.769],[5.189,45.773],[5.178,45.793],[5.149,45.806],[5.114,45.811],[5.114,45.799],[5.108,45.798],[5.104,45.814],[5.013,45.805],[4.963,45.811],[4.918,45.807],[4.922,45.819],[4.918,45.843],[4.901,45.856],[4.909,45.874],[4.884,45.88],[4.881,45.897],[4.874,45.894],[4.872,45.903],[4.848,45.913],[4.805,45.896],[4.811,45.909],[4.806,45.922],[4.79,45.923],[4.775,45.939],[4.754,45.935],[4.729,45.944],[4.755,45.972],[4.74,46.049],[4.755,46.057],[4.762,46.069],[4.748,46.083],[4.748,46.092],[4.771,46.11],[4.772,46.118],[4.803,46.152],[4.78,46.177]]]}},{"type":"Feature","properties":{"code":"02","name":"Aisne","group":"metropole"},"geometry":{"type":"Polygon","coordinates":[[[3.173,50.011],[3.209,50.02],[3.227,50.032],[3.258,50.024],[3.258,50.032],[3.271,50.029],[3.278,50.014],[3.313,50.02],[3.337,50.017],[3.342,50.027],[3.351,50.027],[3.352,50.036],[3.363,50.037],[3.389,50.031],[3.399,50.035],[3.428,50.022],[3.491,50.019],[3.507,50.036],[3.529,50.037],[3.532,50.046],[3.543,50.046],[3.541,50.055],[3.594,50.044],[3.614,50.025],[3.642,50.039],[3.659,50.029],[3.662,50.039],[3.649,50.043],[3.658,50.044],[3.661,50.052],[3.715,50.069],[3.752,50.051],[3.796,50.049],[3.816,50.039],[3.837,50.048],[3.849,50.039],[3.875,50.037],[3.887,50.03],[3.878,50.028],[3.89,50.023],[3.887,50.01],[3.924,50.026],[3.95,50.027],[3.982,50.044],[3.991,50.04],[3.995,50.026],[3.979,50.003],[3.981,49.994],[4.005,49.996],[4.012,49.985],[4.084,49.979],[4.084,49.969],[4.141,49.979],[4.173,49.977],[4.197,49.968],[4.196,49.955],[4.233,49.958],[4.222,49.94],[4.217,49.914],[4.235,49.904],[4.256,49.903],[4.249,49.857],[4.233,49.848],[4.214,49.806],[4.222,49.805],[4.219,49.8],[4.227,49.793],[4.206,49.778],[4.214,49.771],[4.229,49.773],[4.243,49.767],[4.25,49.757],[4.227,49.743],[4.226,49.732],[4.232,49.73],[4.191,49.716],[4.185,49.699],[4.144,49.689],[4.149,49.678],[4.127,49.678],[4.122,49.658],[4.126,49.651],[4.116,49.633],[4.099,49.628],[4.069,49.638],[4.041,49.638],[4.038,49.623],[4.025,49.623],[4.054,49.595],[4.066,49.594],[4.058,49.592],[4.063,49.571],[4.077,49.571],[4.049,49.545],[4.076,49.541],[4.076,49.518],[4.062,49.523],[4.057,49.521],[4.062,49.514],[4.058,49.508],[4.04,49.506],[4.042,49.469],[4.068,49.445],[4.05,49.448],[4.038,49.438],[4.044,49.429],[4.042,49.417],[4.05,49.412],[4.037,49.388],[4.035,49.36],[4.013,49.358],[3.995,49.378],[3.961,49.377],[3.925,49.408],[3.91,49.395],[3.896,49.393],[3.89,49.401],[3.87,49.407],[3.855,49.401],[3.822,49.402],[3.86,49.386],[3.856,49.364],[3.848,49.365],[3.859,49.354],[3.853,49.345],[3.82,49.358],[3.78,49.352],[3.778,49.356],[3.741,49.348],[3.742,49.337],[3.701,49.333],[3.644,49.313],[3.638,49.301],[3.659,49.287],[3.652,49.278],[3.661,49.27],[3.654,49.254],[3.661,49.26],[3.668,49.242],[3.678,49.235],[3.664,49.222],[3.651,49.222],[3.653,49.215],[3.679,49.207],[3.676,49.2],[3.682,49.197],[3.699,49.206],[3.705,49.199],[3.697,49.195],[3.697,49.188],[3.707,49.186],[3.704,49.181],[3.711,49.178],[3.751,49.178],[3.749,49.157],[3.703,49.141],[3.687,49.154],[3.622,49.151],[3.621,49.139],[3.614,49.139],[3.612,49.129],[3.6,49.121],[3.603,49.115],[3.612,49.118],[3.638,49.077],[3.624,49.071],[3.609,49.073],[3.603,49.064],[3.588,49.059],[3.585,49.039],[3.588,49.034],[3.616,49.034],[3.631,49.04],[3.643,49.037],[3.65,49.043],[3.664,49.037],[3.678,49.014],[3.66,49.004],[3.64,49.004],[3.623,48.983],[3.627,48.98],[3.621,48.966],[3.601,48.966],[3.592,48.96],[3.602,48.953],[3.603,48.944],[3.574,48.939],[3.576,48.923],[3.564,48.911],[3.56,48.917],[3.529,48.912],[3.508,48.89],[3.502,48.872],[3.482,48.866],[3.485,48.852],[3.47,48.851],[3.461,48.839],[3.445,48.843],[3.452,48.855],[3.446,48.86],[3.424,48.867],[3.404,48.864],[3.4,48.868],[3.406,48.876],[3.381,48.872],[3.384,48.889],[3.369,48.894],[3.377,48.91],[3.368,48.928],[3.361,48.918],[3.33,48.909],[3.313,48.921],[3.305,48.949],[3.265,48.939],[3.252,48.972],[3.231,48.977],[3.229,48.988],[3.209,48.994],[3.197,49.009],[3.167,49.012],[3.161,49.024],[3.177,49.031],[3.18,49.044],[3.191,49.051],[3.182,49.052],[3.177,49.07],[3.154,49.083],[3.165,49.1],[3.081,49.112],[3.072,49.118],[3.09,49.124],[3.097,49.132],[3.093,49.142],[3.111,49.132],[3.115,49.139],[3.106,49.147],[3.127,49.145],[3.148,49.161],[3.121,49.162],[3.116,49.17],[3.108,49.166],[3.117,49.176],[3.113,49.182],[3.117,49.19],[3.101,49.197],[3.093,49.189],[3.084,49.173],[3.098,49.157],[3.094,49.154],[3.081,49.167],[3.088,49.185],[3.082,49.193],[3.057,49.197],[3.065,49.205],[3.046,49.21],[3.036,49.205],[3.032,49.212],[3.014,49.217],[2.995,49.209],[3.003,49.206],[2.997,49.199],[3.004,49.186],[3.026,49.193],[3.03,49.183],[3.035,49.184],[3.038,49.169],[3.023,49.17],[3.016,49.182],[2.996,49.187],[2.992,49.194],[2.984,49.184],[2.972,49.188],[2.968,49.192],[2.974,49.197],[2.966,49.205],[2.971,49.214],[2.959,49.227],[2.965,49.233],[3.003,49.235],[3.015,49.23],[3.004,49.221],[3.022,49.216],[3.042,49.23],[3.033,49.238],[3.033,49.252],[3.026,49.26],[3.027,49.276],[3.038,49.286],[3.025,49.288],[3.017,49.28],[3.021,49.29],[2.987,49.288],[2.996,49.296],[2.968,49.303],[2.98,49.311],[2.964,49.321],[2.968,49.326],[3.002,49.34],[3.021,49.337],[3.036,49.326],[3.044,49.329],[3.042,49.333],[3.075,49.349],[3.079,49.374],[3.095,49.377],[3.09,49.394],[3.098,49.41],[3.093,49.433],[3.101,49.439],[3.124,49.431],[3.143,49.434],[3.16,49.439],[3.166,49.447],[3.104,49.473],[3.124,49.48],[3.124,49.486],[3.121,49.494],[3.1,49.506],[3.096,49.518],[3.123,49.521],[3.128,49.527],[3.126,49.542],[3.131,49.543],[3.129,49.556],[3.134,49.56],[3.126,49.57],[3.138,49.574],[3.138,49.579],[3.122,49.604],[3.094,49.623],[3.113,49.631],[3.108,49.637],[3.113,49.642],[3.096,49.651],[3.098,49.657],[3.108,49.658],[3.108,49.665],[3.128,49.662],[3.124,49.677],[3.114,49.684],[3.126,49.697],[3.118,49.706],[3.114,49.727],[3.1,49.733],[3.094,49.749],[3.1,49.766],[3.071,49.767],[3.061,49.781],[3.086,49.792],[3.088,49.803],[3.078,49.813],[3.085,49.818],[3.061,49.82],[3.055,49.832],[3.086,49.844],[3.08,49.866],[3.07,49.873],[3.085,49.879],[3.083,49.866],[3.088,49.866],[3.113,49.878],[3.12,49.884],[3.117,49.896],[3.124,49.901],[3.116,49.908],[3.121,49.909],[3.123,49.924],[3.138,49.932],[3.136,49.936],[3.165,49.947],[3.159,49.952],[3.168,49.961],[3.163,49.965],[3.203,49.984],[3.167,49.988],[3.168,49.995],[3.156,49.992],[3.173,50.011]],[[2.99,49.211],[3.003,49.219],[3.0,49.223],[2.982,49.216],[2.99,49.211]]]}},{"type":"Feature","properties":{"code":"03","name":"Allier","group":"metropole"},"geometry":{"type":"Polygon","coordinates":[[[3.032,46.795],[3.037,46.773],[3.067,46.745],[3.13,46.727],[3.163,46.694],[3.191,46.682],[3.204,46.679],[3.222,46.685],[3.229,46.696],[3.27,46.717],[3.301,46.716],[3.302,46.704],[3.314,46.689],[3.347,46.684],[3.366,46.69],[3.379,46.712],[3.422,46.714],[3.434,46.712],[3.428,46.701],[3.433,46.693],[3.453,46.69],[3.455,46.675],[3.445,46.671],[3.447,46.664],[3.442,46.662],[3.455,46.652],[3.482,46.651],[3.486,46.661],[3.513,46.677],[3.514,46.684],[3.53,46.689],[3.548,46.679],[3.561,46.689],[3.548,46.706],[3.547,46.721],[3.569,46.715],[3.576,46.723],[3.577,46.715],[3.598,46.724],[3.576,46.75],[3.593,46.763],[3.602,46.751],[3.623,46.754],[3.63,46.748],[3.623,46.738],[3.638,46.725],[3.638,46.707],[3.651,46.705],[3.655,46.688],[3.673,46.682],[3.669,46.674],[3.674,46.67],[3.697,46.661],[3.709,46.635],[3.723,46.628],[3.713,46.61],[3.737,46.602],[3.734,46.595],[3.743,46.569],[3.732,46.55],[3.737,46.543],[3.747,46.537],[3.773,46.538],[3.781,46.528],[3.793,46.528],[3.805,46.519],[3.843,46.53],[3.846,46.523],[3.84,46.515],[3.864,46.513],[3.86,46.496],[3.865,46.49],[3.897,46.481],[3.908,46.495],[3.956,46.492],[3.952,46.478],[3.975,46.48],[3.999,46.465],[3.997,46.45],[4.006,46.442],[3.989,46.438],[3.996,46.427],[3.984,46.42],[3.989,46.409],[3.977,46.399],[3.992,46.37],[3.985,46.33],[4.005,46.327],[3.989,46.323],[3.99,46.315],[3.947,46.322],[3.945,46.3],[3.897,46.292],[3.891,46.285],[3.898,46.275],[3.878,46.276],[3.868,46.263],[3.804,46.258],[3.806,46.241],[3.782,46.244],[3.768,46.239],[3.773,46.227],[3.797,46.207],[3.788,46.202],[3.789,46.186],[3.809,46.165],[3.79,46.155],[3.802,46.131],[3.793,46.112],[3.806,46.108],[3.822,46.09],[3.815,46.085],[3.82,46.079],[3.806,46.052],[3.814,46.04],[3.815,46.019],[3.83,45.999],[3.824,45.987],[3.799,45.984],[3.789,45.973],[3.779,45.972],[3.756,45.983],[3.754,45.972],[3.742,45.966],[3.71,45.974],[3.702,45.97],[3.706,45.957],[3.693,45.948],[3.694,45.931],[3.683,45.94],[3.677,45.958],[3.642,45.967],[3.632,45.961],[3.626,45.985],[3.592,46.024],[3.544,46.013],[3.537,46.022],[3.523,46.022],[3.525,46.012],[3.506,46.017],[3.464,46.008],[3.468,46.025],[3.462,46.04],[3.472,46.039],[3.46,46.051],[3.459,46.062],[3.44,46.059],[3.419,46.074],[3.402,46.066],[3.381,46.066],[3.372,46.055],[3.332,46.044],[3.335,46.055],[3.301,46.061],[3.302,46.066],[3.245,46.062],[3.229,46.071],[3.221,46.067],[3.215,46.075],[3.184,46.075],[3.175,46.066],[3.131,46.069],[3.116,46.081],[3.098,46.084],[3.101,46.094],[3.091,46.105],[3.091,46.115],[3.048,46.1],[3.041,46.107],[3.014,46.103],[3.011,46.113],[2.994,46.124],[2.968,46.124],[2.955,46.147],[2.952,46.171],[2.943,46.168],[2.913,46.177],[2.921,46.188],[2.91,46.203],[2.913,46.21],[2.941,46.225],[2.935,46.224],[2.932,46.233],[2.945,46.242],[2.891,46.254],[2.864,46.25],[2.86,46.257],[2.819,46.242],[2.823,46.22],[2.809,46.195],[2.733,46.223],[2.721,46.212],[2.732,46.195],[2.722,46.188],[2.723,46.182],[2.675,46.172],[2.676,46.156],[2.668,46.155],[2.669,46.144],[2.661,46.143],[2.655,46.124],[2.641,46.118],[2.607,46.13],[2.591,46.127],[2.565,46.143],[2.559,46.175],[2.54,46.177],[2.526,46.188],[2.515,46.24],[2.489,46.248],[2.477,46.269],[2.481,46.281],[2.443,46.295],[2.433,46.295],[2.428,46.285],[2.421,46.285],[2.414,46.297],[2.421,46.31],[2.392,46.33],[2.38,46.328],[2.377,46.317],[2.365,46.311],[2.355,46.326],[2.336,46.323],[2.321,46.329],[2.312,46.342],[2.301,46.342],[2.308,46.345],[2.309,46.352],[2.303,46.354],[2.311,46.36],[2.317,46.358],[2.323,46.367],[2.338,46.364],[2.331,46.379],[2.315,46.375],[2.298,46.384],[2.288,46.382],[2.277,46.425],[2.286,46.454],[2.305,46.475],[2.317,46.469],[2.328,46.474],[2.33,46.483],[2.324,46.49],[2.339,46.504],[2.365,46.518],[2.413,46.52],[2.43,46.527],[2.445,46.52],[2.483,46.533],[2.497,46.534],[2.497,46.522],[2.506,46.521],[2.521,46.531],[2.531,46.529],[2.529,46.523],[2.537,46.52],[2.615,46.553],[2.603,46.564],[2.609,46.571],[2.6,46.595],[2.582,46.593],[2.578,46.608],[2.568,46.609],[2.587,46.615],[2.584,46.626],[2.597,46.637],[2.593,46.647],[2.569,46.651],[2.571,46.659],[2.605,46.671],[2.607,46.66],[2.624,46.657],[2.634,46.675],[2.625,46.673],[2.62,46.68],[2.623,46.69],[2.64,46.692],[2.645,46.687],[2.678,46.705],[2.672,46.709],[2.686,46.714],[2.684,46.722],[2.702,46.718],[2.705,46.739],[2.717,46.745],[2.732,46.748],[2.759,46.718],[2.786,46.722],[2.795,46.734],[2.827,46.735],[2.847,46.727],[2.845,46.743],[2.877,46.761],[2.876,46.768],[2.91,46.779],[2.908,46.788],[2.913,46.791],[2.932,46.796],[2.953,46.791],[2.961,46.804],[3.032,46.795]]]}},{"type":"Feature","properties":{"code":"04","name":"Alpes-de-Haute-Provence","group":"metropole"},"geometry":{"type":"Polygon","coordinates":[[[5.676,44.191],[5.692,44.186],[5.714,44.199],[5.734,44.2],[5.751,44.209],[5.777,44.206],[5.795,44.213],[5.862,44.194],[5.909,44.19],[5.915,44.203],[5.876,44.214],[5.86,44.245],[5.828,44.261],[5.824,44.279],[5.837,44.292],[5.836,44.298],[5.867,44.296],[5.877,44.289],[5.88,44.271],[5.922,44.248],[5.925,44.267],[5.913,44.268],[5.912,44.273],[5.917,44.28],[5.913,44.289],[5.927,44.295],[5.925,44.315],[5.9,44.314],[5.896,44.32],[5.906,44.329],[5.903,44.337],[5.918,44.339],[5.931,44.352],[5.957,44.397],[6.02,44.42],[6.026,44.435],[6.057,44.452],[6.076,44.438],[6.071,44.451],[6.083,44.463],[6.077,44.469],[6.081,44.477],[6.116,44.475],[6.156,44.462],[6.16,44.435],[6.174,44.44],[6.227,44.382],[6.248,44.389],[6.262,44.412],[6.233,44.463],[6.263,44.465],[6.293,44.481],[6.327,44.463],[6.327,44.468],[6.339,44.471],[6.348,44.498],[6.332,44.51],[6.357,44.523],[6.399,44.494],[6.412,44.47],[6.424,44.468],[6.435,44.475],[6.445,44.466],[6.459,44.466],[6.469,44.451],[6.632,44.447],[6.642,44.486],[6.673,44.507],[6.683,44.531],[6.681,44.541],[6.704,44.539],[6.742,44.555],[6.752,44.57],[6.772,44.576],[6.767,44.587],[6.782,44.595],[6.792,44.592],[6.799,44.604],[6.809,44.601],[6.819,44.608],[6.848,44.611],[6.858,44.629],[6.883,44.63],[6.916,44.66],[6.94,44.652],[6.948,44.655],[6.953,44.638],[6.968,44.625],[6.966,44.619],[6.949,44.619],[6.95,44.61],[6.938,44.603],[6.933,44.573],[6.914,44.569],[6.916,44.56],[6.902,44.554],[6.877,44.553],[6.87,44.537],[6.853,44.529],[6.858,44.507],[6.877,44.489],[6.876,44.482],[6.906,44.468],[6.913,44.45],[6.948,44.43],[6.933,44.43],[6.925,44.422],[6.918,44.427],[6.893,44.421],[6.898,44.406],[6.895,44.37],[6.86,44.344],[6.84,44.346],[6.809,44.331],[6.807,44.321],[6.796,44.316],[6.796,44.298],[6.786,44.289],[6.79,44.272],[6.764,44.28],[6.758,44.274],[6.759,44.262],[6.724,44.25],[6.725,44.226],[6.714,44.218],[6.718,44.208],[6.698,44.19],[6.702,44.178],[6.687,44.169],[6.708,44.142],[6.708,44.124],[6.756,44.08],[6.748,44.065],[6.747,44.041],[6.776,44.024],[6.789,44.023],[6.798,44.005],[6.839,43.99],[6.835,43.983],[6.846,43.978],[6.848,43.954],[6.875,43.953],[6.884,43.935],[6.898,43.927],[6.913,43.928],[6.944,43.9],[6.885,43.889],[6.865,43.907],[6.854,43.907],[6.853,43.915],[6.83,43.918],[6.799,43.91],[6.782,43.884],[6.748,43.872],[6.673,43.888],[6.678,43.879],[6.696,43.876],[6.703,43.856],[6.678,43.852],[6.668,43.831],[6.703,43.824],[6.712,43.817],[6.706,43.808],[6.644,43.796],[6.636,43.789],[6.623,43.798],[6.624,43.805],[6.587,43.805],[6.546,43.775],[6.543,43.791],[6.517,43.809],[6.482,43.791],[6.47,43.799],[6.457,43.793],[6.439,43.798],[6.437,43.792],[6.414,43.792],[6.413,43.76],[6.384,43.734],[6.375,43.743],[6.351,43.736],[6.326,43.747],[6.317,43.758],[6.269,43.777],[6.254,43.8],[6.217,43.8],[6.197,43.787],[6.183,43.762],[6.169,43.751],[6.13,43.736],[6.109,43.746],[6.077,43.707],[6.035,43.694],[6.039,43.679],[6.022,43.668],[6.012,43.674],[6.006,43.688],[5.988,43.695],[5.985,43.714],[5.974,43.715],[5.965,43.725],[5.957,43.719],[5.94,43.727],[5.939,43.749],[5.927,43.75],[5.923,43.758],[5.903,43.753],[5.905,43.737],[5.885,43.724],[5.856,43.724],[5.849,43.718],[5.843,43.737],[5.833,43.746],[5.781,43.756],[5.757,43.729],[5.749,43.741],[5.717,43.756],[5.714,43.781],[5.686,43.787],[5.654,43.825],[5.628,43.831],[5.601,43.826],[5.575,43.83],[5.564,43.82],[5.544,43.818],[5.549,43.851],[5.573,43.863],[5.608,43.915],[5.582,43.915],[5.568,43.943],[5.545,43.939],[5.527,43.948],[5.513,43.945],[5.509,43.952],[5.519,43.995],[5.544,44.026],[5.545,44.07],[5.503,44.063],[5.498,44.075],[5.499,44.116],[5.543,44.134],[5.551,44.15],[5.578,44.151],[5.583,44.158],[5.564,44.171],[5.576,44.188],[5.609,44.191],[5.616,44.178],[5.64,44.168],[5.631,44.151],[5.678,44.146],[5.682,44.164],[5.647,44.166],[5.643,44.171],[5.652,44.19],[5.676,44.191]]]}},{"type":"Feature","properties":{"code":"05","name":"Hautes-Alpes","group":"metropole"},"geometry":{"type":"Polygon","coordinates":[[[6.261,45.127],[6.294,45.109],[6.317,45.112],[6.334,45.123],[6.366,45.101],[6.375,45.083],[6.365,45.07],[6.395,45.061],[6.439,45.063],[6.452,45.052],[6.486,45.056],[6.49,45.068],[6.48,45.094],[6.51,45.109],[6.539,45.099],[6.561,45.105],[6.577,45.123],[6.618,45.12],[6.63,45.109],[6.627,45.101],[6.647,45.085],[6.645,45.076],[6.662,45.072],[6.664,45.057],[6.659,45.052],[6.67,45.042],[6.664,45.034],[6.675,45.019],[6.726,45.022],[6.745,45.014],[6.752,44.997],[6.738,44.989],[6.749,44.985],[6.765,44.962],[6.744,44.937],[6.761,44.933],[6.749,44.922],[6.751,44.906],[6.776,44.901],[6.785,44.89],[6.802,44.891],[6.803,44.878],[6.863,44.851],[6.913,44.845],[6.931,44.864],[6.971,44.846],[7.001,44.842],[7.01,44.826],[7.024,44.823],[6.999,44.79],[7.019,44.777],[7.025,44.762],[7.023,44.74],[7.031,44.728],[7.066,44.713],[7.077,44.681],[7.06,44.68],[7.03,44.691],[6.987,44.69],[6.971,44.677],[6.963,44.678],[6.959,44.662],[6.948,44.655],[6.94,44.652],[6.916,44.66],[6.883,44.63],[6.858,44.629],[6.848,44.611],[6.819,44.608],[6.809,44.601],[6.799,44.604],[6.792,44.592],[6.782,44.595],[6.767,44.587],[6.772,44.576],[6.752,44.57],[6.742,44.555],[6.704,44.539],[6.681,44.541],[6.683,44.531],[6.673,44.507],[6.642,44.486],[6.632,44.447],[6.469,44.451],[6.459,44.466],[6.445,44.466],[6.435,44.475],[6.424,44.468],[6.412,44.47],[6.399,44.494],[6.357,44.523],[6.332,44.51],[6.348,44.498],[6.339,44.471],[6.327,44.468],[6.327,44.463],[6.293,44.481],[6.263,44.465],[6.233,44.463],[6.262,44.412],[6.248,44.389],[6.227,44.382],[6.174,44.44],[6.16,44.435],[6.156,44.462],[6.116,44.475],[6.081,44.477],[6.077,44.469],[6.083,44.463],[6.071,44.451],[6.076,44.438],[6.057,44.452],[6.026,44.435],[6.02,44.42],[5.957,44.397],[5.931,44.352],[5.918,44.339],[5.903,44.337],[5.906,44.329],[5.898,44.316],[5.912,44.311],[5.925,44.315],[5.927,44.295],[5.913,44.289],[5.917,44.28],[5.912,44.273],[5.913,44.268],[5.925,44.267],[5.922,44.248],[5.88,44.271],[5.877,44.289],[5.867,44.296],[5.836,44.298],[5.837,44.292],[5.824,44.279],[5.828,44.261],[5.86,44.245],[5.876,44.214],[5.915,44.203],[5.909,44.19],[5.862,44.194],[5.795,44.213],[5.777,44.206],[5.751,44.209],[5.734,44.2],[5.714,44.199],[5.692,44.186],[5.676,44.191],[5.686,44.197],[5.676,44.212],[5.682,44.234],[5.673,44.24],[5.674,44.256],[5.687,44.267],[5.676,44.276],[5.647,44.267],[5.648,44.272],[5.632,44.284],[5.643,44.294],[5.62,44.308],[5.608,44.307],[5.611,44.316],[5.633,44.328],[5.631,44.333],[5.561,44.336],[5.547,44.33],[5.537,44.334],[5.54,44.343],[5.529,44.343],[5.521,44.351],[5.491,44.338],[5.482,44.35],[5.468,44.352],[5.463,44.367],[5.432,44.371],[5.43,44.377],[5.444,44.379],[5.443,44.391],[5.434,44.41],[5.418,44.425],[5.437,44.434],[5.476,44.42],[5.494,44.428],[5.498,44.437],[5.464,44.448],[5.459,44.469],[5.468,44.473],[5.458,44.499],[5.474,44.499],[5.48,44.491],[5.516,44.492],[5.559,44.473],[5.57,44.477],[5.603,44.465],[5.618,44.475],[5.63,44.501],[5.665,44.502],[5.627,44.535],[5.615,44.533],[5.597,44.543],[5.635,44.609],[5.646,44.609],[5.65,44.618],[5.643,44.622],[5.64,44.648],[5.654,44.655],[5.728,44.639],[5.739,44.641],[5.737,44.65],[5.754,44.649],[5.747,44.655],[5.754,44.663],[5.764,44.656],[5.791,44.653],[5.799,44.674],[5.83,44.689],[5.827,44.7],[5.801,44.707],[5.811,44.713],[5.83,44.744],[5.827,44.76],[5.88,44.747],[5.9,44.758],[5.919,44.751],[5.937,44.764],[5.951,44.76],[5.953,44.771],[5.98,44.781],[5.978,44.791],[5.952,44.801],[5.96,44.812],[6.006,44.821],[6.022,44.838],[6.03,44.838],[6.056,44.816],[6.101,44.843],[6.111,44.843],[6.133,44.864],[6.168,44.852],[6.196,44.859],[6.25,44.852],[6.271,44.871],[6.295,44.874],[6.304,44.873],[6.324,44.852],[6.336,44.848],[6.354,44.853],[6.35,44.874],[6.359,44.888],[6.353,44.925],[6.359,44.941],[6.331,44.946],[6.323,44.953],[6.33,44.969],[6.315,44.982],[6.324,44.999],[6.306,45.005],[6.253,44.995],[6.204,45.012],[6.202,45.021],[6.21,45.029],[6.209,45.041],[6.22,45.065],[6.245,45.072],[6.239,45.075],[6.229,45.108],[6.261,45.127]]]}},{"type":"Feature","properties":{"code":"06","name":"Alpes-Maritimes","group":"metropole"},"geometry":{"type":"MultiPolygon","coordinates":[[[[7.067,43.514],[7.036,43.517],[7.032,43.523],[7.064,43.52],[7.071,43.517],[7.067,43.514]]],[[[7.048,43.505],[7.037,43.508],[7.052,43.509],[7.048,43.505]]],[[[6.887,44.361],[6.923,44.351],[6.927,44.332],[6.961,44.311],[6.959,44.294],[6.97,44.294],[6.972,44.284],[6.981,44.287],[6.996,44.28],[6.997,44.252],[7.009,44.235],[7.023,44.234],[7.036,44.224],[7.079,44.232],[7.093,44.22],[7.114,44.218],[7.144,44.2],[7.163,44.208],[7.178,44.197],[7.189,44.2],[7.194,44.187],[7.201,44.187],[7.219,44.168],[7.236,44.175],[7.244,44.172],[7.248,44.159],[7.281,44.141],[7.342,44.146],[7.358,44.116],[7.393,44.125],[7.425,44.112],[7.43,44.13],[7.461,44.126],[7.502,44.143],[7.523,44.138],[7.535,44.148],[7.555,44.146],[7.564,44.155],[7.618,44.149],[7.637,44.177],[7.678,44.177],[7.685,44.174],[7.671,44.153],[7.679,44.147],[7.667,44.131],[7.674,44.118],[7.719,44.083],[7.713,44.075],[7.714,44.061],[7.7,44.041],[7.662,44.028],[7.67,43.998],[7.652,43.974],[7.611,43.954],[7.602,43.958],[7.569,43.947],[7.574,43.936],[7.568,43.923],[7.558,43.918],[7.562,43.9],[7.517,43.882],[7.511,43.885],[7.498,43.872],[7.497,43.85],[7.508,43.841],[7.518,43.805],[7.53,43.788],[7.49,43.767],[7.482,43.757],[7.487,43.749],[7.458,43.76],[7.445,43.75],[7.431,43.749],[7.412,43.734],[7.409,43.73],[7.416,43.726],[7.406,43.719],[7.356,43.721],[7.33,43.702],[7.334,43.69],[7.35,43.687],[7.335,43.686],[7.333,43.675],[7.324,43.677],[7.32,43.691],[7.325,43.7],[7.315,43.707],[7.304,43.685],[7.295,43.686],[7.286,43.698],[7.285,43.693],[7.241,43.688],[7.231,43.679],[7.23,43.665],[7.212,43.647],[7.199,43.646],[7.203,43.651],[7.195,43.658],[7.161,43.655],[7.137,43.636],[7.126,43.605],[7.13,43.59],[7.122,43.587],[7.13,43.583],[7.125,43.574],[7.141,43.569],[7.135,43.556],[7.145,43.552],[7.139,43.547],[7.119,43.543],[7.122,43.559],[7.1,43.571],[7.069,43.563],[7.038,43.535],[7.027,43.549],[6.978,43.547],[6.955,43.537],[6.938,43.516],[6.938,43.509],[6.957,43.501],[6.949,43.485],[6.931,43.484],[6.934,43.48],[6.916,43.482],[6.913,43.494],[6.884,43.503],[6.896,43.527],[6.879,43.529],[6.888,43.553],[6.908,43.564],[6.908,43.573],[6.898,43.582],[6.912,43.598],[6.894,43.612],[6.867,43.603],[6.857,43.611],[6.852,43.604],[6.817,43.63],[6.8,43.627],[6.783,43.654],[6.762,43.663],[6.761,43.681],[6.774,43.693],[6.774,43.704],[6.752,43.741],[6.719,43.738],[6.701,43.754],[6.683,43.758],[6.657,43.749],[6.652,43.765],[6.64,43.769],[6.645,43.778],[6.635,43.786],[6.644,43.796],[6.706,43.808],[6.712,43.815],[6.703,43.824],[6.668,43.831],[6.678,43.852],[6.703,43.856],[6.696,43.876],[6.678,43.879],[6.673,43.888],[6.748,43.872],[6.782,43.884],[6.799,43.91],[6.83,43.918],[6.853,43.915],[6.854,43.907],[6.865,43.907],[6.885,43.889],[6.944,43.9],[6.913,43.928],[6.898,43.927],[6.884,43.935],[6.875,43.953],[6.848,43.954],[6.846,43.978],[6.835,43.983],[6.839,43.99],[6.798,44.005],[6.789,44.023],[6.776,44.024],[6.747,44.041],[6.748,44.065],[6.756,44.08],[6.708,44.124],[6.708,44.142],[6.687,44.167],[6.702,44.178],[6.698,44.19],[6.706,44.201],[6.718,44.208],[6.714,44.218],[6.725,44.226],[6.724,44.25],[6.759,44.262],[6.758,44.274],[6.764,44.28],[6.79,44.272],[6.786,44.289],[6.796,44.298],[6.796,44.316],[6.807,44.321],[6.809,44.331],[6.84,44.346],[6.86,44.344],[6.887,44.361]]]]}},{"type":"Feature","properties":{"code":"2A","name":"Corse-du-Sud","group":"metropole"},"geometry":{"type":"MultiPolygon","coordinates":[[[[9.261,41.339],[9.259,41.334],[9.249,41.341],[9.257,41.348],[9.261,41.339]]],[[[9.271,41.365],[9.25,41.369],[9.268,41.373],[9.266,41.369],[9.275,41.369],[9.271,41.365]]],[[[8.573,42.381],[8.6,42.369],[8.641,42.374],[8.65,42.362],[8.683,42.359],[8.683,42.348],[8.714,42.349],[8.73,42.34],[8.759,42.338],[8.771,42.325],[8.789,42.326],[8.82,42.316],[8.861,42.33],[8.859,42.3],[8.876,42.294],[8.886,42.284],[8.882,42.271],[8.905,42.254],[8.923,42.258],[8.94,42.237],[8.977,42.231],[8.995,42.214],[9.022,42.203],[9.046,42.207],[9.048,42.175],[9.066,42.167],[9.077,42.137],[9.072,42.13],[9.094,42.115],[9.112,42.114],[9.125,42.105],[9.135,42.087],[9.128,42.066],[9.131,42.054],[9.152,42.04],[9.162,42.025],[9.182,42.031],[9.221,42.028],[9.215,41.994],[9.22,41.976],[9.227,41.972],[9.223,41.95],[9.215,41.942],[9.23,41.932],[9.213,41.917],[9.235,41.916],[9.248,41.91],[9.252,41.899],[9.235,41.879],[9.227,41.856],[9.232,41.85],[9.268,41.84],[9.301,41.845],[9.308,41.842],[9.309,41.832],[9.317,41.832],[9.378,41.868],[9.402,41.859],[9.406,41.818],[9.394,41.798],[9.4,41.789],[9.395,41.776],[9.408,41.766],[9.402,41.73],[9.406,41.722],[9.401,41.718],[9.406,41.713],[9.401,41.694],[9.372,41.679],[9.379,41.669],[9.388,41.67],[9.381,41.664],[9.387,41.66],[9.381,41.651],[9.385,41.646],[9.377,41.648],[9.367,41.636],[9.349,41.638],[9.346,41.63],[9.352,41.629],[9.356,41.617],[9.335,41.622],[9.32,41.615],[9.326,41.618],[9.308,41.628],[9.307,41.616],[9.288,41.609],[9.287,41.599],[9.281,41.597],[9.284,41.589],[9.296,41.585],[9.318,41.605],[9.334,41.603],[9.341,41.594],[9.369,41.597],[9.368,41.591],[9.361,41.591],[9.348,41.575],[9.35,41.566],[9.343,41.559],[9.311,41.551],[9.288,41.53],[9.274,41.531],[9.272,41.525],[9.285,41.517],[9.268,41.501],[9.276,41.496],[9.286,41.499],[9.288,41.484],[9.276,41.471],[9.267,41.471],[9.278,41.464],[9.266,41.466],[9.246,41.448],[9.224,41.442],[9.229,41.426],[9.224,41.415],[9.215,41.414],[9.22,41.405],[9.245,41.422],[9.265,41.426],[9.26,41.414],[9.224,41.38],[9.22,41.367],[9.18,41.366],[9.167,41.386],[9.149,41.385],[9.159,41.389],[9.127,41.394],[9.133,41.4],[9.094,41.394],[9.095,41.412],[9.109,41.42],[9.104,41.426],[9.122,41.441],[9.108,41.441],[9.107,41.446],[9.101,41.442],[9.095,41.45],[9.083,41.442],[9.07,41.445],[9.067,41.466],[9.08,41.477],[9.039,41.457],[9.04,41.469],[9.023,41.463],[9.015,41.472],[9.018,41.478],[9.003,41.475],[8.994,41.486],[8.981,41.474],[8.977,41.483],[8.966,41.483],[8.966,41.489],[8.956,41.493],[8.941,41.489],[8.932,41.496],[8.92,41.489],[8.915,41.507],[8.883,41.505],[8.891,41.515],[8.878,41.524],[8.841,41.52],[8.856,41.534],[8.853,41.547],[8.847,41.541],[8.843,41.547],[8.822,41.544],[8.81,41.556],[8.789,41.557],[8.782,41.566],[8.788,41.564],[8.803,41.576],[8.791,41.579],[8.792,41.587],[8.783,41.585],[8.774,41.592],[8.787,41.597],[8.792,41.607],[8.786,41.618],[8.795,41.624],[8.794,41.633],[8.803,41.633],[8.806,41.642],[8.812,41.631],[8.822,41.63],[8.851,41.648],[8.87,41.646],[8.881,41.67],[8.917,41.682],[8.914,41.691],[8.842,41.697],[8.813,41.714],[8.797,41.711],[8.791,41.7],[8.783,41.699],[8.788,41.709],[8.771,41.714],[8.785,41.732],[8.772,41.742],[8.717,41.722],[8.705,41.723],[8.708,41.736],[8.696,41.742],[8.659,41.74],[8.663,41.751],[8.685,41.747],[8.729,41.775],[8.733,41.78],[8.711,41.795],[8.711,41.801],[8.739,41.797],[8.749,41.811],[8.771,41.811],[8.775,41.825],[8.785,41.831],[8.764,41.844],[8.75,41.843],[8.788,41.85],[8.79,41.866],[8.779,41.884],[8.803,41.89],[8.803,41.896],[8.78,41.925],[8.763,41.923],[8.745,41.933],[8.739,41.927],[8.741,41.916],[8.719,41.908],[8.676,41.904],[8.641,41.91],[8.607,41.895],[8.616,41.903],[8.609,41.91],[8.623,41.926],[8.619,41.93],[8.623,41.935],[8.621,41.94],[8.609,41.939],[8.607,41.952],[8.597,41.953],[8.592,41.964],[8.614,41.972],[8.648,41.968],[8.666,41.978],[8.668,41.992],[8.659,41.992],[8.654,41.999],[8.66,42.012],[8.688,42.027],[8.724,42.033],[8.723,42.042],[8.741,42.041],[8.747,42.051],[8.738,42.065],[8.719,42.064],[8.715,42.082],[8.705,42.088],[8.71,42.097],[8.7,42.112],[8.689,42.115],[8.68,42.105],[8.659,42.101],[8.647,42.121],[8.624,42.123],[8.612,42.135],[8.58,42.129],[8.594,42.144],[8.585,42.152],[8.559,42.146],[8.593,42.168],[8.561,42.172],[8.566,42.178],[8.585,42.179],[8.577,42.195],[8.582,42.204],[8.568,42.205],[8.569,42.212],[8.577,42.214],[8.567,42.22],[8.574,42.228],[8.56,42.232],[8.552,42.227],[8.54,42.237],[8.559,42.236],[8.617,42.255],[8.639,42.253],[8.693,42.268],[8.687,42.282],[8.674,42.284],[8.678,42.289],[8.66,42.302],[8.64,42.3],[8.629,42.305],[8.628,42.312],[8.602,42.309],[8.598,42.319],[8.628,42.332],[8.629,42.339],[8.618,42.341],[8.615,42.35],[8.613,42.346],[8.59,42.352],[8.565,42.333],[8.554,42.333],[8.559,42.345],[8.551,42.346],[8.558,42.36],[8.543,42.367],[8.544,42.374],[8.55,42.379],[8.554,42.371],[8.569,42.369],[8.578,42.374],[8.573,42.381]]]]}},{"type":"Feature","properties":{"code":"2B","name":"Haute-Corse","group":"metropole"},"geometry":{"type":"MultiPolygon","coordinates":[[[[9.402,41.859],[9.378,41.868],[9.317,41.832],[9.309,41.832],[9.308,41.842],[9.301,41.845],[9.268,41.84],[9.232,41.85],[9.227,41.856],[9.235,41.879],[9.252,41.899],[9.248,41.91],[9.213,41.917],[9.23,41.932],[9.215,41.942],[9.223,41.95],[9.227,41.972],[9.22,41.976],[9.215,41.994],[9.221,42.028],[9.182,42.031],[9.162,42.025],[9.152,42.04],[9.131,42.054],[9.128,42.066],[9.135,42.087],[9.125,42.105],[9.112,42.114],[9.094,42.115],[9.072,42.13],[9.077,42.137],[9.066,42.167],[9.048,42.175],[9.046,42.207],[9.022,42.203],[8.995,42.214],[8.977,42.231],[8.94,42.237],[8.923,42.258],[8.905,42.254],[8.882,42.271],[8.886,42.284],[8.859,42.3],[8.861,42.33],[8.82,42.316],[8.789,42.326],[8.771,42.325],[8.759,42.338],[8.73,42.34],[8.714,42.349],[8.683,42.348],[8.683,42.359],[8.65,42.362],[8.641,42.374],[8.6,42.369],[8.573,42.381],[8.608,42.386],[8.602,42.397],[8.612,42.403],[8.602,42.409],[8.609,42.411],[8.606,42.416],[8.621,42.417],[8.622,42.422],[8.646,42.413],[8.657,42.417],[8.664,42.434],[8.648,42.442],[8.668,42.445],[8.664,42.455],[8.68,42.47],[8.675,42.476],[8.649,42.477],[8.664,42.49],[8.667,42.516],[8.686,42.516],[8.699,42.527],[8.72,42.525],[8.71,42.536],[8.723,42.545],[8.717,42.549],[8.723,42.557],[8.715,42.564],[8.718,42.571],[8.707,42.57],[8.713,42.574],[8.709,42.577],[8.725,42.584],[8.727,42.562],[8.756,42.571],[8.762,42.57],[8.757,42.561],[8.777,42.556],[8.805,42.571],[8.798,42.583],[8.811,42.592],[8.803,42.603],[8.828,42.606],[8.832,42.601],[8.851,42.612],[8.867,42.608],[8.883,42.625],[8.879,42.629],[8.911,42.629],[8.922,42.639],[8.933,42.638],[8.931,42.645],[8.943,42.634],[9.003,42.644],[9.015,42.641],[9.028,42.653],[9.059,42.66],[9.062,42.665],[9.054,42.676],[9.06,42.683],[9.059,42.697],[9.07,42.692],[9.086,42.715],[9.1,42.716],[9.125,42.732],[9.138,42.729],[9.163,42.737],[9.201,42.725],[9.221,42.736],[9.233,42.72],[9.258,42.718],[9.254,42.706],[9.26,42.7],[9.269,42.702],[9.284,42.676],[9.301,42.678],[9.3,42.683],[9.323,42.697],[9.321,42.713],[9.335,42.723],[9.346,42.743],[9.338,42.764],[9.342,42.798],[9.31,42.834],[9.34,42.866],[9.329,42.874],[9.322,42.9],[9.361,42.925],[9.35,42.929],[9.359,42.946],[9.347,42.953],[9.351,42.968],[9.34,42.993],[9.358,43.007],[9.408,43.006],[9.42,43.012],[9.441,43.001],[9.444,42.993],[9.464,42.986],[9.452,42.961],[9.469,42.936],[9.469,42.905],[9.478,42.88],[9.473,42.874],[9.479,42.872],[9.486,42.851],[9.48,42.837],[9.493,42.806],[9.491,42.794],[9.467,42.761],[9.446,42.674],[9.462,42.64],[9.522,42.575],[9.533,42.548],[9.53,42.488],[9.542,42.458],[9.543,42.427],[9.532,42.372],[9.56,42.282],[9.553,42.238],[9.559,42.197],[9.55,42.104],[9.417,41.961],[9.412,41.947],[9.414,41.915],[9.403,41.9],[9.397,41.875],[9.402,41.859]]]]}},{"type":"Feature","properties":{"code":"07","name":"Ardèche","group":"metropole"},"geometry":{"type":"Polygon","coordinates":[[[4.483,45.236],[4.508,45.231],[4.513,45.235],[4.509,45.245],[4.529,45.24],[4.531,45.234],[4.541,45.235],[4.538,45.243],[4.56,45.248],[4.585,45.244],[4.607,45.255],[4.606,45.263],[4.591,45.273],[4.598,45.288],[4.623,45.291],[4.614,45.311],[4.641,45.317],[4.643,45.329],[4.676,45.345],[4.716,45.351],[4.732,45.364],[4.756,45.366],[4.773,45.355],[4.774,45.346],[4.761,45.341],[4.761,45.327],[4.809,45.29],[4.81,45.26],[4.801,45.243],[4.813,45.204],[4.805,45.194],[4.812,45.182],[4.809,45.169],[4.829,45.157],[4.804,45.133],[4.803,45.125],[4.83,45.097],[4.83,45.072],[4.859,45.06],[4.859,45.051],[4.84,45.036],[4.846,45.02],[4.836,45.008],[4.851,44.995],[4.86,44.966],[4.876,44.955],[4.887,44.937],[4.854,44.898],[4.861,44.874],[4.844,44.857],[4.844,44.846],[4.82,44.836],[4.823,44.817],[4.8,44.813],[4.796,44.794],[4.761,44.772],[4.77,44.758],[4.759,44.748],[4.763,44.717],[4.782,44.679],[4.776,44.666],[4.779,44.655],[4.74,44.602],[4.742,44.589],[4.71,44.582],[4.705,44.562],[4.693,44.559],[4.694,44.542],[4.707,44.535],[4.688,44.505],[4.701,44.463],[4.694,44.444],[4.667,44.431],[4.664,44.396],[4.65,44.376],[4.651,44.274],[4.641,44.274],[4.635,44.285],[4.616,44.278],[4.605,44.291],[4.561,44.301],[4.544,44.321],[4.549,44.326],[4.513,44.328],[4.506,44.344],[4.499,44.338],[4.454,44.34],[4.448,44.297],[4.453,44.298],[4.44,44.283],[4.433,44.291],[4.42,44.287],[4.395,44.291],[4.39,44.301],[4.403,44.334],[4.391,44.347],[4.368,44.339],[4.326,44.338],[4.33,44.332],[4.322,44.324],[4.304,44.315],[4.288,44.315],[4.289,44.292],[4.278,44.275],[4.258,44.265],[4.241,44.27],[4.215,44.291],[4.187,44.299],[4.178,44.318],[4.165,44.312],[4.143,44.313],[4.14,44.328],[4.127,44.338],[4.116,44.327],[4.096,44.335],[4.051,44.317],[4.036,44.33],[4.054,44.339],[4.053,44.36],[4.058,44.363],[4.053,44.379],[4.04,44.391],[4.048,44.398],[4.065,44.395],[4.068,44.405],[4.035,44.42],[4.046,44.433],[4.038,44.446],[4.023,44.446],[3.997,44.46],[3.986,44.478],[3.988,44.504],[3.966,44.536],[3.955,44.567],[3.945,44.574],[3.924,44.571],[3.917,44.579],[3.92,44.586],[3.905,44.593],[3.907,44.611],[3.894,44.614],[3.895,44.651],[3.883,44.658],[3.879,44.674],[3.87,44.678],[3.884,44.698],[3.87,44.697],[3.867,44.702],[3.873,44.707],[3.862,44.711],[3.866,44.727],[3.878,44.737],[3.863,44.744],[3.869,44.755],[3.893,44.751],[3.899,44.753],[3.9,44.764],[3.924,44.768],[3.911,44.779],[3.923,44.777],[3.926,44.791],[3.937,44.795],[3.945,44.825],[3.963,44.83],[3.967,44.82],[3.989,44.812],[3.98,44.826],[3.982,44.833],[3.991,44.834],[4.0,44.819],[4.006,44.826],[4.005,44.838],[4.013,44.837],[4.014,44.829],[4.027,44.831],[4.029,44.838],[4.02,44.846],[4.034,44.872],[4.071,44.867],[4.113,44.879],[4.157,44.873],[4.182,44.89],[4.182,44.908],[4.217,44.934],[4.227,44.966],[4.236,44.97],[4.253,44.959],[4.312,44.972],[4.308,44.986],[4.29,44.997],[4.297,45.019],[4.304,45.019],[4.302,45.026],[4.311,45.025],[4.31,45.032],[4.352,45.028],[4.356,45.034],[4.379,45.036],[4.382,45.042],[4.378,45.055],[4.365,45.054],[4.346,45.066],[4.347,45.077],[4.354,45.076],[4.36,45.08],[4.355,45.085],[4.367,45.089],[4.359,45.099],[4.372,45.106],[4.385,45.101],[4.4,45.105],[4.4,45.118],[4.369,45.129],[4.377,45.136],[4.374,45.144],[4.423,45.137],[4.432,45.128],[4.426,45.118],[4.436,45.109],[4.441,45.111],[4.438,45.122],[4.458,45.121],[4.446,45.131],[4.443,45.145],[4.448,45.163],[4.459,45.175],[4.473,45.179],[4.481,45.195],[4.477,45.212],[4.488,45.216],[4.491,45.224],[4.483,45.236]]]}},{"type":"Feature","properties":{"code":"08","name":"Ardennes","group":"metropole"},"geometry":{"type":"Polygon","coordinates":[[[4.233,49.958],[4.309,49.97],[4.334,49.964],[4.35,49.952],[4.381,49.954],[4.392,49.947],[4.418,49.947],[4.447,49.938],[4.482,49.948],[4.523,49.95],[4.542,49.969],[4.564,49.97],[4.582,49.984],[4.694,49.996],[4.686,50.003],[4.685,50.027],[4.7,50.054],[4.686,50.058],[4.68,50.068],[4.702,50.096],[4.751,50.112],[4.748,50.122],[4.756,50.122],[4.762,50.136],[4.806,50.153],[4.825,50.169],[4.824,50.161],[4.832,50.153],[4.876,50.154],[4.881,50.141],[4.897,50.138],[4.878,50.131],[4.867,50.119],[4.874,50.108],[4.868,50.097],[4.876,50.094],[4.872,50.088],[4.851,50.101],[4.838,50.093],[4.846,50.085],[4.838,50.067],[4.819,50.066],[4.829,50.057],[4.827,50.05],[4.84,50.046],[4.841,50.04],[4.819,50.026],[4.819,49.995],[4.807,49.984],[4.793,49.982],[4.79,49.97],[4.791,49.958],[4.847,49.949],[4.859,49.932],[4.881,49.922],[4.89,49.909],[4.877,49.904],[4.887,49.899],[4.869,49.884],[4.863,49.867],[4.851,49.865],[4.858,49.842],[4.867,49.842],[4.869,49.823],[4.877,49.819],[4.865,49.813],[4.86,49.797],[4.852,49.793],[4.906,49.785],[4.931,49.787],[4.957,49.802],[4.999,49.8],[5.011,49.781],[5.061,49.767],[5.063,49.762],[5.093,49.764],[5.119,49.738],[5.126,49.712],[5.139,49.714],[5.144,49.709],[5.151,49.718],[5.158,49.717],[5.165,49.712],[5.166,49.693],[5.205,49.696],[5.218,49.687],[5.232,49.691],[5.245,49.686],[5.271,49.695],[5.332,49.655],[5.305,49.63],[5.314,49.611],[5.34,49.617],[5.346,49.631],[5.394,49.617],[5.378,49.593],[5.351,49.588],[5.34,49.595],[5.308,49.563],[5.312,49.559],[5.263,49.542],[5.254,49.556],[5.235,49.562],[5.236,49.569],[5.209,49.574],[5.198,49.567],[5.184,49.57],[5.163,49.563],[5.144,49.591],[5.114,49.592],[5.105,49.579],[5.112,49.569],[5.108,49.562],[5.113,49.561],[5.108,49.555],[5.096,49.558],[5.088,49.545],[5.088,49.537],[5.1,49.537],[5.099,49.532],[5.079,49.509],[5.062,49.507],[5.059,49.501],[5.084,49.484],[5.083,49.47],[5.095,49.46],[5.111,49.458],[5.109,49.447],[5.1,49.441],[5.105,49.425],[5.115,49.419],[5.077,49.403],[5.104,49.39],[5.101,49.378],[5.085,49.37],[5.061,49.372],[5.053,49.366],[5.056,49.359],[5.026,49.336],[5.038,49.316],[5.025,49.31],[5.036,49.307],[5.04,49.295],[5.059,49.29],[5.049,49.285],[5.051,49.274],[5.026,49.274],[4.996,49.264],[4.999,49.259],[4.964,49.247],[4.958,49.238],[4.922,49.252],[4.934,49.26],[4.917,49.26],[4.924,49.267],[4.893,49.258],[4.877,49.263],[4.883,49.257],[4.879,49.25],[4.862,49.24],[4.866,49.227],[4.831,49.233],[4.826,49.237],[4.83,49.243],[4.817,49.241],[4.815,49.25],[4.791,49.241],[4.773,49.245],[4.744,49.241],[4.727,49.254],[4.704,49.251],[4.696,49.257],[4.686,49.257],[4.67,49.241],[4.634,49.232],[4.619,49.239],[4.608,49.269],[4.592,49.273],[4.59,49.281],[4.6,49.29],[4.576,49.297],[4.553,49.295],[4.544,49.287],[4.516,49.28],[4.484,49.281],[4.447,49.273],[4.44,49.28],[4.396,49.292],[4.376,49.324],[4.344,49.314],[4.344,49.324],[4.308,49.327],[4.288,49.349],[4.294,49.353],[4.277,49.351],[4.256,49.366],[4.259,49.37],[4.248,49.382],[4.214,49.388],[4.201,49.384],[4.191,49.401],[4.048,49.406],[4.05,49.416],[4.042,49.417],[4.044,49.429],[4.038,49.438],[4.05,49.448],[4.068,49.445],[4.042,49.469],[4.04,49.506],[4.058,49.508],[4.062,49.514],[4.057,49.521],[4.065,49.523],[4.072,49.516],[4.077,49.525],[4.076,49.541],[4.049,49.545],[4.05,49.551],[4.077,49.571],[4.063,49.571],[4.058,49.592],[4.066,49.594],[4.054,49.595],[4.025,49.623],[4.038,49.623],[4.041,49.638],[4.069,49.638],[4.099,49.628],[4.116,49.633],[4.126,49.651],[4.122,49.658],[4.127,49.678],[4.149,49.678],[4.144,49.689],[4.185,49.699],[4.191,49.716],[4.232,49.73],[4.226,49.732],[4.227,49.743],[4.25,49.757],[4.243,49.767],[4.229,49.773],[4.214,49.771],[4.206,49.778],[4.227,49.793],[4.219,49.8],[4.222,49.805],[4.214,49.806],[4.224,49.834],[4.233,49.848],[4.249,49.857],[4.253,49.87],[4.256,49.903],[4.235,49.904],[4.217,49.914],[4.222,49.94],[4.233,49.958]]]}},{"type":"Feature","properties":{"code":"09","name":"Ariège","group":"metropole"},"geometry":{"type":"Polygon","coordinates":[[[1.688,43.274],[1.703,43.255],[1.695,43.247],[1.705,43.246],[1.702,43.24],[1.724,43.225],[1.726,43.212],[1.708,43.198],[1.711,43.187],[1.744,43.183],[1.745,43.176],[1.781,43.16],[1.784,43.151],[1.793,43.159],[1.825,43.146],[1.851,43.146],[1.842,43.155],[1.852,43.161],[1.857,43.145],[1.88,43.147],[1.881,43.127],[1.891,43.125],[1.894,43.115],[1.902,43.13],[1.914,43.134],[1.928,43.124],[1.949,43.121],[1.956,43.085],[1.95,43.08],[1.957,43.08],[1.964,43.069],[1.943,43.067],[1.941,43.053],[1.972,43.047],[1.985,43.033],[1.985,43.022],[1.971,43.008],[1.987,43.003],[1.988,42.993],[1.982,42.988],[1.985,42.967],[2.006,42.962],[1.989,42.953],[1.98,42.961],[1.958,42.964],[1.956,42.958],[1.936,42.954],[1.934,42.939],[1.981,42.93],[1.992,42.905],[1.985,42.903],[1.981,42.878],[1.987,42.871],[1.946,42.856],[1.876,42.853],[1.876,42.84],[1.86,42.828],[1.86,42.82],[1.896,42.809],[1.929,42.775],[1.908,42.768],[1.914,42.758],[1.93,42.755],[1.952,42.737],[2.004,42.733],[2.056,42.756],[2.086,42.752],[2.089,42.737],[2.14,42.712],[2.147,42.701],[2.168,42.696],[2.176,42.681],[2.166,42.664],[2.151,42.662],[2.124,42.672],[2.109,42.664],[2.047,42.664],[2.043,42.657],[2.028,42.653],[2.001,42.662],[1.972,42.617],[1.95,42.618],[1.935,42.605],[1.9,42.615],[1.891,42.593],[1.874,42.59],[1.874,42.581],[1.837,42.585],[1.796,42.571],[1.781,42.583],[1.728,42.588],[1.726,42.6],[1.738,42.611],[1.736,42.617],[1.714,42.615],[1.684,42.625],[1.662,42.619],[1.637,42.63],[1.602,42.625],[1.584,42.634],[1.575,42.648],[1.549,42.656],[1.519,42.645],[1.479,42.652],[1.468,42.631],[1.477,42.613],[1.457,42.602],[1.438,42.603],[1.42,42.626],[1.414,42.656],[1.388,42.668],[1.387,42.69],[1.353,42.7],[1.357,42.719],[1.325,42.724],[1.309,42.717],[1.253,42.715],[1.229,42.728],[1.17,42.708],[1.133,42.728],[1.133,42.75],[1.109,42.771],[1.086,42.778],[1.079,42.788],[1.073,42.782],[1.047,42.781],[1.007,42.791],[0.983,42.787],[0.96,42.806],[0.926,42.789],[0.858,42.824],[0.861,42.835],[0.848,42.865],[0.835,42.872],[0.844,42.89],[0.826,42.914],[0.845,42.926],[0.884,42.931],[0.875,42.958],[0.906,42.958],[0.928,42.967],[0.952,42.966],[0.979,42.974],[1.003,43.005],[1.022,43.01],[0.987,43.025],[0.984,43.044],[0.994,43.04],[0.994,43.046],[0.984,43.051],[0.986,43.065],[0.979,43.073],[0.996,43.072],[1.006,43.082],[0.991,43.092],[1.004,43.104],[1.002,43.114],[1.036,43.099],[1.051,43.119],[1.053,43.13],[1.047,43.137],[1.052,43.144],[1.088,43.134],[1.088,43.141],[1.113,43.145],[1.124,43.156],[1.145,43.144],[1.145,43.138],[1.166,43.13],[1.175,43.141],[1.19,43.132],[1.211,43.115],[1.21,43.106],[1.224,43.086],[1.262,43.092],[1.26,43.109],[1.281,43.111],[1.291,43.124],[1.303,43.123],[1.273,43.149],[1.227,43.151],[1.214,43.162],[1.228,43.174],[1.229,43.187],[1.244,43.19],[1.251,43.183],[1.272,43.196],[1.296,43.189],[1.306,43.195],[1.321,43.19],[1.33,43.197],[1.328,43.205],[1.345,43.212],[1.368,43.209],[1.377,43.217],[1.383,43.229],[1.374,43.245],[1.34,43.244],[1.336,43.25],[1.318,43.251],[1.332,43.257],[1.331,43.263],[1.294,43.264],[1.302,43.271],[1.293,43.288],[1.303,43.286],[1.305,43.298],[1.318,43.296],[1.332,43.316],[1.373,43.31],[1.364,43.308],[1.378,43.296],[1.376,43.289],[1.402,43.278],[1.429,43.254],[1.416,43.226],[1.468,43.209],[1.487,43.227],[1.508,43.221],[1.504,43.233],[1.493,43.238],[1.505,43.25],[1.489,43.258],[1.497,43.292],[1.507,43.286],[1.512,43.293],[1.518,43.289],[1.519,43.269],[1.546,43.277],[1.565,43.253],[1.574,43.265],[1.567,43.27],[1.572,43.276],[1.607,43.26],[1.632,43.257],[1.637,43.255],[1.635,43.237],[1.657,43.246],[1.65,43.261],[1.669,43.278],[1.675,43.281],[1.688,43.274]]]}},{"type":"Feature","properties":{"code":"10","name":"Aube","group":"metropole"},"geometry":{"type":"Polygon","coordinates":[[[3.415,48.39],[3.422,48.416],[3.402,48.415],[3.412,48.421],[3.392,48.423],[3.395,48.437],[3.405,48.439],[3.406,48.452],[3.394,48.463],[3.4,48.468],[3.383,48.479],[3.405,48.489],[3.435,48.49],[3.424,48.515],[3.405,48.528],[3.423,48.534],[3.457,48.53],[3.482,48.541],[3.479,48.546],[3.486,48.547],[3.476,48.552],[3.474,48.564],[3.466,48.57],[3.493,48.59],[3.516,48.59],[3.503,48.605],[3.56,48.619],[3.561,48.604],[3.58,48.605],[3.583,48.585],[3.593,48.588],[3.604,48.572],[3.624,48.58],[3.633,48.569],[3.629,48.562],[3.634,48.541],[3.644,48.541],[3.644,48.536],[3.688,48.54],[3.704,48.533],[3.738,48.538],[3.766,48.528],[3.798,48.529],[3.826,48.515],[3.851,48.523],[3.866,48.538],[3.859,48.558],[3.864,48.572],[3.856,48.572],[3.854,48.58],[3.9,48.575],[3.897,48.58],[3.906,48.587],[3.908,48.602],[3.949,48.603],[3.968,48.632],[3.979,48.626],[3.986,48.655],[4.002,48.664],[4.03,48.659],[4.047,48.662],[4.053,48.669],[4.058,48.666],[4.069,48.679],[4.063,48.682],[4.065,48.687],[4.08,48.701],[4.131,48.686],[4.165,48.708],[4.233,48.702],[4.243,48.717],[4.264,48.706],[4.299,48.715],[4.326,48.7],[4.323,48.684],[4.334,48.677],[4.323,48.664],[4.328,48.656],[4.317,48.652],[4.334,48.632],[4.315,48.616],[4.403,48.561],[4.494,48.539],[4.511,48.548],[4.529,48.54],[4.526,48.528],[4.545,48.525],[4.547,48.535],[4.568,48.548],[4.626,48.555],[4.641,48.554],[4.635,48.551],[4.64,48.541],[4.67,48.535],[4.677,48.517],[4.658,48.506],[4.653,48.471],[4.628,48.469],[4.629,48.461],[4.678,48.441],[4.678,48.432],[4.69,48.425],[4.682,48.418],[4.694,48.415],[4.708,48.401],[4.7,48.396],[4.705,48.391],[4.717,48.396],[4.76,48.388],[4.755,48.367],[4.775,48.357],[4.794,48.357],[4.812,48.346],[4.84,48.342],[4.814,48.323],[4.828,48.307],[4.826,48.302],[4.838,48.304],[4.851,48.296],[4.842,48.284],[4.862,48.266],[4.845,48.257],[4.846,48.243],[4.839,48.237],[4.848,48.239],[4.854,48.229],[4.835,48.221],[4.842,48.214],[4.862,48.211],[4.864,48.199],[4.835,48.162],[4.84,48.158],[4.837,48.151],[4.852,48.143],[4.829,48.129],[4.834,48.105],[4.804,48.105],[4.731,48.119],[4.724,48.106],[4.704,48.1],[4.706,48.09],[4.658,48.079],[4.69,48.073],[4.711,48.05],[4.723,48.046],[4.705,48.028],[4.715,48.021],[4.699,48.024],[4.671,48.015],[4.666,48.021],[4.656,48.017],[4.648,48.026],[4.622,48.024],[4.617,48.031],[4.579,48.029],[4.549,48.004],[4.536,48.007],[4.541,47.992],[4.559,47.978],[4.554,47.967],[4.493,47.968],[4.447,47.956],[4.422,47.968],[4.343,47.956],[4.313,47.962],[4.298,47.95],[4.303,47.937],[4.293,47.926],[4.274,47.923],[4.245,47.93],[4.222,47.95],[4.226,47.972],[4.202,47.973],[4.193,47.965],[4.213,47.962],[4.203,47.959],[4.206,47.943],[4.193,47.939],[4.185,47.94],[4.182,47.957],[4.166,47.96],[4.14,47.943],[4.142,47.937],[4.11,47.926],[4.092,47.928],[4.09,47.945],[4.061,47.946],[4.056,47.941],[4.059,47.932],[4.045,47.925],[4.031,47.933],[4.018,47.928],[4.006,47.942],[3.981,47.93],[3.963,47.936],[3.948,47.931],[3.926,47.935],[3.905,47.925],[3.894,47.929],[3.904,47.938],[3.899,47.941],[3.915,47.976],[3.893,48.002],[3.882,48.0],[3.88,47.979],[3.862,47.976],[3.866,47.984],[3.85,47.984],[3.839,48.003],[3.871,48.003],[3.871,48.017],[3.822,48.044],[3.83,48.047],[3.824,48.053],[3.83,48.058],[3.798,48.087],[3.806,48.101],[3.792,48.118],[3.78,48.121],[3.768,48.134],[3.757,48.125],[3.741,48.131],[3.739,48.138],[3.755,48.15],[3.746,48.167],[3.714,48.174],[3.722,48.155],[3.705,48.144],[3.693,48.155],[3.691,48.145],[3.668,48.139],[3.661,48.159],[3.635,48.188],[3.622,48.192],[3.594,48.179],[3.58,48.184],[3.575,48.189],[3.6,48.202],[3.622,48.226],[3.6,48.236],[3.625,48.256],[3.619,48.269],[3.58,48.283],[3.588,48.301],[3.567,48.307],[3.561,48.312],[3.563,48.321],[3.544,48.32],[3.545,48.335],[3.498,48.37],[3.451,48.374],[3.427,48.358],[3.422,48.372],[3.413,48.376],[3.415,48.39]]]}},{"type":"Feature","properties":{"code":"11","name":"Aude","group":"metropole"},"geometry":{"type":"Polygon","coordinates":[[[1.688,43.274],[1.699,43.277],[1.716,43.295],[1.704,43.303],[1.736,43.314],[1.724,43.33],[1.73,43.336],[1.724,43.341],[1.734,43.335],[1.752,43.35],[1.772,43.337],[1.783,43.346],[1.813,43.341],[1.817,43.349],[1.804,43.358],[1.807,43.373],[1.801,43.376],[1.811,43.382],[1.802,43.387],[1.803,43.393],[1.826,43.395],[1.817,43.411],[1.826,43.418],[1.842,43.415],[1.848,43.426],[1.843,43.433],[1.859,43.444],[1.875,43.436],[1.873,43.429],[1.898,43.416],[1.905,43.407],[1.896,43.397],[1.905,43.393],[1.915,43.401],[1.91,43.406],[1.917,43.407],[1.92,43.422],[1.934,43.425],[1.948,43.419],[1.958,43.426],[1.966,43.415],[1.972,43.421],[1.991,43.408],[2.014,43.415],[2.021,43.423],[2.039,43.423],[2.029,43.437],[2.053,43.43],[2.075,43.395],[2.128,43.399],[2.157,43.416],[2.17,43.417],[2.186,43.395],[2.214,43.383],[2.23,43.405],[2.223,43.416],[2.223,43.432],[2.253,43.45],[2.258,43.46],[2.282,43.441],[2.306,43.448],[2.311,43.442],[2.397,43.417],[2.429,43.436],[2.452,43.432],[2.49,43.438],[2.519,43.424],[2.566,43.423],[2.58,43.412],[2.593,43.413],[2.588,43.4],[2.569,43.4],[2.555,43.388],[2.551,43.378],[2.557,43.367],[2.541,43.346],[2.551,43.334],[2.556,43.338],[2.585,43.333],[2.6,43.314],[2.601,43.298],[2.617,43.284],[2.632,43.298],[2.659,43.293],[2.675,43.302],[2.675,43.313],[2.689,43.322],[2.697,43.318],[2.698,43.303],[2.707,43.294],[2.699,43.282],[2.705,43.275],[2.726,43.273],[2.753,43.255],[2.772,43.258],[2.788,43.272],[2.788,43.289],[2.818,43.31],[2.806,43.32],[2.869,43.331],[2.876,43.34],[2.871,43.342],[2.869,43.359],[2.855,43.373],[2.869,43.382],[2.87,43.373],[2.89,43.365],[2.892,43.344],[2.884,43.335],[2.89,43.328],[2.91,43.32],[2.921,43.326],[2.947,43.312],[3.004,43.32],[3.005,43.285],[3.013,43.282],[3.011,43.274],[3.023,43.277],[3.022,43.282],[3.054,43.28],[3.078,43.262],[3.087,43.264],[3.111,43.253],[3.12,43.262],[3.142,43.26],[3.148,43.253],[3.144,43.247],[3.158,43.242],[3.199,43.25],[3.226,43.22],[3.241,43.213],[3.197,43.182],[3.144,43.133],[3.072,43.035],[3.039,42.942],[3.04,42.93],[3.061,42.917],[3.044,42.838],[2.985,42.867],[2.88,42.901],[2.865,42.918],[2.835,42.912],[2.818,42.9],[2.789,42.896],[2.762,42.874],[2.744,42.84],[2.698,42.83],[2.665,42.837],[2.604,42.836],[2.552,42.847],[2.517,42.842],[2.505,42.851],[2.456,42.837],[2.386,42.848],[2.337,42.841],[2.319,42.824],[2.332,42.82],[2.333,42.802],[2.344,42.801],[2.343,42.775],[2.353,42.763],[2.355,42.727],[2.32,42.706],[2.297,42.701],[2.265,42.709],[2.247,42.681],[2.216,42.672],[2.192,42.659],[2.191,42.652],[2.177,42.649],[2.165,42.666],[2.176,42.681],[2.168,42.696],[2.147,42.701],[2.14,42.712],[2.089,42.737],[2.086,42.752],[2.056,42.756],[2.004,42.733],[1.952,42.737],[1.93,42.755],[1.914,42.758],[1.908,42.768],[1.929,42.775],[1.896,42.809],[1.86,42.82],[1.86,42.828],[1.876,42.84],[1.876,42.853],[1.946,42.856],[1.987,42.871],[1.981,42.878],[1.985,42.903],[1.992,42.905],[1.981,42.93],[1.934,42.939],[1.936,42.954],[1.956,42.958],[1.958,42.964],[1.98,42.961],[1.989,42.953],[2.006,42.962],[1.985,42.967],[1.982,42.988],[1.988,42.993],[1.987,43.003],[1.971,43.008],[1.985,43.022],[1.985,43.033],[1.972,43.047],[1.941,43.053],[1.943,43.067],[1.964,43.069],[1.957,43.08],[1.95,43.08],[1.956,43.085],[1.949,43.121],[1.928,43.124],[1.914,43.134],[1.902,43.13],[1.894,43.115],[1.891,43.125],[1.881,43.127],[1.88,43.147],[1.857,43.145],[1.852,43.161],[1.842,43.155],[1.851,43.146],[1.825,43.146],[1.793,43.159],[1.784,43.151],[1.781,43.16],[1.745,43.176],[1.744,43.183],[1.711,43.187],[1.708,43.198],[1.726,43.212],[1.724,43.225],[1.702,43.24],[1.705,43.246],[1.695,43.247],[1.703,43.255],[1.688,43.274]]]}},{"type":"Feature","properties":{"code":"12","name":"Aveyron","group":"metropole"},"geometry":{"type":"Polygon","coordinates":[[[2.207,44.616],[2.221,44.622],[2.208,44.644],[2.216,44.651],[2.251,44.652],[2.285,44.667],[2.305,44.662],[2.327,44.67],[2.338,44.657],[2.332,44.65],[2.355,44.64],[2.367,44.641],[2.379,44.651],[2.389,44.649],[2.388,44.644],[2.407,44.647],[2.435,44.639],[2.448,44.649],[2.468,44.643],[2.471,44.652],[2.483,44.65],[2.491,44.657],[2.488,44.67],[2.5,44.69],[2.514,44.693],[2.518,44.704],[2.56,44.721],[2.56,44.731],[2.545,44.725],[2.556,44.734],[2.551,44.737],[2.551,44.756],[2.561,44.759],[2.563,44.778],[2.6,44.793],[2.597,44.82],[2.612,44.831],[2.603,44.843],[2.619,44.852],[2.623,44.866],[2.631,44.873],[2.654,44.87],[2.658,44.887],[2.676,44.904],[2.705,44.906],[2.716,44.929],[2.724,44.925],[2.729,44.937],[2.741,44.94],[2.742,44.93],[2.755,44.933],[2.774,44.915],[2.772,44.898],[2.779,44.888],[2.767,44.866],[2.772,44.856],[2.802,44.874],[2.813,44.869],[2.86,44.874],[2.855,44.85],[2.865,44.847],[2.859,44.841],[2.888,44.789],[2.905,44.784],[2.92,44.794],[2.938,44.775],[2.931,44.762],[2.917,44.767],[2.911,44.762],[2.934,44.75],[2.923,44.729],[2.935,44.705],[2.933,44.697],[2.944,44.685],[2.939,44.678],[2.955,44.668],[2.962,44.654],[2.986,44.644],[3.012,44.623],[3.033,44.597],[3.076,44.573],[3.084,44.56],[3.076,44.54],[3.077,44.519],[3.068,44.503],[3.1,44.48],[3.116,44.476],[3.125,44.461],[3.137,44.456],[3.135,44.441],[3.143,44.435],[3.142,44.426],[3.13,44.422],[3.127,44.414],[3.137,44.411],[3.14,44.392],[3.118,44.384],[3.124,44.38],[3.119,44.364],[3.132,44.357],[3.127,44.347],[3.134,44.33],[3.154,44.331],[3.145,44.318],[3.154,44.308],[3.123,44.285],[3.12,44.262],[3.138,44.264],[3.146,44.277],[3.155,44.272],[3.161,44.245],[3.185,44.248],[3.231,44.23],[3.223,44.22],[3.225,44.212],[3.204,44.19],[3.238,44.19],[3.267,44.201],[3.289,44.2],[3.294,44.207],[3.316,44.2],[3.363,44.202],[3.357,44.193],[3.375,44.179],[3.374,44.171],[3.335,44.159],[3.332,44.142],[3.32,44.136],[3.323,44.11],[3.312,44.104],[3.291,44.106],[3.263,44.093],[3.277,44.088],[3.275,44.084],[3.289,44.072],[3.296,44.073],[3.295,44.068],[3.329,44.079],[3.338,44.058],[3.352,44.05],[3.367,44.058],[3.371,44.049],[3.39,44.058],[3.401,44.043],[3.417,44.042],[3.45,44.023],[3.446,44.005],[3.418,43.993],[3.406,43.97],[3.378,43.968],[3.376,43.956],[3.357,43.949],[3.351,43.931],[3.358,43.914],[3.34,43.902],[3.343,43.894],[3.265,43.895],[3.259,43.881],[3.243,43.875],[3.234,43.859],[3.251,43.843],[3.249,43.83],[3.223,43.818],[3.207,43.812],[3.158,43.818],[3.15,43.814],[3.124,43.818],[3.086,43.836],[3.061,43.833],[3.058,43.819],[3.063,43.809],[3.049,43.801],[3.059,43.78],[3.076,43.769],[3.068,43.757],[3.056,43.755],[3.053,43.746],[3.059,43.738],[3.052,43.732],[3.058,43.727],[3.053,43.716],[3.069,43.708],[3.06,43.693],[3.045,43.697],[3.027,43.693],[3.012,43.704],[2.985,43.709],[2.938,43.69],[2.925,43.706],[2.924,43.725],[2.918,43.731],[2.922,43.735],[2.903,43.742],[2.87,43.739],[2.862,43.748],[2.832,43.752],[2.824,43.762],[2.789,43.753],[2.781,43.737],[2.743,43.729],[2.712,43.743],[2.682,43.744],[2.629,43.78],[2.6,43.817],[2.588,43.819],[2.575,43.838],[2.564,43.841],[2.564,43.866],[2.58,43.879],[2.55,43.892],[2.553,43.926],[2.538,43.925],[2.533,43.937],[2.509,43.942],[2.508,43.948],[2.499,43.945],[2.501,43.953],[2.519,43.958],[2.525,43.977],[2.501,43.987],[2.494,43.996],[2.492,44.019],[2.464,44.033],[2.46,44.051],[2.41,44.056],[2.412,44.07],[2.389,44.095],[2.359,44.101],[2.341,44.11],[2.332,44.123],[2.308,44.118],[2.288,44.122],[2.298,44.138],[2.277,44.147],[2.24,44.134],[2.182,44.139],[2.193,44.149],[2.198,44.143],[2.214,44.146],[2.214,44.152],[2.237,44.157],[2.236,44.164],[2.206,44.171],[2.192,44.162],[2.18,44.171],[2.181,44.179],[2.155,44.18],[2.162,44.187],[2.151,44.191],[2.149,44.201],[2.106,44.194],[2.107,44.181],[2.094,44.174],[2.098,44.181],[2.094,44.189],[2.081,44.18],[2.069,44.184],[2.069,44.19],[2.052,44.189],[2.059,44.172],[2.03,44.169],[2.03,44.157],[1.99,44.149],[2.001,44.159],[1.978,44.161],[1.973,44.167],[1.978,44.18],[1.945,44.183],[1.941,44.17],[1.931,44.178],[1.933,44.188],[1.921,44.191],[1.924,44.188],[1.911,44.185],[1.912,44.19],[1.903,44.193],[1.907,44.201],[1.89,44.208],[1.891,44.213],[1.912,44.214],[1.933,44.246],[1.962,44.242],[1.964,44.266],[1.971,44.273],[1.941,44.282],[1.9,44.279],[1.869,44.292],[1.882,44.304],[1.859,44.32],[1.861,44.324],[1.878,44.336],[1.886,44.335],[1.882,44.34],[1.892,44.353],[1.909,44.35],[1.912,44.357],[1.867,44.398],[1.876,44.407],[1.873,44.424],[1.85,44.436],[1.846,44.447],[1.853,44.463],[1.841,44.481],[1.858,44.487],[1.884,44.485],[1.889,44.506],[1.905,44.501],[1.908,44.488],[1.916,44.486],[1.921,44.492],[1.913,44.505],[1.93,44.505],[1.938,44.516],[1.962,44.521],[1.987,44.55],[2.002,44.557],[2.029,44.558],[2.036,44.563],[2.035,44.571],[2.057,44.583],[2.068,44.576],[2.059,44.571],[2.064,44.565],[2.081,44.587],[2.105,44.571],[2.127,44.579],[2.133,44.569],[2.154,44.572],[2.168,44.591],[2.179,44.594],[2.179,44.589],[2.194,44.585],[2.202,44.596],[2.194,44.6],[2.211,44.605],[2.207,44.616]]]}},{"type":"Feature","properties":{"code":"13","name":"Bouches-du-Rhône","group":"metropole"},"geometry":{"type":"MultiPolygon","coordinates":[[[[5.306,43.277],[5.311,43.274],[5.288,43.261],[5.286,43.266],[5.304,43.276],[5.292,43.28],[5.324,43.286],[5.306,43.277]]],[[[5.338,43.208],[5.329,43.212],[5.34,43.212],[5.338,43.208]]],[[[5.335,43.337],[5.362,43.309],[5.358,43.299],[5.361,43.309],[5.34,43.335],[5.319,43.347],[5.335,43.337]]],[[[4.878,43.365],[4.875,43.362],[4.874,43.368],[4.878,43.365]]],[[[4.739,43.924],[4.853,43.911],[4.902,43.888],[4.924,43.887],[4.966,43.872],[4.996,43.846],[5.03,43.828],[5.046,43.791],[5.173,43.739],[5.188,43.735],[5.23,43.748],[5.317,43.736],[5.336,43.722],[5.424,43.687],[5.519,43.661],[5.607,43.659],[5.642,43.672],[5.674,43.694],[5.714,43.691],[5.737,43.716],[5.754,43.725],[5.785,43.718],[5.782,43.707],[5.787,43.698],[5.813,43.689],[5.8,43.673],[5.799,43.661],[5.745,43.657],[5.719,43.65],[5.71,43.641],[5.702,43.644],[5.684,43.618],[5.688,43.615],[5.678,43.611],[5.692,43.584],[5.656,43.577],[5.669,43.565],[5.691,43.564],[5.725,43.551],[5.712,43.513],[5.716,43.503],[5.702,43.496],[5.699,43.483],[5.728,43.467],[5.751,43.435],[5.788,43.42],[5.777,43.409],[5.755,43.402],[5.724,43.409],[5.696,43.407],[5.683,43.399],[5.695,43.364],[5.705,43.356],[5.686,43.34],[5.69,43.327],[5.676,43.32],[5.691,43.313],[5.727,43.317],[5.75,43.289],[5.763,43.282],[5.761,43.267],[5.711,43.253],[5.702,43.248],[5.702,43.239],[5.684,43.236],[5.672,43.179],[5.651,43.188],[5.624,43.187],[5.607,43.174],[5.615,43.169],[5.604,43.16],[5.569,43.175],[5.55,43.192],[5.55,43.207],[5.536,43.214],[5.5,43.197],[5.493,43.204],[5.459,43.211],[5.445,43.211],[5.455,43.202],[5.421,43.211],[5.427,43.203],[5.404,43.213],[5.369,43.207],[5.342,43.213],[5.35,43.232],[5.373,43.245],[5.376,43.255],[5.362,43.274],[5.345,43.282],[5.354,43.294],[5.373,43.296],[5.36,43.296],[5.364,43.315],[5.357,43.319],[5.362,43.322],[5.359,43.326],[5.355,43.321],[5.345,43.333],[5.353,43.333],[5.328,43.345],[5.339,43.341],[5.341,43.345],[5.327,43.353],[5.316,43.353],[5.324,43.356],[5.314,43.36],[5.296,43.36],[5.259,43.338],[5.224,43.328],[5.177,43.334],[5.163,43.327],[5.069,43.332],[5.054,43.324],[5.048,43.326],[5.05,43.332],[5.041,43.327],[5.02,43.342],[5.025,43.356],[5.018,43.357],[5.011,43.365],[5.014,43.369],[4.987,43.392],[5.001,43.398],[4.988,43.407],[4.982,43.397],[4.975,43.401],[4.978,43.407],[4.97,43.425],[4.919,43.431],[4.888,43.412],[4.894,43.404],[4.885,43.414],[4.903,43.43],[4.888,43.427],[4.882,43.419],[4.872,43.433],[4.867,43.432],[4.861,43.454],[4.85,43.451],[4.877,43.411],[4.866,43.405],[4.83,43.43],[4.824,43.424],[4.861,43.401],[4.85,43.398],[4.842,43.404],[4.839,43.395],[4.872,43.39],[4.854,43.389],[4.851,43.378],[4.829,43.376],[4.848,43.371],[4.852,43.376],[4.883,43.356],[4.883,43.364],[4.909,43.375],[4.912,43.388],[4.918,43.38],[4.86,43.336],[4.834,43.329],[4.814,43.34],[4.774,43.349],[4.659,43.346],[4.578,43.363],[4.563,43.372],[4.556,43.385],[4.588,43.401],[4.593,43.406],[4.591,43.418],[4.577,43.435],[4.531,43.453],[4.458,43.457],[4.399,43.447],[4.375,43.453],[4.23,43.46],[4.24,43.499],[4.325,43.528],[4.308,43.545],[4.317,43.552],[4.314,43.556],[4.323,43.554],[4.316,43.545],[4.334,43.535],[4.35,43.547],[4.382,43.553],[4.387,43.562],[4.409,43.561],[4.417,43.571],[4.403,43.573],[4.42,43.583],[4.461,43.589],[4.474,43.604],[4.473,43.612],[4.44,43.611],[4.426,43.624],[4.454,43.667],[4.476,43.671],[4.478,43.69],[4.487,43.699],[4.537,43.708],[4.579,43.698],[4.593,43.687],[4.627,43.685],[4.612,43.725],[4.629,43.762],[4.652,43.784],[4.655,43.808],[4.642,43.831],[4.667,43.846],[4.662,43.853],[4.641,43.851],[4.648,43.859],[4.642,43.867],[4.696,43.886],[4.709,43.898],[4.699,43.897],[4.723,43.906],[4.739,43.924]],[[5.118,43.513],[5.114,43.523],[5.103,43.526],[5.059,43.528],[5.046,43.522],[5.022,43.556],[5.013,43.554],[5.016,43.527],[4.998,43.501],[5.004,43.486],[5.001,43.474],[5.021,43.468],[5.038,43.471],[5.052,43.464],[5.061,43.421],[5.058,43.408],[5.064,43.401],[5.118,43.405],[5.137,43.4],[5.204,43.442],[5.198,43.451],[5.209,43.444],[5.227,43.453],[5.225,43.481],[5.209,43.492],[5.163,43.471],[5.151,43.455],[5.124,43.484],[5.113,43.507],[5.118,43.513]]]]}},{"type":"Feature","properties":{"code":"14","name":"Calvados","group":"metropole"},"geometry":{"type":"MultiPolygon","coordinates":[[[[-1.12,49.356],[-1.116,49.352],[-1.118,49.361],[-1.073,49.39],[-0.947,49.396],[-0.843,49.361],[-0.755,49.349],[-0.649,49.347],[-0.612,49.34],[-0.529,49.346],[-0.453,49.335],[-0.415,49.336],[-0.362,49.323],[-0.303,49.298],[-0.226,49.282],[-0.087,49.298],[0.003,49.327],[0.138,49.406],[0.224,49.428],[0.297,49.43],[0.297,49.41],[0.309,49.389],[0.302,49.371],[0.326,49.34],[0.298,49.314],[0.316,49.311],[0.315,49.304],[0.323,49.297],[0.309,49.283],[0.326,49.278],[0.343,49.296],[0.362,49.297],[0.384,49.286],[0.383,49.264],[0.32,49.25],[0.338,49.231],[0.367,49.216],[0.389,49.216],[0.395,49.208],[0.388,49.196],[0.393,49.174],[0.386,49.154],[0.424,49.148],[0.433,49.141],[0.425,49.13],[0.408,49.129],[0.399,49.099],[0.415,49.095],[0.397,49.091],[0.416,49.088],[0.417,49.073],[0.391,49.078],[0.379,49.071],[0.381,49.06],[0.367,49.052],[0.379,49.051],[0.382,49.039],[0.391,49.034],[0.428,49.032],[0.435,49.026],[0.431,49.023],[0.442,49.025],[0.446,49.014],[0.434,49.005],[0.425,48.985],[0.433,48.979],[0.431,48.967],[0.414,48.951],[0.4,48.953],[0.406,48.963],[0.377,48.973],[0.363,48.954],[0.333,48.943],[0.309,48.954],[0.277,48.95],[0.28,48.963],[0.263,48.965],[0.246,48.96],[0.239,48.952],[0.242,48.944],[0.233,48.939],[0.217,48.946],[0.195,48.944],[0.176,48.928],[0.154,48.924],[0.145,48.943],[0.128,48.952],[0.101,48.934],[0.081,48.938],[0.065,48.925],[0.056,48.902],[-0.01,48.884],[-0.007,48.872],[-0.023,48.878],[-0.069,48.84],[-0.087,48.845],[-0.114,48.839],[-0.127,48.846],[-0.123,48.84],[-0.146,48.834],[-0.128,48.816],[-0.17,48.825],[-0.179,48.829],[-0.176,48.834],[-0.204,48.846],[-0.213,48.84],[-0.261,48.849],[-0.262,48.854],[-0.299,48.849],[-0.305,48.858],[-0.329,48.858],[-0.336,48.845],[-0.327,48.839],[-0.346,48.822],[-0.373,48.835],[-0.368,48.84],[-0.375,48.84],[-0.359,48.843],[-0.363,48.849],[-0.386,48.845],[-0.406,48.863],[-0.406,48.87],[-0.426,48.866],[-0.425,48.872],[-0.432,48.875],[-0.434,48.869],[-0.464,48.871],[-0.476,48.859],[-0.497,48.858],[-0.494,48.849],[-0.502,48.846],[-0.55,48.847],[-0.56,48.834],[-0.572,48.83],[-0.581,48.838],[-0.645,48.827],[-0.643,48.841],[-0.67,48.839],[-0.672,48.844],[-0.681,48.841],[-0.693,48.847],[-0.706,48.838],[-0.682,48.822],[-0.713,48.801],[-0.781,48.787],[-0.8,48.766],[-0.826,48.752],[-0.841,48.752],[-0.821,48.766],[-0.823,48.772],[-0.833,48.765],[-0.883,48.756],[-0.896,48.768],[-0.936,48.775],[-0.951,48.789],[-0.967,48.786],[-0.971,48.773],[-0.986,48.778],[-1.02,48.773],[-1.037,48.783],[-1.059,48.773],[-1.079,48.777],[-1.101,48.79],[-1.091,48.793],[-1.102,48.814],[-1.153,48.822],[-1.159,48.826],[-1.157,48.836],[-1.142,48.838],[-1.135,48.848],[-1.121,48.848],[-1.122,48.855],[-1.104,48.864],[-1.092,48.879],[-1.078,48.868],[-1.07,48.87],[-1.049,48.894],[-1.019,48.908],[-1.013,48.915],[-1.02,48.927],[-1.066,48.92],[-1.032,48.938],[-1.012,48.941],[-1.005,48.935],[-0.989,48.946],[-0.989,48.952],[-0.942,48.968],[-0.911,48.994],[-0.905,49.011],[-0.861,49.031],[-0.892,49.046],[-0.869,49.068],[-0.881,49.091],[-0.878,49.117],[-0.891,49.119],[-0.925,49.102],[-0.887,49.129],[-0.93,49.144],[-0.941,49.152],[-0.931,49.158],[-0.959,49.161],[-0.95,49.168],[-0.937,49.161],[-0.926,49.164],[-0.924,49.175],[-0.914,49.179],[-0.916,49.184],[-0.906,49.184],[-0.916,49.189],[-0.889,49.204],[-0.901,49.203],[-0.926,49.232],[-0.933,49.226],[-0.931,49.217],[-0.947,49.215],[-0.942,49.212],[-0.954,49.2],[-0.974,49.191],[-1.011,49.205],[-1.023,49.203],[-1.037,49.222],[-1.048,49.22],[-1.05,49.228],[-1.061,49.225],[-1.088,49.246],[-1.093,49.244],[-1.096,49.254],[-1.104,49.252],[-1.126,49.272],[-1.127,49.267],[-1.136,49.27],[-1.134,49.279],[-1.124,49.274],[-1.12,49.281],[-1.135,49.287],[-1.141,49.306],[-1.113,49.327],[-1.12,49.356]]]]}},{"type":"Feature","properties":{"code":"15","name":"Cantal","group":"metropole"},"geometry":{"type":"Polygon","coordinates":[[[2.508,45.478],[2.517,45.483],[2.544,45.479],[2.537,45.457],[2.564,45.466],[2.585,45.45],[2.604,45.45],[2.616,45.469],[2.622,45.469],[2.625,45.444],[2.648,45.444],[2.663,45.434],[2.688,45.438],[2.69,45.43],[2.68,45.423],[2.681,45.407],[2.704,45.399],[2.701,45.391],[2.714,45.382],[2.742,45.393],[2.785,45.385],[2.813,45.401],[2.831,45.39],[2.852,45.392],[2.868,45.376],[2.886,45.383],[2.9,45.377],[2.901,45.371],[2.923,45.367],[2.926,45.343],[2.949,45.309],[2.972,45.306],[3.002,45.29],[3.018,45.287],[3.022,45.295],[3.052,45.303],[3.066,45.316],[3.062,45.329],[3.069,45.337],[3.086,45.338],[3.096,45.352],[3.113,45.352],[3.113,45.327],[3.09,45.323],[3.114,45.309],[3.105,45.3],[3.085,45.299],[3.083,45.289],[3.103,45.292],[3.118,45.284],[3.161,45.295],[3.17,45.28],[3.165,45.269],[3.193,45.281],[3.223,45.277],[3.22,45.272],[3.227,45.272],[3.229,45.265],[3.221,45.245],[3.234,45.238],[3.235,45.22],[3.273,45.208],[3.261,45.171],[3.267,45.155],[3.282,45.152],[3.274,45.145],[3.288,45.12],[3.299,45.125],[3.328,45.115],[3.331,45.109],[3.348,45.113],[3.351,45.104],[3.361,45.104],[3.326,45.095],[3.305,45.101],[3.305,45.107],[3.282,45.103],[3.29,45.087],[3.298,45.091],[3.315,45.085],[3.302,45.064],[3.307,45.063],[3.3,45.061],[3.305,45.045],[3.297,45.038],[3.3,45.031],[3.311,45.02],[3.327,45.031],[3.337,45.025],[3.325,45.01],[3.33,45.008],[3.347,45.014],[3.35,45.002],[3.37,45.005],[3.364,44.99],[3.345,44.986],[3.348,44.974],[3.361,44.971],[3.355,44.955],[3.338,44.956],[3.313,44.938],[3.299,44.939],[3.286,44.926],[3.262,44.932],[3.267,44.942],[3.248,44.94],[3.251,44.935],[3.242,44.934],[3.25,44.916],[3.226,44.91],[3.227,44.898],[3.236,44.888],[3.216,44.874],[3.199,44.875],[3.189,44.861],[3.165,44.874],[3.141,44.903],[3.128,44.904],[3.123,44.889],[3.115,44.894],[3.104,44.887],[3.103,44.87],[3.108,44.866],[3.093,44.854],[3.099,44.849],[3.099,44.833],[3.071,44.836],[3.077,44.824],[3.062,44.819],[3.048,44.804],[3.052,44.785],[3.043,44.772],[3.049,44.763],[3.036,44.757],[3.026,44.729],[3.034,44.729],[3.039,44.715],[3.017,44.714],[2.982,44.645],[2.962,44.654],[2.955,44.668],[2.939,44.678],[2.944,44.685],[2.933,44.697],[2.935,44.705],[2.923,44.729],[2.934,44.75],[2.911,44.762],[2.917,44.767],[2.931,44.762],[2.938,44.775],[2.92,44.794],[2.905,44.784],[2.888,44.789],[2.859,44.841],[2.865,44.847],[2.855,44.85],[2.86,44.874],[2.813,44.869],[2.802,44.874],[2.772,44.856],[2.767,44.866],[2.779,44.888],[2.772,44.898],[2.774,44.915],[2.755,44.933],[2.742,44.93],[2.738,44.941],[2.729,44.937],[2.724,44.925],[2.714,44.927],[2.705,44.906],[2.676,44.904],[2.658,44.887],[2.654,44.87],[2.631,44.873],[2.623,44.866],[2.619,44.852],[2.603,44.843],[2.612,44.831],[2.597,44.82],[2.6,44.793],[2.563,44.778],[2.561,44.759],[2.551,44.756],[2.551,44.737],[2.556,44.734],[2.545,44.725],[2.56,44.731],[2.56,44.721],[2.518,44.704],[2.514,44.693],[2.5,44.69],[2.488,44.67],[2.491,44.657],[2.483,44.65],[2.471,44.652],[2.468,44.643],[2.448,44.649],[2.435,44.639],[2.407,44.647],[2.388,44.644],[2.389,44.649],[2.379,44.651],[2.367,44.641],[2.355,44.64],[2.332,44.65],[2.338,44.657],[2.327,44.67],[2.305,44.662],[2.285,44.667],[2.251,44.652],[2.216,44.651],[2.208,44.644],[2.221,44.622],[2.209,44.616],[2.174,44.635],[2.168,44.639],[2.174,44.654],[2.162,44.663],[2.179,44.674],[2.157,44.699],[2.143,44.694],[2.13,44.699],[2.131,44.709],[2.149,44.722],[2.151,44.741],[2.156,44.742],[2.148,44.767],[2.17,44.777],[2.168,44.811],[2.135,44.827],[2.128,44.845],[2.117,44.848],[2.084,44.886],[2.086,44.904],[2.105,44.908],[2.105,44.92],[2.079,44.932],[2.081,44.953],[2.063,44.977],[2.093,44.986],[2.102,44.98],[2.114,44.986],[2.13,44.984],[2.136,44.99],[2.141,45.007],[2.116,45.022],[2.111,45.041],[2.095,45.056],[2.14,45.087],[2.175,45.082],[2.181,45.113],[2.19,45.114],[2.179,45.136],[2.203,45.139],[2.212,45.148],[2.208,45.16],[2.232,45.164],[2.232,45.17],[2.201,45.18],[2.2,45.198],[2.19,45.204],[2.197,45.216],[2.189,45.222],[2.202,45.222],[2.226,45.245],[2.24,45.248],[2.238,45.26],[2.245,45.267],[2.259,45.27],[2.262,45.283],[2.271,45.29],[2.29,45.288],[2.316,45.322],[2.352,45.328],[2.36,45.337],[2.35,45.346],[2.365,45.356],[2.363,45.378],[2.369,45.386],[2.351,45.408],[2.353,45.415],[2.388,45.412],[2.399,45.4],[2.424,45.397],[2.442,45.384],[2.475,45.381],[2.47,45.374],[2.477,45.37],[2.486,45.379],[2.523,45.383],[2.528,45.394],[2.521,45.403],[2.488,45.418],[2.496,45.446],[2.503,45.45],[2.499,45.46],[2.507,45.464],[2.508,45.478]]]}},{"type":"Feature","properties":{"code":"16","name":"Charente","group":"metropole"},"geometry":{"type":"Polygon","coordinates":[[[-0.103,45.97],[-0.062,45.98],[-0.058,45.987],[-0.043,45.99],[-0.044,45.995],[-0.038,45.992],[-0.041,45.999],[-0.057,45.999],[-0.048,46.004],[-0.044,46.021],[-0.021,46.029],[-0.038,46.044],[-0.04,46.053],[0.003,46.059],[0.019,46.053],[0.038,46.07],[0.063,46.073],[0.051,46.079],[0.066,46.091],[0.097,46.089],[0.097,46.106],[0.116,46.096],[0.136,46.104],[0.17,46.081],[0.191,46.095],[0.22,46.094],[0.24,46.081],[0.257,46.08],[0.278,46.061],[0.299,46.059],[0.314,46.065],[0.326,46.061],[0.329,46.067],[0.379,46.062],[0.389,46.068],[0.403,46.063],[0.413,46.049],[0.425,46.048],[0.456,46.054],[0.47,46.063],[0.469,46.068],[0.481,46.065],[0.472,46.073],[0.478,46.085],[0.448,46.085],[0.45,46.097],[0.443,46.102],[0.462,46.11],[0.472,46.13],[0.488,46.127],[0.493,46.136],[0.509,46.132],[0.499,46.122],[0.521,46.114],[0.54,46.086],[0.564,46.09],[0.575,46.08],[0.594,46.081],[0.596,46.073],[0.61,46.077],[0.605,46.085],[0.617,46.093],[0.687,46.097],[0.675,46.112],[0.688,46.123],[0.711,46.13],[0.713,46.14],[0.728,46.135],[0.758,46.138],[0.761,46.132],[0.781,46.134],[0.787,46.129],[0.812,46.138],[0.823,46.131],[0.809,46.121],[0.818,46.113],[0.824,46.116],[0.835,46.096],[0.819,46.077],[0.828,46.069],[0.816,46.059],[0.816,46.049],[0.851,46.035],[0.858,46.018],[0.866,46.016],[0.886,46.032],[0.899,46.02],[0.918,46.014],[0.918,46.009],[0.925,46.011],[0.918,45.997],[0.934,45.993],[0.931,45.984],[0.937,45.979],[0.932,45.978],[0.947,45.97],[0.941,45.965],[0.943,45.957],[0.922,45.954],[0.928,45.948],[0.92,45.944],[0.921,45.938],[0.905,45.939],[0.884,45.923],[0.86,45.918],[0.812,45.931],[0.809,45.922],[0.817,45.911],[0.813,45.897],[0.827,45.883],[0.807,45.87],[0.821,45.867],[0.817,45.858],[0.798,45.831],[0.782,45.821],[0.786,45.807],[0.777,45.805],[0.777,45.799],[0.784,45.792],[0.768,45.789],[0.763,45.799],[0.75,45.796],[0.741,45.806],[0.712,45.804],[0.706,45.778],[0.715,45.772],[0.715,45.763],[0.688,45.76],[0.666,45.748],[0.665,45.739],[0.653,45.74],[0.645,45.716],[0.633,45.721],[0.622,45.699],[0.604,45.694],[0.603,45.681],[0.591,45.676],[0.6,45.672],[0.586,45.668],[0.589,45.661],[0.567,45.653],[0.575,45.641],[0.558,45.632],[0.544,45.634],[0.547,45.629],[0.537,45.63],[0.535,45.643],[0.525,45.644],[0.527,45.64],[0.513,45.634],[0.512,45.625],[0.5,45.617],[0.517,45.6],[0.51,45.597],[0.514,45.584],[0.501,45.573],[0.505,45.569],[0.499,45.565],[0.509,45.56],[0.504,45.55],[0.486,45.543],[0.486,45.538],[0.466,45.54],[0.459,45.526],[0.45,45.524],[0.45,45.517],[0.432,45.504],[0.432,45.486],[0.409,45.492],[0.379,45.485],[0.377,45.476],[0.361,45.477],[0.359,45.466],[0.333,45.459],[0.329,45.443],[0.308,45.461],[0.303,45.459],[0.302,45.446],[0.318,45.436],[0.275,45.426],[0.248,45.369],[0.267,45.332],[0.267,45.298],[0.253,45.289],[0.223,45.291],[0.203,45.262],[0.175,45.261],[0.178,45.254],[0.172,45.252],[0.173,45.24],[0.166,45.23],[0.147,45.225],[0.145,45.214],[0.136,45.216],[0.136,45.21],[0.126,45.209],[0.096,45.228],[0.079,45.22],[0.053,45.227],[0.035,45.209],[0.009,45.203],[0.004,45.192],[-0.002,45.195],[0.004,45.229],[-0.033,45.234],[-0.04,45.247],[-0.048,45.249],[-0.115,45.248],[-0.11,45.29],[-0.129,45.295],[-0.145,45.288],[-0.146,45.299],[-0.16,45.307],[-0.201,45.306],[-0.2,45.312],[-0.208,45.311],[-0.22,45.322],[-0.229,45.322],[-0.23,45.314],[-0.256,45.311],[-0.258,45.299],[-0.284,45.309],[-0.284,45.323],[-0.29,45.327],[-0.278,45.337],[-0.283,45.339],[-0.278,45.348],[-0.265,45.339],[-0.25,45.341],[-0.245,45.361],[-0.281,45.355],[-0.28,45.365],[-0.309,45.373],[-0.311,45.385],[-0.283,45.388],[-0.277,45.391],[-0.278,45.399],[-0.254,45.399],[-0.25,45.41],[-0.235,45.411],[-0.233,45.42],[-0.254,45.418],[-0.255,45.43],[-0.248,45.438],[-0.266,45.448],[-0.267,45.455],[-0.286,45.456],[-0.281,45.474],[-0.265,45.471],[-0.258,45.489],[-0.242,45.49],[-0.246,45.497],[-0.242,45.503],[-0.253,45.501],[-0.268,45.509],[-0.255,45.521],[-0.27,45.526],[-0.282,45.521],[-0.279,45.525],[-0.291,45.532],[-0.297,45.527],[-0.322,45.535],[-0.297,45.565],[-0.377,45.609],[-0.387,45.627],[-0.414,45.616],[-0.433,45.625],[-0.409,45.656],[-0.382,45.655],[-0.411,45.683],[-0.423,45.686],[-0.415,45.697],[-0.422,45.709],[-0.42,45.725],[-0.4,45.735],[-0.416,45.742],[-0.46,45.739],[-0.463,45.752],[-0.449,45.766],[-0.428,45.763],[-0.414,45.771],[-0.409,45.767],[-0.402,45.773],[-0.402,45.787],[-0.369,45.78],[-0.313,45.786],[-0.289,45.806],[-0.238,45.804],[-0.244,45.796],[-0.235,45.795],[-0.221,45.775],[-0.2,45.779],[-0.191,45.79],[-0.166,45.788],[-0.163,45.793],[-0.156,45.789],[-0.165,45.781],[-0.156,45.78],[-0.148,45.789],[-0.155,45.798],[-0.135,45.819],[-0.145,45.84],[-0.122,45.85],[-0.125,45.856],[-0.111,45.872],[-0.127,45.873],[-0.131,45.891],[-0.142,45.889],[-0.149,45.901],[-0.132,45.911],[-0.142,45.917],[-0.151,45.914],[-0.146,45.925],[-0.151,45.927],[-0.14,45.932],[-0.13,45.927],[-0.097,45.928],[-0.086,45.951],[-0.093,45.953],[-0.095,45.962],[-0.106,45.959],[-0.103,45.97]]]}},{"type":"Feature","properties":{"code":"17","name":"Charente-Maritime","group":"metropole"},"geometry":{"type":"MultiPolygon","coordinates":[[[[-1.114,45.952],[-1.118,45.962],[-1.105,45.954],[-1.114,45.952]]],[[[-1.481,46.21],[-1.457,46.224],[-1.458,46.229],[-1.413,46.23],[-1.419,46.219],[-1.437,46.217],[-1.439,46.21],[-1.404,46.203],[-1.358,46.207],[-1.321,46.187],[-1.308,46.191],[-1.293,46.187],[-1.274,46.16],[-1.255,46.164],[-1.28,46.144],[-1.308,46.143],[-1.343,46.151],[-1.386,46.175],[-1.462,46.202],[-1.501,46.194],[-1.534,46.202],[-1.563,46.244],[-1.544,46.243],[-1.514,46.258],[-1.501,46.258],[-1.482,46.247],[-1.475,46.233],[-1.485,46.228],[-1.499,46.235],[-1.504,46.228],[-1.514,46.232],[-1.515,46.227],[-1.507,46.215],[-1.494,46.213],[-1.494,46.205],[-1.489,46.208],[-1.484,46.202],[-1.481,46.21]]],[[[-1.176,46.008],[-1.175,46.024],[-1.154,46.019],[-1.171,46.019],[-1.176,46.008]]],[[[-1.129,46.31],[-1.121,46.324],[-1.098,46.312],[-1.075,46.318],[-1.081,46.323],[-1.053,46.349],[-1.053,46.343],[-1.014,46.356],[-1.013,46.349],[-1.0,46.355],[-0.995,46.35],[-0.975,46.351],[-0.965,46.365],[-0.951,46.36],[-0.93,46.372],[-0.943,46.337],[-0.963,46.323],[-0.931,46.31],[-0.926,46.316],[-0.921,46.312],[-0.894,46.317],[-0.887,46.327],[-0.87,46.322],[-0.862,46.327],[-0.863,46.319],[-0.852,46.317],[-0.845,46.325],[-0.849,46.333],[-0.84,46.34],[-0.818,46.336],[-0.799,46.342],[-0.807,46.333],[-0.803,46.325],[-0.75,46.304],[-0.755,46.302],[-0.751,46.29],[-0.735,46.268],[-0.755,46.253],[-0.751,46.245],[-0.688,46.217],[-0.68,46.197],[-0.698,46.192],[-0.688,46.191],[-0.696,46.186],[-0.688,46.178],[-0.67,46.185],[-0.648,46.166],[-0.601,46.156],[-0.632,46.151],[-0.619,46.137],[-0.6,46.144],[-0.583,46.14],[-0.579,46.148],[-0.566,46.142],[-0.547,46.144],[-0.527,46.136],[-0.529,46.13],[-0.512,46.13],[-0.519,46.124],[-0.51,46.118],[-0.516,46.112],[-0.506,46.107],[-0.452,46.103],[-0.44,46.095],[-0.44,46.105],[-0.422,46.113],[-0.423,46.094],[-0.401,46.084],[-0.383,46.098],[-0.359,46.083],[-0.363,46.076],[-0.331,46.083],[-0.304,46.078],[-0.292,46.087],[-0.28,46.079],[-0.273,46.057],[-0.213,46.044],[-0.193,46.054],[-0.197,46.045],[-0.191,46.044],[-0.189,46.026],[-0.16,46.037],[-0.172,46.023],[-0.163,46.022],[-0.165,46.011],[-0.139,45.999],[-0.132,45.984],[-0.137,45.979],[-0.103,45.97],[-0.106,45.959],[-0.095,45.962],[-0.093,45.953],[-0.086,45.951],[-0.097,45.928],[-0.13,45.927],[-0.14,45.932],[-0.151,45.927],[-0.146,45.925],[-0.151,45.914],[-0.142,45.917],[-0.132,45.911],[-0.149,45.901],[-0.142,45.889],[-0.131,45.891],[-0.127,45.873],[-0.111,45.872],[-0.125,45.856],[-0.122,45.85],[-0.145,45.84],[-0.135,45.819],[-0.155,45.798],[-0.148,45.789],[-0.156,45.78],[-0.165,45.781],[-0.156,45.789],[-0.163,45.793],[-0.166,45.788],[-0.191,45.79],[-0.2,45.779],[-0.221,45.775],[-0.235,45.795],[-0.244,45.796],[-0.238,45.804],[-0.289,45.806],[-0.313,45.786],[-0.369,45.78],[-0.402,45.787],[-0.402,45.773],[-0.409,45.767],[-0.414,45.771],[-0.428,45.763],[-0.449,45.766],[-0.463,45.752],[-0.46,45.739],[-0.416,45.742],[-0.4,45.735],[-0.42,45.725],[-0.422,45.709],[-0.415,45.697],[-0.423,45.686],[-0.411,45.683],[-0.382,45.655],[-0.409,45.656],[-0.433,45.625],[-0.414,45.616],[-0.387,45.627],[-0.377,45.609],[-0.297,45.565],[-0.322,45.535],[-0.297,45.527],[-0.291,45.532],[-0.279,45.525],[-0.282,45.521],[-0.27,45.526],[-0.255,45.521],[-0.268,45.509],[-0.253,45.501],[-0.242,45.503],[-0.246,45.497],[-0.242,45.49],[-0.258,45.489],[-0.265,45.471],[-0.281,45.474],[-0.286,45.456],[-0.267,45.455],[-0.266,45.448],[-0.248,45.438],[-0.255,45.43],[-0.254,45.418],[-0.233,45.42],[-0.235,45.411],[-0.25,45.41],[-0.254,45.399],[-0.278,45.399],[-0.277,45.391],[-0.283,45.388],[-0.311,45.385],[-0.309,45.373],[-0.28,45.365],[-0.281,45.355],[-0.245,45.361],[-0.25,45.341],[-0.265,45.339],[-0.278,45.348],[-0.283,45.339],[-0.278,45.337],[-0.29,45.327],[-0.284,45.323],[-0.284,45.309],[-0.258,45.299],[-0.256,45.311],[-0.23,45.314],[-0.229,45.322],[-0.22,45.322],[-0.22,45.317],[-0.2,45.312],[-0.201,45.306],[-0.16,45.307],[-0.146,45.299],[-0.145,45.288],[-0.129,45.295],[-0.109,45.289],[-0.115,45.248],[-0.048,45.249],[-0.04,45.247],[-0.033,45.234],[0.006,45.226],[-0.002,45.206],[0.002,45.184],[-0.019,45.165],[0.005,45.154],[-0.037,45.141],[-0.029,45.128],[-0.041,45.115],[-0.04,45.101],[-0.064,45.099],[-0.088,45.121],[-0.098,45.121],[-0.13,45.104],[-0.132,45.095],[-0.142,45.09],[-0.191,45.094],[-0.222,45.108],[-0.259,45.114],[-0.268,45.134],[-0.281,45.144],[-0.308,45.149],[-0.314,45.138],[-0.321,45.156],[-0.349,45.17],[-0.364,45.17],[-0.385,45.146],[-0.403,45.191],[-0.421,45.209],[-0.405,45.24],[-0.407,45.248],[-0.425,45.248],[-0.415,45.269],[-0.419,45.274],[-0.473,45.294],[-0.514,45.286],[-0.566,45.296],[-0.575,45.316],[-0.569,45.332],[-0.587,45.344],[-0.594,45.335],[-0.594,45.321],[-0.608,45.324],[-0.645,45.315],[-0.644,45.322],[-0.714,45.328],[-0.753,45.322],[-0.774,45.369],[-0.841,45.435],[-1.026,45.575],[-0.989,45.581],[-0.994,45.598],[-1.014,45.601],[-1.009,45.608],[-1.02,45.622],[-1.028,45.623],[-1.031,45.617],[-1.049,45.62],[-1.077,45.639],[-1.115,45.647],[-1.209,45.697],[-1.23,45.689],[-1.219,45.675],[-1.196,45.674],[-1.213,45.671],[-1.23,45.677],[-1.243,45.782],[-1.209,45.796],[-1.192,45.789],[-1.159,45.802],[-1.143,45.797],[-1.132,45.805],[-1.155,45.845],[-1.168,45.845],[-1.164,45.851],[-1.171,45.855],[-1.151,45.852],[-1.153,45.862],[-1.114,45.859],[-1.074,45.913],[-1.077,45.937],[-1.1,45.944],[-1.096,45.949],[-1.064,45.95],[-1.065,45.956],[-1.081,45.963],[-1.084,45.98],[-1.121,46.003],[-1.097,45.992],[-1.081,45.997],[-1.063,45.994],[-1.053,46.003],[-1.061,46.025],[-1.057,46.036],[-1.065,46.049],[-1.089,46.054],[-1.101,46.094],[-1.143,46.106],[-1.124,46.112],[-1.128,46.127],[-1.146,46.127],[-1.156,46.138],[-1.174,46.139],[-1.159,46.154],[-1.208,46.146],[-1.242,46.157],[-1.237,46.166],[-1.222,46.167],[-1.218,46.18],[-1.202,46.189],[-1.199,46.199],[-1.207,46.204],[-1.199,46.213],[-1.148,46.238],[-1.141,46.253],[-1.111,46.261],[-1.121,46.289],[-1.115,46.292],[-1.122,46.29],[-1.129,46.31]]],[[[-1.25,45.846],[-1.266,45.878],[-1.293,45.9],[-1.341,45.919],[-1.386,45.952],[-1.387,45.966],[-1.396,45.977],[-1.387,45.997],[-1.401,46.016],[-1.412,46.048],[-1.37,46.039],[-1.37,46.03],[-1.336,46.014],[-1.315,45.994],[-1.286,45.988],[-1.247,45.99],[-1.236,45.982],[-1.233,45.966],[-1.242,45.955],[-1.226,45.941],[-1.234,45.927],[-1.224,45.913],[-1.187,45.887],[-1.208,45.85],[-1.195,45.829],[-1.224,45.811],[-1.226,45.804],[-1.232,45.802],[-1.243,45.814],[-1.25,45.846]]]]}},{"type":"Feature","properties":{"code":"18","name":"Cher","group":"metropole"},"geometry":{"type":"Polygon","coordinates":[[[2.239,47.621],[2.29,47.629],[2.296,47.621],[2.347,47.603],[2.373,47.586],[2.437,47.61],[2.45,47.606],[2.453,47.597],[2.491,47.568],[2.563,47.572],[2.574,47.559],[2.594,47.558],[2.617,47.541],[2.615,47.524],[2.654,47.512],[2.655,47.492],[2.667,47.485],[2.684,47.483],[2.725,47.494],[2.72,47.505],[2.728,47.507],[2.724,47.516],[2.73,47.52],[2.722,47.521],[2.733,47.538],[2.746,47.525],[2.767,47.525],[2.785,47.516],[2.785,47.51],[2.796,47.506],[2.793,47.498],[2.808,47.494],[2.825,47.497],[2.847,47.514],[2.88,47.517],[2.932,47.439],[2.92,47.421],[2.919,47.407],[2.87,47.343],[2.872,47.332],[2.885,47.316],[2.912,47.309],[2.983,47.261],[2.979,47.23],[3.01,47.179],[3.021,47.153],[3.017,47.139],[3.028,47.129],[3.031,47.092],[3.019,47.068],[3.069,47.04],[3.076,47.019],[3.066,47.002],[3.063,46.978],[3.079,46.96],[3.05,46.911],[3.067,46.882],[3.07,46.853],[3.055,46.839],[3.059,46.826],[3.041,46.813],[3.032,46.795],[2.961,46.804],[2.953,46.791],[2.938,46.796],[2.913,46.791],[2.908,46.788],[2.91,46.779],[2.876,46.768],[2.877,46.761],[2.845,46.743],[2.847,46.727],[2.827,46.735],[2.795,46.734],[2.786,46.722],[2.759,46.718],[2.732,46.748],[2.717,46.745],[2.705,46.739],[2.702,46.718],[2.684,46.722],[2.686,46.714],[2.672,46.709],[2.678,46.705],[2.645,46.687],[2.64,46.692],[2.623,46.69],[2.62,46.68],[2.625,46.673],[2.634,46.675],[2.629,46.66],[2.607,46.66],[2.605,46.671],[2.567,46.654],[2.593,46.647],[2.597,46.637],[2.584,46.626],[2.588,46.616],[2.568,46.609],[2.578,46.608],[2.582,46.593],[2.6,46.595],[2.609,46.571],[2.603,46.564],[2.615,46.553],[2.537,46.52],[2.529,46.523],[2.531,46.529],[2.521,46.531],[2.506,46.521],[2.497,46.522],[2.497,46.534],[2.445,46.52],[2.43,46.527],[2.413,46.52],[2.365,46.518],[2.324,46.49],[2.33,46.479],[2.323,46.47],[2.305,46.475],[2.3,46.471],[2.283,46.449],[2.285,46.44],[2.277,46.425],[2.281,46.42],[2.199,46.428],[2.173,46.422],[2.154,46.434],[2.158,46.44],[2.151,46.458],[2.193,46.47],[2.204,46.484],[2.205,46.49],[2.194,46.496],[2.199,46.502],[2.183,46.509],[2.182,46.527],[2.159,46.558],[2.175,46.564],[2.167,46.589],[2.177,46.602],[2.186,46.603],[2.187,46.617],[2.18,46.628],[2.189,46.642],[2.179,46.643],[2.176,46.651],[2.163,46.646],[2.163,46.654],[2.139,46.664],[2.137,46.677],[2.148,46.677],[2.144,46.682],[2.155,46.692],[2.126,46.708],[2.087,46.713],[2.093,46.724],[2.072,46.735],[2.067,46.752],[2.096,46.755],[2.107,46.765],[2.108,46.776],[2.115,46.774],[2.117,46.78],[2.096,46.801],[2.072,46.809],[2.045,46.838],[2.076,46.835],[2.096,46.855],[2.083,46.869],[2.126,46.88],[2.155,46.912],[2.147,46.918],[2.11,46.913],[2.07,46.934],[2.07,46.954],[2.088,46.96],[2.087,46.974],[2.096,46.985],[2.092,46.988],[2.109,46.997],[2.101,47.01],[2.067,47.026],[2.051,47.042],[2.031,47.042],[2.041,47.066],[2.056,47.072],[2.047,47.094],[2.054,47.102],[2.049,47.107],[2.025,47.104],[2.029,47.095],[2.003,47.094],[2.013,47.111],[2.0,47.114],[1.997,47.127],[1.976,47.121],[1.964,47.125],[1.923,47.102],[1.905,47.109],[1.883,47.101],[1.849,47.109],[1.827,47.122],[1.804,47.119],[1.775,47.131],[1.808,47.153],[1.823,47.174],[1.842,47.178],[1.839,47.219],[1.853,47.222],[1.873,47.205],[1.904,47.215],[1.917,47.236],[1.892,47.249],[1.895,47.255],[1.925,47.265],[1.923,47.275],[1.943,47.291],[1.998,47.264],[2.008,47.269],[2.025,47.265],[2.077,47.286],[2.129,47.28],[2.139,47.285],[2.138,47.293],[2.158,47.299],[2.149,47.319],[2.14,47.317],[2.131,47.322],[2.128,47.334],[2.119,47.333],[2.128,47.345],[2.114,47.37],[2.097,47.367],[2.103,47.393],[2.117,47.409],[2.115,47.421],[2.138,47.406],[2.189,47.438],[2.205,47.405],[2.235,47.41],[2.244,47.415],[2.248,47.441],[2.235,47.453],[2.246,47.46],[2.237,47.471],[2.248,47.492],[2.228,47.497],[2.196,47.488],[2.215,47.522],[2.196,47.549],[2.131,47.55],[2.124,47.557],[2.128,47.57],[2.12,47.583],[2.142,47.59],[2.154,47.601],[2.193,47.606],[2.239,47.621]]]}},{"type":"Feature","properties":{"code":"19","name":"Corrèze","group":"metropole"},"geometry":{"type":"Polygon","coordinates":[[[1.899,45.698],[1.922,45.714],[1.946,45.705],[1.941,45.713],[1.957,45.725],[1.991,45.721],[2.002,45.749],[2.037,45.754],[2.052,45.765],[2.058,45.754],[2.084,45.746],[2.085,45.728],[2.097,45.734],[2.114,45.725],[2.134,45.735],[2.145,45.723],[2.157,45.722],[2.164,45.736],[2.176,45.732],[2.183,45.721],[2.208,45.716],[2.199,45.712],[2.194,45.699],[2.211,45.702],[2.212,45.713],[2.224,45.696],[2.232,45.7],[2.259,45.688],[2.271,45.692],[2.269,45.663],[2.308,45.676],[2.321,45.669],[2.326,45.672],[2.323,45.677],[2.342,45.683],[2.349,45.694],[2.344,45.707],[2.364,45.713],[2.41,45.71],[2.436,45.699],[2.444,45.708],[2.473,45.719],[2.47,45.728],[2.492,45.738],[2.524,45.709],[2.519,45.698],[2.529,45.682],[2.513,45.671],[2.519,45.659],[2.528,45.659],[2.52,45.641],[2.483,45.639],[2.478,45.608],[2.461,45.596],[2.475,45.582],[2.471,45.579],[2.491,45.568],[2.491,45.56],[2.517,45.553],[2.519,45.532],[2.512,45.525],[2.52,45.52],[2.508,45.503],[2.514,45.492],[2.508,45.483],[2.51,45.473],[2.499,45.46],[2.503,45.45],[2.496,45.446],[2.488,45.418],[2.521,45.403],[2.528,45.392],[2.523,45.383],[2.486,45.379],[2.477,45.37],[2.47,45.374],[2.475,45.381],[2.442,45.384],[2.424,45.397],[2.399,45.4],[2.388,45.412],[2.35,45.412],[2.369,45.386],[2.363,45.378],[2.365,45.356],[2.35,45.346],[2.36,45.337],[2.352,45.328],[2.316,45.322],[2.29,45.288],[2.271,45.29],[2.262,45.283],[2.259,45.27],[2.245,45.267],[2.238,45.26],[2.24,45.248],[2.226,45.245],[2.202,45.222],[2.189,45.222],[2.197,45.216],[2.19,45.204],[2.2,45.198],[2.201,45.18],[2.232,45.17],[2.232,45.164],[2.208,45.16],[2.212,45.148],[2.203,45.139],[2.179,45.136],[2.19,45.114],[2.181,45.113],[2.175,45.082],[2.14,45.087],[2.095,45.056],[2.111,45.041],[2.116,45.022],[2.141,45.007],[2.133,44.986],[2.102,44.98],[2.093,44.986],[2.059,44.975],[2.045,44.984],[1.991,44.976],[1.949,44.953],[1.94,44.953],[1.939,44.973],[1.914,44.979],[1.889,44.965],[1.887,44.957],[1.851,44.946],[1.843,44.937],[1.831,44.945],[1.824,44.928],[1.811,44.929],[1.801,44.922],[1.785,44.937],[1.787,44.932],[1.775,44.924],[1.767,44.934],[1.749,44.938],[1.756,44.946],[1.751,44.947],[1.751,44.956],[1.734,44.959],[1.725,44.968],[1.711,44.967],[1.703,44.988],[1.684,45.003],[1.664,45.009],[1.648,45.028],[1.63,45.034],[1.623,45.03],[1.576,45.041],[1.552,45.028],[1.545,45.029],[1.537,45.047],[1.485,45.031],[1.477,45.027],[1.477,45.019],[1.464,45.014],[1.444,45.02],[1.408,45.053],[1.412,45.062],[1.4,45.061],[1.407,45.07],[1.39,45.088],[1.394,45.096],[1.378,45.105],[1.412,45.114],[1.413,45.125],[1.385,45.136],[1.355,45.132],[1.352,45.142],[1.33,45.138],[1.321,45.143],[1.31,45.135],[1.255,45.159],[1.258,45.167],[1.269,45.165],[1.285,45.175],[1.292,45.187],[1.272,45.202],[1.232,45.198],[1.229,45.203],[1.234,45.222],[1.264,45.231],[1.278,45.242],[1.276,45.256],[1.25,45.256],[1.228,45.272],[1.232,45.291],[1.24,45.292],[1.242,45.301],[1.236,45.322],[1.259,45.32],[1.273,45.328],[1.285,45.353],[1.316,45.361],[1.325,45.38],[1.294,45.398],[1.296,45.393],[1.28,45.384],[1.274,45.393],[1.28,45.402],[1.27,45.396],[1.257,45.402],[1.259,45.42],[1.276,45.413],[1.286,45.416],[1.29,45.422],[1.283,45.433],[1.294,45.434],[1.276,45.434],[1.253,45.444],[1.254,45.45],[1.264,45.452],[1.263,45.468],[1.27,45.478],[1.286,45.48],[1.287,45.49],[1.35,45.467],[1.377,45.496],[1.39,45.496],[1.39,45.506],[1.408,45.527],[1.426,45.531],[1.44,45.52],[1.454,45.538],[1.452,45.553],[1.476,45.553],[1.48,45.566],[1.492,45.561],[1.49,45.555],[1.497,45.549],[1.518,45.556],[1.516,45.564],[1.551,45.557],[1.555,45.549],[1.583,45.555],[1.595,45.578],[1.638,45.58],[1.658,45.594],[1.66,45.608],[1.709,45.642],[1.727,45.638],[1.751,45.645],[1.754,45.655],[1.776,45.658],[1.786,45.683],[1.797,45.681],[1.798,45.673],[1.815,45.681],[1.832,45.663],[1.848,45.662],[1.855,45.672],[1.869,45.664],[1.882,45.668],[1.877,45.671],[1.882,45.682],[1.911,45.681],[1.909,45.692],[1.899,45.698]]]}},{"type":"Feature","properties":{"code":"21","name":"Côte-d'Or","group":"metropole"},"geometry":{"type":"MultiPolygon","coordinates":[[[[4.116,47.123],[4.107,47.13],[4.117,47.132],[4.119,47.138],[4.11,47.143],[4.115,47.146],[4.141,47.143],[4.179,47.152],[4.19,47.146],[4.184,47.129],[4.169,47.123],[4.178,47.113],[4.161,47.122],[4.147,47.114],[4.127,47.131],[4.116,47.123]]],[[[4.293,47.926],[4.303,47.937],[4.298,47.95],[4.313,47.962],[4.343,47.956],[4.422,47.968],[4.447,47.956],[4.493,47.968],[4.554,47.967],[4.559,47.978],[4.541,47.992],[4.536,48.007],[4.549,48.004],[4.584,48.03],[4.648,48.026],[4.656,48.017],[4.666,48.021],[4.671,48.015],[4.7,48.024],[4.72,48.009],[4.749,48.004],[4.789,48.008],[4.793,47.997],[4.81,47.989],[4.795,47.984],[4.787,47.964],[4.845,47.961],[4.866,47.941],[4.846,47.927],[4.847,47.921],[4.831,47.918],[4.831,47.909],[4.86,47.896],[4.869,47.917],[4.903,47.921],[4.915,47.898],[4.929,47.886],[4.927,47.872],[4.954,47.867],[4.963,47.854],[4.96,47.839],[4.994,47.82],[4.982,47.8],[4.918,47.777],[4.924,47.773],[4.917,47.767],[4.927,47.765],[4.923,47.759],[4.947,47.767],[4.959,47.762],[4.966,47.741],[4.957,47.732],[4.97,47.736],[4.972,47.729],[4.954,47.701],[4.972,47.692],[4.969,47.686],[4.992,47.688],[5.013,47.706],[5.029,47.71],[5.034,47.708],[5.029,47.693],[5.061,47.695],[5.044,47.677],[5.053,47.668],[5.069,47.669],[5.086,47.657],[5.104,47.659],[5.109,47.65],[5.123,47.647],[5.139,47.651],[5.135,47.654],[5.155,47.667],[5.162,47.681],[5.178,47.681],[5.175,47.651],[5.211,47.642],[5.23,47.63],[5.239,47.616],[5.259,47.622],[5.238,47.597],[5.253,47.577],[5.278,47.581],[5.278,47.59],[5.285,47.595],[5.322,47.612],[5.339,47.61],[5.345,47.605],[5.341,47.596],[5.356,47.591],[5.367,47.605],[5.396,47.595],[5.426,47.632],[5.442,47.63],[5.471,47.608],[5.478,47.609],[5.488,47.577],[5.48,47.564],[5.491,47.563],[5.497,47.554],[5.486,47.527],[5.472,47.527],[5.439,47.492],[5.429,47.492],[5.432,47.498],[5.399,47.499],[5.388,47.481],[5.408,47.477],[5.367,47.464],[5.386,47.459],[5.38,47.451],[5.41,47.462],[5.418,47.449],[5.44,47.449],[5.431,47.436],[5.43,47.421],[5.445,47.404],[5.436,47.403],[5.434,47.393],[5.452,47.383],[5.476,47.395],[5.497,47.39],[5.488,47.362],[5.493,47.332],[5.487,47.327],[5.477,47.331],[5.47,47.317],[5.498,47.316],[5.519,47.304],[5.505,47.283],[5.488,47.289],[5.488,47.268],[5.48,47.256],[5.486,47.243],[5.474,47.231],[5.48,47.217],[5.446,47.2],[5.459,47.183],[5.451,47.162],[5.438,47.153],[5.439,47.142],[5.409,47.127],[5.411,47.114],[5.398,47.106],[5.399,47.096],[5.386,47.082],[5.335,47.078],[5.322,47.073],[5.311,47.058],[5.306,47.063],[5.284,47.048],[5.275,47.027],[5.318,47.013],[5.305,47.012],[5.301,47.002],[5.274,46.998],[5.272,46.989],[5.255,46.98],[5.222,46.989],[5.212,46.98],[5.205,46.985],[5.196,46.979],[5.196,46.97],[5.182,46.975],[5.166,46.964],[5.154,46.967],[5.107,46.959],[5.106,46.95],[5.098,46.945],[5.103,46.958],[5.074,46.96],[5.073,46.967],[5.049,46.982],[5.03,46.981],[5.017,46.968],[5.003,46.972],[4.995,46.961],[5.002,46.958],[4.906,46.968],[4.895,46.966],[4.894,46.951],[4.853,46.946],[4.809,46.931],[4.788,46.932],[4.792,46.926],[4.781,46.918],[4.722,46.922],[4.716,46.907],[4.687,46.9],[4.665,46.912],[4.679,46.93],[4.65,46.941],[4.616,46.941],[4.617,46.948],[4.59,46.956],[4.592,46.968],[4.574,46.973],[4.567,46.993],[4.548,46.992],[4.547,46.998],[4.555,46.999],[4.558,47.008],[4.555,47.02],[4.508,47.012],[4.49,47.033],[4.472,47.03],[4.457,47.038],[4.459,47.042],[4.428,47.037],[4.422,47.047],[4.401,47.053],[4.408,47.065],[4.405,47.07],[4.416,47.077],[4.405,47.082],[4.371,47.08],[4.365,47.066],[4.353,47.064],[4.344,47.072],[4.347,47.101],[4.307,47.103],[4.297,47.113],[4.275,47.107],[4.254,47.117],[4.257,47.126],[4.237,47.143],[4.242,47.148],[4.232,47.142],[4.226,47.147],[4.213,47.144],[4.21,47.18],[4.229,47.193],[4.229,47.208],[4.22,47.214],[4.221,47.22],[4.192,47.234],[4.179,47.255],[4.136,47.238],[4.126,47.248],[4.12,47.269],[4.125,47.274],[4.116,47.276],[4.115,47.293],[4.134,47.306],[4.114,47.308],[4.129,47.317],[4.125,47.336],[4.143,47.354],[4.13,47.354],[4.122,47.341],[4.106,47.335],[4.107,47.352],[4.098,47.355],[4.098,47.362],[4.106,47.363],[4.107,47.376],[4.099,47.371],[4.093,47.377],[4.088,47.372],[4.08,47.376],[4.077,47.384],[4.09,47.395],[4.067,47.399],[4.065,47.407],[4.072,47.407],[4.072,47.413],[4.085,47.421],[4.08,47.441],[4.099,47.43],[4.108,47.437],[4.101,47.444],[4.108,47.447],[4.116,47.441],[4.124,47.45],[4.13,47.475],[4.115,47.481],[4.123,47.491],[4.112,47.504],[4.118,47.506],[4.115,47.515],[4.139,47.519],[4.151,47.532],[4.146,47.54],[4.157,47.552],[4.174,47.552],[4.199,47.596],[4.197,47.605],[4.214,47.602],[4.213,47.63],[4.223,47.631],[4.228,47.643],[4.249,47.659],[4.226,47.671],[4.227,47.678],[4.284,47.683],[4.266,47.69],[4.262,47.694],[4.268,47.705],[4.239,47.718],[4.239,47.724],[4.258,47.726],[4.261,47.742],[4.293,47.733],[4.309,47.751],[4.327,47.753],[4.334,47.761],[4.329,47.77],[4.335,47.778],[4.327,47.786],[4.34,47.8],[4.32,47.811],[4.325,47.831],[4.319,47.837],[4.33,47.838],[4.33,47.846],[4.301,47.849],[4.271,47.839],[4.261,47.844],[4.265,47.874],[4.246,47.874],[4.278,47.9],[4.311,47.904],[4.306,47.92],[4.293,47.926]]]]}},{"type":"Feature","properties":{"code":"22","name":"Côtes-d'Armor","group":"metropole"},"geometry":{"type":"MultiPolygon","coordinates":[[[[-2.982,48.796],[-2.983,48.8],[-2.976,48.798],[-2.982,48.796]]],[[[-3.002,48.836],[-3.011,48.837],[-3.014,48.85],[-2.999,48.852],[-3.012,48.859],[-2.987,48.865],[-2.987,48.859],[-2.995,48.86],[-2.993,48.849],[-3.002,48.836]]],[[[-3.584,48.794],[-3.585,48.804],[-3.563,48.805],[-3.584,48.794]]],[[[-3.593,48.796],[-3.602,48.798],[-3.593,48.801],[-3.593,48.796]]],[[[-3.184,48.864],[-3.185,48.873],[-3.194,48.875],[-3.182,48.874],[-3.184,48.864]]],[[[-3.04,48.859],[-3.045,48.861],[-3.032,48.863],[-3.04,48.859]]],[[[-2.124,48.604],[-2.125,48.591],[-2.095,48.571],[-2.058,48.57],[-2.045,48.564],[-2.045,48.557],[-2.054,48.554],[-2.044,48.541],[-2.004,48.569],[-1.986,48.55],[-1.989,48.545],[-1.974,48.544],[-1.972,48.535],[-1.993,48.523],[-1.985,48.524],[-1.986,48.517],[-1.98,48.516],[-1.986,48.512],[-1.983,48.499],[-2.002,48.492],[-1.98,48.499],[-1.981,48.51],[-1.97,48.512],[-1.971,48.522],[-1.965,48.526],[-1.948,48.519],[-1.955,48.522],[-1.951,48.534],[-1.932,48.551],[-1.922,48.544],[-1.927,48.538],[-1.919,48.535],[-1.911,48.506],[-1.923,48.505],[-1.923,48.499],[-1.909,48.482],[-1.927,48.477],[-1.933,48.47],[-1.924,48.463],[-1.926,48.456],[-1.946,48.448],[-1.952,48.439],[-1.952,48.429],[-1.936,48.417],[-1.941,48.411],[-1.936,48.407],[-1.943,48.401],[-1.93,48.395],[-1.94,48.393],[-1.938,48.383],[-1.945,48.382],[-1.948,48.369],[-1.943,48.36],[-1.933,48.361],[-1.929,48.347],[-1.967,48.343],[-1.954,48.316],[-1.959,48.314],[-1.957,48.307],[-1.968,48.303],[-1.958,48.293],[-1.965,48.29],[-1.975,48.302],[-1.993,48.299],[-1.999,48.29],[-2.005,48.292],[-2.002,48.281],[-2.014,48.28],[-2.049,48.29],[-2.053,48.298],[-2.077,48.294],[-2.075,48.285],[-2.081,48.277],[-2.114,48.271],[-2.096,48.267],[-2.111,48.257],[-2.107,48.252],[-2.154,48.261],[-2.187,48.248],[-2.191,48.225],[-2.184,48.21],[-2.228,48.21],[-2.218,48.204],[-2.223,48.174],[-2.231,48.163],[-2.249,48.159],[-2.236,48.145],[-2.271,48.151],[-2.284,48.144],[-2.287,48.134],[-2.316,48.136],[-2.328,48.12],[-2.349,48.127],[-2.358,48.111],[-2.373,48.123],[-2.374,48.14],[-2.401,48.155],[-2.406,48.168],[-2.418,48.173],[-2.449,48.173],[-2.453,48.164],[-2.472,48.16],[-2.479,48.167],[-2.488,48.166],[-2.484,48.157],[-2.488,48.155],[-2.532,48.158],[-2.532,48.15],[-2.517,48.142],[-2.514,48.132],[-2.54,48.103],[-2.554,48.098],[-2.548,48.094],[-2.548,48.077],[-2.561,48.074],[-2.565,48.067],[-2.581,48.069],[-2.586,48.059],[-2.628,48.034],[-2.645,48.035],[-2.645,48.042],[-2.658,48.033],[-2.657,48.042],[-2.67,48.048],[-2.666,48.056],[-2.673,48.063],[-2.65,48.098],[-2.657,48.107],[-2.652,48.107],[-2.657,48.115],[-2.652,48.119],[-2.661,48.131],[-2.676,48.132],[-2.702,48.119],[-2.704,48.112],[-2.755,48.115],[-2.76,48.098],[-2.773,48.086],[-2.784,48.111],[-2.782,48.121],[-2.806,48.141],[-2.804,48.145],[-2.851,48.141],[-2.882,48.153],[-2.891,48.165],[-2.94,48.172],[-2.982,48.16],[-3.0,48.161],[-2.996,48.171],[-3.012,48.172],[-3.011,48.182],[-3.02,48.191],[-3.015,48.198],[-3.029,48.196],[-3.037,48.204],[-3.069,48.205],[-3.078,48.211],[-3.09,48.202],[-3.109,48.208],[-3.13,48.2],[-3.137,48.19],[-3.13,48.177],[-3.139,48.164],[-3.155,48.158],[-3.158,48.168],[-3.175,48.159],[-3.192,48.165],[-3.216,48.152],[-3.212,48.143],[-3.241,48.152],[-3.281,48.141],[-3.291,48.153],[-3.304,48.156],[-3.321,48.149],[-3.324,48.161],[-3.338,48.171],[-3.376,48.164],[-3.389,48.153],[-3.402,48.157],[-3.418,48.146],[-3.437,48.155],[-3.438,48.163],[-3.421,48.174],[-3.438,48.184],[-3.453,48.177],[-3.47,48.178],[-3.477,48.186],[-3.527,48.178],[-3.561,48.182],[-3.567,48.19],[-3.558,48.192],[-3.519,48.189],[-3.521,48.202],[-3.54,48.207],[-3.558,48.229],[-3.553,48.234],[-3.556,48.242],[-3.542,48.244],[-3.536,48.256],[-3.527,48.253],[-3.527,48.272],[-3.519,48.279],[-3.555,48.294],[-3.519,48.319],[-3.525,48.323],[-3.541,48.312],[-3.551,48.315],[-3.555,48.345],[-3.563,48.348],[-3.556,48.356],[-3.554,48.379],[-3.568,48.377],[-3.608,48.388],[-3.601,48.394],[-3.601,48.422],[-3.55,48.448],[-3.554,48.454],[-3.568,48.452],[-3.582,48.465],[-3.593,48.464],[-3.6,48.479],[-3.608,48.478],[-3.601,48.485],[-3.605,48.496],[-3.584,48.504],[-3.558,48.529],[-3.541,48.537],[-3.571,48.558],[-3.578,48.553],[-3.599,48.557],[-3.584,48.574],[-3.589,48.583],[-3.63,48.588],[-3.641,48.596],[-3.638,48.61],[-3.652,48.613],[-3.666,48.651],[-3.653,48.665],[-3.635,48.671],[-3.637,48.681],[-3.624,48.686],[-3.604,48.669],[-3.581,48.67],[-3.57,48.678],[-3.569,48.686],[-3.585,48.691],[-3.58,48.697],[-3.585,48.716],[-3.582,48.724],[-3.566,48.726],[-3.566,48.731],[-3.555,48.728],[-3.549,48.743],[-3.562,48.759],[-3.585,48.757],[-3.578,48.763],[-3.585,48.78],[-3.567,48.798],[-3.554,48.792],[-3.535,48.802],[-3.537,48.811],[-3.548,48.812],[-3.539,48.817],[-3.541,48.823],[-3.52,48.819],[-3.526,48.83],[-3.504,48.839],[-3.511,48.834],[-3.503,48.824],[-3.502,48.829],[-3.486,48.826],[-3.491,48.832],[-3.481,48.838],[-3.46,48.817],[-3.428,48.82],[-3.443,48.803],[-3.43,48.797],[-3.392,48.802],[-3.387,48.805],[-3.389,48.816],[-3.351,48.821],[-3.322,48.838],[-3.293,48.83],[-3.284,48.842],[-3.275,48.843],[-3.276,48.838],[-3.264,48.834],[-3.255,48.843],[-3.257,48.848],[-3.224,48.87],[-3.206,48.847],[-3.21,48.849],[-3.218,48.835],[-3.203,48.835],[-3.207,48.814],[-3.237,48.789],[-3.23,48.792],[-3.22,48.784],[-3.224,48.796],[-3.199,48.816],[-3.199,48.825],[-3.183,48.844],[-3.174,48.842],[-3.168,48.853],[-3.147,48.854],[-3.13,48.864],[-3.095,48.869],[-3.074,48.882],[-3.101,48.867],[-3.085,48.867],[-3.076,48.858],[-3.094,48.861],[-3.084,48.847],[-3.098,48.832],[-3.071,48.833],[-3.085,48.826],[-3.088,48.811],[-3.099,48.805],[-3.097,48.796],[-3.103,48.788],[-3.099,48.784],[-3.123,48.773],[-3.125,48.762],[-3.12,48.759],[-3.098,48.769],[-3.104,48.78],[-3.095,48.781],[-3.094,48.796],[-3.074,48.82],[-3.055,48.822],[-3.052,48.815],[-3.009,48.82],[-3.017,48.81],[-3.002,48.804],[-3.005,48.799],[-3.046,48.788],[-3.044,48.783],[-3.01,48.782],[-3.029,48.778],[-3.016,48.766],[-2.96,48.763],[-2.952,48.772],[-2.943,48.758],[-2.928,48.755],[-2.942,48.745],[-2.934,48.737],[-2.947,48.723],[-2.93,48.719],[-2.925,48.707],[-2.89,48.699],[-2.883,48.69],[-2.887,48.685],[-2.883,48.675],[-2.859,48.675],[-2.838,48.656],[-2.827,48.655],[-2.823,48.624],[-2.814,48.61],[-2.825,48.6],[-2.822,48.595],[-2.779,48.585],[-2.775,48.572],[-2.765,48.567],[-2.714,48.556],[-2.725,48.547],[-2.718,48.54],[-2.721,48.531],[-2.71,48.533],[-2.717,48.524],[-2.686,48.493],[-2.677,48.492],[-2.685,48.498],[-2.675,48.509],[-2.682,48.532],[-2.67,48.536],[-2.655,48.525],[-2.63,48.526],[-2.633,48.537],[-2.58,48.57],[-2.552,48.593],[-2.553,48.6],[-2.527,48.598],[-2.473,48.623],[-2.468,48.636],[-2.485,48.638],[-2.488,48.645],[-2.438,48.653],[-2.423,48.648],[-2.417,48.633],[-2.41,48.637],[-2.416,48.642],[-2.396,48.643],[-2.386,48.653],[-2.361,48.656],[-2.328,48.673],[-2.327,48.683],[-2.318,48.689],[-2.311,48.68],[-2.313,48.672],[-2.285,48.664],[-2.308,48.645],[-2.312,48.634],[-2.336,48.62],[-2.321,48.618],[-2.317,48.61],[-2.274,48.64],[-2.247,48.646],[-2.243,48.644],[-2.255,48.633],[-2.24,48.623],[-2.246,48.615],[-2.229,48.611],[-2.224,48.595],[-2.214,48.593],[-2.213,48.573],[-2.192,48.592],[-2.195,48.609],[-2.183,48.603],[-2.188,48.584],[-2.177,48.576],[-2.157,48.588],[-2.17,48.597],[-2.164,48.607],[-2.152,48.61],[-2.151,48.618],[-2.144,48.619],[-2.143,48.611],[-2.124,48.604]]]]}},{"type":"Feature","properties":{"code":"23","name":"Creuse","group":"metropole"},"geometry":{"type":"Polygon","coordinates":[[[2.168,46.424],[2.199,46.428],[2.281,46.42],[2.278,46.41],[2.288,46.382],[2.298,46.384],[2.315,46.375],[2.331,46.379],[2.338,46.364],[2.323,46.367],[2.317,46.358],[2.311,46.36],[2.303,46.354],[2.309,46.352],[2.308,46.345],[2.301,46.342],[2.312,46.342],[2.321,46.329],[2.336,46.323],[2.355,46.326],[2.365,46.311],[2.377,46.317],[2.38,46.328],[2.392,46.33],[2.421,46.31],[2.414,46.297],[2.421,46.285],[2.428,46.285],[2.433,46.295],[2.443,46.295],[2.481,46.281],[2.477,46.269],[2.489,46.248],[2.515,46.24],[2.526,46.188],[2.54,46.177],[2.56,46.173],[2.566,46.144],[2.547,46.113],[2.55,46.086],[2.571,46.047],[2.603,46.033],[2.593,45.993],[2.612,45.972],[2.601,45.964],[2.564,45.956],[2.57,45.947],[2.544,45.932],[2.542,45.919],[2.555,45.913],[2.514,45.886],[2.502,45.888],[2.503,45.878],[2.492,45.864],[2.471,45.872],[2.443,45.867],[2.448,45.846],[2.434,45.845],[2.431,45.834],[2.402,45.838],[2.388,45.827],[2.427,45.795],[2.435,45.767],[2.445,45.758],[2.455,45.761],[2.469,45.756],[2.474,45.746],[2.485,45.748],[2.492,45.742],[2.47,45.728],[2.473,45.719],[2.444,45.708],[2.436,45.699],[2.41,45.71],[2.352,45.71],[2.344,45.707],[2.349,45.694],[2.342,45.683],[2.323,45.677],[2.326,45.672],[2.321,45.669],[2.308,45.676],[2.269,45.663],[2.271,45.692],[2.259,45.688],[2.232,45.7],[2.224,45.696],[2.212,45.713],[2.211,45.702],[2.194,45.699],[2.199,45.712],[2.208,45.716],[2.183,45.721],[2.176,45.732],[2.164,45.736],[2.157,45.722],[2.145,45.723],[2.134,45.735],[2.114,45.725],[2.097,45.734],[2.085,45.728],[2.084,45.746],[2.058,45.754],[2.052,45.765],[2.037,45.754],[2.002,45.749],[1.991,45.721],[1.957,45.725],[1.941,45.713],[1.946,45.705],[1.922,45.714],[1.899,45.698],[1.88,45.712],[1.892,45.718],[1.888,45.726],[1.873,45.725],[1.886,45.743],[1.874,45.756],[1.896,45.759],[1.902,45.767],[1.892,45.769],[1.887,45.792],[1.864,45.806],[1.856,45.805],[1.854,45.813],[1.846,45.81],[1.837,45.825],[1.832,45.825],[1.828,45.81],[1.813,45.815],[1.797,45.831],[1.776,45.833],[1.773,45.846],[1.781,45.853],[1.771,45.868],[1.758,45.868],[1.756,45.856],[1.731,45.842],[1.692,45.845],[1.68,45.836],[1.671,45.841],[1.659,45.834],[1.655,45.846],[1.602,45.857],[1.608,45.867],[1.605,45.88],[1.591,45.883],[1.598,45.89],[1.616,45.892],[1.614,45.883],[1.619,45.881],[1.62,45.899],[1.626,45.9],[1.632,45.889],[1.641,45.892],[1.639,45.904],[1.628,45.903],[1.634,45.908],[1.625,45.919],[1.637,45.924],[1.626,45.926],[1.628,45.933],[1.579,45.931],[1.576,45.921],[1.581,45.918],[1.567,45.914],[1.558,45.922],[1.547,45.917],[1.53,45.932],[1.509,45.933],[1.509,45.94],[1.522,45.943],[1.515,45.947],[1.519,45.951],[1.541,45.955],[1.555,45.965],[1.566,45.963],[1.577,45.978],[1.568,45.997],[1.538,45.998],[1.534,46.003],[1.536,46.026],[1.548,46.035],[1.532,46.057],[1.543,46.077],[1.527,46.078],[1.524,46.087],[1.53,46.091],[1.513,46.094],[1.505,46.088],[1.498,46.099],[1.501,46.104],[1.484,46.105],[1.491,46.12],[1.499,46.116],[1.507,46.125],[1.493,46.134],[1.497,46.143],[1.485,46.135],[1.473,46.15],[1.451,46.153],[1.465,46.16],[1.466,46.167],[1.456,46.173],[1.462,46.178],[1.453,46.181],[1.437,46.174],[1.434,46.18],[1.412,46.178],[1.414,46.182],[1.397,46.186],[1.395,46.199],[1.385,46.199],[1.384,46.212],[1.373,46.216],[1.4,46.242],[1.418,46.241],[1.421,46.249],[1.414,46.25],[1.416,46.255],[1.406,46.253],[1.406,46.264],[1.415,46.271],[1.426,46.266],[1.435,46.272],[1.431,46.278],[1.414,46.28],[1.427,46.299],[1.445,46.305],[1.437,46.312],[1.437,46.321],[1.447,46.332],[1.41,46.344],[1.44,46.356],[1.435,46.365],[1.443,46.365],[1.446,46.375],[1.465,46.375],[1.478,46.394],[1.498,46.395],[1.511,46.421],[1.527,46.427],[1.544,46.419],[1.546,46.393],[1.579,46.41],[1.592,46.407],[1.599,46.419],[1.616,46.423],[1.623,46.418],[1.614,46.4],[1.629,46.388],[1.642,46.385],[1.684,46.418],[1.709,46.393],[1.727,46.39],[1.751,46.406],[1.749,46.413],[1.76,46.427],[1.755,46.438],[1.759,46.44],[1.748,46.45],[1.782,46.455],[1.798,46.455],[1.817,46.44],[1.819,46.43],[1.84,46.426],[1.855,46.434],[1.887,46.434],[1.885,46.441],[1.902,46.438],[1.909,46.444],[1.921,46.44],[1.924,46.432],[1.979,46.442],[1.993,46.431],[2.074,46.42],[2.089,46.409],[2.103,46.409],[2.115,46.422],[2.168,46.424]]]}},{"type":"Feature","properties":{"code":"24","name":"Dordogne","group":"metropole"},"geometry":{"type":"Polygon","coordinates":[[[0.63,45.715],[0.64,45.698],[0.652,45.699],[0.655,45.689],[0.686,45.687],[0.694,45.692],[0.703,45.687],[0.725,45.696],[0.742,45.691],[0.76,45.67],[0.776,45.667],[0.765,45.632],[0.752,45.617],[0.775,45.592],[0.806,45.595],[0.811,45.576],[0.843,45.582],[0.869,45.624],[0.898,45.6],[0.907,45.609],[0.916,45.604],[0.934,45.612],[0.941,45.609],[0.945,45.615],[0.982,45.603],[0.997,45.615],[1.023,45.61],[1.042,45.586],[1.032,45.58],[1.047,45.563],[1.045,45.557],[1.063,45.554],[1.083,45.532],[1.104,45.537],[1.106,45.544],[1.117,45.548],[1.167,45.525],[1.148,45.516],[1.118,45.488],[1.12,45.475],[1.124,45.479],[1.135,45.47],[1.162,45.479],[1.176,45.471],[1.178,45.457],[1.21,45.463],[1.236,45.455],[1.234,45.44],[1.243,45.436],[1.257,45.445],[1.276,45.434],[1.292,45.436],[1.283,45.433],[1.29,45.418],[1.276,45.413],[1.259,45.42],[1.257,45.402],[1.267,45.396],[1.28,45.402],[1.274,45.393],[1.28,45.384],[1.29,45.387],[1.294,45.398],[1.325,45.38],[1.316,45.361],[1.285,45.353],[1.273,45.328],[1.259,45.32],[1.236,45.322],[1.242,45.301],[1.24,45.292],[1.232,45.291],[1.228,45.272],[1.25,45.256],[1.276,45.256],[1.278,45.242],[1.264,45.231],[1.234,45.222],[1.228,45.206],[1.232,45.198],[1.272,45.202],[1.292,45.187],[1.285,45.175],[1.269,45.165],[1.258,45.167],[1.255,45.159],[1.294,45.139],[1.299,45.142],[1.31,45.135],[1.321,45.143],[1.33,45.138],[1.352,45.142],[1.355,45.132],[1.385,45.136],[1.413,45.125],[1.412,45.114],[1.378,45.105],[1.394,45.096],[1.39,45.088],[1.407,45.07],[1.4,45.061],[1.412,45.062],[1.408,45.053],[1.448,45.019],[1.409,45.006],[1.412,44.987],[1.418,44.983],[1.412,44.974],[1.422,44.969],[1.417,44.961],[1.435,44.945],[1.433,44.937],[1.442,44.921],[1.442,44.916],[1.425,44.92],[1.412,44.91],[1.421,44.906],[1.423,44.895],[1.44,44.889],[1.443,44.88],[1.435,44.872],[1.411,44.872],[1.402,44.85],[1.387,44.851],[1.377,44.842],[1.366,44.846],[1.36,44.834],[1.364,44.812],[1.298,44.796],[1.293,44.79],[1.305,44.789],[1.298,44.774],[1.323,44.765],[1.316,44.74],[1.3,44.744],[1.299,44.726],[1.288,44.715],[1.271,44.723],[1.263,44.711],[1.243,44.704],[1.242,44.693],[1.225,44.684],[1.178,44.683],[1.147,44.671],[1.154,44.639],[1.094,44.591],[1.103,44.586],[1.099,44.58],[1.103,44.572],[1.077,44.574],[1.073,44.596],[1.014,44.614],[0.981,44.644],[0.968,44.635],[0.939,44.64],[0.901,44.617],[0.877,44.616],[0.87,44.598],[0.834,44.6],[0.839,44.614],[0.829,44.613],[0.817,44.627],[0.838,44.635],[0.835,44.653],[0.844,44.654],[0.842,44.666],[0.852,44.669],[0.827,44.673],[0.83,44.689],[0.819,44.698],[0.798,44.702],[0.787,44.694],[0.788,44.685],[0.764,44.69],[0.76,44.678],[0.745,44.682],[0.73,44.676],[0.684,44.675],[0.66,44.676],[0.654,44.697],[0.631,44.706],[0.622,44.701],[0.62,44.691],[0.585,44.699],[0.575,44.691],[0.571,44.675],[0.554,44.666],[0.54,44.665],[0.536,44.674],[0.516,44.679],[0.491,44.667],[0.471,44.67],[0.446,44.652],[0.415,44.646],[0.385,44.657],[0.375,44.653],[0.366,44.662],[0.354,44.654],[0.35,44.677],[0.36,44.69],[0.341,44.703],[0.348,44.72],[0.319,44.752],[0.287,44.768],[0.271,44.785],[0.275,44.8],[0.264,44.826],[0.287,44.823],[0.292,44.832],[0.301,44.829],[0.301,44.84],[0.315,44.845],[0.285,44.865],[0.238,44.872],[0.242,44.857],[0.206,44.839],[0.191,44.82],[0.147,44.829],[0.124,44.828],[0.112,44.819],[0.107,44.833],[0.09,44.833],[0.072,44.819],[0.062,44.826],[0.039,44.827],[0.039,44.839],[0.021,44.85],[-0.001,44.846],[-0.034,44.852],[-0.011,44.858],[0.035,44.916],[0.003,44.947],[0.01,44.954],[0.014,44.979],[0.032,44.979],[0.04,44.993],[0.035,45.014],[0.044,45.036],[0.054,45.039],[0.073,45.069],[0.063,45.096],[0.044,45.115],[-0.004,45.12],[-0.026,45.115],[-0.04,45.102],[-0.041,45.115],[-0.029,45.128],[-0.037,45.141],[0.005,45.154],[-0.019,45.165],[0.002,45.184],[0.006,45.2],[0.035,45.209],[0.053,45.227],[0.079,45.22],[0.096,45.228],[0.131,45.208],[0.136,45.216],[0.145,45.214],[0.147,45.225],[0.166,45.23],[0.173,45.24],[0.172,45.252],[0.178,45.254],[0.175,45.261],[0.203,45.262],[0.223,45.291],[0.253,45.289],[0.267,45.298],[0.267,45.332],[0.248,45.369],[0.275,45.426],[0.318,45.436],[0.302,45.446],[0.303,45.459],[0.308,45.461],[0.329,45.443],[0.333,45.459],[0.359,45.466],[0.361,45.477],[0.377,45.476],[0.379,45.485],[0.409,45.492],[0.432,45.486],[0.432,45.504],[0.45,45.517],[0.45,45.524],[0.459,45.526],[0.466,45.54],[0.486,45.538],[0.486,45.543],[0.504,45.55],[0.509,45.56],[0.499,45.565],[0.505,45.569],[0.501,45.573],[0.514,45.584],[0.51,45.597],[0.517,45.599],[0.5,45.617],[0.512,45.625],[0.51,45.631],[0.527,45.64],[0.525,45.644],[0.536,45.642],[0.538,45.629],[0.568,45.636],[0.575,45.643],[0.567,45.653],[0.589,45.661],[0.586,45.668],[0.6,45.672],[0.591,45.676],[0.603,45.681],[0.604,45.694],[0.622,45.699],[0.63,45.715]]]}},{"type":"Feature","properties":{"code":"25","name":"Doubs","group":"metropole"},"geometry":{"type":"Polygon","coordinates":[[[6.807,47.563],[6.815,47.549],[6.831,47.546],[6.883,47.555],[6.902,47.55],[6.916,47.531],[6.908,47.526],[6.95,47.509],[6.943,47.485],[6.935,47.486],[6.93,47.5],[6.908,47.494],[6.916,47.478],[6.908,47.473],[6.933,47.455],[6.942,47.416],[6.938,47.406],[6.914,47.404],[6.918,47.403],[6.91,47.396],[6.913,47.387],[6.885,47.375],[6.879,47.352],[6.896,47.359],[6.924,47.355],[6.994,47.363],[7.016,47.373],[7.05,47.361],[7.05,47.348],[7.062,47.344],[7.053,47.337],[7.057,47.335],[7.043,47.326],[7.01,47.324],[7.014,47.309],[6.995,47.295],[6.977,47.297],[6.974,47.291],[6.949,47.292],[6.941,47.287],[6.952,47.27],[6.946,47.254],[6.955,47.243],[6.88,47.2],[6.874,47.185],[6.841,47.171],[6.858,47.165],[6.849,47.156],[6.806,47.13],[6.74,47.109],[6.746,47.1],[6.743,47.092],[6.726,47.092],[6.703,47.082],[6.706,47.074],[6.692,47.067],[6.719,47.051],[6.697,47.037],[6.659,47.027],[6.638,47.001],[6.624,46.994],[6.596,46.993],[6.573,46.982],[6.505,46.966],[6.497,46.974],[6.45,46.936],[6.433,46.929],[6.465,46.89],[6.46,46.852],[6.443,46.832],[6.441,46.816],[6.431,46.812],[6.435,46.801],[6.459,46.788],[6.439,46.763],[6.395,46.748],[6.389,46.744],[6.39,46.735],[6.368,46.729],[6.372,46.724],[6.282,46.691],[6.179,46.615],[6.13,46.592],[6.111,46.576],[6.138,46.558],[6.131,46.554],[6.049,46.608],[6.054,46.614],[6.065,46.613],[6.059,46.626],[6.106,46.65],[6.07,46.69],[6.181,46.742],[6.184,46.755],[6.207,46.765],[6.203,46.773],[6.181,46.796],[6.149,46.816],[6.152,46.821],[6.113,46.836],[6.106,46.845],[6.087,46.843],[6.087,46.85],[6.065,46.86],[6.047,46.846],[6.023,46.853],[6.033,46.871],[6.022,46.875],[6.017,46.868],[6.006,46.873],[6.011,46.892],[5.981,46.908],[5.981,46.919],[5.997,46.933],[5.957,46.949],[5.98,46.963],[5.973,46.969],[5.976,46.976],[5.944,46.98],[5.95,46.99],[5.94,46.982],[5.92,46.981],[5.922,46.985],[5.913,46.989],[5.921,47.014],[5.911,46.999],[5.897,46.996],[5.885,46.998],[5.882,47.005],[5.856,47.009],[5.847,47.003],[5.839,47.015],[5.814,47.017],[5.818,47.041],[5.81,47.047],[5.797,47.042],[5.799,47.03],[5.788,47.021],[5.763,47.011],[5.748,47.018],[5.741,47.031],[5.749,47.031],[5.753,47.04],[5.737,47.055],[5.746,47.057],[5.763,47.045],[5.785,47.055],[5.77,47.092],[5.787,47.096],[5.816,47.134],[5.828,47.141],[5.814,47.15],[5.81,47.17],[5.784,47.172],[5.787,47.185],[5.781,47.193],[5.762,47.193],[5.754,47.206],[5.738,47.201],[5.738,47.208],[5.72,47.22],[5.723,47.226],[5.714,47.236],[5.72,47.24],[5.699,47.265],[5.714,47.271],[5.742,47.264],[5.751,47.274],[5.771,47.277],[5.781,47.289],[5.844,47.3],[5.861,47.316],[5.874,47.314],[5.884,47.322],[5.898,47.31],[5.902,47.315],[5.896,47.328],[5.903,47.334],[5.932,47.329],[5.925,47.337],[5.927,47.345],[5.961,47.341],[5.98,47.326],[5.993,47.329],[5.998,47.34],[6.018,47.331],[6.052,47.352],[6.075,47.351],[6.086,47.373],[6.101,47.372],[6.102,47.361],[6.113,47.361],[6.113,47.368],[6.12,47.368],[6.107,47.377],[6.111,47.38],[6.103,47.38],[6.106,47.386],[6.121,47.396],[6.13,47.388],[6.168,47.388],[6.162,47.392],[6.169,47.389],[6.173,47.399],[6.19,47.402],[6.172,47.412],[6.176,47.417],[6.193,47.413],[6.2,47.418],[6.2,47.429],[6.207,47.431],[6.244,47.412],[6.233,47.43],[6.256,47.424],[6.264,47.447],[6.287,47.446],[6.286,47.461],[6.302,47.47],[6.303,47.492],[6.321,47.486],[6.336,47.507],[6.348,47.505],[6.368,47.513],[6.39,47.506],[6.393,47.517],[6.411,47.522],[6.463,47.512],[6.471,47.487],[6.476,47.488],[6.476,47.497],[6.499,47.511],[6.52,47.496],[6.535,47.506],[6.556,47.49],[6.558,47.497],[6.574,47.495],[6.584,47.51],[6.581,47.529],[6.568,47.53],[6.581,47.544],[6.597,47.542],[6.611,47.53],[6.649,47.537],[6.67,47.558],[6.652,47.572],[6.66,47.58],[6.664,47.577],[6.658,47.572],[6.689,47.571],[6.685,47.563],[6.715,47.553],[6.728,47.561],[6.74,47.557],[6.752,47.544],[6.773,47.535],[6.797,47.549],[6.801,47.562],[6.807,47.563]]]}},{"type":"Feature","properties":{"code":"26","name":"Drôme","group":"metropole"},"geometry":{"type":"Polygon","coordinates":[[[4.8,45.298],[4.859,45.309],[4.859,45.299],[4.88,45.297],[4.929,45.324],[4.961,45.329],[4.995,45.344],[5.01,45.342],[5.023,45.318],[5.054,45.319],[5.075,45.282],[5.119,45.291],[5.122,45.299],[5.139,45.297],[5.131,45.287],[5.121,45.248],[5.142,45.244],[5.158,45.256],[5.157,45.247],[5.177,45.248],[5.185,45.231],[5.202,45.217],[5.183,45.218],[5.167,45.21],[5.164,45.198],[5.169,45.199],[5.175,45.182],[5.19,45.169],[5.192,45.155],[5.181,45.148],[5.191,45.141],[5.187,45.121],[5.163,45.098],[5.154,45.079],[5.145,45.082],[5.141,45.076],[5.138,45.081],[5.135,45.074],[5.149,45.077],[5.162,45.066],[5.183,45.085],[5.211,45.084],[5.245,45.067],[5.245,45.061],[5.266,45.06],[5.271,45.054],[5.28,45.061],[5.301,45.063],[5.308,45.058],[5.306,45.053],[5.317,45.051],[5.336,45.063],[5.343,45.06],[5.346,45.048],[5.389,45.035],[5.397,45.04],[5.381,45.051],[5.383,45.056],[5.397,45.044],[5.413,45.045],[5.426,45.056],[5.435,45.054],[5.461,45.086],[5.483,45.084],[5.494,45.072],[5.477,45.072],[5.465,45.044],[5.478,45.034],[5.476,45.025],[5.484,45.023],[5.48,45.013],[5.494,44.996],[5.478,44.967],[5.484,44.922],[5.47,44.879],[5.476,44.867],[5.464,44.826],[5.485,44.823],[5.476,44.807],[5.459,44.8],[5.464,44.792],[5.48,44.793],[5.477,44.789],[5.482,44.787],[5.555,44.767],[5.554,44.779],[5.544,44.789],[5.545,44.796],[5.55,44.795],[5.582,44.778],[5.587,44.763],[5.626,44.753],[5.631,44.739],[5.647,44.724],[5.699,44.722],[5.704,44.729],[5.721,44.713],[5.737,44.714],[5.756,44.696],[5.801,44.707],[5.827,44.7],[5.83,44.689],[5.799,44.674],[5.791,44.653],[5.764,44.656],[5.754,44.663],[5.747,44.655],[5.754,44.649],[5.737,44.65],[5.739,44.641],[5.728,44.639],[5.68,44.652],[5.642,44.651],[5.639,44.636],[5.65,44.618],[5.646,44.609],[5.635,44.609],[5.597,44.543],[5.615,44.533],[5.627,44.535],[5.665,44.502],[5.63,44.501],[5.618,44.475],[5.603,44.465],[5.57,44.477],[5.559,44.473],[5.516,44.492],[5.48,44.491],[5.464,44.501],[5.457,44.496],[5.468,44.473],[5.459,44.469],[5.464,44.448],[5.498,44.438],[5.494,44.428],[5.473,44.42],[5.437,44.434],[5.418,44.425],[5.434,44.41],[5.443,44.391],[5.444,44.379],[5.43,44.377],[5.432,44.371],[5.463,44.367],[5.468,44.352],[5.482,44.35],[5.491,44.338],[5.521,44.351],[5.529,44.343],[5.54,44.343],[5.537,44.334],[5.547,44.33],[5.561,44.336],[5.631,44.333],[5.633,44.328],[5.611,44.316],[5.608,44.307],[5.62,44.308],[5.643,44.294],[5.632,44.284],[5.648,44.272],[5.647,44.267],[5.676,44.276],[5.687,44.267],[5.673,44.248],[5.673,44.24],[5.682,44.234],[5.676,44.212],[5.686,44.195],[5.675,44.189],[5.652,44.19],[5.643,44.171],[5.647,44.166],[5.682,44.164],[5.678,44.146],[5.631,44.151],[5.64,44.168],[5.616,44.178],[5.609,44.191],[5.582,44.189],[5.564,44.171],[5.583,44.158],[5.578,44.151],[5.551,44.15],[5.543,44.134],[5.511,44.124],[5.505,44.116],[5.455,44.119],[5.448,44.137],[5.437,44.14],[5.436,44.152],[5.383,44.155],[5.385,44.201],[5.355,44.215],[5.337,44.204],[5.318,44.21],[5.303,44.21],[5.303,44.205],[5.262,44.228],[5.24,44.231],[5.238,44.213],[5.207,44.214],[5.177,44.22],[5.149,44.235],[5.162,44.246],[5.162,44.255],[5.161,44.267],[5.149,44.269],[5.147,44.276],[5.168,44.29],[5.174,44.308],[5.168,44.315],[5.151,44.31],[5.155,44.302],[5.108,44.277],[5.077,44.284],[5.061,44.308],[5.003,44.286],[4.981,44.285],[4.933,44.262],[4.875,44.26],[4.827,44.228],[4.814,44.232],[4.813,44.258],[4.804,44.269],[4.805,44.304],[4.79,44.308],[4.78,44.319],[4.718,44.327],[4.713,44.321],[4.679,44.32],[4.651,44.33],[4.649,44.372],[4.664,44.396],[4.667,44.431],[4.699,44.452],[4.7,44.479],[4.689,44.493],[4.688,44.505],[4.707,44.535],[4.694,44.542],[4.693,44.559],[4.705,44.562],[4.71,44.582],[4.742,44.589],[4.74,44.602],[4.779,44.655],[4.776,44.666],[4.782,44.679],[4.763,44.717],[4.759,44.748],[4.77,44.758],[4.761,44.772],[4.796,44.794],[4.8,44.813],[4.823,44.817],[4.82,44.836],[4.844,44.846],[4.844,44.857],[4.861,44.874],[4.854,44.898],[4.887,44.937],[4.876,44.955],[4.86,44.966],[4.851,44.995],[4.836,45.008],[4.846,45.02],[4.84,45.036],[4.859,45.051],[4.859,45.06],[4.83,45.072],[4.83,45.097],[4.803,45.125],[4.804,45.133],[4.829,45.157],[4.809,45.169],[4.812,45.182],[4.805,45.194],[4.813,45.204],[4.801,45.243],[4.81,45.26],[4.81,45.279],[4.808,45.292],[4.8,45.298]],[[4.893,44.365],[4.87,44.348],[4.895,44.338],[4.882,44.326],[4.892,44.304],[4.922,44.309],[4.987,44.293],[4.997,44.32],[5.014,44.326],[5.009,44.334],[5.023,44.346],[5.024,44.361],[5.055,44.365],[5.072,44.38],[5.048,44.381],[5.035,44.391],[5.016,44.393],[5.013,44.405],[5.019,44.416],[5.001,44.413],[4.989,44.423],[4.979,44.423],[4.973,44.432],[4.96,44.42],[4.919,44.408],[4.91,44.397],[4.909,44.377],[4.893,44.365]]]}},{"type":"Feature","properties":{"code":"27","name":"Eure","group":"metropole"},"geometry":{"type":"Polygon","coordinates":[[[0.297,49.43],[0.341,49.434],[0.339,49.441],[0.404,49.451],[0.503,49.485],[0.525,49.478],[0.588,49.431],[0.612,49.429],[0.643,49.444],[0.646,49.44],[0.636,49.437],[0.63,49.422],[0.641,49.428],[0.644,49.415],[0.652,49.422],[0.66,49.416],[0.649,49.409],[0.664,49.402],[0.69,49.407],[0.705,49.402],[0.708,49.411],[0.738,49.408],[0.765,49.42],[0.783,49.411],[0.798,49.418],[0.805,49.412],[0.803,49.427],[0.812,49.403],[0.821,49.397],[0.845,49.392],[0.878,49.396],[0.874,49.391],[0.886,49.388],[0.879,49.373],[0.893,49.372],[0.896,49.38],[0.918,49.385],[0.921,49.352],[0.931,49.343],[0.921,49.338],[0.882,49.348],[0.871,49.342],[0.86,49.346],[0.848,49.336],[0.853,49.331],[0.842,49.329],[0.845,49.324],[0.855,49.327],[0.892,49.314],[0.898,49.317],[0.893,49.301],[0.902,49.298],[0.91,49.299],[0.907,49.308],[0.94,49.323],[0.95,49.297],[0.963,49.295],[0.958,49.289],[0.966,49.286],[0.949,49.279],[0.956,49.271],[0.971,49.281],[0.976,49.272],[0.986,49.27],[0.985,49.261],[1.007,49.265],[0.992,49.258],[0.993,49.253],[1.006,49.251],[1.033,49.261],[1.063,49.259],[1.065,49.263],[1.052,49.273],[1.069,49.276],[1.048,49.298],[1.081,49.309],[1.134,49.31],[1.135,49.325],[1.16,49.342],[1.169,49.336],[1.18,49.344],[1.188,49.341],[1.185,49.338],[1.204,49.337],[1.199,49.351],[1.205,49.352],[1.272,49.346],[1.272,49.357],[1.282,49.357],[1.29,49.376],[1.285,49.388],[1.292,49.388],[1.293,49.395],[1.308,49.395],[1.314,49.415],[1.31,49.429],[1.337,49.428],[1.337,49.439],[1.351,49.438],[1.341,49.443],[1.345,49.448],[1.368,49.45],[1.387,49.463],[1.391,49.461],[1.384,49.449],[1.393,49.449],[1.4,49.457],[1.477,49.451],[1.504,49.438],[1.53,49.442],[1.537,49.43],[1.547,49.441],[1.576,49.44],[1.604,49.412],[1.625,49.416],[1.656,49.399],[1.668,49.407],[1.681,49.406],[1.694,49.395],[1.705,49.411],[1.719,49.403],[1.738,49.407],[1.72,49.394],[1.761,49.366],[1.758,49.356],[1.774,49.337],[1.767,49.32],[1.775,49.306],[1.772,49.291],[1.798,49.288],[1.793,49.274],[1.803,49.272],[1.791,49.247],[1.767,49.252],[1.767,49.262],[1.757,49.266],[1.759,49.272],[1.709,49.264],[1.699,49.247],[1.704,49.229],[1.672,49.206],[1.677,49.2],[1.666,49.177],[1.67,49.169],[1.661,49.158],[1.664,49.153],[1.653,49.145],[1.658,49.132],[1.622,49.101],[1.618,49.094],[1.623,49.086],[1.609,49.078],[1.603,49.085],[1.558,49.069],[1.541,49.074],[1.521,49.068],[1.516,49.081],[1.506,49.085],[1.514,49.079],[1.503,49.059],[1.486,49.051],[1.462,49.064],[1.447,49.054],[1.453,49.051],[1.446,49.046],[1.458,49.035],[1.458,49.026],[1.475,49.018],[1.474,49.01],[1.48,49.008],[1.472,48.99],[1.461,48.986],[1.471,48.975],[1.508,48.984],[1.518,48.978],[1.492,48.964],[1.501,48.953],[1.511,48.954],[1.502,48.941],[1.493,48.936],[1.461,48.938],[1.46,48.928],[1.448,48.925],[1.459,48.915],[1.455,48.913],[1.461,48.9],[1.471,48.898],[1.461,48.872],[1.404,48.861],[1.393,48.848],[1.361,48.834],[1.356,48.816],[1.375,48.796],[1.375,48.781],[1.353,48.779],[1.328,48.76],[1.297,48.768],[1.271,48.763],[1.268,48.757],[1.255,48.759],[1.256,48.766],[1.246,48.77],[1.223,48.767],[1.233,48.763],[1.223,48.758],[1.186,48.773],[1.163,48.769],[1.149,48.777],[1.151,48.786],[1.121,48.789],[1.117,48.784],[1.125,48.766],[1.118,48.766],[1.115,48.747],[1.103,48.753],[1.096,48.749],[1.087,48.757],[1.071,48.748],[1.063,48.759],[1.034,48.739],[1.038,48.731],[1.034,48.728],[1.023,48.735],[1.007,48.727],[0.978,48.731],[0.961,48.726],[0.956,48.717],[0.921,48.709],[0.9,48.711],[0.891,48.72],[0.873,48.713],[0.86,48.692],[0.864,48.688],[0.841,48.678],[0.828,48.681],[0.815,48.67],[0.795,48.675],[0.781,48.666],[0.761,48.68],[0.766,48.697],[0.729,48.707],[0.759,48.72],[0.76,48.728],[0.775,48.738],[0.749,48.761],[0.758,48.768],[0.732,48.785],[0.689,48.793],[0.665,48.81],[0.608,48.832],[0.62,48.847],[0.636,48.854],[0.609,48.853],[0.612,48.858],[0.602,48.862],[0.615,48.878],[0.59,48.873],[0.585,48.877],[0.596,48.888],[0.578,48.894],[0.551,48.874],[0.521,48.881],[0.495,48.879],[0.463,48.889],[0.457,48.88],[0.443,48.881],[0.45,48.891],[0.439,48.889],[0.441,48.885],[0.421,48.887],[0.422,48.899],[0.386,48.91],[0.391,48.928],[0.431,48.967],[0.433,48.979],[0.425,48.985],[0.446,49.019],[0.442,49.025],[0.431,49.023],[0.435,49.026],[0.428,49.032],[0.385,49.036],[0.379,49.051],[0.367,49.052],[0.381,49.06],[0.379,49.071],[0.391,49.078],[0.417,49.073],[0.416,49.088],[0.397,49.091],[0.415,49.095],[0.399,49.099],[0.408,49.129],[0.425,49.13],[0.433,49.141],[0.424,49.148],[0.386,49.154],[0.392,49.16],[0.393,49.178],[0.387,49.185],[0.395,49.208],[0.389,49.216],[0.367,49.216],[0.338,49.231],[0.32,49.25],[0.383,49.264],[0.384,49.286],[0.362,49.297],[0.343,49.296],[0.326,49.278],[0.309,49.283],[0.323,49.297],[0.315,49.304],[0.316,49.311],[0.298,49.314],[0.326,49.34],[0.302,49.371],[0.309,49.389],[0.297,49.41],[0.297,49.43]]]}},{"type":"Feature","properties":{"code":"28","name":"Eure-et-Loir","group":"metropole"},"geometry":{"type":"Polygon","coordinates":[[[0.815,48.67],[0.828,48.681],[0.841,48.678],[0.864,48.688],[0.86,48.692],[0.869,48.699],[0.867,48.704],[0.883,48.718],[0.921,48.709],[0.956,48.717],[0.961,48.726],[0.978,48.731],[1.007,48.727],[1.023,48.735],[1.034,48.728],[1.038,48.731],[1.034,48.739],[1.063,48.759],[1.071,48.748],[1.087,48.757],[1.096,48.749],[1.103,48.753],[1.115,48.747],[1.118,48.766],[1.125,48.766],[1.117,48.784],[1.121,48.789],[1.151,48.786],[1.149,48.777],[1.163,48.769],[1.186,48.773],[1.223,48.758],[1.233,48.763],[1.223,48.767],[1.246,48.77],[1.256,48.766],[1.255,48.759],[1.268,48.757],[1.271,48.763],[1.297,48.768],[1.328,48.76],[1.353,48.779],[1.375,48.781],[1.375,48.796],[1.356,48.816],[1.361,48.834],[1.393,48.848],[1.404,48.861],[1.424,48.861],[1.463,48.874],[1.471,48.898],[1.461,48.9],[1.455,48.913],[1.459,48.915],[1.448,48.925],[1.46,48.928],[1.461,48.938],[1.493,48.936],[1.502,48.941],[1.512,48.934],[1.507,48.928],[1.514,48.922],[1.538,48.923],[1.545,48.913],[1.539,48.905],[1.564,48.891],[1.546,48.872],[1.555,48.865],[1.584,48.861],[1.577,48.844],[1.598,48.839],[1.579,48.829],[1.591,48.815],[1.577,48.805],[1.577,48.783],[1.588,48.774],[1.581,48.766],[1.608,48.761],[1.627,48.748],[1.588,48.711],[1.592,48.708],[1.577,48.703],[1.585,48.699],[1.582,48.696],[1.612,48.689],[1.603,48.662],[1.621,48.65],[1.643,48.651],[1.638,48.645],[1.649,48.639],[1.658,48.628],[1.655,48.623],[1.666,48.614],[1.685,48.62],[1.691,48.617],[1.682,48.616],[1.687,48.611],[1.715,48.615],[1.719,48.606],[1.702,48.585],[1.709,48.578],[1.737,48.572],[1.757,48.575],[1.768,48.559],[1.787,48.554],[1.776,48.514],[1.783,48.5],[1.791,48.497],[1.786,48.49],[1.795,48.486],[1.792,48.481],[1.803,48.473],[1.801,48.466],[1.837,48.467],[1.845,48.446],[1.858,48.447],[1.869,48.44],[1.904,48.439],[1.912,48.448],[1.921,48.448],[1.922,48.458],[1.929,48.457],[1.933,48.442],[1.943,48.441],[1.936,48.435],[1.94,48.42],[1.928,48.416],[1.933,48.411],[1.928,48.406],[1.978,48.402],[1.967,48.38],[1.98,48.378],[1.978,48.369],[1.989,48.364],[1.973,48.356],[1.975,48.345],[1.969,48.341],[1.982,48.328],[1.974,48.323],[1.981,48.319],[1.979,48.313],[1.973,48.316],[1.959,48.307],[1.965,48.295],[1.982,48.295],[1.973,48.288],[1.995,48.283],[1.986,48.266],[1.965,48.255],[1.962,48.247],[1.967,48.235],[1.964,48.22],[1.98,48.204],[1.971,48.19],[1.962,48.194],[1.967,48.202],[1.957,48.204],[1.951,48.195],[1.951,48.19],[1.971,48.183],[1.973,48.175],[1.971,48.171],[1.945,48.175],[1.941,48.168],[1.925,48.174],[1.914,48.167],[1.903,48.153],[1.905,48.146],[1.92,48.146],[1.913,48.129],[1.902,48.131],[1.884,48.098],[1.865,48.095],[1.866,48.084],[1.845,48.089],[1.83,48.079],[1.802,48.089],[1.798,48.077],[1.784,48.073],[1.78,48.077],[1.745,48.064],[1.739,48.069],[1.709,48.067],[1.689,48.078],[1.67,48.062],[1.67,48.07],[1.66,48.076],[1.647,48.069],[1.624,48.07],[1.619,48.043],[1.597,48.043],[1.594,48.031],[1.545,48.045],[1.539,48.039],[1.551,48.035],[1.547,48.03],[1.523,48.035],[1.513,48.028],[1.518,48.012],[1.527,48.007],[1.517,47.997],[1.526,47.993],[1.519,47.99],[1.52,47.982],[1.499,47.985],[1.44,48.012],[1.433,48.009],[1.44,47.984],[1.436,47.976],[1.407,47.97],[1.387,47.981],[1.37,47.954],[1.346,47.965],[1.344,47.958],[1.309,47.954],[1.3,47.968],[1.265,47.962],[1.247,47.98],[1.196,47.968],[1.192,47.972],[1.203,47.977],[1.191,47.984],[1.187,48.002],[1.17,48.007],[1.159,48.018],[1.167,48.02],[1.167,48.027],[1.144,48.029],[1.119,48.041],[1.106,48.06],[1.112,48.081],[1.068,48.076],[1.069,48.085],[1.021,48.088],[1.009,48.083],[0.992,48.092],[0.991,48.097],[1.007,48.107],[1.046,48.118],[1.041,48.132],[1.006,48.131],[0.949,48.098],[0.944,48.112],[0.91,48.103],[0.88,48.104],[0.88,48.109],[0.841,48.103],[0.855,48.123],[0.85,48.133],[0.917,48.139],[0.909,48.144],[0.912,48.149],[0.888,48.162],[0.84,48.166],[0.811,48.186],[0.796,48.188],[0.809,48.198],[0.806,48.205],[0.83,48.211],[0.786,48.271],[0.796,48.287],[0.807,48.29],[0.774,48.304],[0.756,48.3],[0.791,48.343],[0.818,48.349],[0.829,48.342],[0.842,48.347],[0.84,48.353],[0.859,48.35],[0.872,48.36],[0.884,48.357],[0.901,48.374],[0.909,48.37],[0.936,48.395],[0.95,48.399],[0.945,48.418],[0.976,48.441],[0.956,48.444],[0.939,48.461],[0.936,48.476],[0.956,48.482],[0.955,48.493],[0.942,48.499],[0.954,48.504],[0.968,48.524],[0.925,48.536],[0.939,48.549],[0.926,48.56],[0.852,48.582],[0.847,48.61],[0.82,48.61],[0.817,48.615],[0.83,48.632],[0.822,48.636],[0.825,48.649],[0.81,48.662],[0.815,48.67]]]}},{"type":"Feature","properties":{"code":"29","name":"Finistère","group":"metropole"},"geometry":{"type":"MultiPolygon","coordinates":[[[[-3.992,48.736],[-3.994,48.741],[-4.014,48.744],[-4.025,48.739],[-4.04,48.746],[-4.006,48.753],[-3.99,48.745],[-3.992,48.736]]],[[[-3.957,47.712],[-3.958,47.72],[-3.951,47.722],[-3.957,47.712]]],[[[-4.846,48.032],[-4.871,48.04],[-4.852,48.041],[-4.846,48.032]]],[[[-3.997,47.701],[-3.999,47.71],[-3.991,47.703],[-3.997,47.701]]],[[[-4.178,47.851],[-4.194,47.864],[-4.182,47.867],[-4.178,47.851]]],[[[-4.959,48.389],[-4.967,48.398],[-4.963,48.402],[-4.953,48.396],[-4.959,48.389]]],[[[-4.787,48.437],[-4.79,48.438],[-4.789,48.439],[-4.787,48.437]]],[[[-4.862,48.341],[-4.858,48.351],[-4.842,48.355],[-4.862,48.341]]],[[[-4.95,48.398],[-4.953,48.401],[-4.947,48.403],[-4.95,48.398]]],[[[-3.922,48.68],[-3.927,48.681],[-3.926,48.699],[-3.922,48.68]]],[[[-3.659,48.659],[-3.666,48.651],[-3.652,48.613],[-3.638,48.61],[-3.642,48.597],[-3.63,48.588],[-3.589,48.583],[-3.584,48.574],[-3.599,48.557],[-3.578,48.553],[-3.571,48.558],[-3.541,48.537],[-3.558,48.529],[-3.584,48.504],[-3.605,48.496],[-3.601,48.485],[-3.608,48.477],[-3.6,48.479],[-3.593,48.464],[-3.582,48.465],[-3.568,48.452],[-3.554,48.454],[-3.55,48.448],[-3.601,48.422],[-3.601,48.394],[-3.608,48.388],[-3.568,48.377],[-3.554,48.379],[-3.556,48.356],[-3.563,48.348],[-3.555,48.345],[-3.551,48.315],[-3.541,48.312],[-3.525,48.323],[-3.519,48.319],[-3.555,48.294],[-3.519,48.279],[-3.527,48.272],[-3.527,48.253],[-3.536,48.256],[-3.542,48.244],[-3.556,48.242],[-3.553,48.234],[-3.558,48.229],[-3.54,48.207],[-3.521,48.202],[-3.519,48.189],[-3.558,48.192],[-3.667,48.152],[-3.693,48.152],[-3.698,48.145],[-3.716,48.142],[-3.708,48.136],[-3.722,48.129],[-3.718,48.12],[-3.734,48.113],[-3.729,48.104],[-3.733,48.096],[-3.714,48.099],[-3.695,48.093],[-3.704,48.087],[-3.699,48.069],[-3.709,48.067],[-3.673,48.057],[-3.676,48.047],[-3.671,48.037],[-3.664,48.037],[-3.663,48.019],[-3.648,48.007],[-3.64,47.985],[-3.617,47.982],[-3.604,47.99],[-3.581,47.985],[-3.577,47.991],[-3.559,47.994],[-3.546,47.987],[-3.531,47.989],[-3.52,47.976],[-3.492,47.975],[-3.481,47.952],[-3.468,47.946],[-3.46,47.96],[-3.447,47.958],[-3.415,47.975],[-3.403,47.967],[-3.403,47.96],[-3.393,47.958],[-3.402,47.943],[-3.387,47.926],[-3.393,47.918],[-3.409,47.916],[-3.406,47.906],[-3.419,47.906],[-3.405,47.902],[-3.404,47.866],[-3.399,47.864],[-3.425,47.869],[-3.448,47.863],[-3.449,47.846],[-3.458,47.837],[-3.472,47.837],[-3.485,47.824],[-3.512,47.832],[-3.522,47.84],[-3.519,47.848],[-3.542,47.857],[-3.542,47.863],[-3.544,47.858],[-3.528,47.846],[-3.539,47.838],[-3.542,47.821],[-3.535,47.821],[-3.536,47.813],[-3.521,47.803],[-3.532,47.79],[-3.531,47.771],[-3.539,47.763],[-3.608,47.77],[-3.604,47.777],[-3.612,47.77],[-3.644,47.774],[-3.65,47.78],[-3.644,47.789],[-3.652,47.779],[-3.681,47.777],[-3.723,47.798],[-3.723,47.803],[-3.708,47.813],[-3.701,47.808],[-3.697,47.819],[-3.65,47.821],[-3.641,47.828],[-3.652,47.822],[-3.673,47.826],[-3.691,47.82],[-3.697,47.821],[-3.697,47.831],[-3.704,47.815],[-3.733,47.803],[-3.742,47.812],[-3.752,47.847],[-3.749,47.84],[-3.758,47.836],[-3.745,47.824],[-3.752,47.815],[-3.741,47.809],[-3.742,47.797],[-3.8,47.787],[-3.839,47.798],[-3.856,47.79],[-3.853,47.802],[-3.902,47.836],[-3.898,47.847],[-3.892,47.843],[-3.889,47.849],[-3.895,47.849],[-3.881,47.859],[-3.897,47.849],[-3.909,47.85],[-3.919,47.856],[-3.913,47.86],[-3.906,47.856],[-3.901,47.862],[-3.908,47.862],[-3.914,47.872],[-3.931,47.871],[-3.931,47.879],[-3.95,47.89],[-3.947,47.9],[-3.953,47.894],[-3.973,47.895],[-3.977,47.91],[-3.983,47.893],[-3.992,47.897],[-3.98,47.889],[-3.99,47.883],[-3.977,47.854],[-4.04,47.845],[-4.057,47.856],[-4.088,47.862],[-4.047,47.852],[-4.074,47.865],[-4.079,47.877],[-4.085,47.873],[-4.078,47.866],[-4.099,47.862],[-4.103,47.871],[-4.118,47.877],[-4.111,47.884],[-4.125,47.891],[-4.118,47.893],[-4.131,47.894],[-4.145,47.909],[-4.139,47.926],[-4.113,47.932],[-4.109,47.942],[-4.078,47.937],[-4.095,47.941],[-4.08,47.949],[-4.084,47.952],[-4.095,47.943],[-4.109,47.943],[-4.108,47.951],[-4.097,47.953],[-4.095,47.967],[-4.116,47.977],[-4.117,47.983],[-4.117,47.975],[-4.101,47.971],[-4.114,47.966],[-4.112,47.956],[-4.122,47.953],[-4.113,47.952],[-4.111,47.936],[-4.141,47.926],[-4.151,47.911],[-4.146,47.897],[-4.166,47.895],[-4.176,47.907],[-4.171,47.895],[-4.151,47.894],[-4.148,47.889],[-4.14,47.896],[-4.13,47.89],[-4.121,47.882],[-4.125,47.878],[-4.114,47.872],[-4.113,47.862],[-4.123,47.865],[-4.147,47.857],[-4.164,47.849],[-4.17,47.839],[-4.165,47.852],[-4.179,47.879],[-4.196,47.876],[-4.191,47.869],[-4.196,47.859],[-4.216,47.866],[-4.189,47.851],[-4.191,47.847],[-4.179,47.839],[-4.182,47.835],[-4.159,47.832],[-4.165,47.814],[-4.175,47.812],[-4.176,47.805],[-4.192,47.796],[-4.21,47.801],[-4.217,47.812],[-4.21,47.796],[-4.219,47.792],[-4.277,47.791],[-4.272,47.801],[-4.286,47.792],[-4.307,47.801],[-4.368,47.796],[-4.374,47.798],[-4.371,47.808],[-4.381,47.82],[-4.352,47.829],[-4.348,47.835],[-4.354,47.837],[-4.346,47.84],[-4.362,47.89],[-4.388,47.927],[-4.452,47.982],[-4.476,47.986],[-4.501,48.002],[-4.537,48.012],[-4.531,48.035],[-4.488,48.038],[-4.51,48.042],[-4.54,48.038],[-4.534,48.034],[-4.535,48.017],[-4.569,48.0],[-4.592,48.007],[-4.597,48.015],[-4.623,48.018],[-4.631,48.029],[-4.655,48.022],[-4.664,48.027],[-4.697,48.026],[-4.74,48.039],[-4.708,48.044],[-4.714,48.064],[-4.672,48.06],[-4.665,48.073],[-4.632,48.067],[-4.63,48.072],[-4.591,48.074],[-4.583,48.082],[-4.552,48.076],[-4.536,48.09],[-4.521,48.086],[-4.522,48.091],[-4.5,48.091],[-4.489,48.086],[-4.466,48.099],[-4.433,48.097],[-4.416,48.107],[-4.394,48.104],[-4.376,48.11],[-4.341,48.101],[-4.332,48.085],[-4.333,48.098],[-4.304,48.089],[-4.283,48.109],[-4.285,48.126],[-4.269,48.133],[-4.273,48.154],[-4.297,48.16],[-4.299,48.168],[-4.293,48.168],[-4.291,48.176],[-4.303,48.195],[-4.334,48.207],[-4.369,48.205],[-4.378,48.219],[-4.413,48.222],[-4.426,48.229],[-4.439,48.224],[-4.432,48.23],[-4.448,48.236],[-4.499,48.233],[-4.504,48.225],[-4.495,48.219],[-4.51,48.213],[-4.521,48.196],[-4.518,48.192],[-4.54,48.181],[-4.542,48.168],[-4.558,48.17],[-4.56,48.177],[-4.551,48.181],[-4.552,48.208],[-4.561,48.23],[-4.572,48.231],[-4.545,48.24],[-4.543,48.249],[-4.558,48.259],[-4.597,48.252],[-4.611,48.262],[-4.623,48.253],[-4.625,48.259],[-4.615,48.272],[-4.629,48.281],[-4.611,48.28],[-4.606,48.287],[-4.591,48.28],[-4.598,48.28],[-4.592,48.275],[-4.571,48.281],[-4.566,48.287],[-4.573,48.299],[-4.57,48.304],[-4.583,48.319],[-4.555,48.338],[-4.532,48.342],[-4.544,48.327],[-4.548,48.31],[-4.56,48.306],[-4.553,48.294],[-4.537,48.292],[-4.542,48.29],[-4.536,48.284],[-4.522,48.291],[-4.526,48.295],[-4.508,48.311],[-4.499,48.309],[-4.518,48.293],[-4.506,48.282],[-4.485,48.283],[-4.461,48.294],[-4.419,48.293],[-4.421,48.286],[-4.406,48.275],[-4.366,48.278],[-4.307,48.298],[-4.277,48.297],[-4.264,48.288],[-4.269,48.284],[-4.283,48.289],[-4.289,48.274],[-4.26,48.267],[-4.256,48.262],[-4.266,48.257],[-4.255,48.259],[-4.244,48.25],[-4.232,48.25],[-4.218,48.258],[-4.209,48.242],[-4.211,48.247],[-4.161,48.245],[-4.139,48.236],[-4.114,48.245],[-4.117,48.218],[-4.109,48.246],[-4.097,48.256],[-4.135,48.241],[-4.153,48.248],[-4.204,48.249],[-4.217,48.261],[-4.241,48.254],[-4.248,48.265],[-4.28,48.279],[-4.188,48.297],[-4.239,48.3],[-4.241,48.308],[-4.227,48.314],[-4.245,48.309],[-4.247,48.299],[-4.259,48.306],[-4.256,48.31],[-4.282,48.312],[-4.249,48.327],[-4.293,48.311],[-4.307,48.317],[-4.336,48.316],[-4.318,48.323],[-4.323,48.327],[-4.303,48.331],[-4.318,48.335],[-4.278,48.345],[-4.293,48.35],[-4.265,48.358],[-4.302,48.356],[-4.306,48.35],[-4.3,48.345],[-4.33,48.339],[-4.331,48.346],[-4.318,48.362],[-4.346,48.342],[-4.356,48.345],[-4.347,48.355],[-4.366,48.345],[-4.378,48.325],[-4.416,48.325],[-4.393,48.342],[-4.441,48.327],[-4.458,48.328],[-4.438,48.343],[-4.445,48.349],[-4.437,48.36],[-4.416,48.37],[-4.408,48.381],[-4.31,48.417],[-4.27,48.445],[-4.347,48.407],[-4.361,48.41],[-4.369,48.401],[-4.392,48.398],[-4.402,48.39],[-4.431,48.397],[-4.435,48.383],[-4.484,48.383],[-4.533,48.358],[-4.552,48.362],[-4.572,48.349],[-4.609,48.338],[-4.628,48.338],[-4.681,48.356],[-4.703,48.348],[-4.698,48.339],[-4.711,48.331],[-4.774,48.33],[-4.77,48.348],[-4.781,48.359],[-4.756,48.359],[-4.746,48.366],[-4.786,48.361],[-4.786,48.367],[-4.769,48.365],[-4.76,48.375],[-4.776,48.39],[-4.774,48.405],[-4.785,48.405],[-4.795,48.415],[-4.776,48.444],[-4.783,48.446],[-4.765,48.467],[-4.756,48.464],[-4.75,48.471],[-4.72,48.476],[-4.759,48.47],[-4.78,48.497],[-4.778,48.505],[-4.766,48.511],[-4.776,48.519],[-4.758,48.521],[-4.764,48.531],[-4.758,48.534],[-4.748,48.528],[-4.753,48.544],[-4.723,48.559],[-4.704,48.551],[-4.699,48.556],[-4.705,48.557],[-4.704,48.57],[-4.684,48.572],[-4.68,48.567],[-4.67,48.574],[-4.646,48.572],[-4.628,48.579],[-4.597,48.572],[-4.593,48.555],[-4.557,48.56],[-4.505,48.546],[-4.526,48.558],[-4.586,48.562],[-4.593,48.574],[-4.612,48.578],[-4.603,48.584],[-4.608,48.596],[-4.598,48.608],[-4.586,48.602],[-4.595,48.593],[-4.544,48.598],[-4.523,48.592],[-4.521,48.585],[-4.502,48.587],[-4.491,48.575],[-4.478,48.573],[-4.498,48.584],[-4.499,48.59],[-4.516,48.588],[-4.54,48.601],[-4.56,48.604],[-4.554,48.611],[-4.568,48.609],[-4.564,48.616],[-4.569,48.62],[-4.562,48.621],[-4.566,48.625],[-4.542,48.624],[-4.549,48.633],[-4.542,48.637],[-4.53,48.629],[-4.514,48.634],[-4.506,48.63],[-4.513,48.629],[-4.51,48.623],[-4.501,48.621],[-4.465,48.626],[-4.441,48.641],[-4.434,48.635],[-4.433,48.642],[-4.397,48.636],[-4.433,48.648],[-4.437,48.655],[-4.393,48.657],[-4.35,48.677],[-4.33,48.677],[-4.329,48.668],[-4.312,48.673],[-4.294,48.662],[-4.308,48.647],[-4.318,48.646],[-4.308,48.644],[-4.316,48.64],[-4.312,48.635],[-4.297,48.633],[-4.294,48.637],[-4.301,48.64],[-4.281,48.643],[-4.274,48.65],[-4.224,48.656],[-4.234,48.649],[-4.196,48.652],[-4.222,48.659],[-4.193,48.683],[-4.129,48.697],[-4.095,48.694],[-4.095,48.689],[-4.081,48.693],[-4.056,48.671],[-4.066,48.683],[-4.048,48.688],[-4.058,48.689],[-4.057,48.701],[-4.04,48.704],[-4.034,48.714],[-4.016,48.712],[-4.007,48.726],[-4.001,48.712],[-3.986,48.728],[-3.965,48.722],[-3.976,48.699],[-3.965,48.692],[-3.971,48.674],[-3.95,48.673],[-3.955,48.669],[-3.951,48.661],[-3.957,48.651],[-3.95,48.638],[-3.957,48.617],[-3.949,48.618],[-3.935,48.599],[-3.943,48.611],[-3.939,48.615],[-3.951,48.623],[-3.951,48.65],[-3.93,48.658],[-3.922,48.676],[-3.907,48.669],[-3.891,48.671],[-3.906,48.661],[-3.898,48.646],[-3.861,48.633],[-3.858,48.609],[-3.868,48.604],[-3.852,48.607],[-3.86,48.614],[-3.846,48.627],[-3.817,48.629],[-3.848,48.631],[-3.864,48.67],[-3.854,48.673],[-3.853,48.662],[-3.846,48.66],[-3.854,48.689],[-3.84,48.697],[-3.842,48.706],[-3.831,48.712],[-3.821,48.701],[-3.821,48.718],[-3.798,48.712],[-3.787,48.701],[-3.766,48.709],[-3.734,48.709],[-3.717,48.705],[-3.718,48.7],[-3.701,48.69],[-3.68,48.687],[-3.656,48.697],[-3.643,48.696],[-3.655,48.682],[-3.639,48.673],[-3.659,48.659]]],[[[-5.103,48.436],[-5.117,48.439],[-5.092,48.45],[-5.099,48.456],[-5.14,48.448],[-5.133,48.459],[-5.106,48.466],[-5.107,48.472],[-5.083,48.472],[-5.071,48.479],[-5.076,48.48],[-5.073,48.483],[-5.05,48.476],[-5.059,48.467],[-5.034,48.463],[-5.059,48.45],[-5.08,48.451],[-5.089,48.44],[-5.103,48.436]]],[[[-5.096,48.478],[-5.104,48.481],[-5.092,48.482],[-5.096,48.478]]]]}},{"type":"Feature","properties":{"code":"30","name":"Gard","group":"metropole"},"geometry":{"type":"Polygon","coordinates":[[[3.374,44.171],[3.396,44.169],[3.397,44.161],[3.406,44.162],[3.411,44.153],[3.431,44.148],[3.44,44.129],[3.538,44.121],[3.543,44.109],[3.562,44.123],[3.603,44.116],[3.633,44.121],[3.636,44.141],[3.653,44.146],[3.627,44.154],[3.637,44.176],[3.65,44.181],[3.658,44.173],[3.672,44.18],[3.67,44.186],[3.684,44.183],[3.706,44.165],[3.758,44.152],[3.765,44.141],[3.774,44.144],[3.797,44.127],[3.824,44.137],[3.876,44.127],[3.89,44.145],[3.91,44.147],[3.913,44.16],[3.927,44.161],[3.923,44.182],[3.974,44.164],[3.977,44.171],[3.961,44.175],[3.965,44.178],[3.958,44.181],[3.96,44.191],[3.937,44.195],[3.952,44.218],[3.946,44.242],[3.975,44.256],[3.96,44.271],[3.946,44.267],[3.934,44.276],[3.94,44.283],[3.937,44.294],[3.923,44.305],[3.943,44.316],[3.952,44.332],[3.935,44.336],[3.913,44.369],[3.886,44.388],[3.889,44.393],[3.9,44.391],[3.916,44.405],[3.951,44.401],[3.949,44.413],[3.957,44.411],[3.966,44.418],[3.975,44.443],[3.998,44.46],[4.023,44.446],[4.038,44.446],[4.046,44.433],[4.035,44.42],[4.068,44.405],[4.065,44.395],[4.048,44.398],[4.04,44.391],[4.053,44.379],[4.058,44.363],[4.053,44.36],[4.054,44.339],[4.036,44.33],[4.051,44.317],[4.096,44.335],[4.116,44.327],[4.127,44.338],[4.14,44.328],[4.143,44.313],[4.165,44.312],[4.178,44.318],[4.187,44.299],[4.215,44.291],[4.241,44.27],[4.258,44.265],[4.278,44.275],[4.289,44.292],[4.288,44.315],[4.304,44.315],[4.322,44.324],[4.33,44.332],[4.326,44.338],[4.368,44.339],[4.391,44.347],[4.403,44.334],[4.39,44.301],[4.395,44.291],[4.42,44.287],[4.433,44.291],[4.44,44.283],[4.453,44.298],[4.448,44.297],[4.454,44.34],[4.499,44.338],[4.506,44.344],[4.513,44.328],[4.549,44.326],[4.544,44.321],[4.561,44.301],[4.605,44.291],[4.616,44.278],[4.635,44.285],[4.649,44.27],[4.654,44.254],[4.678,44.234],[4.674,44.214],[4.707,44.214],[4.706,44.193],[4.722,44.187],[4.716,44.177],[4.719,44.145],[4.706,44.11],[4.72,44.083],[4.726,44.078],[4.761,44.086],[4.758,44.077],[4.788,44.065],[4.789,44.052],[4.816,44.032],[4.821,44.016],[4.841,44.013],[4.846,43.997],[4.842,43.986],[4.812,43.988],[4.814,43.964],[4.797,43.957],[4.779,43.938],[4.744,43.929],[4.723,43.906],[4.699,43.897],[4.709,43.898],[4.696,43.886],[4.642,43.867],[4.648,43.859],[4.641,43.851],[4.662,43.853],[4.667,43.846],[4.642,43.831],[4.655,43.808],[4.652,43.784],[4.629,43.762],[4.612,43.725],[4.627,43.685],[4.593,43.687],[4.579,43.698],[4.537,43.708],[4.487,43.699],[4.478,43.69],[4.476,43.671],[4.454,43.667],[4.426,43.624],[4.44,43.611],[4.473,43.612],[4.474,43.604],[4.461,43.589],[4.42,43.583],[4.403,43.573],[4.417,43.571],[4.409,43.561],[4.387,43.562],[4.382,43.553],[4.35,43.547],[4.334,43.535],[4.316,43.545],[4.323,43.554],[4.314,43.556],[4.317,43.552],[4.308,43.545],[4.325,43.528],[4.24,43.499],[4.23,43.46],[4.154,43.475],[4.127,43.489],[4.117,43.508],[4.122,43.52],[4.137,43.525],[4.139,43.532],[4.122,43.547],[4.101,43.554],[4.109,43.568],[4.096,43.582],[4.075,43.588],[4.087,43.592],[4.099,43.585],[4.15,43.586],[4.149,43.597],[4.168,43.608],[4.194,43.642],[4.194,43.655],[4.163,43.687],[4.167,43.699],[4.143,43.737],[4.114,43.738],[4.094,43.752],[4.093,43.763],[4.054,43.772],[4.054,43.786],[4.019,43.807],[4.001,43.813],[3.974,43.801],[3.963,43.804],[3.962,43.817],[3.978,43.83],[3.973,43.837],[3.979,43.843],[3.958,43.844],[3.958,43.854],[3.922,43.858],[3.917,43.888],[3.903,43.879],[3.857,43.877],[3.852,43.868],[3.838,43.871],[3.831,43.866],[3.822,43.875],[3.804,43.879],[3.8,43.891],[3.829,43.925],[3.824,43.927],[3.827,43.937],[3.796,43.942],[3.787,43.955],[3.787,43.967],[3.731,43.972],[3.713,43.959],[3.705,43.962],[3.686,43.954],[3.682,43.947],[3.689,43.94],[3.675,43.93],[3.679,43.925],[3.671,43.91],[3.643,43.916],[3.648,43.902],[3.639,43.896],[3.632,43.899],[3.639,43.916],[3.624,43.917],[3.6,43.887],[3.585,43.88],[3.576,43.865],[3.601,43.849],[3.579,43.844],[3.558,43.857],[3.549,43.851],[3.528,43.854],[3.528,43.861],[3.519,43.863],[3.523,43.888],[3.513,43.896],[3.503,43.897],[3.496,43.889],[3.483,43.892],[3.463,43.872],[3.432,43.863],[3.422,43.872],[3.431,43.873],[3.441,43.888],[3.432,43.894],[3.44,43.897],[3.438,43.901],[3.427,43.91],[3.401,43.915],[3.395,43.909],[3.37,43.917],[3.36,43.911],[3.351,43.931],[3.357,43.949],[3.376,43.956],[3.378,43.968],[3.406,43.97],[3.418,43.993],[3.439,43.998],[3.452,44.021],[3.417,44.042],[3.401,44.043],[3.39,44.058],[3.371,44.049],[3.367,44.058],[3.352,44.05],[3.338,44.058],[3.329,44.079],[3.295,44.068],[3.296,44.073],[3.289,44.072],[3.275,44.084],[3.277,44.088],[3.263,44.094],[3.291,44.106],[3.312,44.104],[3.323,44.11],[3.32,44.136],[3.332,44.142],[3.335,44.159],[3.374,44.171]]]}},{"type":"Feature","properties":{"code":"31","name":"Haute-Garonne","group":"metropole"},"geometry":{"type":"Polygon","coordinates":[[[0.954,43.787],[0.979,43.786],[0.988,43.796],[1.017,43.802],[1.057,43.798],[1.083,43.816],[1.111,43.806],[1.105,43.801],[1.11,43.796],[1.15,43.822],[1.185,43.793],[1.217,43.792],[1.218,43.782],[1.205,43.775],[1.216,43.768],[1.273,43.785],[1.281,43.79],[1.269,43.792],[1.267,43.799],[1.278,43.803],[1.283,43.796],[1.36,43.817],[1.354,43.836],[1.328,43.838],[1.314,43.832],[1.31,43.84],[1.294,43.846],[1.319,43.858],[1.33,43.851],[1.36,43.851],[1.365,43.856],[1.348,43.869],[1.365,43.89],[1.393,43.881],[1.402,43.886],[1.418,43.871],[1.449,43.87],[1.478,43.908],[1.488,43.902],[1.492,43.887],[1.517,43.901],[1.515,43.906],[1.525,43.905],[1.533,43.921],[1.555,43.919],[1.547,43.9],[1.562,43.879],[1.556,43.875],[1.564,43.872],[1.555,43.868],[1.573,43.849],[1.593,43.843],[1.587,43.833],[1.593,43.826],[1.59,43.815],[1.63,43.799],[1.645,43.8],[1.65,43.795],[1.641,43.779],[1.652,43.776],[1.656,43.768],[1.65,43.752],[1.693,43.73],[1.706,43.716],[1.702,43.709],[1.685,43.708],[1.682,43.701],[1.661,43.706],[1.664,43.694],[1.721,43.688],[1.72,43.675],[1.729,43.669],[1.731,43.657],[1.7,43.649],[1.688,43.628],[1.704,43.618],[1.708,43.623],[1.721,43.618],[1.745,43.603],[1.767,43.603],[1.787,43.584],[1.84,43.578],[1.849,43.568],[1.851,43.549],[1.88,43.54],[1.871,43.534],[1.88,43.53],[1.883,43.518],[1.953,43.49],[1.968,43.491],[1.99,43.477],[1.995,43.483],[2.009,43.48],[2.016,43.488],[2.016,43.509],[2.038,43.499],[2.041,43.513],[2.048,43.486],[2.039,43.477],[2.022,43.475],[2.014,43.45],[2.027,43.442],[2.039,43.423],[2.021,43.423],[2.014,43.415],[1.991,43.408],[1.972,43.421],[1.966,43.415],[1.958,43.426],[1.948,43.419],[1.934,43.425],[1.92,43.422],[1.917,43.407],[1.91,43.406],[1.915,43.401],[1.905,43.393],[1.896,43.397],[1.905,43.407],[1.898,43.416],[1.873,43.429],[1.872,43.438],[1.856,43.443],[1.843,43.433],[1.848,43.426],[1.842,43.415],[1.826,43.418],[1.817,43.411],[1.826,43.395],[1.803,43.393],[1.802,43.387],[1.811,43.382],[1.801,43.376],[1.807,43.373],[1.804,43.358],[1.817,43.349],[1.813,43.341],[1.783,43.346],[1.772,43.337],[1.752,43.35],[1.734,43.335],[1.724,43.341],[1.73,43.336],[1.724,43.33],[1.736,43.314],[1.704,43.303],[1.716,43.295],[1.694,43.274],[1.675,43.281],[1.665,43.275],[1.65,43.261],[1.657,43.25],[1.65,43.24],[1.635,43.237],[1.637,43.255],[1.607,43.26],[1.579,43.275],[1.567,43.27],[1.574,43.265],[1.565,43.253],[1.546,43.277],[1.519,43.269],[1.518,43.289],[1.512,43.293],[1.507,43.286],[1.497,43.292],[1.489,43.258],[1.505,43.25],[1.493,43.238],[1.504,43.233],[1.508,43.221],[1.487,43.227],[1.468,43.209],[1.416,43.226],[1.429,43.254],[1.402,43.278],[1.376,43.289],[1.378,43.296],[1.364,43.308],[1.373,43.31],[1.332,43.316],[1.318,43.296],[1.305,43.298],[1.303,43.286],[1.293,43.288],[1.302,43.271],[1.294,43.264],[1.331,43.263],[1.332,43.257],[1.318,43.251],[1.348,43.243],[1.374,43.245],[1.383,43.229],[1.368,43.209],[1.345,43.212],[1.328,43.205],[1.33,43.197],[1.321,43.19],[1.306,43.195],[1.296,43.189],[1.272,43.196],[1.251,43.183],[1.244,43.19],[1.229,43.187],[1.228,43.174],[1.214,43.162],[1.219,43.153],[1.273,43.149],[1.303,43.123],[1.291,43.124],[1.281,43.111],[1.26,43.109],[1.262,43.092],[1.224,43.086],[1.21,43.106],[1.211,43.115],[1.19,43.132],[1.175,43.141],[1.166,43.13],[1.15,43.136],[1.127,43.156],[1.113,43.145],[1.088,43.141],[1.088,43.134],[1.052,43.144],[1.047,43.137],[1.053,43.125],[1.039,43.101],[1.026,43.101],[1.002,43.114],[1.004,43.104],[0.991,43.092],[1.006,43.082],[0.996,43.072],[0.979,43.073],[0.986,43.065],[0.984,43.051],[0.994,43.046],[0.994,43.04],[0.984,43.044],[0.987,43.025],[1.022,43.01],[1.003,43.005],[0.979,42.974],[0.952,42.966],[0.928,42.967],[0.906,42.958],[0.875,42.958],[0.884,42.931],[0.845,42.926],[0.827,42.916],[0.844,42.89],[0.835,42.872],[0.848,42.865],[0.861,42.835],[0.858,42.826],[0.833,42.828],[0.811,42.839],[0.766,42.839],[0.708,42.861],[0.678,42.855],[0.679,42.848],[0.659,42.839],[0.67,42.824],[0.665,42.816],[0.67,42.802],[0.645,42.784],[0.667,42.775],[0.642,42.755],[0.663,42.75],[0.68,42.723],[0.674,42.718],[0.682,42.709],[0.674,42.7],[0.676,42.691],[0.617,42.696],[0.597,42.706],[0.589,42.695],[0.526,42.703],[0.517,42.691],[0.493,42.693],[0.478,42.7],[0.485,42.71],[0.449,42.734],[0.463,42.739],[0.463,42.76],[0.455,42.772],[0.464,42.804],[0.456,42.817],[0.468,42.847],[0.46,42.852],[0.473,42.859],[0.477,42.878],[0.497,42.876],[0.502,42.868],[0.526,42.868],[0.534,42.861],[0.55,42.865],[0.562,42.861],[0.576,42.871],[0.602,42.93],[0.627,42.942],[0.646,42.961],[0.619,42.972],[0.612,42.989],[0.624,42.99],[0.628,42.998],[0.616,43.011],[0.607,43.035],[0.593,43.035],[0.592,43.022],[0.567,43.021],[0.54,43.001],[0.531,43.003],[0.532,43.008],[0.528,43.005],[0.536,43.019],[0.538,43.042],[0.547,43.045],[0.567,43.037],[0.56,43.047],[0.562,43.059],[0.553,43.065],[0.564,43.074],[0.532,43.083],[0.532,43.093],[0.501,43.096],[0.498,43.103],[0.503,43.107],[0.491,43.109],[0.489,43.115],[0.453,43.111],[0.463,43.121],[0.442,43.131],[0.522,43.192],[0.524,43.199],[0.506,43.198],[0.517,43.212],[0.552,43.209],[0.574,43.22],[0.573,43.233],[0.553,43.238],[0.567,43.252],[0.578,43.254],[0.589,43.269],[0.614,43.277],[0.616,43.289],[0.636,43.296],[0.636,43.301],[0.607,43.311],[0.612,43.316],[0.649,43.313],[0.675,43.33],[0.714,43.377],[0.734,43.371],[0.747,43.382],[0.754,43.389],[0.745,43.395],[0.759,43.405],[0.749,43.421],[0.807,43.4],[0.821,43.417],[0.842,43.41],[0.866,43.416],[0.888,43.412],[0.895,43.405],[0.917,43.406],[0.928,43.4],[0.933,43.387],[0.946,43.38],[0.947,43.385],[0.963,43.388],[0.967,43.369],[0.989,43.365],[1.006,43.38],[0.998,43.382],[1.002,43.393],[0.993,43.409],[1.0,43.414],[1.023,43.412],[1.026,43.42],[1.03,43.418],[1.019,43.431],[1.034,43.444],[1.034,43.454],[1.045,43.459],[1.018,43.474],[1.036,43.487],[1.052,43.487],[1.046,43.497],[1.056,43.494],[1.059,43.505],[1.073,43.504],[1.05,43.516],[1.055,43.526],[1.076,43.527],[1.053,43.541],[1.088,43.547],[1.097,43.533],[1.119,43.546],[1.112,43.557],[1.156,43.557],[1.163,43.574],[1.199,43.569],[1.202,43.575],[1.201,43.596],[1.18,43.615],[1.173,43.607],[1.159,43.605],[1.143,43.621],[1.148,43.634],[1.14,43.642],[1.111,43.637],[1.095,43.642],[1.089,43.649],[1.101,43.661],[1.075,43.662],[1.064,43.672],[1.049,43.675],[1.052,43.685],[1.06,43.687],[1.057,43.692],[1.064,43.703],[1.038,43.714],[1.028,43.71],[1.02,43.719],[1.023,43.723],[0.989,43.739],[0.986,43.744],[0.993,43.746],[0.975,43.761],[0.966,43.76],[0.97,43.762],[0.956,43.774],[0.954,43.787]]]}},{"type":"Feature","properties":{"code":"32","name":"Gers","group":"metropole"},"geometry":{"type":"Polygon","coordinates":[[[0.076,43.983],[0.117,43.988],[0.127,44.002],[0.142,43.994],[0.139,43.975],[0.158,43.973],[0.166,43.981],[0.167,43.997],[0.18,44.001],[0.19,44.015],[0.204,44.013],[0.206,44.021],[0.214,44.023],[0.234,44.022],[0.23,44.01],[0.253,44.002],[0.257,44.008],[0.303,43.991],[0.318,43.995],[0.317,44.01],[0.327,44.007],[0.358,44.017],[0.382,44.006],[0.391,44.02],[0.411,44.021],[0.418,44.03],[0.442,44.029],[0.46,44.055],[0.502,44.058],[0.506,44.052],[0.512,44.063],[0.538,44.053],[0.555,44.055],[0.567,44.06],[0.576,44.076],[0.594,44.079],[0.628,44.061],[0.632,44.05],[0.655,44.042],[0.652,44.033],[0.663,44.024],[0.68,44.029],[0.684,44.044],[0.697,44.045],[0.708,44.058],[0.742,44.065],[0.752,44.066],[0.764,44.03],[0.82,44.056],[0.829,44.055],[0.836,44.047],[0.865,44.039],[0.851,44.036],[0.84,44.024],[0.825,44.03],[0.813,44.024],[0.825,44.015],[0.819,44.01],[0.828,43.997],[0.806,43.977],[0.796,43.976],[0.784,43.955],[0.761,43.947],[0.765,43.927],[0.771,43.922],[0.809,43.932],[0.843,43.915],[0.864,43.924],[0.874,43.913],[0.902,43.901],[0.884,43.891],[0.883,43.875],[0.906,43.86],[0.913,43.848],[0.895,43.85],[0.895,43.84],[0.925,43.83],[0.904,43.81],[0.898,43.786],[0.949,43.792],[0.956,43.774],[0.97,43.762],[0.966,43.76],[0.975,43.761],[0.993,43.746],[0.986,43.744],[0.989,43.739],[1.023,43.723],[1.02,43.719],[1.028,43.71],[1.038,43.714],[1.064,43.703],[1.057,43.692],[1.06,43.687],[1.052,43.685],[1.049,43.675],[1.064,43.672],[1.075,43.662],[1.101,43.661],[1.089,43.649],[1.095,43.642],[1.111,43.637],[1.14,43.642],[1.148,43.634],[1.143,43.621],[1.159,43.605],[1.173,43.607],[1.18,43.615],[1.201,43.596],[1.202,43.575],[1.199,43.569],[1.163,43.574],[1.156,43.557],[1.112,43.557],[1.119,43.546],[1.097,43.533],[1.088,43.547],[1.053,43.541],[1.076,43.527],[1.055,43.526],[1.05,43.516],[1.073,43.504],[1.059,43.505],[1.056,43.494],[1.046,43.497],[1.052,43.487],[1.036,43.487],[1.018,43.474],[1.045,43.459],[1.034,43.454],[1.034,43.444],[1.019,43.431],[1.03,43.418],[1.026,43.42],[1.023,43.412],[1.0,43.414],[0.993,43.409],[1.002,43.393],[0.998,43.382],[1.006,43.38],[0.986,43.364],[0.967,43.369],[0.963,43.388],[0.947,43.385],[0.946,43.38],[0.917,43.406],[0.895,43.405],[0.888,43.412],[0.866,43.416],[0.842,43.41],[0.821,43.417],[0.807,43.4],[0.749,43.421],[0.759,43.405],[0.745,43.395],[0.754,43.389],[0.734,43.371],[0.714,43.377],[0.675,43.33],[0.649,43.313],[0.612,43.316],[0.607,43.311],[0.576,43.323],[0.563,43.321],[0.551,43.33],[0.504,43.334],[0.494,43.325],[0.445,43.341],[0.443,43.328],[0.414,43.329],[0.396,43.334],[0.399,43.351],[0.391,43.35],[0.392,43.356],[0.332,43.343],[0.327,43.373],[0.308,43.367],[0.3,43.373],[0.298,43.388],[0.28,43.387],[0.233,43.368],[0.206,43.368],[0.199,43.375],[0.182,43.371],[0.174,43.403],[0.153,43.399],[0.14,43.421],[0.132,43.424],[0.137,43.434],[0.166,43.444],[0.15,43.465],[0.135,43.466],[0.13,43.495],[0.117,43.515],[0.09,43.51],[0.08,43.524],[0.051,43.519],[0.038,43.539],[0.03,43.545],[0.017,43.543],[0.009,43.561],[-0.003,43.566],[-0.006,43.593],[-0.015,43.606],[-0.033,43.604],[-0.045,43.613],[-0.055,43.606],[-0.074,43.606],[-0.077,43.59],[-0.094,43.591],[-0.097,43.582],[-0.105,43.581],[-0.121,43.587],[-0.129,43.581],[-0.148,43.586],[-0.16,43.581],[-0.177,43.597],[-0.205,43.584],[-0.214,43.593],[-0.242,43.583],[-0.248,43.597],[-0.255,43.597],[-0.247,43.616],[-0.278,43.616],[-0.281,43.622],[-0.281,43.643],[-0.264,43.636],[-0.263,43.653],[-0.242,43.655],[-0.246,43.659],[-0.24,43.671],[-0.258,43.674],[-0.257,43.683],[-0.239,43.693],[-0.251,43.708],[-0.194,43.737],[-0.197,43.748],[-0.219,43.75],[-0.207,43.76],[-0.217,43.77],[-0.213,43.779],[-0.222,43.788],[-0.218,43.798],[-0.227,43.808],[-0.216,43.813],[-0.201,43.807],[-0.192,43.81],[-0.198,43.829],[-0.188,43.833],[-0.209,43.858],[-0.196,43.865],[-0.196,43.872],[-0.187,43.862],[-0.186,43.869],[-0.19,43.881],[-0.211,43.885],[-0.222,43.894],[-0.226,43.89],[-0.238,43.894],[-0.231,43.908],[-0.225,43.914],[-0.216,43.907],[-0.2,43.915],[-0.179,43.938],[-0.164,43.927],[-0.154,43.932],[-0.153,43.94],[-0.136,43.936],[-0.125,43.944],[-0.108,43.929],[-0.095,43.929],[-0.099,43.936],[-0.093,43.949],[-0.07,43.945],[-0.059,43.961],[-0.044,43.963],[-0.036,43.984],[0.007,43.954],[0.006,43.944],[-0.024,43.93],[0.031,43.901],[0.041,43.904],[0.059,43.897],[0.077,43.916],[0.055,43.96],[0.068,43.967],[0.067,43.974],[0.076,43.983]]]}},{"type":"Feature","properties":{"code":"33","name":"Gironde","group":"metropole"},"geometry":{"type":"MultiPolygon","coordinates":[[[[-1.239,44.593],[-1.23,44.588],[-1.244,44.589],[-1.244,44.584],[-1.234,44.584],[-1.247,44.583],[-1.246,44.572],[-1.252,44.58],[-1.239,44.593]]],[[[-1.03,44.649],[-1.026,44.662],[-1.014,44.652],[-1.03,44.649]]],[[[-1.024,44.644],[-1.027,44.65],[-1.021,44.647],[-1.024,44.644]]],[[[-1.178,44.697],[-1.188,44.702],[-1.179,44.704],[-1.178,44.697]]],[[[-1.026,45.575],[-0.841,45.435],[-0.774,45.369],[-0.753,45.322],[-0.714,45.328],[-0.644,45.322],[-0.645,45.315],[-0.608,45.324],[-0.594,45.321],[-0.594,45.335],[-0.587,45.344],[-0.569,45.332],[-0.575,45.316],[-0.566,45.296],[-0.514,45.286],[-0.473,45.294],[-0.425,45.279],[-0.415,45.269],[-0.425,45.248],[-0.407,45.248],[-0.405,45.24],[-0.421,45.209],[-0.403,45.191],[-0.385,45.146],[-0.364,45.17],[-0.349,45.17],[-0.321,45.156],[-0.314,45.138],[-0.308,45.149],[-0.275,45.141],[-0.259,45.114],[-0.247,45.109],[-0.222,45.108],[-0.191,45.094],[-0.154,45.089],[-0.132,45.095],[-0.13,45.104],[-0.098,45.121],[-0.088,45.121],[-0.064,45.099],[-0.048,45.097],[-0.026,45.115],[-0.004,45.12],[0.046,45.114],[0.063,45.096],[0.073,45.069],[0.054,45.039],[0.044,45.036],[0.035,45.014],[0.04,44.993],[0.032,44.979],[0.014,44.979],[0.01,44.954],[0.003,44.947],[0.035,44.916],[-0.011,44.858],[-0.034,44.852],[-0.001,44.846],[0.021,44.85],[0.039,44.839],[0.039,44.827],[0.062,44.826],[0.072,44.819],[0.09,44.833],[0.107,44.833],[0.112,44.819],[0.124,44.828],[0.147,44.829],[0.191,44.82],[0.206,44.839],[0.242,44.857],[0.237,44.871],[0.241,44.873],[0.285,44.865],[0.315,44.845],[0.301,44.84],[0.301,44.829],[0.292,44.832],[0.287,44.823],[0.264,44.826],[0.275,44.8],[0.271,44.785],[0.297,44.762],[0.295,44.757],[0.252,44.75],[0.24,44.763],[0.229,44.765],[0.217,44.756],[0.21,44.74],[0.219,44.725],[0.201,44.723],[0.192,44.749],[0.184,44.749],[0.175,44.734],[0.151,44.73],[0.14,44.736],[0.139,44.721],[0.135,44.722],[0.14,44.714],[0.133,44.705],[0.118,44.713],[0.1,44.701],[0.106,44.696],[0.104,44.686],[0.134,44.682],[0.13,44.673],[0.137,44.666],[0.162,44.671],[0.183,44.661],[0.169,44.647],[0.165,44.633],[0.138,44.639],[0.139,44.627],[0.155,44.615],[0.151,44.609],[0.135,44.608],[0.111,44.59],[0.082,44.584],[0.086,44.576],[0.072,44.549],[0.038,44.554],[0.021,44.541],[-0.001,44.552],[0.018,44.53],[-0.015,44.507],[-0.013,44.461],[0.005,44.457],[0.008,44.447],[-0.005,44.442],[-0.006,44.424],[-0.014,44.419],[-0.005,44.418],[-0.009,44.412],[0.018,44.39],[0.007,44.382],[0.024,44.377],[0.015,44.367],[-0.012,44.372],[-0.029,44.36],[-0.058,44.361],[-0.079,44.354],[-0.086,44.338],[-0.035,44.297],[-0.043,44.294],[-0.033,44.272],[-0.053,44.266],[-0.064,44.249],[-0.074,44.252],[-0.088,44.236],[-0.097,44.238],[-0.108,44.231],[-0.123,44.241],[-0.141,44.226],[-0.166,44.241],[-0.175,44.257],[-0.194,44.272],[-0.204,44.264],[-0.226,44.265],[-0.223,44.206],[-0.272,44.194],[-0.311,44.203],[-0.39,44.209],[-0.397,44.237],[-0.383,44.286],[-0.405,44.287],[-0.432,44.301],[-0.432,44.323],[-0.479,44.325],[-0.518,44.339],[-0.528,44.365],[-0.571,44.383],[-0.642,44.4],[-0.625,44.412],[-0.628,44.443],[-0.644,44.45],[-0.676,44.457],[-0.682,44.444],[-0.691,44.441],[-0.73,44.448],[-0.781,44.44],[-0.78,44.428],[-0.798,44.428],[-0.81,44.42],[-0.843,44.418],[-0.919,44.443],[-0.97,44.429],[-1.029,44.423],[-1.008,44.437],[-0.981,44.483],[-0.988,44.508],[-0.991,44.512],[-1.027,44.507],[-1.084,44.532],[-1.107,44.502],[-1.254,44.468],[-1.251,44.512],[-1.259,44.547],[-1.232,44.569],[-1.212,44.6],[-1.205,44.614],[-1.204,44.64],[-1.192,44.661],[-1.144,44.66],[-1.14,44.653],[-1.155,44.644],[-1.149,44.64],[-1.143,44.647],[-1.128,44.648],[-1.081,44.64],[-1.075,44.646],[-1.051,44.644],[-1.052,44.649],[-1.039,44.654],[-1.022,44.642],[-1.02,44.649],[-1.004,44.648],[-1.019,44.664],[-1.024,44.676],[-1.019,44.678],[-1.044,44.681],[-1.038,44.686],[-1.05,44.682],[-1.069,44.696],[-1.037,44.692],[-1.056,44.71],[-1.104,44.742],[-1.118,44.744],[-1.123,44.751],[-1.117,44.756],[-1.131,44.752],[-1.168,44.776],[-1.18,44.758],[-1.172,44.751],[-1.174,44.745],[-1.19,44.737],[-1.204,44.718],[-1.223,44.71],[-1.232,44.695],[-1.245,44.648],[-1.245,44.623],[-1.252,44.618],[-1.262,44.632],[-1.206,44.974],[-1.162,45.3],[-1.161,45.411],[-1.151,45.442],[-1.156,45.476],[-1.139,45.508],[-1.101,45.54],[-1.091,45.562],[-1.062,45.572],[-1.026,45.575]]]]}},{"type":"Feature","properties":{"code":"34","name":"Hérault","group":"metropole"},"geometry":{"type":"MultiPolygon","coordinates":[[[[3.501,43.263],[3.502,43.264],[3.504,43.263],[3.501,43.263]]],[[[3.358,43.914],[3.362,43.91],[3.37,43.917],[3.395,43.909],[3.401,43.915],[3.415,43.915],[3.427,43.91],[3.438,43.901],[3.44,43.897],[3.432,43.894],[3.441,43.888],[3.431,43.873],[3.422,43.872],[3.432,43.863],[3.463,43.872],[3.483,43.892],[3.496,43.889],[3.503,43.897],[3.513,43.896],[3.523,43.888],[3.519,43.863],[3.528,43.861],[3.528,43.854],[3.549,43.851],[3.558,43.857],[3.579,43.844],[3.601,43.849],[3.576,43.865],[3.585,43.88],[3.6,43.887],[3.624,43.917],[3.639,43.916],[3.632,43.899],[3.639,43.896],[3.648,43.902],[3.643,43.916],[3.671,43.91],[3.679,43.925],[3.675,43.93],[3.689,43.94],[3.682,43.947],[3.686,43.954],[3.705,43.962],[3.713,43.959],[3.731,43.972],[3.787,43.967],[3.787,43.955],[3.796,43.942],[3.827,43.937],[3.824,43.927],[3.829,43.925],[3.8,43.891],[3.804,43.879],[3.822,43.875],[3.831,43.866],[3.838,43.871],[3.852,43.868],[3.857,43.877],[3.903,43.879],[3.917,43.888],[3.922,43.858],[3.958,43.854],[3.958,43.844],[3.979,43.843],[3.973,43.837],[3.978,43.83],[3.962,43.817],[3.963,43.804],[3.974,43.801],[4.001,43.813],[4.019,43.807],[4.054,43.786],[4.054,43.772],[4.093,43.763],[4.094,43.752],[4.114,43.738],[4.143,43.737],[4.167,43.699],[4.163,43.687],[4.194,43.655],[4.194,43.642],[4.169,43.609],[4.149,43.597],[4.15,43.586],[4.099,43.585],[4.084,43.592],[4.075,43.588],[4.096,43.582],[4.109,43.568],[4.101,43.554],[4.056,43.558],[4.007,43.552],[3.9,43.514],[3.839,43.478],[3.797,43.441],[3.725,43.416],[3.726,43.401],[3.692,43.392],[3.67,43.394],[3.646,43.385],[3.566,43.326],[3.51,43.272],[3.444,43.282],[3.43,43.29],[3.394,43.286],[3.347,43.272],[3.241,43.213],[3.226,43.22],[3.199,43.25],[3.158,43.242],[3.144,43.247],[3.148,43.253],[3.142,43.26],[3.12,43.262],[3.111,43.253],[3.087,43.264],[3.078,43.262],[3.054,43.28],[3.022,43.282],[3.023,43.277],[3.011,43.274],[3.013,43.282],[3.005,43.285],[3.004,43.32],[2.947,43.312],[2.921,43.326],[2.91,43.32],[2.89,43.328],[2.884,43.335],[2.892,43.344],[2.89,43.365],[2.87,43.373],[2.869,43.382],[2.855,43.373],[2.869,43.359],[2.871,43.342],[2.876,43.34],[2.869,43.331],[2.806,43.32],[2.818,43.31],[2.792,43.293],[2.788,43.272],[2.763,43.255],[2.7,43.279],[2.707,43.294],[2.692,43.321],[2.676,43.314],[2.675,43.302],[2.659,43.293],[2.632,43.298],[2.617,43.284],[2.601,43.298],[2.6,43.314],[2.585,43.333],[2.556,43.338],[2.551,43.334],[2.541,43.346],[2.557,43.367],[2.551,43.378],[2.555,43.388],[2.569,43.4],[2.588,43.4],[2.595,43.409],[2.566,43.423],[2.606,43.431],[2.606,43.441],[2.618,43.438],[2.646,43.459],[2.638,43.465],[2.643,43.469],[2.666,43.462],[2.668,43.47],[2.656,43.482],[2.655,43.497],[2.659,43.517],[2.676,43.513],[2.616,43.566],[2.632,43.584],[2.615,43.6],[2.629,43.61],[2.626,43.618],[2.635,43.625],[2.645,43.66],[2.652,43.658],[2.652,43.649],[2.685,43.654],[2.723,43.644],[2.755,43.614],[2.782,43.626],[2.795,43.624],[2.814,43.641],[2.828,43.637],[2.847,43.646],[2.874,43.645],[2.879,43.657],[2.907,43.654],[2.92,43.662],[2.919,43.688],[2.981,43.708],[3.012,43.704],[3.027,43.693],[3.044,43.697],[3.06,43.693],[3.069,43.708],[3.053,43.716],[3.058,43.727],[3.052,43.732],[3.059,43.738],[3.053,43.746],[3.056,43.755],[3.068,43.757],[3.076,43.769],[3.059,43.78],[3.049,43.804],[3.063,43.809],[3.058,43.82],[3.065,43.836],[3.086,43.836],[3.132,43.816],[3.211,43.813],[3.249,43.83],[3.251,43.843],[3.234,43.859],[3.238,43.87],[3.257,43.879],[3.269,43.898],[3.319,43.891],[3.343,43.894],[3.34,43.902],[3.358,43.914]]]]}},{"type":"Feature","properties":{"code":"35","name":"Ille-et-Vilaine","group":"metropole"},"geometry":{"type":"MultiPolygon","coordinates":[[[[-1.954,48.697],[-1.955,48.699],[-1.953,48.699],[-1.954,48.697]]],[[[-2.124,48.604],[-2.136,48.613],[-2.139,48.625],[-2.15,48.627],[-2.151,48.635],[-2.141,48.632],[-2.132,48.639],[-2.125,48.635],[-2.112,48.644],[-2.111,48.638],[-2.095,48.634],[-2.077,48.641],[-2.049,48.639],[-2.046,48.636],[-2.055,48.627],[-2.03,48.624],[-2.031,48.604],[-2.02,48.604],[-2.025,48.598],[-1.994,48.578],[-2.013,48.571],[-2.007,48.566],[-2.044,48.541],[-2.054,48.554],[-2.045,48.557],[-2.045,48.564],[-2.058,48.57],[-2.095,48.571],[-2.125,48.591],[-2.124,48.604]]],[[[-1.948,48.539],[-1.969,48.537],[-1.961,48.549],[-1.963,48.556],[-1.978,48.557],[-1.972,48.564],[-1.987,48.585],[-1.955,48.576],[-1.966,48.584],[-1.961,48.592],[-1.998,48.591],[-2.002,48.594],[-1.997,48.604],[-2.012,48.598],[-2.001,48.615],[-2.015,48.614],[-2.014,48.627],[-2.031,48.634],[-2.02,48.64],[-2.029,48.65],[-1.989,48.665],[-1.982,48.676],[-1.991,48.683],[-1.938,48.684],[-1.959,48.691],[-1.938,48.694],[-1.936,48.703],[-1.933,48.694],[-1.917,48.696],[-1.905,48.69],[-1.89,48.699],[-1.875,48.695],[-1.845,48.712],[-1.849,48.695],[-1.836,48.68],[-1.863,48.667],[-1.872,48.646],[-1.86,48.627],[-1.843,48.615],[-1.768,48.602],[-1.664,48.61],[-1.571,48.626],[-1.566,48.614],[-1.537,48.599],[-1.543,48.58],[-1.528,48.579],[-1.519,48.567],[-1.527,48.566],[-1.524,48.562],[-1.533,48.546],[-1.516,48.538],[-1.518,48.53],[-1.495,48.507],[-1.49,48.489],[-1.45,48.488],[-1.435,48.477],[-1.44,48.471],[-1.428,48.462],[-1.38,48.456],[-1.346,48.472],[-1.349,48.482],[-1.339,48.491],[-1.329,48.486],[-1.328,48.498],[-1.301,48.499],[-1.288,48.51],[-1.278,48.51],[-1.269,48.527],[-1.272,48.534],[-1.249,48.544],[-1.231,48.537],[-1.207,48.542],[-1.193,48.529],[-1.17,48.531],[-1.147,48.517],[-1.116,48.522],[-1.104,48.513],[-1.07,48.508],[-1.067,48.504],[-1.077,48.502],[-1.079,48.49],[-1.07,48.486],[-1.079,48.482],[-1.073,48.482],[-1.074,48.473],[-1.064,48.467],[-1.065,48.451],[-1.08,48.444],[-1.084,48.434],[-1.077,48.422],[-1.08,48.414],[-1.054,48.384],[-1.065,48.367],[-1.055,48.364],[-1.06,48.349],[-1.045,48.328],[-1.091,48.289],[-1.102,48.263],[-1.081,48.219],[-1.087,48.209],[-1.074,48.2],[-1.08,48.175],[-1.074,48.159],[-1.064,48.16],[-1.06,48.15],[-1.05,48.09],[-1.022,48.068],[-1.034,48.052],[-1.026,48.046],[-1.035,48.034],[-1.018,48.013],[-1.021,47.995],[-1.072,47.982],[-1.092,47.988],[-1.125,47.987],[-1.125,47.972],[-1.155,47.966],[-1.161,47.959],[-1.16,47.938],[-1.167,47.936],[-1.163,47.928],[-1.176,47.912],[-1.176,47.897],[-1.197,47.889],[-1.189,47.867],[-1.224,47.851],[-1.214,47.845],[-1.216,47.831],[-1.22,47.821],[-1.236,47.818],[-1.243,47.808],[-1.236,47.798],[-1.246,47.777],[-1.365,47.799],[-1.361,47.803],[-1.378,47.81],[-1.389,47.828],[-1.404,47.824],[-1.423,47.832],[-1.478,47.836],[-1.482,47.831],[-1.467,47.809],[-1.471,47.803],[-1.503,47.801],[-1.529,47.785],[-1.586,47.78],[-1.598,47.77],[-1.594,47.767],[-1.623,47.764],[-1.637,47.742],[-1.638,47.722],[-1.649,47.721],[-1.658,47.709],[-1.69,47.713],[-1.711,47.708],[-1.711,47.7],[-1.722,47.698],[-1.745,47.707],[-1.772,47.698],[-1.821,47.705],[-1.828,47.711],[-1.842,47.705],[-1.858,47.708],[-1.878,47.695],[-1.936,47.687],[-1.956,47.671],[-1.968,47.672],[-1.974,47.694],[-2.013,47.666],[-2.039,47.67],[-2.05,47.662],[-2.051,47.65],[-2.084,47.649],[-2.099,47.632],[-2.105,47.638],[-2.094,47.64],[-2.096,47.647],[-2.114,47.648],[-2.103,47.665],[-2.104,47.676],[-2.123,47.683],[-2.119,47.711],[-2.131,47.722],[-2.107,47.732],[-2.109,47.737],[-2.058,47.742],[-2.062,47.751],[-2.084,47.75],[-2.085,47.763],[-2.126,47.761],[-2.128,47.769],[-2.11,47.771],[-2.11,47.779],[-2.097,47.778],[-2.072,47.79],[-2.07,47.811],[-2.047,47.818],[-2.036,47.833],[-2.052,47.841],[-2.055,47.869],[-2.069,47.852],[-2.091,47.843],[-2.109,47.849],[-2.106,47.858],[-2.096,47.862],[-2.117,47.881],[-2.116,47.89],[-2.101,47.896],[-2.106,47.902],[-2.085,47.905],[-2.086,47.914],[-2.079,47.919],[-2.098,47.933],[-2.1,47.948],[-2.111,47.96],[-2.127,47.966],[-2.144,47.984],[-2.178,47.98],[-2.191,47.991],[-2.239,48.0],[-2.288,47.992],[-2.29,48.001],[-2.276,48.01],[-2.283,48.018],[-2.28,48.026],[-2.261,48.042],[-2.242,48.053],[-2.189,48.052],[-2.17,48.063],[-2.168,48.076],[-2.181,48.083],[-2.22,48.081],[-2.236,48.076],[-2.234,48.063],[-2.256,48.063],[-2.258,48.073],[-2.248,48.085],[-2.254,48.09],[-2.255,48.109],[-2.287,48.137],[-2.283,48.145],[-2.267,48.152],[-2.25,48.144],[-2.236,48.145],[-2.249,48.159],[-2.231,48.163],[-2.223,48.174],[-2.218,48.204],[-2.228,48.21],[-2.184,48.21],[-2.191,48.225],[-2.187,48.248],[-2.154,48.261],[-2.107,48.252],[-2.111,48.257],[-2.096,48.267],[-2.114,48.271],[-2.081,48.277],[-2.075,48.285],[-2.077,48.294],[-2.053,48.298],[-2.049,48.29],[-2.014,48.28],[-2.002,48.281],[-2.005,48.292],[-1.999,48.29],[-1.993,48.299],[-1.975,48.302],[-1.965,48.29],[-1.958,48.293],[-1.968,48.303],[-1.957,48.307],[-1.959,48.314],[-1.954,48.316],[-1.967,48.343],[-1.929,48.347],[-1.933,48.361],[-1.943,48.36],[-1.948,48.369],[-1.945,48.382],[-1.938,48.383],[-1.94,48.393],[-1.93,48.395],[-1.943,48.401],[-1.936,48.407],[-1.941,48.411],[-1.936,48.417],[-1.952,48.429],[-1.952,48.439],[-1.946,48.448],[-1.926,48.456],[-1.924,48.463],[-1.933,48.47],[-1.928,48.476],[-1.909,48.482],[-1.923,48.499],[-1.923,48.505],[-1.911,48.506],[-1.919,48.535],[-1.927,48.538],[-1.922,48.544],[-1.932,48.551],[-1.948,48.539]]]]}},{"type":"Feature","properties":{"code":"36","name":"Indre","group":"metropole"},"geometry":{"type":"Polygon","coordinates":[[[1.327,47.186],[1.338,47.196],[1.371,47.2],[1.401,47.212],[1.421,47.229],[1.458,47.24],[1.503,47.235],[1.531,47.219],[1.535,47.225],[1.525,47.241],[1.531,47.249],[1.524,47.255],[1.566,47.262],[1.591,47.257],[1.592,47.277],[1.652,47.273],[1.645,47.264],[1.667,47.257],[1.705,47.265],[1.705,47.271],[1.716,47.277],[1.776,47.231],[1.791,47.231],[1.796,47.238],[1.839,47.219],[1.842,47.178],[1.823,47.174],[1.808,47.153],[1.775,47.131],[1.794,47.121],[1.827,47.122],[1.849,47.109],[1.883,47.101],[1.905,47.109],[1.923,47.102],[1.964,47.125],[1.976,47.121],[1.997,47.127],[2.0,47.114],[2.013,47.111],[2.003,47.094],[2.029,47.095],[2.025,47.104],[2.049,47.107],[2.054,47.102],[2.047,47.094],[2.056,47.072],[2.041,47.066],[2.031,47.042],[2.051,47.042],[2.067,47.026],[2.101,47.01],[2.109,46.997],[2.092,46.988],[2.096,46.985],[2.087,46.974],[2.088,46.96],[2.07,46.954],[2.07,46.934],[2.11,46.913],[2.147,46.918],[2.155,46.912],[2.126,46.88],[2.083,46.869],[2.096,46.855],[2.076,46.835],[2.045,46.837],[2.072,46.809],[2.096,46.801],[2.117,46.78],[2.115,46.774],[2.108,46.776],[2.107,46.765],[2.096,46.755],[2.067,46.752],[2.072,46.735],[2.093,46.724],[2.087,46.713],[2.126,46.708],[2.155,46.692],[2.144,46.682],[2.148,46.677],[2.137,46.677],[2.139,46.664],[2.163,46.654],[2.163,46.646],[2.176,46.651],[2.179,46.643],[2.189,46.642],[2.18,46.628],[2.187,46.617],[2.186,46.603],[2.177,46.602],[2.167,46.589],[2.175,46.564],[2.159,46.558],[2.182,46.527],[2.183,46.509],[2.196,46.505],[2.199,46.498],[2.194,46.496],[2.205,46.49],[2.193,46.47],[2.151,46.458],[2.158,46.44],[2.154,46.434],[2.168,46.424],[2.115,46.422],[2.103,46.409],[2.089,46.409],[2.074,46.42],[1.993,46.431],[1.979,46.442],[1.924,46.432],[1.921,46.44],[1.909,46.444],[1.902,46.438],[1.885,46.441],[1.887,46.434],[1.855,46.434],[1.84,46.426],[1.819,46.43],[1.817,46.44],[1.798,46.455],[1.782,46.455],[1.748,46.45],[1.759,46.44],[1.755,46.438],[1.76,46.427],[1.749,46.413],[1.751,46.406],[1.727,46.39],[1.709,46.393],[1.684,46.418],[1.642,46.385],[1.629,46.388],[1.614,46.4],[1.623,46.418],[1.616,46.423],[1.599,46.419],[1.592,46.407],[1.579,46.41],[1.546,46.393],[1.544,46.419],[1.527,46.427],[1.511,46.421],[1.498,46.395],[1.478,46.394],[1.465,46.375],[1.446,46.375],[1.443,46.365],[1.435,46.365],[1.44,46.356],[1.417,46.347],[1.406,46.364],[1.395,46.368],[1.397,46.372],[1.384,46.375],[1.356,46.4],[1.344,46.402],[1.314,46.395],[1.323,46.385],[1.311,46.384],[1.312,46.373],[1.284,46.372],[1.26,46.379],[1.238,46.366],[1.22,46.366],[1.21,46.39],[1.192,46.377],[1.182,46.376],[1.177,46.384],[1.197,46.401],[1.193,46.41],[1.213,46.432],[1.204,46.435],[1.186,46.428],[1.186,46.441],[1.15,46.451],[1.136,46.471],[1.157,46.47],[1.133,46.498],[1.141,46.497],[1.149,46.502],[1.146,46.506],[1.091,46.538],[1.02,46.537],[1.025,46.549],[1.015,46.568],[0.989,46.565],[0.974,46.575],[0.964,46.571],[0.935,46.586],[0.938,46.594],[0.916,46.597],[0.906,46.619],[0.894,46.629],[0.908,46.644],[0.906,46.649],[0.918,46.651],[0.907,46.666],[0.911,46.677],[0.902,46.679],[0.928,46.695],[0.908,46.719],[0.913,46.726],[0.902,46.736],[0.879,46.739],[0.867,46.748],[0.885,46.755],[0.904,46.754],[0.906,46.759],[0.927,46.757],[0.945,46.737],[0.956,46.737],[0.98,46.754],[0.983,46.764],[1.012,46.758],[0.999,46.781],[1.005,46.786],[1.003,46.795],[0.987,46.798],[0.984,46.804],[1.008,46.812],[1.012,46.84],[1.023,46.846],[1.017,46.856],[1.034,46.907],[1.036,46.94],[1.064,46.956],[1.059,46.974],[1.05,46.981],[1.056,46.983],[1.056,46.996],[1.074,47.003],[1.07,47.007],[1.084,47.021],[1.11,47.029],[1.129,47.027],[1.161,47.04],[1.183,47.041],[1.199,47.028],[1.223,47.024],[1.232,47.014],[1.253,47.022],[1.278,47.04],[1.269,47.049],[1.283,47.055],[1.294,47.072],[1.312,47.072],[1.317,47.085],[1.31,47.096],[1.318,47.104],[1.343,47.101],[1.356,47.108],[1.366,47.124],[1.347,47.169],[1.327,47.186]]]}},{"type":"Feature","properties":{"code":"37","name":"Indre-et-Loire","group":"metropole"},"geometry":{"type":"Polygon","coordinates":[[[0.614,47.694],[0.629,47.709],[0.639,47.71],[0.644,47.7],[0.654,47.699],[0.643,47.686],[0.648,47.684],[0.675,47.699],[0.704,47.683],[0.739,47.696],[0.788,47.68],[0.828,47.677],[0.867,47.691],[0.86,47.681],[0.86,47.665],[0.844,47.645],[0.863,47.632],[0.85,47.625],[0.861,47.599],[0.898,47.604],[0.892,47.612],[0.906,47.616],[0.92,47.633],[0.954,47.625],[0.965,47.63],[0.971,47.622],[0.992,47.62],[0.984,47.605],[0.987,47.591],[0.997,47.584],[1.004,47.584],[1.012,47.604],[1.033,47.608],[1.063,47.566],[1.077,47.571],[1.075,47.558],[1.047,47.54],[1.045,47.531],[1.07,47.523],[1.067,47.515],[1.074,47.512],[1.066,47.505],[1.095,47.469],[1.085,47.464],[1.113,47.466],[1.133,47.449],[1.114,47.428],[1.085,47.43],[1.111,47.409],[1.114,47.396],[1.124,47.392],[1.122,47.382],[1.104,47.37],[1.123,47.354],[1.113,47.348],[1.106,47.331],[1.095,47.329],[1.108,47.298],[1.122,47.293],[1.127,47.298],[1.162,47.272],[1.176,47.288],[1.194,47.283],[1.224,47.294],[1.242,47.287],[1.243,47.274],[1.265,47.256],[1.276,47.257],[1.295,47.237],[1.324,47.188],[1.347,47.169],[1.351,47.152],[1.364,47.135],[1.366,47.124],[1.356,47.108],[1.343,47.101],[1.318,47.104],[1.31,47.096],[1.317,47.085],[1.312,47.072],[1.294,47.072],[1.283,47.055],[1.269,47.049],[1.278,47.04],[1.253,47.022],[1.232,47.014],[1.223,47.024],[1.199,47.028],[1.183,47.041],[1.161,47.04],[1.129,47.027],[1.11,47.029],[1.084,47.021],[1.07,47.007],[1.074,47.003],[1.056,46.996],[1.056,46.983],[1.05,46.981],[1.059,46.974],[1.064,46.956],[1.036,46.94],[1.034,46.907],[1.017,46.856],[1.023,46.846],[1.012,46.84],[1.008,46.812],[0.984,46.804],[0.987,46.798],[1.003,46.795],[1.005,46.786],[0.999,46.781],[1.012,46.758],[0.983,46.764],[0.98,46.754],[0.956,46.737],[0.945,46.737],[0.927,46.757],[0.906,46.759],[0.904,46.754],[0.885,46.755],[0.867,46.748],[0.859,46.76],[0.848,46.761],[0.828,46.777],[0.828,46.787],[0.813,46.791],[0.817,46.803],[0.81,46.809],[0.809,46.828],[0.787,46.839],[0.794,46.851],[0.767,46.851],[0.772,46.864],[0.752,46.861],[0.704,46.903],[0.709,46.918],[0.694,46.973],[0.662,46.978],[0.648,46.988],[0.637,46.985],[0.621,46.997],[0.624,47.004],[0.619,47.007],[0.568,47.006],[0.574,46.983],[0.601,46.973],[0.6,46.957],[0.505,46.96],[0.445,46.941],[0.439,46.93],[0.367,46.95],[0.349,46.937],[0.324,46.931],[0.311,46.938],[0.301,46.956],[0.308,46.963],[0.298,46.971],[0.308,46.977],[0.306,46.986],[0.292,46.989],[0.313,46.998],[0.305,47.003],[0.307,47.011],[0.299,47.02],[0.31,47.026],[0.305,47.053],[0.268,47.043],[0.26,47.056],[0.268,47.068],[0.246,47.071],[0.214,47.054],[0.192,47.065],[0.18,47.059],[0.174,47.071],[0.201,47.091],[0.187,47.101],[0.183,47.114],[0.163,47.101],[0.136,47.107],[0.133,47.115],[0.14,47.124],[0.127,47.12],[0.123,47.129],[0.081,47.119],[0.076,47.124],[0.082,47.136],[0.078,47.146],[0.066,47.143],[0.054,47.161],[0.067,47.19],[0.054,47.2],[0.068,47.216],[0.079,47.217],[0.072,47.22],[0.074,47.237],[0.068,47.245],[0.078,47.254],[0.08,47.272],[0.089,47.275],[0.09,47.283],[0.079,47.284],[0.113,47.318],[0.117,47.332],[0.138,47.336],[0.147,47.345],[0.14,47.362],[0.183,47.38],[0.168,47.386],[0.17,47.396],[0.154,47.399],[0.181,47.416],[0.185,47.425],[0.181,47.453],[0.191,47.461],[0.202,47.486],[0.22,47.502],[0.22,47.52],[0.226,47.527],[0.207,47.526],[0.206,47.535],[0.193,47.539],[0.2,47.541],[0.215,47.573],[0.234,47.578],[0.232,47.611],[0.259,47.612],[0.276,47.598],[0.322,47.595],[0.34,47.579],[0.378,47.569],[0.402,47.578],[0.383,47.61],[0.364,47.621],[0.383,47.643],[0.396,47.641],[0.426,47.617],[0.45,47.619],[0.457,47.628],[0.453,47.634],[0.464,47.646],[0.5,47.645],[0.516,47.657],[0.523,47.653],[0.552,47.659],[0.559,47.671],[0.586,47.669],[0.615,47.683],[0.619,47.693],[0.614,47.694]]]}},{"type":"Feature","properties":{"code":"38","name":"Isère","group":"metropole"},"geometry":{"type":"Polygon","coordinates":[[[5.624,45.613],[5.624,45.602],[5.646,45.584],[5.646,45.578],[5.674,45.559],[5.672,45.547],[5.681,45.542],[5.67,45.538],[5.692,45.528],[5.691,45.522],[5.704,45.513],[5.701,45.508],[5.713,45.507],[5.71,45.502],[5.719,45.484],[5.736,45.472],[5.732,45.451],[5.74,45.437],[5.791,45.44],[5.82,45.421],[5.881,45.407],[5.895,45.389],[5.91,45.39],[5.928,45.415],[5.908,45.408],[5.902,45.414],[5.904,45.433],[5.919,45.44],[5.926,45.466],[5.915,45.476],[5.975,45.492],[5.991,45.475],[6.011,45.473],[6.01,45.453],[6.049,45.438],[6.063,45.444],[6.093,45.444],[6.095,45.432],[6.123,45.439],[6.134,45.433],[6.145,45.414],[6.179,45.391],[6.192,45.369],[6.17,45.36],[6.195,45.352],[6.184,45.328],[6.187,45.32],[6.154,45.311],[6.154,45.304],[6.141,45.299],[6.131,45.285],[6.141,45.261],[6.126,45.244],[6.127,45.232],[6.141,45.224],[6.138,45.213],[6.157,45.205],[6.162,45.188],[6.144,45.155],[6.161,45.151],[6.174,45.162],[6.19,45.164],[6.212,45.155],[6.224,45.141],[6.25,45.151],[6.265,45.14],[6.257,45.122],[6.229,45.108],[6.239,45.075],[6.245,45.072],[6.22,45.065],[6.209,45.041],[6.21,45.029],[6.202,45.021],[6.204,45.012],[6.253,44.995],[6.306,45.005],[6.324,44.999],[6.315,44.982],[6.33,44.969],[6.323,44.953],[6.331,44.946],[6.359,44.941],[6.353,44.926],[6.359,44.888],[6.35,44.874],[6.354,44.853],[6.336,44.848],[6.324,44.852],[6.304,44.873],[6.295,44.874],[6.271,44.871],[6.25,44.852],[6.202,44.859],[6.168,44.852],[6.133,44.864],[6.111,44.843],[6.101,44.843],[6.056,44.816],[6.03,44.838],[6.022,44.838],[6.006,44.821],[5.96,44.812],[5.952,44.801],[5.978,44.791],[5.98,44.781],[5.953,44.771],[5.951,44.76],[5.937,44.764],[5.919,44.751],[5.9,44.758],[5.885,44.747],[5.827,44.76],[5.83,44.744],[5.811,44.713],[5.784,44.7],[5.756,44.696],[5.737,44.714],[5.721,44.713],[5.704,44.729],[5.699,44.722],[5.647,44.724],[5.631,44.739],[5.626,44.753],[5.587,44.763],[5.582,44.778],[5.55,44.795],[5.545,44.796],[5.544,44.789],[5.554,44.779],[5.555,44.767],[5.482,44.787],[5.477,44.789],[5.48,44.793],[5.464,44.792],[5.459,44.8],[5.476,44.807],[5.485,44.823],[5.464,44.826],[5.476,44.867],[5.47,44.879],[5.484,44.922],[5.478,44.967],[5.494,44.996],[5.48,45.013],[5.484,45.023],[5.476,45.025],[5.478,45.034],[5.465,45.044],[5.477,45.072],[5.494,45.072],[5.483,45.084],[5.461,45.086],[5.435,45.054],[5.426,45.056],[5.413,45.045],[5.397,45.044],[5.383,45.056],[5.381,45.051],[5.397,45.04],[5.389,45.035],[5.346,45.048],[5.343,45.06],[5.336,45.063],[5.317,45.051],[5.306,45.053],[5.308,45.058],[5.301,45.063],[5.28,45.061],[5.271,45.054],[5.266,45.06],[5.245,45.061],[5.245,45.067],[5.211,45.084],[5.183,45.085],[5.169,45.067],[5.157,45.066],[5.149,45.077],[5.135,45.074],[5.136,45.08],[5.154,45.079],[5.163,45.098],[5.187,45.121],[5.191,45.14],[5.181,45.148],[5.192,45.155],[5.19,45.169],[5.175,45.182],[5.169,45.199],[5.164,45.198],[5.167,45.21],[5.183,45.218],[5.202,45.217],[5.185,45.231],[5.177,45.248],[5.157,45.247],[5.158,45.256],[5.142,45.244],[5.121,45.248],[5.131,45.287],[5.139,45.297],[5.122,45.299],[5.119,45.291],[5.075,45.282],[5.054,45.319],[5.023,45.318],[5.01,45.342],[4.995,45.344],[4.961,45.329],[4.929,45.324],[4.88,45.297],[4.859,45.299],[4.859,45.309],[4.8,45.298],[4.763,45.322],[4.761,45.341],[4.774,45.346],[4.774,45.353],[4.756,45.366],[4.758,45.391],[4.742,45.413],[4.76,45.434],[4.755,45.453],[4.779,45.455],[4.782,45.472],[4.842,45.501],[4.873,45.531],[4.835,45.545],[4.814,45.569],[4.777,45.587],[4.83,45.588],[4.858,45.577],[4.864,45.594],[4.901,45.606],[4.972,45.613],[4.998,45.603],[5.002,45.614],[4.989,45.619],[5.005,45.623],[5.037,45.613],[5.044,45.621],[5.035,45.628],[5.038,45.645],[5.058,45.653],[5.054,45.66],[5.061,45.666],[5.108,45.688],[5.105,45.7],[5.119,45.7],[5.131,45.708],[5.143,45.7],[5.15,45.706],[5.154,45.7],[5.159,45.708],[5.159,45.715],[5.144,45.72],[5.139,45.731],[5.126,45.738],[5.095,45.739],[5.089,45.75],[5.095,45.769],[5.066,45.768],[5.059,45.792],[5.089,45.784],[5.101,45.813],[5.108,45.798],[5.114,45.799],[5.114,45.811],[5.149,45.806],[5.178,45.793],[5.189,45.773],[5.227,45.769],[5.273,45.794],[5.291,45.814],[5.309,45.855],[5.331,45.865],[5.341,45.881],[5.36,45.881],[5.415,45.851],[5.417,45.842],[5.436,45.828],[5.421,45.822],[5.421,45.809],[5.519,45.73],[5.528,45.715],[5.546,45.714],[5.553,45.709],[5.552,45.702],[5.574,45.695],[5.576,45.688],[5.567,45.684],[5.556,45.698],[5.546,45.697],[5.553,45.672],[5.586,45.667],[5.588,45.659],[5.603,45.652],[5.605,45.634],[5.624,45.613]]]}},{"type":"Feature","properties":{"code":"39","name":"Jura","group":"metropole"},"geometry":{"type":"MultiPolygon","coordinates":[[[[5.444,46.845],[5.44,46.851],[5.448,46.847],[5.444,46.845]]],[[[5.519,47.304],[5.53,47.296],[5.531,47.285],[5.556,47.28],[5.556,47.269],[5.57,47.27],[5.578,47.253],[5.602,47.262],[5.624,47.253],[5.653,47.26],[5.653,47.265],[5.671,47.27],[5.67,47.275],[5.692,47.272],[5.72,47.24],[5.714,47.236],[5.723,47.226],[5.72,47.22],[5.738,47.208],[5.738,47.201],[5.757,47.205],[5.762,47.193],[5.786,47.188],[5.785,47.171],[5.793,47.175],[5.811,47.169],[5.814,47.15],[5.828,47.141],[5.816,47.134],[5.787,47.096],[5.771,47.094],[5.785,47.055],[5.763,47.045],[5.746,47.057],[5.737,47.055],[5.753,47.04],[5.749,47.031],[5.741,47.031],[5.748,47.018],[5.763,47.011],[5.788,47.021],[5.799,47.03],[5.797,47.042],[5.81,47.047],[5.818,47.041],[5.814,47.017],[5.839,47.015],[5.847,47.003],[5.856,47.009],[5.882,47.005],[5.885,46.998],[5.897,46.996],[5.911,46.999],[5.921,47.014],[5.913,46.989],[5.922,46.985],[5.92,46.981],[5.94,46.982],[5.95,46.99],[5.944,46.98],[5.976,46.976],[5.973,46.969],[5.98,46.963],[5.957,46.949],[5.997,46.933],[5.981,46.919],[5.981,46.908],[6.011,46.892],[6.006,46.873],[6.017,46.868],[6.022,46.875],[6.033,46.871],[6.023,46.853],[6.047,46.846],[6.065,46.86],[6.087,46.85],[6.087,46.843],[6.106,46.845],[6.113,46.836],[6.152,46.821],[6.149,46.816],[6.181,46.796],[6.207,46.765],[6.184,46.755],[6.181,46.742],[6.07,46.69],[6.106,46.65],[6.059,46.626],[6.065,46.613],[6.054,46.614],[6.049,46.608],[6.126,46.556],[6.138,46.558],[6.149,46.551],[6.156,46.545],[6.149,46.539],[6.153,46.537],[6.122,46.518],[6.097,46.481],[6.073,46.466],[6.074,46.454],[6.086,46.441],[6.064,46.416],[6.053,46.413],[6.015,46.376],[5.984,46.363],[5.941,46.309],[5.922,46.312],[5.909,46.284],[5.895,46.287],[5.873,46.266],[5.864,46.271],[5.853,46.262],[5.821,46.262],[5.766,46.268],[5.725,46.261],[5.714,46.281],[5.719,46.293],[5.715,46.309],[5.688,46.31],[5.667,46.325],[5.648,46.323],[5.644,46.326],[5.649,46.341],[5.643,46.345],[5.631,46.33],[5.61,46.324],[5.594,46.294],[5.565,46.293],[5.537,46.268],[5.52,46.264],[5.503,46.271],[5.474,46.264],[5.457,46.274],[5.459,46.291],[5.466,46.292],[5.474,46.31],[5.467,46.323],[5.438,46.316],[5.424,46.348],[5.417,46.345],[5.414,46.317],[5.405,46.31],[5.401,46.34],[5.375,46.35],[5.377,46.364],[5.363,46.37],[5.378,46.382],[5.363,46.394],[5.352,46.393],[5.341,46.402],[5.334,46.397],[5.299,46.413],[5.312,46.416],[5.307,46.418],[5.309,46.425],[5.324,46.428],[5.311,46.446],[5.314,46.454],[5.323,46.456],[5.323,46.463],[5.373,46.46],[5.384,46.471],[5.398,46.467],[5.418,46.476],[5.42,46.502],[5.41,46.5],[5.385,46.516],[5.358,46.52],[5.363,46.552],[5.356,46.563],[5.368,46.567],[5.362,46.577],[5.368,46.58],[5.406,46.582],[5.414,46.6],[5.396,46.611],[5.417,46.615],[5.441,46.636],[5.413,46.654],[5.427,46.66],[5.419,46.668],[5.422,46.673],[5.395,46.685],[5.408,46.696],[5.408,46.703],[5.394,46.708],[5.397,46.717],[5.39,46.723],[5.394,46.729],[5.361,46.731],[5.366,46.751],[5.373,46.751],[5.39,46.771],[5.372,46.777],[5.371,46.786],[5.362,46.784],[5.354,46.793],[5.34,46.791],[5.327,46.815],[5.338,46.823],[5.342,46.82],[5.339,46.826],[5.352,46.814],[5.368,46.825],[5.408,46.833],[5.429,46.826],[5.463,46.827],[5.457,46.831],[5.465,46.841],[5.457,46.845],[5.459,46.855],[5.44,46.862],[5.436,46.861],[5.44,46.856],[5.45,46.856],[5.444,46.852],[5.402,46.868],[5.404,46.89],[5.399,46.893],[5.362,46.883],[5.352,46.893],[5.336,46.885],[5.329,46.888],[5.329,46.896],[5.312,46.91],[5.308,46.938],[5.283,46.94],[5.262,46.927],[5.264,46.937],[5.252,46.947],[5.26,46.946],[5.265,46.959],[5.253,46.979],[5.272,46.989],[5.274,46.998],[5.301,47.002],[5.305,47.012],[5.318,47.013],[5.275,47.027],[5.284,47.048],[5.306,47.063],[5.311,47.058],[5.322,47.073],[5.335,47.078],[5.386,47.082],[5.398,47.094],[5.398,47.106],[5.411,47.114],[5.409,47.127],[5.439,47.142],[5.438,47.153],[5.451,47.162],[5.459,47.183],[5.446,47.2],[5.48,47.217],[5.474,47.231],[5.486,47.243],[5.48,47.256],[5.488,47.268],[5.488,47.289],[5.505,47.283],[5.519,47.304]]]]}},{"type":"Feature","properties":{"code":"40","name":"Landes","group":"metropole"},"geometry":{"type":"Polygon","coordinates":[[[-0.243,43.585],[-0.283,43.586],[-0.291,43.568],[-0.301,43.571],[-0.304,43.56],[-0.336,43.551],[-0.357,43.563],[-0.394,43.569],[-0.452,43.55],[-0.463,43.567],[-0.453,43.564],[-0.443,43.578],[-0.432,43.579],[-0.432,43.587],[-0.449,43.596],[-0.505,43.573],[-0.511,43.563],[-0.546,43.545],[-0.557,43.543],[-0.567,43.558],[-0.596,43.538],[-0.614,43.538],[-0.634,43.554],[-0.658,43.556],[-0.641,43.575],[-0.688,43.557],[-0.707,43.56],[-0.709,43.541],[-0.717,43.541],[-0.772,43.579],[-0.782,43.577],[-0.782,43.564],[-0.794,43.564],[-0.804,43.556],[-0.824,43.561],[-0.843,43.554],[-0.846,43.542],[-0.905,43.551],[-0.923,43.543],[-0.921,43.535],[-0.927,43.532],[-0.94,43.539],[-0.946,43.532],[-0.988,43.541],[-1.001,43.538],[-0.989,43.531],[-0.992,43.504],[-1.024,43.502],[-1.046,43.514],[-1.069,43.508],[-1.073,43.519],[-1.082,43.522],[-1.088,43.511],[-1.109,43.514],[-1.118,43.501],[-1.138,43.5],[-1.144,43.488],[-1.153,43.497],[-1.169,43.492],[-1.172,43.505],[-1.133,43.51],[-1.131,43.519],[-1.156,43.53],[-1.171,43.546],[-1.196,43.546],[-1.291,43.498],[-1.327,43.505],[-1.368,43.495],[-1.418,43.497],[-1.431,43.515],[-1.465,43.517],[-1.461,43.532],[-1.478,43.54],[-1.501,43.527],[-1.525,43.53],[-1.448,43.642],[-1.437,43.711],[-1.404,43.825],[-1.389,43.858],[-1.313,44.141],[-1.254,44.468],[-1.107,44.502],[-1.084,44.532],[-1.027,44.507],[-0.991,44.512],[-0.988,44.508],[-0.981,44.483],[-1.008,44.437],[-1.029,44.423],[-0.97,44.429],[-0.919,44.443],[-0.843,44.418],[-0.81,44.42],[-0.798,44.428],[-0.78,44.428],[-0.781,44.44],[-0.73,44.448],[-0.691,44.441],[-0.682,44.444],[-0.676,44.457],[-0.644,44.45],[-0.628,44.443],[-0.625,44.412],[-0.642,44.4],[-0.571,44.383],[-0.528,44.365],[-0.518,44.339],[-0.479,44.325],[-0.432,44.323],[-0.432,44.301],[-0.405,44.287],[-0.383,44.286],[-0.397,44.237],[-0.39,44.209],[-0.311,44.203],[-0.275,44.194],[-0.223,44.206],[-0.226,44.265],[-0.204,44.264],[-0.194,44.272],[-0.175,44.257],[-0.166,44.241],[-0.139,44.223],[-0.129,44.204],[-0.129,44.152],[-0.087,44.156],[-0.004,44.15],[0.035,44.131],[0.135,44.124],[0.131,44.12],[0.137,44.11],[0.1,44.086],[0.105,44.078],[0.097,44.077],[0.094,44.066],[0.083,44.064],[0.087,44.052],[0.079,44.045],[0.076,44.03],[0.06,44.025],[0.063,44.001],[0.076,43.983],[0.055,43.957],[0.062,43.941],[0.069,43.939],[0.077,43.915],[0.059,43.897],[0.041,43.904],[0.031,43.901],[-0.024,43.93],[0.006,43.944],[0.007,43.954],[-0.036,43.984],[-0.044,43.963],[-0.059,43.961],[-0.07,43.945],[-0.093,43.949],[-0.099,43.936],[-0.095,43.929],[-0.108,43.929],[-0.125,43.944],[-0.136,43.936],[-0.153,43.94],[-0.154,43.932],[-0.164,43.927],[-0.179,43.938],[-0.2,43.915],[-0.216,43.907],[-0.225,43.914],[-0.239,43.898],[-0.234,43.891],[-0.222,43.894],[-0.211,43.885],[-0.19,43.881],[-0.186,43.863],[-0.196,43.872],[-0.196,43.865],[-0.209,43.858],[-0.188,43.833],[-0.198,43.829],[-0.192,43.81],[-0.201,43.807],[-0.216,43.813],[-0.227,43.808],[-0.218,43.798],[-0.222,43.788],[-0.213,43.779],[-0.217,43.77],[-0.207,43.76],[-0.219,43.75],[-0.197,43.748],[-0.194,43.737],[-0.251,43.708],[-0.239,43.693],[-0.257,43.683],[-0.258,43.674],[-0.24,43.671],[-0.246,43.659],[-0.242,43.655],[-0.263,43.653],[-0.264,43.636],[-0.282,43.641],[-0.278,43.616],[-0.247,43.616],[-0.255,43.597],[-0.248,43.597],[-0.243,43.585]]]}},{"type":"Feature","properties":{"code":"41","name":"Loir-et-Cher","group":"metropole"},"geometry":{"type":"Polygon","coordinates":[[[0.841,48.103],[0.876,48.109],[0.891,48.102],[0.91,48.103],[0.944,48.112],[0.949,48.098],[1.006,48.131],[1.041,48.132],[1.046,48.118],[1.007,48.107],[0.991,48.097],[0.992,48.092],[1.009,48.083],[1.021,48.088],[1.069,48.085],[1.068,48.076],[1.112,48.081],[1.106,48.06],[1.119,48.041],[1.144,48.029],[1.167,48.027],[1.167,48.02],[1.159,48.018],[1.17,48.007],[1.187,48.002],[1.191,47.984],[1.203,47.977],[1.192,47.972],[1.196,47.968],[1.247,47.98],[1.265,47.962],[1.3,47.968],[1.309,47.954],[1.344,47.958],[1.346,47.965],[1.37,47.954],[1.387,47.981],[1.407,47.97],[1.436,47.976],[1.44,47.984],[1.433,48.009],[1.44,48.012],[1.499,47.985],[1.528,47.981],[1.54,47.99],[1.547,47.986],[1.552,47.992],[1.558,47.986],[1.565,47.99],[1.567,47.974],[1.548,47.965],[1.546,47.956],[1.555,47.953],[1.532,47.949],[1.522,47.932],[1.574,47.908],[1.581,47.902],[1.575,47.898],[1.583,47.893],[1.579,47.889],[1.591,47.879],[1.551,47.843],[1.535,47.84],[1.537,47.833],[1.526,47.82],[1.542,47.817],[1.571,47.797],[1.561,47.791],[1.571,47.787],[1.548,47.769],[1.601,47.741],[1.583,47.726],[1.615,47.737],[1.627,47.761],[1.675,47.739],[1.714,47.733],[1.713,47.722],[1.728,47.7],[1.719,47.696],[1.733,47.681],[1.74,47.662],[1.782,47.652],[1.778,47.644],[1.789,47.637],[1.803,47.639],[1.803,47.648],[1.81,47.653],[1.845,47.657],[1.844,47.686],[1.859,47.692],[1.866,47.688],[1.861,47.678],[1.866,47.675],[1.89,47.679],[1.904,47.672],[1.936,47.68],[1.944,47.667],[1.941,47.66],[1.957,47.662],[1.964,47.657],[1.97,47.663],[1.996,47.664],[2.002,47.668],[1.998,47.675],[2.009,47.679],[2.066,47.674],[2.075,47.682],[2.108,47.677],[2.106,47.671],[2.111,47.67],[2.128,47.679],[2.149,47.67],[2.204,47.678],[2.205,47.661],[2.22,47.668],[2.241,47.641],[2.239,47.62],[2.154,47.601],[2.142,47.59],[2.12,47.583],[2.128,47.57],[2.124,47.557],[2.131,47.55],[2.196,47.549],[2.215,47.522],[2.196,47.488],[2.228,47.497],[2.248,47.492],[2.237,47.471],[2.246,47.46],[2.235,47.453],[2.248,47.441],[2.244,47.415],[2.229,47.407],[2.205,47.405],[2.189,47.438],[2.138,47.406],[2.115,47.421],[2.117,47.409],[2.103,47.393],[2.097,47.367],[2.114,47.37],[2.128,47.345],[2.119,47.333],[2.128,47.334],[2.131,47.322],[2.14,47.317],[2.149,47.319],[2.158,47.299],[2.138,47.293],[2.139,47.285],[2.129,47.28],[2.077,47.286],[2.025,47.265],[2.008,47.269],[1.998,47.264],[1.943,47.291],[1.923,47.275],[1.925,47.265],[1.895,47.255],[1.892,47.249],[1.917,47.236],[1.904,47.215],[1.873,47.205],[1.853,47.222],[1.828,47.222],[1.801,47.237],[1.776,47.231],[1.716,47.277],[1.705,47.271],[1.705,47.265],[1.668,47.257],[1.645,47.264],[1.652,47.273],[1.592,47.277],[1.591,47.257],[1.566,47.262],[1.524,47.255],[1.531,47.249],[1.525,47.242],[1.535,47.225],[1.531,47.219],[1.503,47.235],[1.458,47.24],[1.421,47.229],[1.401,47.212],[1.371,47.2],[1.338,47.196],[1.327,47.186],[1.295,47.237],[1.276,47.257],[1.265,47.256],[1.243,47.274],[1.244,47.284],[1.237,47.29],[1.222,47.294],[1.194,47.283],[1.176,47.288],[1.162,47.272],[1.127,47.298],[1.122,47.293],[1.108,47.298],[1.095,47.329],[1.106,47.331],[1.113,47.348],[1.123,47.354],[1.104,47.37],[1.122,47.382],[1.124,47.392],[1.114,47.396],[1.111,47.409],[1.085,47.43],[1.114,47.428],[1.133,47.449],[1.113,47.466],[1.085,47.464],[1.095,47.469],[1.066,47.505],[1.074,47.512],[1.067,47.515],[1.07,47.523],[1.045,47.531],[1.047,47.54],[1.075,47.558],[1.077,47.571],[1.063,47.566],[1.033,47.608],[1.012,47.604],[1.004,47.584],[0.997,47.584],[0.987,47.591],[0.984,47.605],[0.992,47.62],[0.971,47.622],[0.965,47.63],[0.954,47.625],[0.92,47.633],[0.906,47.616],[0.892,47.612],[0.898,47.604],[0.861,47.599],[0.85,47.625],[0.863,47.632],[0.844,47.645],[0.86,47.665],[0.86,47.681],[0.867,47.691],[0.828,47.677],[0.788,47.68],[0.739,47.696],[0.704,47.683],[0.675,47.699],[0.648,47.684],[0.643,47.686],[0.654,47.699],[0.644,47.7],[0.639,47.71],[0.629,47.709],[0.604,47.686],[0.596,47.688],[0.593,47.704],[0.58,47.712],[0.594,47.723],[0.609,47.725],[0.628,47.752],[0.651,47.755],[0.677,47.77],[0.691,47.764],[0.703,47.767],[0.689,47.78],[0.694,47.786],[0.712,47.787],[0.74,47.812],[0.746,47.828],[0.759,47.834],[0.768,47.831],[0.775,47.844],[0.759,47.859],[0.765,47.867],[0.757,47.886],[0.761,47.9],[0.79,47.912],[0.799,47.897],[0.812,47.889],[0.818,47.893],[0.808,47.908],[0.816,47.913],[0.808,47.917],[0.812,47.929],[0.85,47.947],[0.838,47.969],[0.828,47.972],[0.819,47.986],[0.832,47.997],[0.842,48.03],[0.798,48.037],[0.794,48.07],[0.843,48.073],[0.848,48.095],[0.838,48.089],[0.814,48.096],[0.841,48.103]]]}},{"type":"Feature","properties":{"code":"42","name":"Loire","group":"metropole"},"geometry":{"type":"Polygon","coordinates":[[[3.9,46.276],[3.906,46.272],[3.905,46.252],[3.91,46.248],[3.905,46.238],[3.898,46.24],[3.898,46.225],[3.89,46.214],[3.918,46.203],[3.973,46.203],[3.971,46.189],[3.99,46.169],[3.993,46.173],[4.028,46.169],[4.059,46.188],[4.104,46.198],[4.133,46.177],[4.176,46.173],[4.188,46.175],[4.185,46.189],[4.208,46.195],[4.225,46.178],[4.242,46.189],[4.255,46.188],[4.264,46.175],[4.249,46.167],[4.25,46.158],[4.281,46.156],[4.292,46.172],[4.315,46.171],[4.327,46.185],[4.371,46.184],[4.374,46.187],[4.363,46.2],[4.375,46.211],[4.389,46.213],[4.388,46.22],[4.407,46.221],[4.422,46.209],[4.423,46.203],[4.395,46.192],[4.439,46.168],[4.422,46.151],[4.417,46.136],[4.377,46.15],[4.362,46.138],[4.326,46.133],[4.32,46.117],[4.307,46.106],[4.311,46.08],[4.301,46.078],[4.3,46.065],[4.283,46.053],[4.25,46.05],[4.276,46.023],[4.288,46.017],[4.306,46.022],[4.313,46.006],[4.3,45.989],[4.287,45.998],[4.271,45.988],[4.265,46.002],[4.258,45.995],[4.244,45.996],[4.253,45.983],[4.275,45.98],[4.298,45.966],[4.301,45.958],[4.295,45.953],[4.301,45.947],[4.346,45.93],[4.335,45.918],[4.345,45.915],[4.323,45.904],[4.342,45.877],[4.363,45.864],[4.369,45.868],[4.396,45.86],[4.382,45.844],[4.391,45.837],[4.377,45.825],[4.389,45.806],[4.374,45.805],[4.38,45.784],[4.36,45.778],[4.358,45.783],[4.359,45.776],[4.348,45.77],[4.361,45.757],[4.36,45.751],[4.391,45.755],[4.403,45.744],[4.392,45.739],[4.366,45.699],[4.373,45.691],[4.364,45.684],[4.37,45.672],[4.366,45.671],[4.393,45.662],[4.399,45.657],[4.394,45.65],[4.413,45.63],[4.441,45.623],[4.449,45.617],[4.449,45.606],[4.472,45.598],[4.476,45.594],[4.469,45.585],[4.505,45.586],[4.505,45.577],[4.52,45.573],[4.567,45.584],[4.587,45.571],[4.615,45.575],[4.645,45.541],[4.659,45.543],[4.646,45.555],[4.65,45.565],[4.665,45.564],[4.669,45.57],[4.684,45.565],[4.688,45.558],[4.683,45.551],[4.674,45.551],[4.651,45.531],[4.651,45.492],[4.671,45.483],[4.666,45.478],[4.671,45.473],[4.676,45.482],[4.698,45.477],[4.722,45.494],[4.74,45.487],[4.744,45.474],[4.739,45.473],[4.757,45.456],[4.76,45.437],[4.742,45.418],[4.758,45.391],[4.756,45.366],[4.726,45.362],[4.724,45.355],[4.698,45.345],[4.662,45.34],[4.639,45.326],[4.641,45.317],[4.614,45.311],[4.623,45.291],[4.603,45.291],[4.591,45.276],[4.606,45.263],[4.602,45.251],[4.585,45.244],[4.568,45.248],[4.541,45.244],[4.541,45.235],[4.531,45.234],[4.529,45.24],[4.509,45.245],[4.513,45.235],[4.508,45.231],[4.472,45.24],[4.431,45.276],[4.401,45.27],[4.387,45.262],[4.387,45.255],[4.378,45.263],[4.365,45.263],[4.349,45.278],[4.358,45.281],[4.371,45.301],[4.351,45.303],[4.332,45.318],[4.366,45.339],[4.359,45.35],[4.345,45.363],[4.317,45.371],[4.309,45.371],[4.306,45.361],[4.301,45.368],[4.293,45.366],[4.297,45.359],[4.286,45.361],[4.289,45.356],[4.281,45.361],[4.272,45.358],[4.271,45.375],[4.252,45.373],[4.25,45.382],[4.235,45.389],[4.205,45.386],[4.202,45.381],[4.178,45.393],[4.163,45.39],[4.146,45.384],[4.158,45.373],[4.154,45.365],[4.119,45.369],[4.107,45.355],[4.08,45.358],[4.071,45.336],[4.043,45.356],[4.02,45.348],[4.026,45.341],[4.021,45.328],[4.002,45.356],[3.991,45.356],[3.986,45.372],[3.975,45.376],[3.959,45.368],[3.948,45.376],[3.937,45.372],[3.935,45.359],[3.915,45.354],[3.923,45.349],[3.905,45.334],[3.891,45.37],[3.895,45.383],[3.889,45.395],[3.914,45.422],[3.963,45.435],[3.96,45.443],[3.974,45.448],[3.966,45.47],[3.983,45.482],[3.985,45.495],[3.961,45.506],[3.946,45.545],[3.954,45.556],[3.935,45.578],[3.907,45.598],[3.861,45.616],[3.859,45.625],[3.823,45.632],[3.818,45.647],[3.777,45.691],[3.776,45.7],[3.783,45.707],[3.777,45.718],[3.781,45.724],[3.768,45.728],[3.759,45.746],[3.746,45.742],[3.732,45.751],[3.728,45.756],[3.739,45.767],[3.732,45.775],[3.701,45.781],[3.689,45.791],[3.712,45.8],[3.722,45.814],[3.717,45.819],[3.728,45.83],[3.719,45.851],[3.728,45.855],[3.729,45.863],[3.72,45.861],[3.716,45.871],[3.739,45.872],[3.745,45.884],[3.754,45.886],[3.725,45.921],[3.694,45.931],[3.693,45.948],[3.706,45.957],[3.702,45.97],[3.71,45.974],[3.747,45.967],[3.756,45.983],[3.765,45.976],[3.789,45.973],[3.799,45.984],[3.824,45.987],[3.83,45.999],[3.815,46.019],[3.814,46.04],[3.806,46.052],[3.82,46.079],[3.815,46.085],[3.822,46.09],[3.806,46.108],[3.793,46.112],[3.802,46.131],[3.79,46.155],[3.809,46.165],[3.789,46.186],[3.788,46.202],[3.797,46.207],[3.773,46.227],[3.768,46.239],[3.782,46.244],[3.8,46.239],[3.807,46.243],[3.804,46.258],[3.868,46.263],[3.878,46.276],[3.9,46.276]]]}},{"type":"Feature","properties":{"code":"43","name":"Haute-Loire","group":"metropole"},"geometry":{"type":"Polygon","coordinates":[[[3.897,45.357],[3.908,45.333],[3.923,45.349],[3.915,45.354],[3.935,45.359],[3.937,45.372],[3.948,45.376],[3.959,45.368],[3.977,45.376],[3.986,45.372],[3.992,45.355],[4.002,45.356],[4.021,45.328],[4.026,45.341],[4.022,45.35],[4.032,45.348],[4.046,45.356],[4.071,45.336],[4.08,45.358],[4.107,45.355],[4.119,45.369],[4.154,45.365],[4.158,45.373],[4.146,45.384],[4.178,45.393],[4.202,45.381],[4.205,45.386],[4.235,45.389],[4.25,45.382],[4.252,45.373],[4.271,45.375],[4.272,45.358],[4.297,45.359],[4.293,45.366],[4.298,45.368],[4.306,45.361],[4.309,45.371],[4.333,45.369],[4.366,45.339],[4.332,45.318],[4.351,45.303],[4.371,45.301],[4.349,45.274],[4.387,45.255],[4.387,45.262],[4.401,45.27],[4.437,45.274],[4.447,45.258],[4.471,45.246],[4.491,45.224],[4.488,45.216],[4.477,45.212],[4.481,45.195],[4.473,45.179],[4.459,45.175],[4.447,45.161],[4.443,45.141],[4.456,45.119],[4.44,45.123],[4.435,45.118],[4.441,45.111],[4.436,45.109],[4.426,45.118],[4.432,45.128],[4.423,45.137],[4.374,45.144],[4.377,45.136],[4.369,45.129],[4.4,45.118],[4.4,45.105],[4.385,45.101],[4.372,45.106],[4.359,45.099],[4.367,45.089],[4.357,45.087],[4.36,45.08],[4.354,45.076],[4.347,45.077],[4.346,45.066],[4.365,45.054],[4.378,45.055],[4.382,45.042],[4.379,45.036],[4.356,45.034],[4.352,45.028],[4.31,45.032],[4.311,45.025],[4.302,45.026],[4.304,45.019],[4.297,45.019],[4.29,44.997],[4.308,44.986],[4.312,44.972],[4.253,44.959],[4.236,44.97],[4.227,44.966],[4.217,44.934],[4.182,44.908],[4.182,44.89],[4.157,44.873],[4.113,44.879],[4.071,44.867],[4.034,44.872],[4.02,44.846],[4.029,44.838],[4.027,44.831],[4.014,44.829],[4.013,44.837],[4.005,44.838],[4.006,44.826],[4.0,44.819],[3.991,44.834],[3.982,44.833],[3.98,44.826],[3.989,44.812],[3.967,44.82],[3.963,44.83],[3.945,44.825],[3.937,44.795],[3.926,44.791],[3.923,44.777],[3.911,44.779],[3.924,44.768],[3.9,44.764],[3.899,44.753],[3.893,44.751],[3.869,44.755],[3.863,44.744],[3.835,44.748],[3.83,44.756],[3.842,44.772],[3.832,44.777],[3.809,44.765],[3.799,44.786],[3.778,44.799],[3.771,44.797],[3.769,44.804],[3.762,44.801],[3.762,44.814],[3.75,44.823],[3.743,44.839],[3.723,44.831],[3.7,44.837],[3.695,44.831],[3.663,44.83],[3.657,44.836],[3.672,44.843],[3.674,44.854],[3.654,44.876],[3.63,44.881],[3.615,44.874],[3.594,44.877],[3.599,44.86],[3.59,44.847],[3.594,44.841],[3.587,44.838],[3.589,44.826],[3.579,44.825],[3.571,44.836],[3.56,44.833],[3.562,44.825],[3.506,44.824],[3.489,44.807],[3.478,44.81],[3.465,44.828],[3.456,44.829],[3.459,44.84],[3.442,44.854],[3.436,44.88],[3.42,44.895],[3.419,44.908],[3.41,44.918],[3.416,44.927],[3.412,44.947],[3.404,44.957],[3.397,44.959],[3.389,44.951],[3.371,44.96],[3.376,44.965],[3.372,44.976],[3.362,44.971],[3.348,44.974],[3.345,44.986],[3.364,44.99],[3.37,45.005],[3.35,45.002],[3.347,45.014],[3.325,45.01],[3.337,45.025],[3.327,45.031],[3.311,45.02],[3.297,45.036],[3.305,45.045],[3.3,45.061],[3.307,45.063],[3.302,45.064],[3.315,45.085],[3.298,45.091],[3.29,45.087],[3.282,45.103],[3.305,45.107],[3.305,45.101],[3.326,45.095],[3.361,45.104],[3.351,45.104],[3.348,45.113],[3.331,45.109],[3.328,45.115],[3.299,45.125],[3.288,45.12],[3.274,45.145],[3.282,45.152],[3.267,45.155],[3.261,45.171],[3.273,45.208],[3.235,45.22],[3.234,45.238],[3.221,45.245],[3.229,45.265],[3.227,45.272],[3.22,45.272],[3.223,45.277],[3.193,45.281],[3.165,45.269],[3.17,45.28],[3.161,45.295],[3.118,45.284],[3.103,45.292],[3.083,45.289],[3.085,45.299],[3.105,45.3],[3.114,45.309],[3.09,45.323],[3.113,45.327],[3.113,45.352],[3.104,45.355],[3.18,45.351],[3.175,45.355],[3.181,45.365],[3.219,45.369],[3.222,45.382],[3.238,45.394],[3.254,45.389],[3.287,45.399],[3.298,45.42],[3.32,45.413],[3.328,45.397],[3.334,45.398],[3.341,45.421],[3.356,45.423],[3.378,45.401],[3.408,45.403],[3.42,45.397],[3.464,45.402],[3.461,45.406],[3.48,45.421],[3.5,45.428],[3.506,45.411],[3.521,45.402],[3.524,45.406],[3.53,45.398],[3.547,45.399],[3.558,45.392],[3.571,45.402],[3.588,45.375],[3.587,45.361],[3.619,45.338],[3.645,45.351],[3.645,45.359],[3.664,45.362],[3.67,45.384],[3.691,45.38],[3.691,45.373],[3.707,45.374],[3.697,45.365],[3.7,45.359],[3.732,45.361],[3.736,45.354],[3.757,45.357],[3.776,45.349],[3.779,45.355],[3.79,45.354],[3.785,45.37],[3.791,45.385],[3.808,45.392],[3.822,45.38],[3.836,45.383],[3.838,45.366],[3.851,45.368],[3.854,45.36],[3.873,45.355],[3.897,45.357]]]}},{"type":"Feature","properties":{"code":"44","name":"Loire-Atlantique","group":"metropole"},"geometry":{"type":"MultiPolygon","coordinates":[[[[-2.458,47.448],[-2.452,47.463],[-2.423,47.477],[-2.416,47.46],[-2.4,47.456],[-2.368,47.464],[-2.355,47.455],[-2.317,47.461],[-2.312,47.465],[-2.313,47.486],[-2.301,47.496],[-2.296,47.516],[-2.281,47.51],[-2.255,47.512],[-2.266,47.502],[-2.244,47.494],[-2.216,47.508],[-2.185,47.512],[-2.184,47.502],[-2.192,47.497],[-2.165,47.489],[-2.154,47.496],[-2.156,47.522],[-2.099,47.534],[-2.097,47.54],[-2.105,47.547],[-2.097,47.571],[-2.105,47.575],[-2.1,47.579],[-2.104,47.591],[-2.086,47.604],[-2.085,47.621],[-2.097,47.631],[-2.084,47.649],[-2.051,47.65],[-2.05,47.662],[-2.039,47.67],[-2.013,47.666],[-1.974,47.694],[-1.968,47.672],[-1.956,47.671],[-1.936,47.687],[-1.878,47.695],[-1.858,47.708],[-1.842,47.705],[-1.828,47.711],[-1.821,47.705],[-1.772,47.698],[-1.745,47.707],[-1.722,47.698],[-1.711,47.7],[-1.711,47.708],[-1.69,47.713],[-1.658,47.709],[-1.649,47.721],[-1.638,47.722],[-1.637,47.742],[-1.623,47.764],[-1.594,47.767],[-1.598,47.77],[-1.586,47.78],[-1.529,47.785],[-1.503,47.801],[-1.473,47.802],[-1.467,47.809],[-1.482,47.831],[-1.463,47.836],[-1.454,47.831],[-1.423,47.832],[-1.404,47.824],[-1.389,47.828],[-1.378,47.81],[-1.361,47.803],[-1.365,47.799],[-1.246,47.777],[-1.25,47.764],[-1.234,47.757],[-1.242,47.743],[-1.256,47.743],[-1.255,47.731],[-1.209,47.718],[-1.195,47.722],[-1.196,47.71],[-1.182,47.703],[-1.19,47.699],[-1.175,47.695],[-1.178,47.686],[-1.173,47.682],[-1.181,47.675],[-1.181,47.665],[-1.17,47.659],[-1.161,47.662],[-1.159,47.638],[-1.138,47.619],[-1.101,47.621],[-1.092,47.611],[-1.071,47.604],[-1.041,47.603],[-1.01,47.593],[-1.009,47.586],[-1.044,47.568],[-1.042,47.562],[-1.056,47.565],[-1.052,47.558],[-1.059,47.552],[-1.038,47.544],[-1.044,47.505],[-1.006,47.488],[-0.965,47.492],[-0.959,47.481],[-0.968,47.47],[-0.954,47.453],[-0.947,47.428],[-0.948,47.423],[-0.961,47.423],[-0.961,47.418],[-0.95,47.407],[-0.951,47.389],[-0.946,47.387],[-0.975,47.371],[-0.991,47.373],[-1.015,47.365],[-1.076,47.371],[-1.167,47.366],[-1.188,47.352],[-1.297,47.339],[-1.354,47.304],[-1.337,47.3],[-1.296,47.306],[-1.275,47.291],[-1.278,47.271],[-1.254,47.248],[-1.228,47.24],[-1.198,47.253],[-1.181,47.241],[-1.188,47.22],[-1.174,47.214],[-1.18,47.209],[-1.174,47.199],[-1.178,47.193],[-1.162,47.188],[-1.162,47.178],[-1.198,47.149],[-1.206,47.15],[-1.208,47.143],[-1.219,47.146],[-1.239,47.137],[-1.225,47.119],[-1.25,47.098],[-1.169,47.093],[-1.155,47.072],[-1.116,47.063],[-1.121,47.056],[-1.117,47.04],[-1.147,47.03],[-1.201,47.04],[-1.231,47.065],[-1.247,47.067],[-1.271,47.085],[-1.288,47.076],[-1.288,47.057],[-1.305,47.041],[-1.296,47.043],[-1.299,47.035],[-1.32,47.034],[-1.346,47.046],[-1.341,47.04],[-1.366,47.042],[-1.368,47.035],[-1.379,47.031],[-1.364,47.011],[-1.363,47.005],[-1.378,46.992],[-1.359,46.981],[-1.358,46.971],[-1.369,46.964],[-1.365,46.957],[-1.458,46.926],[-1.472,46.933],[-1.457,46.955],[-1.477,46.981],[-1.46,46.993],[-1.471,47.007],[-1.473,47.031],[-1.485,47.04],[-1.505,47.039],[-1.517,47.026],[-1.556,47.014],[-1.543,47.003],[-1.556,46.98],[-1.542,46.964],[-1.544,46.957],[-1.534,46.945],[-1.525,46.946],[-1.519,46.935],[-1.529,46.923],[-1.546,46.926],[-1.527,46.905],[-1.503,46.894],[-1.501,46.884],[-1.527,46.873],[-1.546,46.875],[-1.549,46.86],[-1.602,46.875],[-1.609,46.871],[-1.641,46.879],[-1.668,46.876],[-1.688,46.891],[-1.723,46.884],[-1.736,46.894],[-1.735,46.91],[-1.746,46.917],[-1.745,46.928],[-1.778,46.925],[-1.832,46.932],[-1.826,46.938],[-1.828,46.953],[-1.868,46.952],[-1.911,46.969],[-1.917,46.975],[-1.912,46.979],[-1.919,46.98],[-1.917,46.992],[-1.943,46.995],[-1.969,47.028],[-1.984,47.03],[-2.002,47.059],[-2.033,47.074],[-2.056,47.096],[-2.105,47.106],[-2.109,47.108],[-2.103,47.114],[-2.116,47.109],[-2.157,47.113],[-2.179,47.122],[-2.245,47.13],[-2.248,47.134],[-2.223,47.154],[-2.178,47.156],[-2.167,47.166],[-2.158,47.209],[-2.181,47.233],[-2.171,47.24],[-2.17,47.268],[-2.187,47.281],[-2.2,47.27],[-2.224,47.265],[-2.222,47.259],[-2.228,47.256],[-2.253,47.253],[-2.267,47.238],[-2.298,47.233],[-2.375,47.279],[-2.414,47.279],[-2.425,47.271],[-2.417,47.258],[-2.432,47.258],[-2.545,47.29],[-2.545,47.298],[-2.539,47.3],[-2.514,47.298],[-2.503,47.329],[-2.521,47.359],[-2.559,47.375],[-2.468,47.421],[-2.463,47.411],[-2.433,47.413],[-2.442,47.422],[-2.459,47.424],[-2.445,47.436],[-2.458,47.448]]]]}},{"type":"Feature","properties":{"code":"45","name":"Loiret","group":"metropole"},"geometry":{"type":"Polygon","coordinates":[[[2.936,48.163],[2.953,48.165],[2.964,48.153],[2.991,48.152],[2.996,48.141],[3.01,48.146],[3.029,48.133],[3.016,48.116],[3.035,48.116],[3.038,48.099],[3.049,48.094],[3.05,48.072],[3.095,48.054],[3.09,48.049],[3.095,48.04],[3.124,48.031],[3.099,48.021],[3.125,48.006],[3.121,47.996],[3.127,47.991],[3.122,47.987],[3.129,47.983],[3.128,47.971],[3.109,47.962],[3.105,47.947],[3.098,47.949],[3.084,47.943],[3.078,47.931],[3.051,47.924],[3.05,47.911],[3.01,47.905],[3.017,47.899],[3.007,47.895],[3.012,47.874],[2.998,47.867],[3.027,47.859],[3.034,47.844],[3.03,47.835],[3.013,47.834],[3.014,47.822],[3.022,47.818],[3.015,47.814],[3.024,47.813],[3.028,47.802],[3.024,47.786],[2.988,47.786],[2.931,47.762],[2.909,47.769],[2.852,47.758],[2.859,47.75],[2.849,47.717],[2.862,47.71],[2.879,47.72],[2.885,47.714],[2.879,47.704],[2.904,47.697],[2.927,47.682],[2.918,47.67],[2.928,47.658],[2.942,47.658],[2.954,47.646],[2.936,47.637],[2.932,47.627],[2.945,47.608],[2.936,47.599],[2.957,47.59],[2.962,47.577],[2.977,47.569],[2.959,47.557],[2.914,47.566],[2.905,47.556],[2.874,47.553],[2.873,47.545],[2.863,47.546],[2.86,47.554],[2.845,47.545],[2.847,47.54],[2.875,47.52],[2.839,47.511],[2.825,47.497],[2.793,47.498],[2.796,47.506],[2.785,47.51],[2.785,47.516],[2.767,47.525],[2.746,47.525],[2.733,47.538],[2.722,47.521],[2.73,47.52],[2.724,47.516],[2.728,47.507],[2.72,47.505],[2.725,47.494],[2.684,47.483],[2.658,47.487],[2.654,47.512],[2.615,47.524],[2.617,47.541],[2.594,47.558],[2.574,47.559],[2.563,47.572],[2.491,47.568],[2.453,47.597],[2.45,47.606],[2.437,47.61],[2.373,47.586],[2.347,47.603],[2.296,47.621],[2.29,47.629],[2.239,47.621],[2.241,47.641],[2.22,47.668],[2.205,47.661],[2.204,47.678],[2.149,47.67],[2.128,47.679],[2.111,47.67],[2.106,47.671],[2.108,47.677],[2.075,47.682],[2.066,47.674],[2.009,47.679],[1.998,47.675],[2.002,47.668],[1.996,47.664],[1.97,47.663],[1.964,47.657],[1.957,47.662],[1.941,47.66],[1.944,47.667],[1.936,47.68],[1.904,47.672],[1.89,47.679],[1.866,47.675],[1.861,47.678],[1.866,47.688],[1.859,47.692],[1.844,47.686],[1.845,47.657],[1.81,47.653],[1.803,47.648],[1.803,47.639],[1.789,47.637],[1.778,47.644],[1.782,47.652],[1.74,47.662],[1.733,47.681],[1.719,47.696],[1.728,47.7],[1.713,47.722],[1.714,47.733],[1.675,47.739],[1.627,47.761],[1.615,47.737],[1.583,47.726],[1.601,47.741],[1.548,47.769],[1.571,47.787],[1.561,47.791],[1.571,47.797],[1.542,47.817],[1.526,47.82],[1.537,47.833],[1.535,47.84],[1.551,47.843],[1.591,47.879],[1.579,47.889],[1.583,47.893],[1.575,47.898],[1.581,47.902],[1.574,47.908],[1.522,47.932],[1.532,47.949],[1.555,47.953],[1.546,47.956],[1.549,47.967],[1.567,47.974],[1.565,47.99],[1.558,47.986],[1.552,47.992],[1.547,47.986],[1.54,47.99],[1.52,47.982],[1.519,47.99],[1.526,47.993],[1.517,47.997],[1.527,48.007],[1.518,48.012],[1.513,48.028],[1.523,48.035],[1.547,48.03],[1.551,48.035],[1.539,48.039],[1.545,48.045],[1.594,48.031],[1.597,48.043],[1.619,48.043],[1.624,48.07],[1.647,48.069],[1.656,48.076],[1.665,48.075],[1.67,48.062],[1.689,48.078],[1.709,48.067],[1.739,48.069],[1.745,48.064],[1.78,48.077],[1.784,48.073],[1.798,48.077],[1.802,48.089],[1.83,48.079],[1.845,48.089],[1.866,48.084],[1.865,48.095],[1.884,48.098],[1.902,48.131],[1.913,48.129],[1.92,48.146],[1.905,48.146],[1.903,48.153],[1.914,48.167],[1.925,48.174],[1.941,48.168],[1.945,48.175],[1.971,48.171],[1.971,48.183],[1.951,48.19],[1.951,48.195],[1.957,48.204],[1.967,48.202],[1.962,48.194],[1.971,48.19],[1.98,48.204],[1.964,48.22],[1.967,48.235],[1.962,48.247],[1.965,48.255],[1.986,48.266],[1.994,48.287],[2.041,48.284],[2.053,48.295],[2.089,48.295],[2.106,48.308],[2.114,48.307],[2.111,48.297],[2.164,48.298],[2.152,48.316],[2.181,48.312],[2.182,48.324],[2.203,48.339],[2.202,48.345],[2.23,48.329],[2.246,48.331],[2.238,48.316],[2.249,48.316],[2.245,48.298],[2.267,48.315],[2.296,48.308],[2.317,48.332],[2.328,48.333],[2.328,48.326],[2.335,48.327],[2.358,48.308],[2.391,48.313],[2.403,48.321],[2.423,48.295],[2.418,48.272],[2.424,48.26],[2.45,48.25],[2.469,48.255],[2.484,48.239],[2.506,48.239],[2.507,48.226],[2.518,48.228],[2.514,48.214],[2.523,48.201],[2.507,48.18],[2.517,48.166],[2.506,48.156],[2.483,48.165],[2.475,48.149],[2.444,48.131],[2.444,48.124],[2.476,48.13],[2.522,48.125],[2.538,48.14],[2.558,48.142],[2.571,48.141],[2.575,48.131],[2.64,48.139],[2.665,48.121],[2.677,48.126],[2.705,48.123],[2.72,48.137],[2.755,48.146],[2.754,48.153],[2.736,48.166],[2.755,48.16],[2.794,48.169],[2.811,48.164],[2.798,48.151],[2.801,48.131],[2.821,48.13],[2.85,48.141],[2.867,48.156],[2.936,48.163]]]}},{"type":"Feature","properties":{"code":"46","name":"Lot","group":"metropole"},"geometry":{"type":"Polygon","coordinates":[[[1.448,45.019],[1.464,45.014],[1.477,45.019],[1.477,45.027],[1.485,45.031],[1.537,45.047],[1.545,45.029],[1.552,45.028],[1.576,45.041],[1.623,45.03],[1.63,45.034],[1.648,45.028],[1.664,45.009],[1.684,45.003],[1.703,44.988],[1.711,44.967],[1.725,44.968],[1.734,44.959],[1.751,44.956],[1.751,44.947],[1.756,44.946],[1.749,44.938],[1.767,44.934],[1.775,44.924],[1.786,44.937],[1.801,44.922],[1.811,44.929],[1.826,44.929],[1.833,44.946],[1.838,44.944],[1.836,44.937],[1.843,44.937],[1.851,44.946],[1.887,44.957],[1.889,44.965],[1.909,44.978],[1.929,44.979],[1.939,44.973],[1.94,44.953],[1.952,44.954],[1.991,44.976],[2.045,44.984],[2.053,44.976],[2.063,44.977],[2.081,44.953],[2.079,44.932],[2.105,44.92],[2.105,44.908],[2.086,44.904],[2.084,44.886],[2.117,44.848],[2.128,44.845],[2.135,44.827],[2.168,44.811],[2.17,44.777],[2.148,44.767],[2.156,44.742],[2.151,44.741],[2.149,44.722],[2.131,44.709],[2.13,44.699],[2.138,44.694],[2.16,44.697],[2.179,44.674],[2.162,44.663],[2.174,44.654],[2.168,44.639],[2.194,44.628],[2.211,44.605],[2.194,44.6],[2.202,44.596],[2.194,44.585],[2.179,44.589],[2.18,44.594],[2.168,44.591],[2.148,44.571],[2.133,44.569],[2.127,44.579],[2.105,44.571],[2.081,44.587],[2.061,44.565],[2.059,44.571],[2.068,44.576],[2.057,44.583],[2.035,44.571],[2.036,44.563],[2.029,44.558],[2.002,44.557],[1.987,44.55],[1.962,44.521],[1.938,44.516],[1.93,44.505],[1.913,44.505],[1.921,44.492],[1.916,44.486],[1.908,44.488],[1.905,44.501],[1.889,44.506],[1.884,44.485],[1.842,44.482],[1.841,44.474],[1.853,44.463],[1.846,44.447],[1.85,44.436],[1.873,44.424],[1.876,44.407],[1.867,44.398],[1.891,44.38],[1.893,44.371],[1.909,44.364],[1.909,44.35],[1.892,44.353],[1.882,44.34],[1.854,44.332],[1.847,44.338],[1.833,44.336],[1.826,44.324],[1.806,44.337],[1.794,44.335],[1.79,44.326],[1.783,44.328],[1.789,44.323],[1.785,44.317],[1.776,44.318],[1.774,44.312],[1.755,44.326],[1.737,44.327],[1.737,44.318],[1.702,44.315],[1.671,44.298],[1.668,44.289],[1.663,44.293],[1.659,44.283],[1.651,44.297],[1.634,44.299],[1.632,44.294],[1.652,44.287],[1.643,44.271],[1.635,44.269],[1.614,44.28],[1.617,44.298],[1.605,44.295],[1.595,44.303],[1.573,44.302],[1.569,44.299],[1.578,44.284],[1.561,44.279],[1.577,44.27],[1.587,44.249],[1.575,44.242],[1.575,44.234],[1.555,44.234],[1.541,44.227],[1.518,44.25],[1.526,44.26],[1.509,44.274],[1.485,44.273],[1.487,44.278],[1.472,44.287],[1.465,44.269],[1.453,44.267],[1.454,44.254],[1.381,44.226],[1.358,44.203],[1.336,44.229],[1.329,44.231],[1.326,44.225],[1.318,44.233],[1.307,44.227],[1.282,44.236],[1.284,44.253],[1.305,44.262],[1.304,44.269],[1.293,44.273],[1.302,44.28],[1.303,44.294],[1.283,44.291],[1.271,44.281],[1.255,44.284],[1.247,44.266],[1.239,44.276],[1.223,44.28],[1.214,44.268],[1.205,44.282],[1.197,44.28],[1.18,44.289],[1.179,44.311],[1.168,44.303],[1.163,44.31],[1.151,44.307],[1.136,44.317],[1.122,44.316],[1.108,44.327],[1.115,44.338],[1.081,44.354],[1.092,44.36],[1.089,44.371],[1.105,44.364],[1.107,44.37],[1.133,44.371],[1.132,44.389],[1.137,44.392],[1.104,44.392],[1.064,44.379],[1.06,44.391],[1.051,44.392],[1.061,44.402],[1.061,44.42],[1.054,44.432],[1.028,44.434],[1.032,44.441],[1.021,44.445],[1.024,44.473],[1.009,44.48],[1.018,44.492],[1.012,44.496],[1.016,44.506],[0.982,44.545],[1.006,44.548],[1.013,44.536],[1.044,44.562],[1.07,44.566],[1.074,44.577],[1.103,44.572],[1.099,44.58],[1.103,44.586],[1.094,44.591],[1.154,44.639],[1.147,44.671],[1.178,44.683],[1.225,44.684],[1.242,44.693],[1.243,44.704],[1.263,44.711],[1.271,44.723],[1.288,44.715],[1.299,44.726],[1.3,44.744],[1.316,44.74],[1.323,44.765],[1.298,44.774],[1.305,44.785],[1.293,44.79],[1.298,44.796],[1.364,44.812],[1.36,44.834],[1.366,44.846],[1.377,44.842],[1.387,44.851],[1.402,44.85],[1.411,44.872],[1.431,44.871],[1.443,44.88],[1.44,44.889],[1.423,44.895],[1.421,44.906],[1.412,44.91],[1.425,44.92],[1.442,44.916],[1.442,44.921],[1.433,44.937],[1.435,44.945],[1.417,44.961],[1.422,44.969],[1.412,44.974],[1.418,44.983],[1.412,44.987],[1.409,45.006],[1.448,45.019]]]}},{"type":"Feature","properties":{"code":"47","name":"Lot-et-Garonne","group":"metropole"},"geometry":{"type":"Polygon","coordinates":[[[0.297,44.762],[0.319,44.752],[0.348,44.72],[0.341,44.703],[0.36,44.69],[0.35,44.677],[0.354,44.654],[0.366,44.662],[0.375,44.653],[0.385,44.657],[0.415,44.646],[0.446,44.652],[0.471,44.67],[0.491,44.667],[0.516,44.679],[0.536,44.674],[0.54,44.665],[0.554,44.666],[0.571,44.675],[0.575,44.691],[0.585,44.699],[0.62,44.691],[0.622,44.701],[0.631,44.706],[0.654,44.697],[0.66,44.676],[0.684,44.675],[0.73,44.676],[0.745,44.682],[0.76,44.678],[0.764,44.69],[0.788,44.685],[0.787,44.694],[0.798,44.702],[0.827,44.692],[0.832,44.684],[0.827,44.673],[0.852,44.669],[0.842,44.666],[0.844,44.654],[0.835,44.653],[0.838,44.635],[0.817,44.627],[0.829,44.613],[0.839,44.614],[0.834,44.6],[0.87,44.598],[0.877,44.616],[0.901,44.617],[0.939,44.64],[0.968,44.635],[0.981,44.644],[1.014,44.614],[1.073,44.596],[1.078,44.584],[1.07,44.566],[1.044,44.562],[1.013,44.536],[1.006,44.548],[0.982,44.545],[1.016,44.506],[1.012,44.496],[1.018,44.492],[1.009,44.48],[1.024,44.473],[1.021,44.445],[1.032,44.441],[1.028,44.434],[1.054,44.432],[1.061,44.42],[1.061,44.402],[1.051,44.392],[1.06,44.391],[1.063,44.384],[1.061,44.366],[1.019,44.363],[0.997,44.369],[0.977,44.356],[0.975,44.362],[0.952,44.362],[0.942,44.353],[0.942,44.345],[0.937,44.369],[0.92,44.384],[0.896,44.382],[0.887,44.366],[0.896,44.346],[0.888,44.339],[0.889,44.332],[0.873,44.324],[0.869,44.31],[0.885,44.308],[0.894,44.297],[0.916,44.302],[0.926,44.286],[0.951,44.275],[0.94,44.263],[0.928,44.267],[0.933,44.248],[0.919,44.238],[0.929,44.23],[0.905,44.197],[0.906,44.19],[0.86,44.193],[0.853,44.184],[0.852,44.176],[0.871,44.168],[0.883,44.175],[0.889,44.172],[0.885,44.159],[0.894,44.138],[0.883,44.142],[0.878,44.137],[0.881,44.13],[0.867,44.126],[0.819,44.144],[0.789,44.144],[0.798,44.13],[0.793,44.118],[0.799,44.111],[0.776,44.116],[0.753,44.105],[0.738,44.075],[0.739,44.061],[0.708,44.058],[0.697,44.045],[0.686,44.046],[0.677,44.027],[0.66,44.025],[0.652,44.033],[0.655,44.042],[0.632,44.05],[0.628,44.061],[0.594,44.079],[0.576,44.076],[0.567,44.06],[0.555,44.055],[0.538,44.053],[0.512,44.063],[0.506,44.052],[0.502,44.058],[0.46,44.055],[0.442,44.029],[0.418,44.03],[0.411,44.021],[0.391,44.02],[0.382,44.006],[0.358,44.017],[0.327,44.007],[0.317,44.01],[0.318,43.995],[0.303,43.991],[0.257,44.008],[0.253,44.002],[0.23,44.01],[0.234,44.022],[0.214,44.023],[0.206,44.021],[0.204,44.013],[0.19,44.015],[0.18,44.001],[0.167,43.997],[0.166,43.981],[0.153,43.973],[0.139,43.975],[0.142,43.994],[0.127,44.002],[0.117,43.988],[0.078,43.981],[0.06,44.014],[0.06,44.025],[0.072,44.025],[0.082,44.04],[0.079,44.045],[0.088,44.058],[0.083,44.064],[0.094,44.066],[0.097,44.077],[0.105,44.078],[0.1,44.086],[0.137,44.11],[0.131,44.12],[0.135,44.124],[0.035,44.131],[-0.004,44.15],[-0.087,44.156],[-0.129,44.152],[-0.129,44.204],[-0.141,44.226],[-0.123,44.241],[-0.108,44.231],[-0.097,44.238],[-0.088,44.236],[-0.074,44.252],[-0.064,44.249],[-0.053,44.266],[-0.033,44.272],[-0.043,44.294],[-0.035,44.297],[-0.086,44.338],[-0.079,44.354],[-0.058,44.361],[-0.029,44.36],[-0.012,44.372],[0.015,44.367],[0.024,44.377],[0.007,44.382],[0.018,44.39],[-0.009,44.412],[-0.005,44.418],[-0.014,44.419],[-0.006,44.424],[-0.005,44.442],[0.008,44.447],[0.005,44.457],[-0.013,44.461],[-0.015,44.507],[0.018,44.53],[-0.001,44.552],[0.021,44.541],[0.038,44.554],[0.072,44.549],[0.086,44.576],[0.082,44.584],[0.111,44.59],[0.135,44.608],[0.151,44.609],[0.155,44.615],[0.139,44.627],[0.138,44.639],[0.165,44.633],[0.169,44.647],[0.183,44.661],[0.162,44.671],[0.137,44.666],[0.13,44.673],[0.134,44.682],[0.104,44.686],[0.106,44.696],[0.1,44.701],[0.118,44.713],[0.133,44.705],[0.14,44.714],[0.135,44.722],[0.139,44.721],[0.14,44.736],[0.151,44.73],[0.175,44.734],[0.184,44.749],[0.192,44.749],[0.201,44.723],[0.219,44.725],[0.21,44.74],[0.217,44.756],[0.229,44.765],[0.24,44.763],[0.252,44.75],[0.281,44.753],[0.297,44.762]]]}},{"type":"Feature","properties":{"code":"48","name":"Lozère","group":"metropole"},"geometry":{"type":"Polygon","coordinates":[[[3.361,44.971],[3.372,44.976],[3.376,44.965],[3.371,44.96],[3.389,44.951],[3.397,44.959],[3.404,44.957],[3.412,44.947],[3.416,44.927],[3.41,44.918],[3.419,44.908],[3.42,44.895],[3.436,44.88],[3.442,44.854],[3.459,44.84],[3.456,44.829],[3.465,44.828],[3.482,44.808],[3.489,44.807],[3.506,44.824],[3.562,44.825],[3.56,44.833],[3.571,44.836],[3.579,44.825],[3.589,44.826],[3.587,44.838],[3.594,44.841],[3.59,44.847],[3.599,44.86],[3.594,44.877],[3.615,44.874],[3.63,44.881],[3.654,44.876],[3.674,44.854],[3.672,44.843],[3.657,44.836],[3.663,44.83],[3.695,44.831],[3.7,44.837],[3.723,44.831],[3.743,44.839],[3.75,44.823],[3.762,44.814],[3.761,44.802],[3.769,44.804],[3.771,44.797],[3.778,44.799],[3.799,44.786],[3.809,44.765],[3.832,44.777],[3.843,44.77],[3.83,44.756],[3.835,44.748],[3.875,44.741],[3.878,44.732],[3.866,44.727],[3.862,44.711],[3.873,44.707],[3.867,44.702],[3.87,44.697],[3.884,44.698],[3.87,44.678],[3.879,44.674],[3.883,44.658],[3.895,44.651],[3.894,44.614],[3.907,44.611],[3.905,44.593],[3.92,44.586],[3.917,44.579],[3.924,44.571],[3.945,44.574],[3.955,44.567],[3.966,44.536],[3.988,44.504],[3.986,44.478],[3.997,44.466],[3.994,44.455],[3.975,44.443],[3.966,44.418],[3.957,44.411],[3.949,44.413],[3.951,44.401],[3.916,44.405],[3.9,44.391],[3.889,44.393],[3.886,44.388],[3.913,44.369],[3.935,44.336],[3.952,44.332],[3.943,44.316],[3.923,44.305],[3.937,44.294],[3.94,44.283],[3.934,44.276],[3.946,44.267],[3.96,44.271],[3.975,44.256],[3.946,44.242],[3.952,44.218],[3.937,44.195],[3.96,44.191],[3.958,44.181],[3.965,44.178],[3.961,44.175],[3.977,44.171],[3.974,44.164],[3.923,44.182],[3.927,44.161],[3.913,44.16],[3.91,44.147],[3.896,44.149],[3.876,44.127],[3.834,44.137],[3.797,44.127],[3.774,44.144],[3.765,44.141],[3.758,44.152],[3.706,44.165],[3.684,44.183],[3.67,44.186],[3.672,44.18],[3.658,44.173],[3.65,44.181],[3.637,44.176],[3.627,44.154],[3.653,44.146],[3.636,44.141],[3.633,44.121],[3.603,44.116],[3.562,44.123],[3.543,44.109],[3.538,44.121],[3.44,44.129],[3.431,44.148],[3.411,44.153],[3.406,44.162],[3.397,44.161],[3.396,44.169],[3.374,44.171],[3.375,44.179],[3.357,44.193],[3.363,44.202],[3.316,44.2],[3.294,44.207],[3.289,44.2],[3.267,44.201],[3.238,44.19],[3.204,44.19],[3.225,44.212],[3.223,44.22],[3.231,44.23],[3.185,44.248],[3.161,44.245],[3.155,44.272],[3.146,44.277],[3.138,44.264],[3.12,44.262],[3.123,44.285],[3.154,44.308],[3.145,44.318],[3.154,44.331],[3.134,44.33],[3.127,44.347],[3.132,44.357],[3.119,44.364],[3.124,44.38],[3.118,44.384],[3.14,44.392],[3.137,44.411],[3.127,44.414],[3.13,44.422],[3.142,44.426],[3.142,44.438],[3.135,44.441],[3.137,44.456],[3.125,44.461],[3.116,44.476],[3.069,44.501],[3.084,44.56],[3.076,44.573],[3.033,44.597],[3.012,44.623],[2.982,44.645],[2.982,44.652],[3.017,44.714],[3.039,44.715],[3.034,44.729],[3.026,44.729],[3.036,44.757],[3.049,44.763],[3.043,44.772],[3.052,44.785],[3.047,44.802],[3.062,44.819],[3.077,44.824],[3.071,44.836],[3.099,44.833],[3.099,44.849],[3.093,44.854],[3.108,44.866],[3.103,44.87],[3.104,44.887],[3.115,44.894],[3.123,44.889],[3.128,44.904],[3.141,44.903],[3.165,44.874],[3.189,44.861],[3.199,44.875],[3.216,44.874],[3.236,44.888],[3.227,44.898],[3.226,44.91],[3.25,44.916],[3.242,44.934],[3.251,44.935],[3.248,44.94],[3.267,44.942],[3.262,44.932],[3.286,44.926],[3.299,44.939],[3.313,44.938],[3.338,44.956],[3.355,44.955],[3.361,44.971]]]}},{"type":"Feature","properties":{"code":"49","name":"Maine-et-Loire","group":"metropole"},"geometry":{"type":"MultiPolygon","coordinates":[[[[-1.246,47.777],[-1.236,47.798],[-1.243,47.808],[-1.238,47.81],[-1.171,47.779],[-1.144,47.774],[-1.137,47.775],[-1.14,47.782],[-1.116,47.784],[-1.034,47.77],[-1.019,47.778],[-1.023,47.773],[-1.014,47.767],[-0.98,47.761],[-0.95,47.769],[-0.955,47.779],[-0.971,47.783],[-0.961,47.796],[-0.952,47.797],[-0.935,47.786],[-0.932,47.793],[-0.898,47.776],[-0.893,47.764],[-0.839,47.752],[-0.84,47.768],[-0.816,47.771],[-0.811,47.764],[-0.79,47.761],[-0.783,47.75],[-0.759,47.754],[-0.747,47.739],[-0.71,47.745],[-0.652,47.734],[-0.611,47.736],[-0.585,47.758],[-0.533,47.751],[-0.519,47.764],[-0.523,47.782],[-0.519,47.787],[-0.482,47.779],[-0.454,47.757],[-0.428,47.768],[-0.41,47.765],[-0.416,47.78],[-0.375,47.76],[-0.381,47.75],[-0.373,47.744],[-0.375,47.739],[-0.357,47.73],[-0.363,47.715],[-0.333,47.722],[-0.312,47.717],[-0.286,47.72],[-0.235,47.703],[-0.202,47.725],[-0.173,47.715],[-0.184,47.712],[-0.182,47.706],[-0.2,47.695],[-0.215,47.696],[-0.22,47.69],[-0.194,47.66],[-0.197,47.649],[-0.159,47.647],[-0.135,47.632],[-0.111,47.635],[-0.114,47.648],[-0.102,47.662],[-0.095,47.662],[-0.09,47.65],[-0.072,47.66],[-0.055,47.648],[-0.025,47.647],[-0.02,47.637],[-0.005,47.648],[0.01,47.635],[0.006,47.631],[0.014,47.622],[0.036,47.619],[0.06,47.604],[0.116,47.606],[0.119,47.597],[0.132,47.597],[0.146,47.581],[0.162,47.594],[0.183,47.597],[0.186,47.617],[0.202,47.614],[0.206,47.603],[0.218,47.613],[0.232,47.606],[0.234,47.578],[0.215,47.573],[0.2,47.541],[0.193,47.539],[0.206,47.535],[0.207,47.526],[0.226,47.527],[0.22,47.52],[0.22,47.502],[0.202,47.486],[0.191,47.461],[0.181,47.453],[0.185,47.429],[0.181,47.416],[0.154,47.399],[0.17,47.396],[0.168,47.386],[0.183,47.38],[0.14,47.362],[0.147,47.345],[0.138,47.336],[0.117,47.332],[0.113,47.318],[0.079,47.284],[0.09,47.283],[0.075,47.262],[0.075,47.248],[0.068,47.247],[0.074,47.237],[0.072,47.22],[0.079,47.217],[0.068,47.216],[0.053,47.197],[0.067,47.19],[0.062,47.174],[0.054,47.164],[0.049,47.169],[0.037,47.16],[0.019,47.176],[-0.008,47.16],[-0.041,47.114],[-0.039,47.108],[-0.027,47.106],[-0.036,47.086],[-0.042,47.094],[-0.067,47.093],[-0.067,47.099],[-0.086,47.101],[-0.101,47.086],[-0.102,47.065],[-0.129,47.054],[-0.147,47.07],[-0.166,47.065],[-0.179,47.07],[-0.146,47.091],[-0.141,47.104],[-0.156,47.101],[-0.18,47.108],[-0.206,47.093],[-0.246,47.106],[-0.263,47.099],[-0.263,47.105],[-0.281,47.099],[-0.283,47.103],[-0.341,47.087],[-0.341,47.092],[-0.353,47.095],[-0.386,47.087],[-0.387,47.092],[-0.396,47.092],[-0.401,47.071],[-0.409,47.066],[-0.426,47.073],[-0.464,47.068],[-0.476,47.054],[-0.486,47.065],[-0.464,47.074],[-0.46,47.082],[-0.494,47.083],[-0.56,47.062],[-0.554,47.058],[-0.556,47.043],[-0.543,47.032],[-0.562,47.031],[-0.565,47.019],[-0.58,47.015],[-0.595,46.998],[-0.647,46.992],[-0.648,46.997],[-0.671,47.003],[-0.68,46.988],[-0.698,46.995],[-0.716,46.984],[-0.743,47.001],[-0.743,46.992],[-0.762,46.992],[-0.769,47.003],[-0.788,47.005],[-0.809,46.993],[-0.808,46.988],[-0.811,46.994],[-0.839,46.985],[-0.844,46.989],[-0.857,46.979],[-0.849,46.974],[-0.861,46.969],[-0.892,46.976],[-0.897,46.99],[-0.904,46.995],[-0.915,46.992],[-0.921,46.998],[-0.916,47.002],[-0.933,47.002],[-0.929,47.008],[-0.961,46.995],[-0.979,47.019],[-0.984,47.011],[-1.002,47.021],[-1.017,47.004],[-1.055,47.004],[-1.067,47.013],[-1.074,47.008],[-1.145,47.026],[-1.149,47.03],[-1.117,47.04],[-1.121,47.056],[-1.116,47.063],[-1.155,47.072],[-1.169,47.093],[-1.25,47.098],[-1.225,47.119],[-1.239,47.137],[-1.219,47.146],[-1.208,47.143],[-1.206,47.15],[-1.198,47.149],[-1.162,47.178],[-1.162,47.188],[-1.178,47.193],[-1.174,47.199],[-1.18,47.209],[-1.174,47.214],[-1.188,47.22],[-1.181,47.241],[-1.198,47.253],[-1.228,47.24],[-1.254,47.248],[-1.278,47.271],[-1.275,47.291],[-1.296,47.306],[-1.337,47.3],[-1.354,47.304],[-1.297,47.339],[-1.188,47.352],[-1.167,47.366],[-1.076,47.371],[-1.015,47.365],[-0.991,47.373],[-0.975,47.371],[-0.946,47.387],[-0.951,47.389],[-0.95,47.407],[-0.961,47.418],[-0.961,47.423],[-0.948,47.423],[-0.947,47.428],[-0.953,47.435],[-0.953,47.451],[-0.968,47.47],[-0.959,47.481],[-0.965,47.492],[-1.006,47.488],[-1.044,47.505],[-1.038,47.544],[-1.059,47.552],[-1.052,47.558],[-1.056,47.565],[-1.042,47.562],[-1.044,47.568],[-1.009,47.586],[-1.01,47.593],[-1.041,47.603],[-1.071,47.604],[-1.092,47.611],[-1.101,47.621],[-1.138,47.619],[-1.159,47.638],[-1.161,47.662],[-1.17,47.659],[-1.181,47.665],[-1.181,47.675],[-1.173,47.682],[-1.178,47.686],[-1.175,47.695],[-1.19,47.699],[-1.182,47.703],[-1.196,47.71],[-1.195,47.722],[-1.209,47.718],[-1.255,47.731],[-1.256,47.743],[-1.242,47.743],[-1.234,47.757],[-1.25,47.764],[-1.246,47.777]]]]}},{"type":"Feature","properties":{"code":"50","name":"Manche","group":"metropole"},"geometry":{"type":"MultiPolygon","coordinates":[[[[-1.241,49.585],[-1.249,49.59],[-1.239,49.589],[-1.241,49.585]]],[[[-1.842,48.876],[-1.843,48.879],[-1.841,48.878],[-1.842,48.876]]],[[[-1.821,48.868],[-1.833,48.869],[-1.839,48.878],[-1.821,48.868]]],[[[-1.12,49.356],[-1.113,49.327],[-1.141,49.306],[-1.135,49.287],[-1.12,49.281],[-1.124,49.274],[-1.134,49.279],[-1.136,49.27],[-1.127,49.267],[-1.126,49.272],[-1.122,49.264],[-1.112,49.263],[-1.104,49.252],[-1.096,49.254],[-1.093,49.244],[-1.088,49.246],[-1.061,49.225],[-1.05,49.228],[-1.048,49.22],[-1.037,49.222],[-1.023,49.203],[-1.011,49.205],[-0.974,49.191],[-0.954,49.2],[-0.942,49.212],[-0.947,49.215],[-0.931,49.217],[-0.933,49.226],[-0.926,49.232],[-0.901,49.203],[-0.889,49.204],[-0.916,49.189],[-0.906,49.184],[-0.916,49.184],[-0.914,49.179],[-0.924,49.175],[-0.926,49.164],[-0.937,49.161],[-0.95,49.168],[-0.959,49.161],[-0.931,49.158],[-0.941,49.152],[-0.93,49.144],[-0.887,49.129],[-0.925,49.102],[-0.891,49.119],[-0.878,49.117],[-0.881,49.091],[-0.869,49.068],[-0.892,49.046],[-0.861,49.031],[-0.905,49.011],[-0.911,48.994],[-0.942,48.968],[-0.989,48.952],[-0.989,48.946],[-1.005,48.935],[-1.012,48.941],[-1.032,48.938],[-1.066,48.92],[-1.02,48.927],[-1.013,48.915],[-1.019,48.908],[-1.049,48.894],[-1.07,48.87],[-1.078,48.868],[-1.091,48.879],[-1.099,48.876],[-1.099,48.868],[-1.122,48.855],[-1.121,48.848],[-1.129,48.85],[-1.142,48.838],[-1.157,48.836],[-1.159,48.826],[-1.102,48.814],[-1.091,48.793],[-1.101,48.79],[-1.083,48.778],[-1.059,48.773],[-1.045,48.783],[-1.013,48.772],[-0.991,48.778],[-0.971,48.773],[-0.967,48.786],[-0.951,48.789],[-0.936,48.775],[-0.896,48.768],[-0.883,48.756],[-0.833,48.765],[-0.823,48.772],[-0.821,48.766],[-0.852,48.746],[-0.851,48.732],[-0.835,48.727],[-0.828,48.734],[-0.818,48.731],[-0.79,48.704],[-0.736,48.687],[-0.736,48.679],[-0.755,48.675],[-0.76,48.664],[-0.773,48.657],[-0.762,48.631],[-0.739,48.623],[-0.753,48.621],[-0.752,48.601],[-0.77,48.59],[-0.779,48.558],[-0.806,48.551],[-0.827,48.531],[-0.847,48.522],[-0.86,48.501],[-0.87,48.498],[-0.905,48.496],[-0.923,48.503],[-0.923,48.513],[-0.955,48.517],[-0.972,48.495],[-1.004,48.489],[-1.06,48.515],[-1.073,48.508],[-1.104,48.513],[-1.116,48.522],[-1.147,48.517],[-1.17,48.531],[-1.193,48.529],[-1.207,48.542],[-1.231,48.537],[-1.249,48.544],[-1.272,48.534],[-1.269,48.527],[-1.278,48.51],[-1.288,48.51],[-1.301,48.499],[-1.328,48.498],[-1.329,48.486],[-1.339,48.491],[-1.349,48.482],[-1.346,48.472],[-1.38,48.456],[-1.428,48.462],[-1.44,48.471],[-1.435,48.477],[-1.45,48.488],[-1.49,48.489],[-1.495,48.507],[-1.518,48.53],[-1.516,48.538],[-1.533,48.546],[-1.524,48.562],[-1.527,48.566],[-1.519,48.567],[-1.528,48.579],[-1.543,48.58],[-1.537,48.599],[-1.566,48.614],[-1.571,48.626],[-1.528,48.629],[-1.519,48.627],[-1.512,48.613],[-1.511,48.619],[-1.449,48.623],[-1.429,48.635],[-1.425,48.644],[-1.421,48.639],[-1.391,48.645],[-1.368,48.641],[-1.352,48.631],[-1.364,48.647],[-1.4,48.656],[-1.374,48.688],[-1.432,48.666],[-1.44,48.655],[-1.446,48.655],[-1.449,48.67],[-1.457,48.674],[-1.486,48.686],[-1.505,48.687],[-1.529,48.73],[-1.553,48.732],[-1.571,48.744],[-1.575,48.753],[-1.568,48.803],[-1.574,48.822],[-1.594,48.835],[-1.614,48.834],[-1.587,48.846],[-1.582,48.854],[-1.557,48.932],[-1.551,48.932],[-1.558,48.928],[-1.561,48.913],[-1.555,48.894],[-1.55,48.895],[-1.549,48.925],[-1.543,48.931],[-1.547,48.939],[-1.559,48.938],[-1.563,48.945],[-1.561,49.001],[-1.555,49],[-1.552,48.986],[-1.548,48.99],[-1.557,49.027],[-1.535,49.034],[-1.506,49.02],[-1.506,49.025],[-1.533,49.038],[-1.56,49.037],[-1.577,49.02],[-1.576,49.0],[-1.586,49.008],[-1.599,49.037],[-1.602,49.053],[-1.597,49.067],[-1.602,49.07],[-1.597,49.073],[-1.609,49.083],[-1.61,49.074],[-1.609,49.106],[-1.595,49.132],[-1.581,49.132],[-1.596,49.143],[-1.605,49.206],[-1.614,49.219],[-1.569,49.222],[-1.586,49.234],[-1.609,49.232],[-1.615,49.238],[-1.626,49.223],[-1.626,49.21],[-1.647,49.23],[-1.678,49.28],[-1.677,49.285],[-1.675,49.28],[-1.657,49.282],[-1.685,49.288],[-1.711,49.325],[-1.675,49.332],[-1.7,49.334],[-1.719,49.325],[-1.765,49.364],[-1.787,49.375],[-1.757,49.368],[-1.772,49.38],[-1.784,49.378],[-1.789,49.369],[-1.809,49.372],[-1.824,49.401],[-1.827,49.453],[-1.835,49.467],[-1.848,49.474],[-1.848,49.504],[-1.854,49.511],[-1.876,49.515],[-1.887,49.526],[-1.885,49.541],[-1.858,49.551],[-1.839,49.576],[-1.852,49.638],[-1.876,49.659],[-1.947,49.675],[-1.936,49.694],[-1.944,49.698],[-1.948,49.717],[-1.942,49.726],[-1.926,49.727],[-1.903,49.721],[-1.883,49.706],[-1.852,49.718],[-1.823,49.69],[-1.761,49.678],[-1.718,49.68],[-1.701,49.67],[-1.687,49.674],[-1.672,49.658],[-1.615,49.658],[-1.629,49.66],[-1.631,49.654],[-1.615,49.643],[-1.613,49.649],[-1.603,49.647],[-1.606,49.659],[-1.6,49.661],[-1.587,49.651],[-1.507,49.661],[-1.487,49.669],[-1.485,49.678],[-1.473,49.686],[-1.478,49.69],[-1.473,49.697],[-1.455,49.691],[-1.437,49.702],[-1.371,49.707],[-1.29,49.692],[-1.266,49.695],[-1.272,49.679],[-1.239,49.654],[-1.243,49.648],[-1.228,49.623],[-1.229,49.606],[-1.254,49.613],[-1.272,49.571],[-1.275,49.578],[-1.268,49.583],[-1.296,49.583],[-1.307,49.567],[-1.306,49.539],[-1.253,49.481],[-1.171,49.413],[-1.162,49.389],[-1.179,49.378],[-1.178,49.365],[-1.164,49.367],[-1.136,49.354],[-1.12,49.356]]]]}},{"type":"Feature","properties":{"code":"51","name":"Marne","group":"metropole"},"geometry":{"type":"Polygon","coordinates":[[[4.048,49.406],[4.191,49.401],[4.201,49.384],[4.214,49.388],[4.248,49.382],[4.259,49.37],[4.256,49.366],[4.277,49.351],[4.294,49.353],[4.288,49.349],[4.308,49.327],[4.344,49.324],[4.344,49.314],[4.376,49.324],[4.396,49.292],[4.44,49.28],[4.447,49.273],[4.484,49.281],[4.516,49.28],[4.568,49.297],[4.598,49.291],[4.59,49.281],[4.592,49.273],[4.608,49.269],[4.619,49.239],[4.634,49.232],[4.67,49.241],[4.686,49.257],[4.696,49.257],[4.704,49.251],[4.727,49.254],[4.744,49.241],[4.765,49.245],[4.791,49.241],[4.815,49.25],[4.817,49.241],[4.83,49.243],[4.826,49.237],[4.831,49.233],[4.866,49.227],[4.862,49.24],[4.879,49.25],[4.883,49.257],[4.877,49.263],[4.893,49.258],[4.924,49.267],[4.917,49.26],[4.934,49.262],[4.925,49.25],[4.946,49.244],[4.951,49.237],[4.971,49.236],[4.978,49.219],[4.993,49.21],[4.94,49.185],[4.997,49.107],[4.996,49.088],[5.006,49.06],[4.965,49.021],[5.008,49.035],[5.037,49.024],[5.039,49.011],[5.031,49.006],[5.035,48.993],[5.018,48.996],[4.994,48.984],[5.039,48.974],[5.031,48.954],[5.014,48.946],[5.014,48.937],[4.959,48.926],[4.948,48.93],[4.912,48.898],[4.925,48.891],[4.912,48.869],[4.925,48.864],[4.921,48.861],[4.937,48.843],[4.889,48.817],[4.897,48.809],[4.889,48.801],[4.933,48.791],[4.935,48.783],[4.981,48.746],[5.009,48.741],[5.005,48.72],[5.015,48.708],[4.997,48.71],[5.006,48.699],[4.991,48.693],[4.988,48.684],[4.951,48.689],[4.939,48.675],[4.911,48.689],[4.868,48.667],[4.831,48.672],[4.82,48.68],[4.798,48.678],[4.795,48.669],[4.782,48.67],[4.772,48.652],[4.842,48.65],[4.84,48.644],[4.854,48.635],[4.848,48.628],[4.851,48.616],[4.858,48.614],[4.833,48.613],[4.797,48.595],[4.785,48.599],[4.775,48.593],[4.764,48.595],[4.776,48.566],[4.796,48.568],[4.783,48.554],[4.799,48.531],[4.791,48.528],[4.718,48.542],[4.675,48.538],[4.67,48.532],[4.666,48.538],[4.635,48.544],[4.641,48.554],[4.626,48.555],[4.568,48.548],[4.549,48.537],[4.545,48.525],[4.526,48.528],[4.529,48.54],[4.511,48.548],[4.494,48.539],[4.403,48.561],[4.315,48.616],[4.334,48.632],[4.317,48.652],[4.328,48.656],[4.323,48.664],[4.334,48.677],[4.323,48.684],[4.326,48.7],[4.299,48.715],[4.264,48.706],[4.243,48.717],[4.233,48.702],[4.165,48.708],[4.131,48.686],[4.08,48.701],[4.065,48.687],[4.063,48.682],[4.069,48.679],[4.058,48.666],[4.053,48.669],[4.047,48.662],[4.03,48.659],[4.002,48.664],[3.986,48.655],[3.979,48.626],[3.968,48.632],[3.949,48.603],[3.908,48.602],[3.906,48.587],[3.897,48.58],[3.9,48.575],[3.854,48.58],[3.856,48.572],[3.864,48.572],[3.859,48.558],[3.866,48.538],[3.851,48.523],[3.826,48.515],[3.798,48.529],[3.766,48.528],[3.738,48.538],[3.704,48.533],[3.688,48.54],[3.644,48.536],[3.644,48.541],[3.634,48.541],[3.629,48.562],[3.633,48.569],[3.624,48.58],[3.604,48.572],[3.593,48.588],[3.583,48.585],[3.58,48.605],[3.563,48.603],[3.56,48.619],[3.538,48.632],[3.519,48.633],[3.517,48.637],[3.533,48.647],[3.518,48.643],[3.493,48.648],[3.477,48.637],[3.451,48.635],[3.46,48.653],[3.441,48.664],[3.446,48.667],[3.443,48.673],[3.472,48.686],[3.471,48.694],[3.478,48.698],[3.464,48.707],[3.47,48.738],[3.444,48.737],[3.429,48.758],[3.399,48.755],[3.396,48.759],[3.409,48.784],[3.429,48.779],[3.442,48.782],[3.444,48.791],[3.442,48.804],[3.423,48.801],[3.404,48.809],[3.417,48.818],[3.448,48.811],[3.47,48.821],[3.481,48.812],[3.487,48.815],[3.491,48.835],[3.482,48.866],[3.502,48.872],[3.508,48.89],[3.529,48.912],[3.571,48.915],[3.574,48.939],[3.603,48.944],[3.602,48.953],[3.592,48.96],[3.601,48.966],[3.621,48.966],[3.627,48.98],[3.623,48.983],[3.64,49.004],[3.66,49.004],[3.678,49.014],[3.664,49.037],[3.65,49.043],[3.643,49.037],[3.631,49.04],[3.616,49.034],[3.588,49.034],[3.585,49.039],[3.588,49.059],[3.6,49.062],[3.609,49.073],[3.624,49.071],[3.638,49.077],[3.612,49.118],[3.603,49.115],[3.6,49.121],[3.612,49.129],[3.614,49.139],[3.621,49.139],[3.622,49.151],[3.687,49.154],[3.703,49.141],[3.749,49.157],[3.751,49.178],[3.711,49.178],[3.704,49.181],[3.707,49.186],[3.697,49.188],[3.697,49.195],[3.705,49.199],[3.699,49.206],[3.682,49.197],[3.676,49.2],[3.679,49.207],[3.653,49.215],[3.651,49.222],[3.664,49.222],[3.678,49.235],[3.668,49.242],[3.661,49.26],[3.654,49.254],[3.661,49.27],[3.652,49.278],[3.659,49.287],[3.638,49.301],[3.644,49.313],[3.701,49.333],[3.742,49.337],[3.741,49.348],[3.778,49.356],[3.78,49.352],[3.82,49.358],[3.853,49.345],[3.859,49.354],[3.848,49.365],[3.856,49.364],[3.86,49.386],[3.822,49.402],[3.855,49.401],[3.87,49.407],[3.89,49.401],[3.896,49.393],[3.91,49.395],[3.925,49.408],[3.961,49.377],[3.995,49.378],[4.018,49.358],[4.035,49.36],[4.037,49.388],[4.048,49.406]]]}},{"type":"Feature","properties":{"code":"52","name":"Haute-Marne","group":"metropole"},"geometry":{"type":"Polygon","coordinates":[[[4.67,48.532],[4.675,48.538],[4.718,48.542],[4.799,48.53],[4.783,48.554],[4.796,48.568],[4.776,48.566],[4.764,48.595],[4.775,48.593],[4.783,48.599],[4.797,48.595],[4.833,48.613],[4.858,48.614],[4.851,48.616],[4.848,48.628],[4.854,48.635],[4.84,48.644],[4.842,48.65],[4.772,48.652],[4.782,48.67],[4.795,48.669],[4.798,48.678],[4.82,48.68],[4.831,48.672],[4.868,48.667],[4.911,48.689],[4.939,48.675],[4.951,48.689],[5.005,48.682],[5.011,48.668],[4.993,48.658],[5.006,48.633],[4.995,48.622],[5.004,48.612],[5.033,48.614],[5.057,48.632],[5.06,48.612],[5.071,48.596],[5.119,48.596],[5.118,48.585],[5.146,48.56],[5.167,48.565],[5.173,48.556],[5.197,48.547],[5.195,48.538],[5.208,48.539],[5.212,48.529],[5.222,48.526],[5.227,48.532],[5.296,48.508],[5.306,48.516],[5.317,48.508],[5.328,48.509],[5.35,48.482],[5.381,48.471],[5.398,48.474],[5.406,48.465],[5.403,48.454],[5.409,48.445],[5.433,48.432],[5.439,48.435],[5.447,48.424],[5.468,48.424],[5.42,48.395],[5.394,48.392],[5.407,48.383],[5.443,48.379],[5.419,48.361],[5.423,48.352],[5.417,48.343],[5.427,48.331],[5.474,48.355],[5.522,48.349],[5.537,48.318],[5.589,48.276],[5.612,48.292],[5.654,48.269],[5.641,48.242],[5.676,48.229],[5.688,48.234],[5.718,48.215],[5.731,48.19],[5.697,48.189],[5.68,48.179],[5.687,48.167],[5.681,48.151],[5.685,48.147],[5.657,48.122],[5.672,48.109],[5.649,48.105],[5.629,48.084],[5.656,48.069],[5.661,48.073],[5.653,48.084],[5.658,48.086],[5.697,48.077],[5.699,48.067],[5.721,48.053],[5.721,48.044],[5.74,48.05],[5.764,48.03],[5.777,48.034],[5.776,48.022],[5.795,47.998],[5.793,47.987],[5.778,47.978],[5.787,47.953],[5.805,47.947],[5.813,47.956],[5.832,47.958],[5.846,47.976],[5.847,47.97],[5.854,47.97],[5.849,47.964],[5.858,47.945],[5.869,47.945],[5.885,47.93],[5.883,47.921],[5.89,47.921],[5.886,47.916],[5.891,47.911],[5.883,47.9],[5.848,47.904],[5.837,47.891],[5.839,47.885],[5.821,47.869],[5.828,47.858],[5.818,47.853],[5.83,47.856],[5.828,47.852],[5.796,47.847],[5.799,47.856],[5.761,47.859],[5.744,47.849],[5.746,47.83],[5.751,47.829],[5.741,47.819],[5.701,47.824],[5.69,47.819],[5.682,47.809],[5.677,47.779],[5.68,47.77],[5.708,47.768],[5.71,47.745],[5.69,47.735],[5.695,47.726],[5.683,47.717],[5.694,47.705],[5.691,47.685],[5.663,47.685],[5.648,47.675],[5.597,47.672],[5.585,47.7],[5.567,47.707],[5.53,47.673],[5.483,47.685],[5.47,47.675],[5.447,47.671],[5.42,47.678],[5.406,47.673],[5.399,47.653],[5.406,47.647],[5.383,47.632],[5.373,47.618],[5.374,47.605],[5.367,47.605],[5.356,47.591],[5.341,47.596],[5.345,47.605],[5.339,47.61],[5.322,47.612],[5.285,47.595],[5.278,47.59],[5.278,47.581],[5.253,47.577],[5.238,47.597],[5.259,47.622],[5.239,47.616],[5.23,47.63],[5.211,47.642],[5.175,47.651],[5.178,47.681],[5.162,47.681],[5.157,47.669],[5.135,47.654],[5.139,47.651],[5.123,47.647],[5.109,47.65],[5.104,47.659],[5.086,47.657],[5.069,47.669],[5.053,47.668],[5.044,47.677],[5.061,47.695],[5.029,47.693],[5.034,47.702],[5.029,47.71],[5.013,47.706],[4.997,47.69],[4.969,47.686],[4.972,47.692],[4.954,47.701],[4.972,47.729],[4.97,47.736],[4.957,47.732],[4.966,47.741],[4.959,47.762],[4.947,47.767],[4.923,47.759],[4.927,47.765],[4.917,47.767],[4.924,47.773],[4.918,47.777],[4.982,47.8],[4.994,47.82],[4.96,47.839],[4.963,47.854],[4.954,47.867],[4.927,47.872],[4.929,47.886],[4.915,47.898],[4.903,47.921],[4.869,47.917],[4.86,47.896],[4.831,47.909],[4.831,47.918],[4.847,47.921],[4.846,47.927],[4.866,47.941],[4.858,47.952],[4.845,47.961],[4.787,47.964],[4.795,47.984],[4.81,47.989],[4.793,47.997],[4.789,48.008],[4.749,48.004],[4.72,48.009],[4.704,48.02],[4.715,48.021],[4.705,48.028],[4.723,48.046],[4.711,48.05],[4.69,48.073],[4.658,48.079],[4.706,48.09],[4.704,48.1],[4.724,48.106],[4.731,48.119],[4.804,48.105],[4.834,48.105],[4.829,48.129],[4.852,48.143],[4.837,48.151],[4.84,48.158],[4.835,48.162],[4.864,48.199],[4.862,48.211],[4.842,48.214],[4.835,48.221],[4.854,48.229],[4.848,48.239],[4.839,48.237],[4.846,48.243],[4.845,48.257],[4.862,48.266],[4.842,48.284],[4.851,48.296],[4.838,48.304],[4.826,48.302],[4.828,48.307],[4.814,48.323],[4.84,48.342],[4.812,48.346],[4.794,48.357],[4.775,48.357],[4.755,48.367],[4.76,48.388],[4.717,48.396],[4.705,48.391],[4.7,48.396],[4.708,48.401],[4.694,48.415],[4.682,48.418],[4.69,48.425],[4.678,48.432],[4.678,48.441],[4.629,48.461],[4.628,48.469],[4.653,48.471],[4.658,48.506],[4.677,48.517],[4.67,48.532]]]}},{"type":"Feature","properties":{"code":"53","name":"Mayenne","group":"metropole"},"geometry":{"type":"Polygon","coordinates":[[[-1.07,48.508],[-1.06,48.515],[-1.004,48.489],[-0.972,48.495],[-0.955,48.517],[-0.923,48.513],[-0.923,48.503],[-0.905,48.496],[-0.846,48.5],[-0.833,48.479],[-0.815,48.472],[-0.819,48.469],[-0.813,48.455],[-0.799,48.459],[-0.797,48.466],[-0.778,48.465],[-0.78,48.446],[-0.76,48.436],[-0.714,48.45],[-0.736,48.461],[-0.731,48.473],[-0.715,48.469],[-0.705,48.476],[-0.702,48.467],[-0.692,48.468],[-0.682,48.471],[-0.686,48.475],[-0.677,48.484],[-0.666,48.486],[-0.656,48.474],[-0.66,48.469],[-0.651,48.444],[-0.595,48.473],[-0.552,48.473],[-0.536,48.491],[-0.516,48.498],[-0.51,48.509],[-0.476,48.502],[-0.47,48.512],[-0.447,48.515],[-0.424,48.507],[-0.395,48.51],[-0.389,48.498],[-0.372,48.496],[-0.368,48.488],[-0.353,48.484],[-0.349,48.489],[-0.356,48.496],[-0.336,48.502],[-0.336,48.509],[-0.32,48.523],[-0.293,48.515],[-0.288,48.519],[-0.285,48.507],[-0.272,48.507],[-0.268,48.517],[-0.275,48.518],[-0.241,48.537],[-0.263,48.549],[-0.246,48.558],[-0.247,48.566],[-0.217,48.558],[-0.208,48.564],[-0.179,48.541],[-0.145,48.528],[-0.145,48.521],[-0.172,48.511],[-0.172,48.502],[-0.156,48.496],[-0.147,48.456],[-0.106,48.447],[-0.076,48.45],[-0.071,48.458],[-0.051,48.453],[-0.057,48.431],[-0.053,48.425],[-0.058,48.421],[-0.053,48.39],[-0.06,48.377],[-0.069,48.38],[-0.078,48.369],[-0.103,48.375],[-0.137,48.364],[-0.132,48.343],[-0.122,48.338],[-0.157,48.341],[-0.155,48.314],[-0.145,48.312],[-0.138,48.297],[-0.149,48.287],[-0.156,48.265],[-0.167,48.264],[-0.161,48.239],[-0.145,48.224],[-0.153,48.215],[-0.147,48.205],[-0.19,48.181],[-0.253,48.158],[-0.248,48.152],[-0.238,48.153],[-0.237,48.147],[-0.249,48.145],[-0.254,48.137],[-0.239,48.136],[-0.247,48.128],[-0.223,48.123],[-0.224,48.117],[-0.216,48.114],[-0.215,48.108],[-0.237,48.098],[-0.234,48.091],[-0.239,48.085],[-0.222,48.078],[-0.231,48.059],[-0.271,48.065],[-0.284,48.06],[-0.28,48.055],[-0.317,48.045],[-0.33,48.05],[-0.342,48.043],[-0.334,48.033],[-0.341,48.012],[-0.309,48.006],[-0.313,47.994],[-0.298,47.978],[-0.302,47.965],[-0.277,47.957],[-0.32,47.935],[-0.377,47.933],[-0.397,47.926],[-0.397,47.916],[-0.405,47.915],[-0.403,47.921],[-0.413,47.916],[-0.404,47.904],[-0.411,47.895],[-0.373,47.885],[-0.369,47.87],[-0.38,47.865],[-0.371,47.859],[-0.412,47.858],[-0.411,47.847],[-0.428,47.85],[-0.43,47.842],[-0.448,47.832],[-0.429,47.806],[-0.388,47.805],[-0.381,47.793],[-0.378,47.763],[-0.416,47.78],[-0.41,47.765],[-0.428,47.768],[-0.454,47.757],[-0.482,47.779],[-0.519,47.787],[-0.523,47.782],[-0.519,47.764],[-0.533,47.751],[-0.585,47.758],[-0.611,47.736],[-0.652,47.734],[-0.71,47.745],[-0.747,47.739],[-0.759,47.754],[-0.783,47.75],[-0.79,47.761],[-0.811,47.764],[-0.816,47.771],[-0.84,47.768],[-0.839,47.752],[-0.893,47.764],[-0.898,47.776],[-0.932,47.793],[-0.935,47.786],[-0.952,47.797],[-0.961,47.796],[-0.971,47.783],[-0.955,47.779],[-0.95,47.769],[-0.98,47.761],[-1.014,47.767],[-1.023,47.773],[-1.019,47.778],[-1.034,47.77],[-1.133,47.784],[-1.144,47.774],[-1.193,47.786],[-1.197,47.795],[-1.237,47.808],[-1.236,47.818],[-1.223,47.819],[-1.216,47.831],[-1.214,47.845],[-1.224,47.851],[-1.189,47.867],[-1.197,47.889],[-1.176,47.897],[-1.176,47.912],[-1.163,47.928],[-1.167,47.936],[-1.16,47.938],[-1.161,47.959],[-1.155,47.966],[-1.125,47.972],[-1.125,47.987],[-1.05,47.984],[-1.021,47.995],[-1.016,48.004],[-1.035,48.034],[-1.026,48.046],[-1.034,48.052],[-1.022,48.068],[-1.05,48.09],[-1.06,48.15],[-1.064,48.16],[-1.074,48.159],[-1.08,48.175],[-1.074,48.2],[-1.087,48.209],[-1.081,48.219],[-1.102,48.263],[-1.091,48.289],[-1.045,48.328],[-1.06,48.349],[-1.055,48.364],[-1.065,48.367],[-1.054,48.384],[-1.08,48.414],[-1.077,48.422],[-1.084,48.434],[-1.08,48.444],[-1.065,48.451],[-1.064,48.467],[-1.074,48.473],[-1.073,48.482],[-1.079,48.482],[-1.07,48.486],[-1.079,48.49],[-1.077,48.502],[-1.067,48.504],[-1.07,48.508]]]}},{"type":"Feature","properties":{"code":"54","name":"Meurthe-et-Moselle","group":"metropole"},"geometry":{"type":"MultiPolygon","coordinates":[[[[5.452,49.412],[5.472,49.42],[5.471,49.413],[5.451,49.407],[5.452,49.412]]],[[[5.426,49.486],[5.442,49.504],[5.471,49.487],[5.46,49.488],[5.456,49.481],[5.426,49.486]]],[[[5.471,49.497],[5.487,49.508],[5.541,49.515],[5.556,49.529],[5.591,49.523],[5.611,49.506],[5.62,49.517],[5.616,49.527],[5.62,49.533],[5.643,49.55],[5.661,49.554],[5.702,49.539],[5.733,49.545],[5.747,49.539],[5.757,49.543],[5.758,49.561],[5.774,49.563],[5.792,49.552],[5.816,49.548],[5.808,49.543],[5.817,49.537],[5.837,49.542],[5.846,49.53],[5.835,49.523],[5.851,49.508],[5.869,49.499],[5.893,49.497],[5.897,49.481],[5.93,49.485],[5.94,49.478],[5.932,49.472],[5.943,49.451],[5.931,49.446],[5.942,49.43],[5.929,49.427],[5.912,49.408],[5.927,49.404],[5.934,49.394],[5.936,49.379],[5.925,49.373],[5.94,49.36],[5.956,49.362],[5.963,49.346],[5.978,49.345],[5.945,49.342],[5.941,49.335],[5.985,49.305],[5.997,49.314],[6.004,49.312],[6.0,49.275],[6.009,49.273],[6.011,49.266],[6.005,49.257],[6.011,49.261],[6.032,49.251],[6.025,49.243],[6.03,49.231],[6.01,49.222],[6.0,49.209],[5.988,49.21],[5.984,49.207],[5.988,49.201],[5.981,49.202],[5.979,49.195],[5.981,49.187],[6.007,49.184],[6.007,49.177],[6.033,49.165],[6.022,49.164],[6.01,49.153],[5.989,49.155],[5.997,49.149],[5.981,49.144],[5.986,49.136],[5.997,49.135],[5.987,49.128],[6.004,49.112],[5.932,49.109],[5.925,49.094],[5.941,49.086],[5.943,49.079],[5.934,49.074],[5.951,49.065],[5.958,49.047],[5.971,49.041],[5.987,49.044],[6.005,49.034],[6.015,49.037],[6.022,49.022],[6.045,49.014],[6.042,49.004],[6.047,48.995],[6.041,48.992],[6.045,48.983],[6.029,48.991],[6.032,48.984],[6.043,48.977],[6.074,48.981],[6.069,48.972],[6.081,48.963],[6.116,48.968],[6.113,48.963],[6.126,48.957],[6.123,48.949],[6.13,48.946],[6.125,48.939],[6.14,48.933],[6.15,48.933],[6.157,48.944],[6.171,48.944],[6.17,48.937],[6.177,48.935],[6.222,48.939],[6.224,48.927],[6.242,48.924],[6.271,48.933],[6.288,48.928],[6.288,48.916],[6.311,48.921],[6.309,48.913],[6.327,48.907],[6.327,48.897],[6.303,48.887],[6.298,48.881],[6.31,48.878],[6.312,48.864],[6.298,48.867],[6.295,48.859],[6.3,48.853],[6.284,48.846],[6.306,48.833],[6.321,48.838],[6.339,48.834],[6.332,48.825],[6.317,48.831],[6.301,48.824],[6.333,48.823],[6.338,48.812],[6.355,48.813],[6.346,48.804],[6.356,48.795],[6.358,48.779],[6.371,48.785],[6.396,48.775],[6.432,48.788],[6.452,48.78],[6.454,48.766],[6.486,48.767],[6.512,48.754],[6.505,48.753],[6.505,48.747],[6.514,48.754],[6.535,48.749],[6.562,48.756],[6.574,48.739],[6.595,48.729],[6.599,48.716],[6.627,48.713],[6.639,48.701],[6.659,48.708],[6.671,48.698],[6.676,48.689],[6.67,48.687],[6.667,48.668],[6.688,48.684],[6.694,48.68],[6.692,48.673],[6.704,48.675],[6.726,48.664],[6.76,48.67],[6.757,48.664],[6.764,48.652],[6.778,48.654],[6.774,48.648],[6.782,48.643],[6.806,48.647],[6.837,48.643],[6.844,48.626],[6.854,48.621],[6.893,48.625],[6.91,48.62],[6.92,48.634],[6.93,48.636],[6.945,48.619],[6.94,48.615],[6.951,48.611],[7.01,48.612],[7.017,48.604],[6.993,48.593],[7.019,48.58],[7.034,48.58],[7.054,48.552],[7.084,48.545],[7.056,48.539],[7.079,48.536],[7.064,48.523],[7.081,48.513],[7.102,48.519],[7.123,48.514],[7.094,48.513],[7.006,48.481],[6.98,48.479],[6.891,48.418],[6.871,48.42],[6.865,48.437],[6.828,48.417],[6.814,48.396],[6.794,48.403],[6.784,48.392],[6.789,48.403],[6.767,48.399],[6.761,48.406],[6.765,48.412],[6.743,48.411],[6.714,48.423],[6.699,48.413],[6.666,48.427],[6.645,48.427],[6.648,48.434],[6.636,48.449],[6.639,48.464],[6.624,48.473],[6.585,48.461],[6.567,48.441],[6.567,48.433],[6.574,48.433],[6.584,48.417],[6.575,48.414],[6.534,48.431],[6.501,48.414],[6.491,48.417],[6.471,48.409],[6.457,48.418],[6.436,48.413],[6.422,48.407],[6.412,48.392],[6.398,48.396],[6.389,48.391],[6.384,48.395],[6.393,48.409],[6.382,48.407],[6.381,48.415],[6.354,48.404],[6.315,48.409],[6.306,48.413],[6.298,48.435],[6.292,48.428],[6.283,48.43],[6.281,48.423],[6.27,48.426],[6.26,48.406],[6.247,48.406],[6.233,48.397],[6.217,48.402],[6.191,48.395],[6.178,48.398],[6.182,48.412],[6.174,48.406],[6.15,48.41],[6.147,48.395],[6.152,48.381],[6.136,48.365],[6.121,48.364],[6.117,48.354],[6.093,48.361],[6.099,48.369],[6.086,48.383],[6.069,48.375],[6.078,48.375],[6.08,48.367],[6.071,48.36],[6.051,48.366],[6.025,48.357],[6.004,48.363],[6.006,48.358],[5.98,48.349],[5.959,48.35],[5.953,48.358],[5.956,48.367],[5.949,48.369],[5.954,48.374],[5.945,48.376],[5.955,48.387],[5.948,48.398],[5.932,48.403],[5.935,48.396],[5.928,48.394],[5.919,48.405],[5.905,48.4],[5.912,48.406],[5.907,48.419],[5.911,48.424],[5.921,48.428],[5.925,48.422],[5.931,48.434],[5.924,48.436],[5.898,48.436],[5.909,48.429],[5.895,48.405],[5.874,48.401],[5.855,48.409],[5.899,48.447],[5.887,48.454],[5.892,48.464],[5.886,48.469],[5.904,48.48],[5.899,48.485],[5.906,48.495],[5.888,48.494],[5.862,48.507],[5.846,48.507],[5.823,48.496],[5.811,48.498],[5.787,48.483],[5.776,48.487],[5.765,48.496],[5.761,48.521],[5.767,48.536],[5.776,48.541],[5.73,48.553],[5.714,48.565],[5.719,48.592],[5.748,48.599],[5.763,48.61],[5.79,48.607],[5.803,48.625],[5.793,48.629],[5.772,48.62],[5.758,48.621],[5.761,48.632],[5.743,48.653],[5.747,48.677],[5.765,48.701],[5.753,48.708],[5.755,48.714],[5.742,48.715],[5.746,48.717],[5.719,48.733],[5.726,48.737],[5.714,48.745],[5.726,48.753],[5.732,48.749],[5.742,48.753],[5.745,48.759],[5.734,48.761],[5.736,48.77],[5.776,48.79],[5.778,48.799],[5.762,48.794],[5.757,48.8],[5.769,48.804],[5.776,48.815],[5.773,48.822],[5.782,48.828],[5.773,48.851],[5.777,48.855],[5.764,48.873],[5.787,48.878],[5.791,48.887],[5.771,48.894],[5.758,48.913],[5.748,48.917],[5.751,48.922],[5.779,48.925],[5.784,48.929],[5.777,48.932],[5.789,48.934],[5.8,48.947],[5.834,48.944],[5.836,48.952],[5.85,48.957],[5.832,48.97],[5.834,48.976],[5.801,48.986],[5.828,49.006],[5.815,49.008],[5.821,49.023],[5.854,49.042],[5.836,49.055],[5.836,49.066],[5.807,49.061],[5.805,49.065],[5.813,49.083],[5.827,49.09],[5.818,49.095],[5.816,49.103],[5.822,49.108],[5.784,49.113],[5.766,49.106],[5.748,49.121],[5.755,49.128],[5.753,49.134],[5.772,49.139],[5.756,49.142],[5.76,49.153],[5.745,49.157],[5.766,49.198],[5.76,49.202],[5.725,49.196],[5.719,49.216],[5.741,49.23],[5.721,49.248],[5.73,49.257],[5.725,49.269],[5.761,49.279],[5.769,49.303],[5.763,49.316],[5.74,49.309],[5.723,49.322],[5.72,49.331],[5.738,49.34],[5.739,49.354],[5.732,49.361],[5.713,49.364],[5.716,49.372],[5.709,49.375],[5.708,49.384],[5.687,49.394],[5.695,49.399],[5.692,49.415],[5.681,49.414],[5.675,49.422],[5.635,49.437],[5.616,49.43],[5.617,49.421],[5.615,49.426],[5.584,49.418],[5.57,49.423],[5.529,49.407],[5.5,49.409],[5.494,49.404],[5.499,49.4],[5.495,49.391],[5.48,49.382],[5.476,49.397],[5.447,49.402],[5.473,49.411],[5.475,49.404],[5.497,49.408],[5.508,49.421],[5.471,49.428],[5.48,49.432],[5.487,49.448],[5.461,49.454],[5.471,49.461],[5.464,49.471],[5.47,49.48],[5.463,49.482],[5.474,49.483],[5.483,49.495],[5.471,49.497]]]]}},{"type":"Feature","properties":{"code":"55","name":"Meuse","group":"metropole"},"geometry":{"type":"Polygon","coordinates":[[[4.951,49.237],[4.999,49.259],[4.996,49.264],[5.026,49.274],[5.051,49.274],[5.049,49.285],[5.059,49.29],[5.04,49.295],[5.038,49.305],[5.025,49.31],[5.038,49.316],[5.026,49.336],[5.056,49.359],[5.053,49.366],[5.061,49.372],[5.085,49.37],[5.101,49.378],[5.104,49.39],[5.077,49.403],[5.115,49.419],[5.105,49.425],[5.1,49.441],[5.109,49.447],[5.111,49.458],[5.095,49.46],[5.083,49.47],[5.084,49.484],[5.059,49.501],[5.062,49.507],[5.079,49.509],[5.099,49.532],[5.1,49.537],[5.088,49.537],[5.088,49.545],[5.096,49.558],[5.108,49.555],[5.113,49.561],[5.108,49.562],[5.112,49.569],[5.105,49.579],[5.118,49.593],[5.144,49.591],[5.163,49.563],[5.184,49.57],[5.198,49.567],[5.209,49.574],[5.236,49.569],[5.235,49.562],[5.254,49.556],[5.263,49.542],[5.312,49.559],[5.308,49.563],[5.34,49.595],[5.351,49.588],[5.378,49.593],[5.394,49.617],[5.429,49.596],[5.438,49.57],[5.457,49.567],[5.441,49.552],[5.465,49.539],[5.467,49.526],[5.447,49.518],[5.466,49.509],[5.465,49.499],[5.483,49.495],[5.474,49.483],[5.463,49.482],[5.47,49.48],[5.464,49.471],[5.471,49.461],[5.461,49.454],[5.487,49.448],[5.472,49.427],[5.508,49.422],[5.497,49.408],[5.475,49.404],[5.473,49.411],[5.447,49.402],[5.476,49.397],[5.48,49.382],[5.495,49.391],[5.499,49.4],[5.494,49.404],[5.5,49.409],[5.529,49.407],[5.57,49.423],[5.584,49.418],[5.615,49.426],[5.617,49.421],[5.616,49.43],[5.632,49.437],[5.675,49.422],[5.681,49.414],[5.691,49.416],[5.695,49.399],[5.687,49.394],[5.708,49.384],[5.709,49.375],[5.716,49.372],[5.713,49.364],[5.732,49.361],[5.739,49.354],[5.738,49.34],[5.72,49.331],[5.723,49.322],[5.74,49.309],[5.763,49.316],[5.769,49.303],[5.761,49.279],[5.725,49.269],[5.73,49.257],[5.721,49.248],[5.741,49.23],[5.719,49.216],[5.725,49.196],[5.76,49.202],[5.766,49.198],[5.745,49.157],[5.76,49.153],[5.756,49.142],[5.772,49.139],[5.753,49.134],[5.755,49.128],[5.748,49.121],[5.766,49.106],[5.784,49.113],[5.818,49.111],[5.822,49.108],[5.816,49.103],[5.818,49.095],[5.827,49.09],[5.809,49.078],[5.807,49.061],[5.836,49.066],[5.836,49.055],[5.854,49.042],[5.821,49.023],[5.815,49.008],[5.828,49.006],[5.801,48.986],[5.834,48.976],[5.832,48.97],[5.85,48.959],[5.847,48.952],[5.817,48.942],[5.8,48.947],[5.789,48.934],[5.777,48.932],[5.784,48.929],[5.779,48.925],[5.751,48.922],[5.748,48.917],[5.758,48.913],[5.771,48.894],[5.791,48.887],[5.787,48.878],[5.764,48.873],[5.777,48.855],[5.773,48.851],[5.782,48.828],[5.773,48.822],[5.776,48.815],[5.769,48.804],[5.757,48.8],[5.762,48.794],[5.778,48.799],[5.776,48.79],[5.736,48.77],[5.734,48.761],[5.745,48.759],[5.742,48.753],[5.732,48.749],[5.726,48.753],[5.714,48.745],[5.726,48.737],[5.719,48.733],[5.746,48.717],[5.742,48.715],[5.755,48.714],[5.753,48.708],[5.765,48.701],[5.747,48.677],[5.743,48.653],[5.761,48.632],[5.758,48.621],[5.772,48.62],[5.793,48.629],[5.803,48.625],[5.79,48.607],[5.763,48.61],[5.748,48.599],[5.715,48.589],[5.716,48.561],[5.776,48.541],[5.761,48.524],[5.765,48.496],[5.755,48.492],[5.74,48.467],[5.713,48.46],[5.681,48.471],[5.642,48.472],[5.638,48.469],[5.653,48.459],[5.618,48.442],[5.622,48.426],[5.609,48.443],[5.58,48.439],[5.577,48.432],[5.568,48.433],[5.565,48.441],[5.551,48.44],[5.516,48.431],[5.509,48.416],[5.514,48.411],[5.505,48.409],[5.465,48.425],[5.447,48.424],[5.439,48.435],[5.433,48.432],[5.414,48.442],[5.403,48.454],[5.406,48.465],[5.398,48.474],[5.381,48.471],[5.358,48.478],[5.328,48.503],[5.328,48.509],[5.317,48.508],[5.306,48.516],[5.296,48.508],[5.227,48.532],[5.222,48.526],[5.212,48.529],[5.208,48.539],[5.195,48.538],[5.197,48.547],[5.173,48.556],[5.167,48.565],[5.146,48.56],[5.118,48.585],[5.119,48.596],[5.073,48.595],[5.06,48.612],[5.057,48.632],[5.027,48.612],[4.999,48.615],[4.996,48.626],[5.006,48.633],[4.993,48.658],[5.011,48.668],[5.005,48.682],[4.988,48.684],[4.991,48.693],[5.006,48.699],[4.997,48.71],[5.016,48.71],[5.005,48.72],[5.009,48.741],[4.981,48.746],[4.935,48.783],[4.937,48.789],[4.889,48.801],[4.897,48.809],[4.889,48.817],[4.937,48.843],[4.921,48.861],[4.925,48.864],[4.912,48.869],[4.925,48.891],[4.912,48.898],[4.948,48.93],[4.959,48.926],[5.014,48.937],[5.014,48.946],[5.031,48.954],[5.039,48.974],[4.994,48.984],[5.018,48.996],[5.035,48.993],[5.031,49.006],[5.039,49.011],[5.037,49.024],[5.008,49.035],[4.965,49.021],[5.006,49.06],[4.996,49.088],[4.997,49.107],[4.94,49.185],[4.993,49.21],[4.978,49.219],[4.971,49.236],[4.951,49.237]],[[5.452,49.412],[5.451,49.407],[5.471,49.413],[5.472,49.42],[5.452,49.412]],[[5.426,49.486],[5.456,49.481],[5.46,49.488],[5.471,49.487],[5.442,49.504],[5.426,49.486]]]}},{"type":"Feature","properties":{"code":"56","name":"Morbihan","group":"metropole"},"geometry":{"type":"MultiPolygon","coordinates":[[[[-3.422,47.62],[-3.439,47.629],[-3.463,47.62],[-3.515,47.647],[-3.485,47.653],[-3.43,47.643],[-3.415,47.632],[-3.422,47.62]]],[[[-3.195,47.292],[-3.197,47.293],[-3.195,47.294],[-3.195,47.292]]],[[[-2.884,47.343],[-2.863,47.349],[-2.861,47.341],[-2.882,47.33],[-2.891,47.338],[-2.887,47.341],[-2.892,47.347],[-2.884,47.343]]],[[[-3.235,47.324],[-3.249,47.331],[-3.255,47.348],[-3.264,47.352],[-3.259,47.358],[-3.262,47.372],[-3.247,47.371],[-3.253,47.375],[-3.245,47.388],[-3.235,47.379],[-3.22,47.38],[-3.219,47.371],[-3.201,47.372],[-3.172,47.361],[-3.157,47.365],[-3.153,47.348],[-3.139,47.329],[-3.124,47.329],[-3.101,47.316],[-3.067,47.317],[-3.056,47.308],[-3.065,47.307],[-3.075,47.287],[-3.092,47.278],[-3.123,47.291],[-3.14,47.286],[-3.168,47.302],[-3.193,47.294],[-3.201,47.3],[-3.218,47.292],[-3.248,47.313],[-3.25,47.317],[-3.235,47.324]]],[[[-2.948,47.373],[-2.959,47.384],[-2.994,47.393],[-2.994,47.399],[-2.955,47.391],[-2.939,47.395],[-2.954,47.384],[-2.948,47.373]]],[[[-3.139,47.713],[-3.136,47.714],[-3.137,47.712],[-3.139,47.713]]],[[[-2.86,47.56],[-2.862,47.57],[-2.851,47.599],[-2.855,47.6],[-2.846,47.599],[-2.839,47.607],[-2.841,47.594],[-2.824,47.589],[-2.847,47.59],[-2.856,47.573],[-2.849,47.566],[-2.858,47.566],[-2.86,47.56]]],[[[-2.81,47.578],[-2.814,47.584],[-2.805,47.587],[-2.813,47.591],[-2.793,47.606],[-2.787,47.595],[-2.81,47.578]]],[[[-2.727,47.573],[-2.739,47.584],[-2.727,47.58],[-2.727,47.573]]],[[[-2.786,47.568],[-2.795,47.571],[-2.793,47.579],[-2.786,47.568]]],[[[-2.777,47.586],[-2.786,47.59],[-2.775,47.596],[-2.777,47.586]]],[[[-2.884,47.565],[-2.887,47.563],[-2.886,47.565],[-2.884,47.565]]],[[[-2.763,47.59],[-2.765,47.592],[-2.762,47.592],[-2.763,47.59]]],[[[-2.724,47.598],[-2.726,47.6],[-2.723,47.6],[-2.724,47.598]]],[[[-3.16,47.719],[-3.156,47.72],[-3.159,47.707],[-3.16,47.719]]],[[[-3.565,48.186],[-3.536,48.178],[-3.477,48.186],[-3.47,48.178],[-3.453,48.177],[-3.438,48.184],[-3.421,48.174],[-3.438,48.163],[-3.437,48.155],[-3.418,48.146],[-3.402,48.157],[-3.389,48.153],[-3.376,48.164],[-3.338,48.171],[-3.324,48.161],[-3.325,48.15],[-3.304,48.156],[-3.272,48.14],[-3.241,48.152],[-3.212,48.143],[-3.216,48.152],[-3.192,48.165],[-3.175,48.159],[-3.158,48.168],[-3.155,48.158],[-3.139,48.164],[-3.13,48.177],[-3.137,48.19],[-3.115,48.207],[-3.095,48.202],[-3.078,48.211],[-3.069,48.205],[-3.054,48.207],[-3.037,48.204],[-3.029,48.196],[-3.015,48.198],[-3.02,48.191],[-3.011,48.182],[-3.012,48.172],[-2.996,48.171],[-3.0,48.161],[-2.982,48.16],[-2.94,48.172],[-2.891,48.165],[-2.882,48.153],[-2.851,48.141],[-2.804,48.145],[-2.806,48.141],[-2.782,48.121],[-2.784,48.111],[-2.773,48.086],[-2.76,48.098],[-2.755,48.115],[-2.704,48.112],[-2.702,48.119],[-2.676,48.132],[-2.661,48.131],[-2.652,48.119],[-2.657,48.116],[-2.652,48.107],[-2.657,48.107],[-2.65,48.098],[-2.673,48.063],[-2.666,48.056],[-2.67,48.048],[-2.657,48.042],[-2.658,48.033],[-2.645,48.042],[-2.645,48.035],[-2.628,48.034],[-2.586,48.059],[-2.581,48.069],[-2.565,48.067],[-2.561,48.074],[-2.548,48.077],[-2.548,48.094],[-2.554,48.098],[-2.54,48.103],[-2.514,48.132],[-2.517,48.142],[-2.532,48.15],[-2.532,48.158],[-2.488,48.155],[-2.484,48.157],[-2.488,48.166],[-2.479,48.167],[-2.472,48.16],[-2.453,48.164],[-2.449,48.173],[-2.418,48.173],[-2.406,48.168],[-2.401,48.155],[-2.374,48.14],[-2.373,48.123],[-2.358,48.111],[-2.349,48.127],[-2.338,48.125],[-2.337,48.119],[-2.321,48.123],[-2.316,48.136],[-2.284,48.133],[-2.255,48.109],[-2.254,48.09],[-2.248,48.085],[-2.258,48.073],[-2.256,48.063],[-2.234,48.063],[-2.236,48.076],[-2.22,48.081],[-2.181,48.083],[-2.168,48.076],[-2.17,48.063],[-2.189,48.052],[-2.242,48.053],[-2.261,48.042],[-2.28,48.026],[-2.283,48.018],[-2.276,48.01],[-2.29,48.001],[-2.288,47.992],[-2.239,48.0],[-2.191,47.991],[-2.178,47.98],[-2.144,47.984],[-2.127,47.966],[-2.111,47.96],[-2.1,47.948],[-2.098,47.933],[-2.079,47.919],[-2.086,47.914],[-2.085,47.905],[-2.106,47.902],[-2.101,47.896],[-2.116,47.89],[-2.117,47.881],[-2.096,47.862],[-2.106,47.858],[-2.109,47.849],[-2.091,47.843],[-2.069,47.852],[-2.055,47.869],[-2.052,47.841],[-2.036,47.833],[-2.047,47.818],[-2.07,47.811],[-2.072,47.79],[-2.097,47.778],[-2.11,47.779],[-2.11,47.771],[-2.128,47.769],[-2.126,47.761],[-2.085,47.763],[-2.084,47.75],[-2.062,47.751],[-2.058,47.742],[-2.109,47.737],[-2.107,47.732],[-2.131,47.722],[-2.119,47.711],[-2.123,47.683],[-2.104,47.676],[-2.103,47.665],[-2.114,47.648],[-2.096,47.647],[-2.094,47.64],[-2.105,47.638],[-2.084,47.618],[-2.086,47.604],[-2.104,47.591],[-2.1,47.579],[-2.105,47.575],[-2.097,47.571],[-2.105,47.547],[-2.097,47.54],[-2.099,47.534],[-2.156,47.522],[-2.154,47.496],[-2.165,47.489],[-2.192,47.497],[-2.184,47.502],[-2.185,47.512],[-2.216,47.508],[-2.244,47.494],[-2.266,47.502],[-2.255,47.512],[-2.281,47.51],[-2.296,47.516],[-2.301,47.496],[-2.313,47.486],[-2.312,47.465],[-2.317,47.461],[-2.355,47.455],[-2.368,47.464],[-2.4,47.456],[-2.416,47.46],[-2.423,47.477],[-2.452,47.463],[-2.458,47.448],[-2.468,47.45],[-2.481,47.441],[-2.501,47.458],[-2.488,47.471],[-2.501,47.493],[-2.484,47.496],[-2.465,47.483],[-2.447,47.495],[-2.421,47.495],[-2.441,47.496],[-2.466,47.512],[-2.503,47.515],[-2.505,47.523],[-2.535,47.524],[-2.534,47.528],[-2.553,47.513],[-2.595,47.518],[-2.619,47.505],[-2.632,47.505],[-2.624,47.514],[-2.612,47.509],[-2.606,47.517],[-2.613,47.524],[-2.607,47.528],[-2.58,47.521],[-2.574,47.524],[-2.588,47.53],[-2.565,47.534],[-2.582,47.536],[-2.575,47.546],[-2.559,47.552],[-2.569,47.556],[-2.578,47.55],[-2.581,47.554],[-2.574,47.559],[-2.587,47.564],[-2.583,47.543],[-2.596,47.543],[-2.594,47.534],[-2.607,47.533],[-2.619,47.552],[-2.611,47.568],[-2.62,47.561],[-2.619,47.548],[-2.629,47.549],[-2.616,47.537],[-2.625,47.535],[-2.621,47.533],[-2.65,47.538],[-2.659,47.543],[-2.659,47.55],[-2.67,47.543],[-2.664,47.539],[-2.671,47.537],[-2.667,47.533],[-2.656,47.537],[-2.652,47.529],[-2.621,47.525],[-2.629,47.517],[-2.628,47.524],[-2.64,47.516],[-2.664,47.519],[-2.666,47.509],[-2.681,47.497],[-2.675,47.492],[-2.733,47.506],[-2.74,47.5],[-2.779,47.496],[-2.794,47.484],[-2.85,47.499],[-2.847,47.51],[-2.855,47.518],[-2.847,47.519],[-2.858,47.519],[-2.887,47.538],[-2.904,47.534],[-2.893,47.544],[-2.913,47.542],[-2.92,47.548],[-2.909,47.55],[-2.915,47.556],[-2.897,47.563],[-2.894,47.555],[-2.891,47.562],[-2.885,47.557],[-2.879,47.564],[-2.878,47.555],[-2.869,47.557],[-2.874,47.547],[-2.858,47.551],[-2.862,47.542],[-2.853,47.537],[-2.845,47.54],[-2.853,47.542],[-2.851,47.547],[-2.839,47.544],[-2.827,47.55],[-2.83,47.543],[-2.824,47.536],[-2.826,47.543],[-2.818,47.543],[-2.824,47.557],[-2.805,47.555],[-2.808,47.544],[-2.8,47.537],[-2.8,47.547],[-2.788,47.553],[-2.786,47.547],[-2.777,47.548],[-2.779,47.539],[-2.765,47.539],[-2.767,47.543],[-2.768,47.536],[-2.731,47.542],[-2.735,47.553],[-2.714,47.579],[-2.719,47.587],[-2.712,47.588],[-2.716,47.583],[-2.708,47.581],[-2.711,47.576],[-2.704,47.589],[-2.696,47.584],[-2.695,47.591],[-2.689,47.591],[-2.691,47.605],[-2.684,47.605],[-2.689,47.623],[-2.695,47.625],[-2.687,47.631],[-2.703,47.632],[-2.692,47.639],[-2.7,47.637],[-2.712,47.648],[-2.707,47.635],[-2.716,47.631],[-2.703,47.623],[-2.715,47.626],[-2.717,47.62],[-2.701,47.618],[-2.696,47.611],[-2.702,47.607],[-2.708,47.617],[-2.717,47.614],[-2.71,47.61],[-2.713,47.602],[-2.703,47.603],[-2.711,47.593],[-2.721,47.59],[-2.721,47.603],[-2.738,47.605],[-2.732,47.599],[-2.758,47.615],[-2.779,47.62],[-2.775,47.625],[-2.734,47.613],[-2.742,47.627],[-2.751,47.622],[-2.758,47.632],[-2.755,47.638],[-2.76,47.641],[-2.765,47.631],[-2.779,47.633],[-2.778,47.628],[-2.789,47.637],[-2.784,47.641],[-2.794,47.645],[-2.793,47.634],[-2.78,47.627],[-2.783,47.621],[-2.815,47.622],[-2.835,47.613],[-2.833,47.62],[-2.863,47.622],[-2.867,47.617],[-2.856,47.615],[-2.868,47.607],[-2.859,47.601],[-2.862,47.597],[-2.89,47.603],[-2.891,47.585],[-2.885,47.579],[-2.89,47.574],[-2.896,47.585],[-2.909,47.584],[-2.904,47.587],[-2.908,47.592],[-2.914,47.592],[-2.918,47.582],[-2.926,47.586],[-2.927,47.591],[-2.92,47.589],[-2.918,47.603],[-2.927,47.592],[-2.933,47.606],[-2.937,47.586],[-2.951,47.61],[-2.947,47.624],[-2.936,47.626],[-2.959,47.627],[-2.958,47.639],[-2.969,47.639],[-2.964,47.646],[-2.978,47.659],[-2.972,47.635],[-2.961,47.631],[-2.954,47.612],[-2.961,47.615],[-2.963,47.608],[-2.972,47.608],[-2.954,47.597],[-2.97,47.588],[-2.948,47.579],[-2.937,47.561],[-2.927,47.557],[-2.952,47.556],[-2.957,47.564],[-2.963,47.553],[-2.976,47.559],[-2.969,47.559],[-2.972,47.572],[-2.992,47.58],[-2.994,47.591],[-2.998,47.585],[-2.989,47.567],[-2.995,47.572],[-3.004,47.566],[-3.027,47.592],[-3.019,47.567],[-3.045,47.587],[-3.043,47.579],[-3.052,47.578],[-3.054,47.569],[-3.062,47.573],[-3.095,47.564],[-3.107,47.575],[-3.092,47.574],[-3.092,47.579],[-3.105,47.581],[-3.127,47.598],[-3.129,47.575],[-3.116,47.575],[-3.133,47.547],[-3.13,47.522],[-3.118,47.51],[-3.117,47.496],[-3.081,47.469],[-3.108,47.472],[-3.118,47.479],[-3.133,47.475],[-3.146,47.484],[-3.143,47.492],[-3.16,47.526],[-3.145,47.531],[-3.134,47.546],[-3.14,47.58],[-3.158,47.607],[-3.198,47.624],[-3.211,47.642],[-3.204,47.652],[-3.209,47.67],[-3.198,47.673],[-3.197,47.679],[-3.188,47.678],[-3.192,47.681],[-3.186,47.685],[-3.162,47.68],[-3.159,47.69],[-3.155,47.686],[-3.149,47.696],[-3.132,47.702],[-3.154,47.7],[-3.159,47.697],[-3.155,47.694],[-3.169,47.698],[-3.148,47.704],[-3.15,47.715],[-3.143,47.717],[-3.147,47.71],[-3.131,47.704],[-3.132,47.714],[-3.12,47.721],[-3.125,47.726],[-3.103,47.718],[-3.109,47.728],[-3.153,47.719],[-3.144,47.732],[-3.136,47.729],[-3.137,47.735],[-3.151,47.734],[-3.135,47.747],[-3.147,47.742],[-3.15,47.751],[-3.16,47.729],[-3.171,47.731],[-3.172,47.738],[-3.186,47.738],[-3.186,47.746],[-3.201,47.745],[-3.192,47.746],[-3.192,47.732],[-3.177,47.736],[-3.17,47.728],[-3.176,47.718],[-3.166,47.705],[-3.175,47.699],[-3.177,47.707],[-3.195,47.704],[-3.199,47.697],[-3.189,47.692],[-3.197,47.688],[-3.216,47.696],[-3.207,47.688],[-3.212,47.685],[-3.199,47.684],[-3.219,47.665],[-3.212,47.662],[-3.215,47.645],[-3.294,47.688],[-3.347,47.695],[-3.358,47.686],[-3.355,47.699],[-3.343,47.696],[-3.327,47.702],[-3.301,47.69],[-3.279,47.688],[-3.292,47.703],[-3.315,47.702],[-3.318,47.705],[-3.309,47.709],[-3.322,47.705],[-3.341,47.709],[-3.355,47.703],[-3.365,47.71],[-3.353,47.708],[-3.351,47.716],[-3.344,47.714],[-3.342,47.718],[-3.352,47.724],[-3.344,47.727],[-3.348,47.735],[-3.332,47.729],[-3.334,47.735],[-3.323,47.735],[-3.306,47.748],[-3.297,47.771],[-3.287,47.768],[-3.282,47.778],[-3.293,47.785],[-3.291,47.791],[-3.278,47.794],[-3.296,47.787],[-3.288,47.772],[-3.3,47.775],[-3.302,47.767],[-3.318,47.756],[-3.326,47.766],[-3.323,47.748],[-3.342,47.741],[-3.351,47.758],[-3.363,47.762],[-3.36,47.771],[-3.377,47.785],[-3.385,47.805],[-3.392,47.805],[-3.386,47.817],[-3.389,47.828],[-3.388,47.813],[-3.4,47.811],[-3.38,47.792],[-3.386,47.784],[-3.374,47.781],[-3.366,47.761],[-3.352,47.754],[-3.351,47.743],[-3.361,47.745],[-3.352,47.743],[-3.356,47.732],[-3.369,47.732],[-3.367,47.716],[-3.387,47.702],[-3.415,47.7],[-3.428,47.705],[-3.45,47.695],[-3.461,47.698],[-3.459,47.703],[-3.494,47.725],[-3.507,47.748],[-3.529,47.765],[-3.525,47.769],[-3.529,47.79],[-3.518,47.803],[-3.536,47.816],[-3.533,47.82],[-3.541,47.829],[-3.52,47.849],[-3.522,47.84],[-3.512,47.832],[-3.485,47.824],[-3.472,47.837],[-3.458,47.837],[-3.449,47.846],[-3.448,47.863],[-3.419,47.869],[-3.401,47.862],[-3.405,47.902],[-3.419,47.906],[-3.406,47.906],[-3.409,47.916],[-3.393,47.918],[-3.387,47.925],[-3.402,47.943],[-3.393,47.958],[-3.403,47.96],[-3.403,47.967],[-3.415,47.975],[-3.441,47.96],[-3.46,47.96],[-3.468,47.946],[-3.481,47.952],[-3.492,47.975],[-3.52,47.976],[-3.531,47.989],[-3.546,47.987],[-3.559,47.994],[-3.577,47.991],[-3.581,47.985],[-3.597,47.99],[-3.617,47.982],[-3.64,47.985],[-3.648,48.007],[-3.663,48.019],[-3.664,48.037],[-3.671,48.037],[-3.676,48.047],[-3.673,48.057],[-3.709,48.067],[-3.699,48.069],[-3.704,48.087],[-3.695,48.093],[-3.714,48.099],[-3.733,48.096],[-3.729,48.104],[-3.734,48.113],[-3.718,48.12],[-3.722,48.129],[-3.708,48.136],[-3.716,48.142],[-3.698,48.145],[-3.693,48.152],[-3.667,48.152],[-3.626,48.17],[-3.565,48.186]]]]}},{"type":"Feature","properties":{"code":"57","name":"Moselle","group":"metropole"},"geometry":{"type":"Polygon","coordinates":[[[7.635,49.054],[7.638,49.046],[7.606,49.02],[7.612,49.012],[7.589,48.992],[7.593,48.987],[7.578,48.957],[7.554,48.944],[7.556,48.936],[7.536,48.932],[7.526,48.945],[7.52,48.94],[7.502,48.944],[7.483,48.952],[7.48,48.961],[7.455,48.963],[7.452,48.968],[7.38,48.951],[7.359,48.958],[7.327,48.943],[7.306,48.957],[7.29,48.957],[7.293,48.973],[7.239,48.988],[7.209,48.98],[7.174,49.006],[7.126,49.006],[7.122,49.03],[7.113,49.033],[7.119,49.037],[7.106,49.045],[7.102,49.059],[7.103,49.065],[7.119,49.068],[7.099,49.078],[7.084,49.069],[7.074,49.073],[7.069,49.06],[7.079,49.05],[7.052,49.028],[7.047,49.015],[7.055,49.01],[7.032,48.99],[7.041,48.977],[7.027,48.969],[7.032,48.956],[6.993,48.961],[6.971,48.928],[6.96,48.925],[6.944,48.934],[6.94,48.924],[6.956,48.922],[6.965,48.905],[6.955,48.894],[6.989,48.891],[7.048,48.874],[7.051,48.859],[7.096,48.862],[7.1,48.855],[7.092,48.849],[7.051,48.847],[7.055,48.833],[7.047,48.82],[7.052,48.815],[7.088,48.811],[7.087,48.805],[7.067,48.799],[7.078,48.786],[7.127,48.801],[7.124,48.813],[7.148,48.822],[7.141,48.834],[7.149,48.845],[7.176,48.842],[7.173,48.846],[7.186,48.85],[7.196,48.84],[7.187,48.836],[7.194,48.829],[7.209,48.828],[7.22,48.819],[7.222,48.83],[7.245,48.817],[7.261,48.82],[7.245,48.81],[7.262,48.798],[7.27,48.803],[7.288,48.798],[7.293,48.783],[7.313,48.767],[7.293,48.753],[7.287,48.731],[7.267,48.714],[7.26,48.694],[7.242,48.692],[7.265,48.663],[7.304,48.66],[7.276,48.633],[7.262,48.632],[7.28,48.628],[7.271,48.612],[7.256,48.602],[7.263,48.59],[7.218,48.553],[7.192,48.549],[7.187,48.537],[7.168,48.528],[7.151,48.532],[7.148,48.527],[7.135,48.528],[7.114,48.537],[7.092,48.529],[7.077,48.537],[7.06,48.537],[7.084,48.545],[7.054,48.552],[7.034,48.58],[7.019,48.58],[6.993,48.593],[7.017,48.604],[7.01,48.612],[6.961,48.608],[6.94,48.615],[6.945,48.619],[6.93,48.636],[6.92,48.634],[6.91,48.62],[6.893,48.625],[6.854,48.621],[6.844,48.626],[6.837,48.643],[6.817,48.647],[6.782,48.643],[6.774,48.648],[6.778,48.654],[6.764,48.652],[6.757,48.664],[6.76,48.67],[6.726,48.664],[6.704,48.675],[6.692,48.673],[6.694,48.68],[6.688,48.684],[6.667,48.668],[6.67,48.687],[6.676,48.689],[6.671,48.698],[6.659,48.708],[6.639,48.701],[6.627,48.713],[6.599,48.716],[6.595,48.729],[6.574,48.739],[6.562,48.756],[6.535,48.749],[6.514,48.754],[6.505,48.747],[6.505,48.753],[6.512,48.754],[6.486,48.767],[6.454,48.766],[6.454,48.778],[6.432,48.788],[6.396,48.775],[6.371,48.785],[6.358,48.779],[6.356,48.795],[6.346,48.804],[6.355,48.813],[6.338,48.812],[6.333,48.823],[6.301,48.824],[6.317,48.831],[6.332,48.825],[6.339,48.834],[6.321,48.838],[6.306,48.833],[6.284,48.846],[6.3,48.853],[6.295,48.859],[6.298,48.867],[6.312,48.864],[6.31,48.878],[6.298,48.881],[6.303,48.887],[6.327,48.897],[6.327,48.907],[6.309,48.913],[6.311,48.921],[6.288,48.916],[6.288,48.928],[6.271,48.933],[6.242,48.924],[6.224,48.927],[6.222,48.939],[6.177,48.935],[6.17,48.937],[6.171,48.944],[6.157,48.944],[6.15,48.933],[6.14,48.933],[6.125,48.939],[6.13,48.946],[6.123,48.949],[6.126,48.957],[6.113,48.963],[6.116,48.968],[6.081,48.963],[6.069,48.972],[6.074,48.981],[6.043,48.977],[6.032,48.984],[6.029,48.991],[6.045,48.983],[6.041,48.992],[6.047,48.995],[6.042,49.004],[6.045,49.014],[6.022,49.022],[6.015,49.037],[6.005,49.034],[5.987,49.044],[5.971,49.041],[5.958,49.047],[5.951,49.065],[5.934,49.074],[5.943,49.079],[5.941,49.086],[5.925,49.092],[5.932,49.109],[6.004,49.112],[5.987,49.128],[5.997,49.135],[5.986,49.136],[5.981,49.144],[5.997,49.149],[5.989,49.155],[6.01,49.153],[6.022,49.164],[6.033,49.165],[6.007,49.177],[6.007,49.184],[5.981,49.187],[5.979,49.195],[5.981,49.202],[5.988,49.201],[5.984,49.207],[5.988,49.21],[5.996,49.207],[6.01,49.222],[6.03,49.231],[6.025,49.243],[6.032,49.251],[6.011,49.261],[6.005,49.257],[6.011,49.266],[6.009,49.273],[6.0,49.275],[6.004,49.312],[5.997,49.314],[5.985,49.305],[5.941,49.335],[5.945,49.342],[5.978,49.344],[5.963,49.346],[5.956,49.362],[5.94,49.36],[5.926,49.372],[5.936,49.379],[5.934,49.394],[5.927,49.404],[5.912,49.408],[5.929,49.427],[5.942,49.43],[5.931,49.446],[5.943,49.451],[5.932,49.472],[5.941,49.476],[5.93,49.485],[5.897,49.481],[5.892,49.496],[5.909,49.502],[5.94,49.501],[5.972,49.491],[5.974,49.465],[5.988,49.462],[5.979,49.453],[6.028,49.456],[6.027,49.448],[6.042,49.448],[6.058,49.466],[6.08,49.464],[6.087,49.455],[6.101,49.453],[6.098,49.465],[6.123,49.473],[6.128,49.494],[6.142,49.492],[6.141,49.486],[6.162,49.493],[6.155,49.504],[6.175,49.51],[6.215,49.506],[6.236,49.508],[6.241,49.515],[6.246,49.509],[6.279,49.503],[6.282,49.493],[6.29,49.493],[6.284,49.492],[6.289,49.485],[6.298,49.489],[6.296,49.48],[6.313,49.48],[6.334,49.467],[6.353,49.467],[6.364,49.459],[6.369,49.46],[6.368,49.469],[6.393,49.464],[6.428,49.477],[6.44,49.467],[6.468,49.465],[6.525,49.435],[6.539,49.434],[6.556,49.421],[6.538,49.411],[6.541,49.401],[6.552,49.4],[6.563,49.388],[6.587,49.385],[6.584,49.369],[6.602,49.366],[6.588,49.35],[6.574,49.359],[6.564,49.356],[6.566,49.347],[6.578,49.335],[6.586,49.337],[6.596,49.33],[6.589,49.322],[6.616,49.302],[6.64,49.295],[6.653,49.281],[6.67,49.28],[6.662,49.257],[6.69,49.25],[6.685,49.244],[6.691,49.23],[6.688,49.222],[6.696,49.215],[6.723,49.219],[6.731,49.206],[6.711,49.189],[6.739,49.164],[6.78,49.169],[6.835,49.151],[6.848,49.157],[6.844,49.173],[6.862,49.179],[6.85,49.194],[6.852,49.2],[6.835,49.211],[6.863,49.222],[6.892,49.209],[6.925,49.224],[6.938,49.222],[6.956,49.204],[6.975,49.21],[6.999,49.194],[7.009,49.194],[7.011,49.188],[7.035,49.191],[7.028,49.17],[7.046,49.139],[7.045,49.119],[7.057,49.112],[7.089,49.13],[7.082,49.152],[7.101,49.156],[7.113,49.152],[7.104,49.139],[7.126,49.142],[7.136,49.129],[7.159,49.121],[7.166,49.129],[7.184,49.132],[7.198,49.115],[7.209,49.125],[7.245,49.13],[7.284,49.124],[7.283,49.117],[7.294,49.115],[7.324,49.143],[7.363,49.145],[7.361,49.153],[7.369,49.162],[7.365,49.172],[7.445,49.184],[7.436,49.18],[7.442,49.173],[7.433,49.168],[7.436,49.164],[7.494,49.17],[7.496,49.155],[7.506,49.155],[7.506,49.15],[7.49,49.137],[7.517,49.12],[7.529,49.097],[7.563,49.08],[7.6,49.083],[7.629,49.074],[7.635,49.054]]]}},{"type":"Feature","properties":{"code":"58","name":"Nièvre","group":"metropole"},"geometry":{"type":"Polygon","coordinates":[[[2.875,47.52],[2.847,47.54],[2.845,47.545],[2.86,47.554],[2.863,47.546],[2.873,47.545],[2.874,47.553],[2.905,47.556],[2.914,47.566],[2.959,47.557],[2.978,47.57],[3.022,47.556],[3.061,47.57],[3.083,47.586],[3.102,47.588],[3.124,47.576],[3.116,47.569],[3.123,47.539],[3.135,47.543],[3.15,47.528],[3.162,47.525],[3.165,47.517],[3.182,47.518],[3.187,47.526],[3.191,47.52],[3.208,47.521],[3.236,47.488],[3.275,47.491],[3.285,47.504],[3.297,47.492],[3.307,47.495],[3.34,47.481],[3.338,47.47],[3.346,47.47],[3.345,47.479],[3.38,47.487],[3.391,47.497],[3.39,47.509],[3.428,47.506],[3.447,47.512],[3.45,47.5],[3.488,47.494],[3.495,47.521],[3.495,47.55],[3.49,47.555],[3.499,47.561],[3.511,47.551],[3.514,47.528],[3.54,47.516],[3.552,47.502],[3.581,47.498],[3.575,47.486],[3.587,47.456],[3.616,47.467],[3.615,47.459],[3.621,47.456],[3.667,47.446],[3.674,47.45],[3.679,47.447],[3.674,47.433],[3.702,47.427],[3.726,47.398],[3.786,47.405],[3.781,47.396],[3.786,47.39],[3.8,47.39],[3.817,47.379],[3.828,47.382],[3.831,47.393],[3.82,47.402],[3.831,47.408],[3.837,47.403],[3.848,47.412],[3.851,47.434],[3.867,47.435],[3.88,47.43],[3.894,47.414],[3.877,47.397],[3.859,47.393],[3.87,47.38],[3.872,47.366],[3.887,47.365],[3.909,47.382],[3.944,47.38],[3.949,47.394],[3.973,47.376],[3.962,47.369],[3.968,47.363],[3.966,47.348],[3.973,47.331],[4.002,47.311],[4.028,47.314],[4.028,47.325],[4.04,47.327],[4.044,47.34],[4.069,47.337],[4.082,47.342],[4.113,47.334],[4.13,47.354],[4.142,47.356],[4.125,47.336],[4.129,47.317],[4.114,47.308],[4.134,47.306],[4.115,47.293],[4.116,47.276],[4.125,47.274],[4.12,47.269],[4.126,47.248],[4.136,47.238],[4.179,47.255],[4.192,47.234],[4.221,47.22],[4.232,47.199],[4.21,47.18],[4.21,47.155],[4.197,47.148],[4.185,47.153],[4.141,47.143],[4.115,47.146],[4.11,47.143],[4.119,47.136],[4.107,47.13],[4.114,47.119],[4.095,47.128],[4.09,47.116],[4.06,47.121],[4.051,47.113],[4.054,47.095],[4.038,47.08],[4.073,47.055],[4.056,47.037],[4.062,47.023],[4.032,46.999],[3.995,46.985],[3.995,46.975],[4.008,46.971],[4.039,46.985],[4.056,46.957],[4.041,46.951],[4.039,46.943],[4.048,46.932],[4.036,46.926],[4.039,46.909],[4.047,46.899],[4.07,46.896],[4.099,46.867],[4.101,46.859],[4.042,46.834],[4.058,46.821],[4.063,46.789],[4.059,46.781],[4.054,46.776],[4.033,46.788],[4.019,46.776],[3.994,46.779],[3.966,46.768],[3.949,46.752],[3.928,46.751],[3.934,46.743],[3.929,46.74],[3.913,46.742],[3.913,46.734],[3.845,46.723],[3.837,46.708],[3.803,46.702],[3.795,46.702],[3.789,46.721],[3.777,46.73],[3.784,46.736],[3.743,46.751],[3.678,46.739],[3.64,46.739],[3.623,46.754],[3.602,46.751],[3.593,46.763],[3.576,46.75],[3.598,46.724],[3.577,46.715],[3.576,46.723],[3.569,46.715],[3.548,46.722],[3.548,46.706],[3.561,46.689],[3.546,46.678],[3.532,46.689],[3.514,46.684],[3.513,46.677],[3.486,46.661],[3.482,46.651],[3.455,46.652],[3.442,46.662],[3.447,46.664],[3.445,46.671],[3.455,46.675],[3.455,46.683],[3.453,46.69],[3.433,46.693],[3.428,46.701],[3.434,46.712],[3.379,46.712],[3.366,46.69],[3.347,46.684],[3.314,46.689],[3.302,46.704],[3.301,46.716],[3.27,46.717],[3.204,46.679],[3.166,46.692],[3.13,46.727],[3.067,46.745],[3.037,46.773],[3.032,46.797],[3.041,46.813],[3.059,46.826],[3.055,46.839],[3.07,46.853],[3.067,46.882],[3.05,46.911],[3.079,46.955],[3.063,46.978],[3.075,47.029],[3.064,47.046],[3.03,47.058],[3.019,47.068],[3.031,47.092],[3.028,47.129],[3.017,47.139],[3.021,47.153],[3.01,47.179],[2.979,47.23],[2.983,47.261],[2.912,47.309],[2.885,47.316],[2.872,47.332],[2.87,47.343],[2.919,47.407],[2.92,47.421],[2.932,47.439],[2.914,47.471],[2.9,47.48],[2.89,47.507],[2.875,47.52]]]}},{"type":"Feature","properties":{"code":"59","name":"Nord","group":"metropole"},"geometry":{"type":"MultiPolygon","coordinates":[[[[3.04,50.16],[3.061,50.167],[3.06,50.174],[3.09,50.172],[3.094,50.162],[3.068,50.147],[3.074,50.132],[3.037,50.13],[3.025,50.116],[3.011,50.113],[2.999,50.119],[3.002,50.134],[2.993,50.137],[3.004,50.15],[3.04,50.152],[3.04,50.16]]],[[[2.068,51.007],[2.103,51.006],[2.122,50.99],[2.108,51.004],[2.145,51.021],[2.149,51.034],[2.151,51.022],[2.168,51.022],[2.177,51.015],[2.171,51.013],[2.176,51.007],[2.179,51.016],[2.19,51.018],[2.175,51.023],[2.194,51.028],[2.196,51.036],[2.171,51.044],[2.219,51.032],[2.35,51.061],[2.369,51.05],[2.395,51.05],[2.546,51.089],[2.563,51.065],[2.574,51.004],[2.607,50.991],[2.606,50.982],[2.633,50.946],[2.59,50.918],[2.608,50.912],[2.605,50.886],[2.612,50.863],[2.599,50.849],[2.615,50.848],[2.616,50.84],[2.626,50.837],[2.635,50.813],[2.658,50.814],[2.669,50.822],[2.679,50.813],[2.717,50.814],[2.726,50.809],[2.721,50.802],[2.729,50.789],[2.762,50.771],[2.757,50.763],[2.766,50.755],[2.783,50.751],[2.79,50.726],[2.819,50.715],[2.848,50.723],[2.87,50.703],[2.886,50.707],[2.906,50.692],[2.911,50.694],[2.91,50.703],[2.925,50.704],[2.93,50.71],[2.929,50.724],[2.945,50.732],[2.937,50.743],[2.95,50.751],[2.973,50.75],[3.015,50.774],[3.034,50.77],[3.057,50.781],[3.089,50.773],[3.105,50.782],[3.111,50.794],[3.125,50.786],[3.151,50.79],[3.171,50.759],[3.199,50.735],[3.191,50.724],[3.208,50.719],[3.205,50.712],[3.246,50.713],[3.261,50.702],[3.261,50.691],[3.254,50.689],[3.265,50.676],[3.241,50.669],[3.24,50.659],[3.249,50.65],[3.244,50.641],[3.259,50.63],[3.255,50.623],[3.279,50.596],[3.276,50.582],[3.283,50.575],[3.278,50.564],[3.285,50.562],[3.276,50.559],[3.283,50.552],[3.279,50.538],[3.289,50.526],[3.321,50.519],[3.329,50.508],[3.362,50.504],[3.376,50.491],[3.435,50.51],[3.45,50.507],[3.454,50.519],[3.474,50.534],[3.52,50.523],[3.516,50.512],[3.496,50.499],[3.501,50.487],[3.569,50.501],[3.581,50.491],[3.608,50.497],[3.632,50.48],[3.64,50.466],[3.654,50.463],[3.664,50.453],[3.659,50.445],[3.669,50.439],[3.675,50.402],[3.673,50.388],[3.657,50.369],[3.666,50.364],[3.665,50.348],[3.676,50.342],[3.675,50.333],[3.694,50.322],[3.685,50.32],[3.71,50.303],[3.72,50.305],[3.709,50.319],[3.731,50.31],[3.73,50.33],[3.739,50.348],[3.747,50.351],[3.799,50.351],[3.805,50.356],[3.814,50.353],[3.815,50.345],[3.827,50.354],[3.847,50.353],[3.858,50.342],[3.888,50.341],[3.886,50.327],[3.9,50.327],[3.968,50.35],[3.966,50.341],[3.972,50.348],[3.986,50.342],[4.024,50.359],[4.04,50.341],[4.055,50.339],[4.056,50.332],[4.078,50.321],[4.079,50.31],[4.097,50.313],[4.11,50.302],[4.117,50.304],[4.123,50.298],[4.125,50.273],[4.137,50.274],[4.135,50.257],[4.168,50.26],[4.164,50.272],[4.15,50.274],[4.163,50.289],[4.177,50.284],[4.175,50.278],[4.181,50.274],[4.208,50.273],[4.221,50.252],[4.189,50.237],[4.172,50.217],[4.152,50.213],[4.161,50.198],[4.148,50.173],[4.156,50.172],[4.156,50.164],[4.139,50.153],[4.127,50.135],[4.155,50.128],[4.158,50.136],[4.201,50.133],[4.204,50.115],[4.197,50.109],[4.225,50.086],[4.231,50.071],[4.194,50.049],[4.162,50.049],[4.144,50.031],[4.135,50.015],[4.146,50.004],[4.162,50.0],[4.155,49.985],[4.087,49.969],[4.082,49.971],[4.084,49.979],[4.012,49.985],[4.005,49.996],[3.981,49.994],[3.979,50.003],[3.995,50.026],[3.991,50.04],[3.982,50.044],[3.95,50.027],[3.924,50.026],[3.887,50.01],[3.89,50.023],[3.878,50.028],[3.887,50.03],[3.875,50.037],[3.849,50.039],[3.837,50.048],[3.816,50.039],[3.796,50.049],[3.752,50.051],[3.715,50.069],[3.661,50.052],[3.658,50.044],[3.649,50.043],[3.662,50.039],[3.659,50.029],[3.642,50.039],[3.614,50.025],[3.594,50.044],[3.544,50.055],[3.543,50.046],[3.532,50.046],[3.529,50.037],[3.507,50.036],[3.491,50.019],[3.428,50.022],[3.421,50.029],[3.414,50.026],[3.399,50.035],[3.389,50.031],[3.377,50.037],[3.352,50.036],[3.351,50.027],[3.342,50.027],[3.337,50.017],[3.313,50.02],[3.286,50.014],[3.278,50.014],[3.271,50.029],[3.258,50.032],[3.258,50.024],[3.227,50.032],[3.209,50.02],[3.173,50.011],[3.167,50.021],[3.147,50.018],[3.15,50.027],[3.119,50.026],[3.116,50.038],[3.09,50.047],[3.093,50.052],[3.084,50.056],[3.088,50.068],[3.098,50.068],[3.088,50.083],[3.103,50.079],[3.114,50.092],[3.113,50.105],[3.105,50.106],[3.105,50.115],[3.092,50.121],[3.137,50.143],[3.115,50.148],[3.101,50.162],[3.138,50.167],[3.145,50.179],[3.158,50.184],[3.144,50.19],[3.147,50.195],[3.131,50.199],[3.139,50.217],[3.179,50.22],[3.188,50.233],[3.178,50.233],[3.169,50.244],[3.147,50.246],[3.15,50.26],[3.141,50.265],[3.079,50.275],[3.062,50.272],[3.049,50.278],[3.023,50.263],[3.011,50.269],[3.017,50.275],[3.015,50.284],[3.031,50.288],[3.055,50.282],[3.051,50.286],[3.055,50.29],[3.048,50.294],[3.054,50.302],[3.084,50.311],[3.064,50.324],[3.047,50.346],[3.039,50.344],[3.029,50.354],[3.008,50.359],[3.009,50.366],[2.993,50.38],[2.991,50.395],[2.98,50.403],[3.014,50.403],[3.03,50.41],[3.039,50.423],[3.069,50.426],[3.082,50.444],[3.066,50.448],[3.069,50.458],[3.046,50.451],[3.038,50.442],[3.016,50.442],[3.019,50.452],[3.007,50.458],[3.019,50.467],[3.021,50.482],[3.031,50.481],[3.028,50.484],[2.965,50.513],[2.91,50.5],[2.891,50.501],[2.88,50.516],[2.891,50.53],[2.887,50.538],[2.826,50.525],[2.8,50.528],[2.794,50.549],[2.812,50.55],[2.817,50.565],[2.808,50.579],[2.789,50.583],[2.808,50.608],[2.843,50.629],[2.87,50.631],[2.84,50.657],[2.809,50.669],[2.763,50.659],[2.759,50.651],[2.792,50.634],[2.786,50.628],[2.759,50.635],[2.761,50.625],[2.753,50.628],[2.758,50.618],[2.746,50.605],[2.725,50.614],[2.719,50.62],[2.724,50.627],[2.713,50.632],[2.697,50.628],[2.694,50.634],[2.674,50.638],[2.675,50.625],[2.631,50.618],[2.625,50.626],[2.614,50.627],[2.615,50.635],[2.595,50.631],[2.59,50.638],[2.577,50.631],[2.566,50.633],[2.564,50.625],[2.545,50.625],[2.533,50.643],[2.517,50.635],[2.487,50.632],[2.45,50.654],[2.429,50.657],[2.403,50.682],[2.374,50.672],[2.364,50.685],[2.388,50.699],[2.351,50.72],[2.351,50.728],[2.343,50.728],[2.339,50.74],[2.411,50.767],[2.376,50.784],[2.364,50.78],[2.369,50.772],[2.312,50.787],[2.289,50.777],[2.288,50.787],[2.27,50.783],[2.252,50.788],[2.235,50.805],[2.213,50.811],[2.204,50.85],[2.191,50.862],[2.185,50.883],[2.152,50.928],[2.135,50.964],[2.093,51.003],[2.068,51.007]]]]}},{"type":"Feature","properties":{"code":"60","name":"Oise","group":"metropole"},"geometry":{"type":"MultiPolygon","coordinates":[[[[2.99,49.211],[2.982,49.216],[3.0,49.223],[3.003,49.219],[2.99,49.211]]],[[[1.784,49.758],[1.794,49.75],[1.809,49.754],[1.82,49.739],[1.839,49.739],[1.84,49.731],[1.821,49.723],[1.823,49.718],[1.838,49.718],[1.843,49.705],[1.879,49.698],[1.894,49.699],[1.933,49.72],[1.949,49.701],[1.971,49.72],[1.978,49.71],[2.035,49.711],[2.034,49.705],[2.046,49.703],[2.047,49.697],[2.059,49.698],[2.058,49.691],[2.064,49.688],[2.05,49.687],[2.065,49.683],[2.081,49.693],[2.114,49.694],[2.124,49.688],[2.14,49.691],[2.151,49.702],[2.182,49.704],[2.204,49.698],[2.247,49.702],[2.302,49.681],[2.317,49.688],[2.335,49.679],[2.335,49.67],[2.351,49.663],[2.362,49.667],[2.371,49.656],[2.413,49.663],[2.446,49.653],[2.454,49.636],[2.468,49.637],[2.474,49.632],[2.464,49.627],[2.478,49.621],[2.506,49.639],[2.516,49.63],[2.541,49.625],[2.541,49.616],[2.566,49.619],[2.559,49.606],[2.571,49.597],[2.578,49.596],[2.587,49.604],[2.584,49.608],[2.597,49.612],[2.626,49.611],[2.623,49.606],[2.633,49.599],[2.627,49.584],[2.65,49.572],[2.67,49.581],[2.673,49.595],[2.668,49.598],[2.688,49.614],[2.688,49.625],[2.72,49.621],[2.739,49.627],[2.787,49.612],[2.799,49.621],[2.789,49.64],[2.797,49.661],[2.846,49.659],[2.846,49.671],[2.862,49.679],[2.857,49.683],[2.861,49.685],[2.874,49.686],[2.889,49.671],[2.888,49.687],[2.866,49.702],[2.885,49.71],[2.882,49.714],[2.894,49.699],[2.905,49.699],[2.913,49.71],[2.93,49.688],[2.925,49.683],[2.938,49.681],[2.933,49.676],[2.94,49.68],[2.949,49.676],[2.955,49.665],[2.956,49.678],[2.948,49.683],[2.948,49.694],[2.973,49.697],[2.977,49.705],[3.005,49.703],[3.006,49.693],[3.015,49.693],[3.016,49.685],[3.029,49.68],[3.041,49.697],[3.055,49.694],[3.059,49.702],[3.052,49.714],[3.083,49.712],[3.078,49.693],[3.084,49.691],[3.096,49.705],[3.118,49.706],[3.126,49.697],[3.114,49.684],[3.124,49.677],[3.128,49.662],[3.121,49.66],[3.117,49.667],[3.098,49.657],[3.096,49.651],[3.113,49.642],[3.108,49.637],[3.113,49.631],[3.094,49.623],[3.122,49.604],[3.138,49.574],[3.126,49.57],[3.134,49.56],[3.129,49.556],[3.131,49.543],[3.126,49.542],[3.128,49.527],[3.123,49.521],[3.096,49.518],[3.096,49.513],[3.124,49.486],[3.124,49.48],[3.104,49.473],[3.107,49.468],[3.166,49.447],[3.16,49.439],[3.143,49.434],[3.124,49.431],[3.101,49.439],[3.093,49.433],[3.098,49.41],[3.09,49.394],[3.095,49.377],[3.079,49.374],[3.075,49.349],[3.061,49.345],[3.062,49.34],[3.053,49.34],[3.036,49.326],[3.021,49.337],[3.003,49.34],[2.968,49.326],[2.964,49.321],[2.98,49.311],[2.968,49.303],[2.996,49.296],[2.987,49.288],[3.021,49.29],[3.017,49.28],[3.025,49.288],[3.038,49.286],[3.027,49.276],[3.026,49.26],[3.033,49.252],[3.033,49.238],[3.042,49.23],[3.022,49.216],[3.004,49.221],[3.015,49.23],[3.003,49.235],[2.965,49.233],[2.959,49.227],[2.971,49.214],[2.966,49.205],[2.974,49.197],[2.968,49.192],[2.974,49.187],[2.984,49.184],[2.992,49.194],[2.996,49.187],[3.016,49.182],[3.023,49.17],[3.038,49.169],[3.035,49.184],[3.03,49.183],[3.026,49.193],[3.007,49.185],[2.997,49.199],[3.003,49.203],[2.995,49.209],[3.0,49.214],[3.019,49.217],[3.036,49.205],[3.046,49.21],[3.065,49.205],[3.056,49.2],[3.063,49.194],[3.082,49.193],[3.088,49.185],[3.081,49.167],[3.094,49.154],[3.098,49.157],[3.084,49.173],[3.101,49.197],[3.117,49.19],[3.113,49.182],[3.117,49.176],[3.108,49.166],[3.116,49.17],[3.121,49.162],[3.148,49.161],[3.127,49.145],[3.106,49.147],[3.115,49.139],[3.111,49.132],[3.093,49.142],[3.097,49.132],[3.09,49.124],[3.07,49.118],[3.056,49.1],[3.065,49.085],[3.009,49.092],[3.006,49.086],[3.001,49.09],[2.991,49.084],[2.983,49.071],[2.965,49.091],[2.957,49.085],[2.946,49.088],[2.941,49.077],[2.902,49.085],[2.895,49.077],[2.855,49.07],[2.845,49.085],[2.82,49.087],[2.809,49.098],[2.784,49.089],[2.789,49.083],[2.768,49.083],[2.787,49.075],[2.778,49.07],[2.735,49.06],[2.724,49.08],[2.698,49.064],[2.69,49.068],[2.695,49.075],[2.673,49.091],[2.65,49.101],[2.641,49.099],[2.633,49.108],[2.598,49.082],[2.583,49.081],[2.579,49.092],[2.558,49.098],[2.553,49.125],[2.547,49.116],[2.54,49.116],[2.541,49.122],[2.533,49.119],[2.531,49.1],[2.49,49.106],[2.503,49.118],[2.475,49.128],[2.472,49.135],[2.458,49.141],[2.435,49.134],[2.441,49.146],[2.415,49.152],[2.391,49.149],[2.376,49.159],[2.359,49.147],[2.322,49.184],[2.313,49.186],[2.301,49.184],[2.285,49.166],[2.286,49.16],[2.23,49.151],[2.217,49.155],[2.235,49.167],[2.219,49.181],[2.205,49.174],[2.176,49.176],[2.182,49.17],[2.169,49.164],[2.158,49.173],[2.165,49.18],[2.147,49.188],[2.137,49.179],[2.135,49.191],[2.128,49.193],[2.118,49.187],[2.098,49.189],[2.089,49.194],[2.091,49.209],[2.081,49.21],[2.048,49.199],[2.034,49.188],[2.022,49.189],[2.002,49.176],[1.973,49.184],[1.95,49.17],[1.925,49.174],[1.883,49.162],[1.877,49.175],[1.835,49.165],[1.834,49.176],[1.827,49.18],[1.814,49.173],[1.803,49.185],[1.791,49.18],[1.785,49.186],[1.754,49.175],[1.741,49.181],[1.745,49.183],[1.737,49.195],[1.716,49.203],[1.715,49.207],[1.734,49.211],[1.734,49.221],[1.74,49.223],[1.712,49.233],[1.713,49.241],[1.703,49.232],[1.7,49.25],[1.708,49.255],[1.709,49.264],[1.759,49.272],[1.757,49.266],[1.767,49.262],[1.767,49.252],[1.791,49.247],[1.803,49.273],[1.793,49.274],[1.798,49.288],[1.772,49.291],[1.775,49.306],[1.767,49.32],[1.774,49.337],[1.758,49.356],[1.761,49.366],[1.72,49.394],[1.74,49.406],[1.719,49.403],[1.714,49.409],[1.724,49.422],[1.723,49.435],[1.729,49.436],[1.724,49.44],[1.734,49.441],[1.736,49.448],[1.752,49.454],[1.748,49.459],[1.776,49.471],[1.772,49.485],[1.789,49.49],[1.791,49.498],[1.789,49.505],[1.772,49.513],[1.758,49.511],[1.745,49.489],[1.74,49.5],[1.716,49.504],[1.741,49.518],[1.736,49.525],[1.748,49.538],[1.723,49.544],[1.73,49.561],[1.714,49.578],[1.698,49.572],[1.7,49.58],[1.691,49.579],[1.72,49.582],[1.722,49.589],[1.709,49.587],[1.708,49.595],[1.694,49.601],[1.722,49.622],[1.717,49.633],[1.699,49.644],[1.722,49.659],[1.723,49.673],[1.752,49.681],[1.751,49.694],[1.74,49.701],[1.724,49.694],[1.715,49.682],[1.705,49.681],[1.69,49.695],[1.706,49.707],[1.714,49.706],[1.713,49.734],[1.723,49.73],[1.745,49.739],[1.739,49.749],[1.75,49.764],[1.761,49.757],[1.784,49.758]]]]}},{"type":"Feature","properties":{"code":"61","name":"Orne","group":"metropole"},"geometry":{"type":"Polygon","coordinates":[[[-0.841,48.752],[-0.82,48.753],[-0.781,48.787],[-0.713,48.801],[-0.682,48.822],[-0.706,48.838],[-0.693,48.847],[-0.681,48.841],[-0.672,48.844],[-0.67,48.839],[-0.643,48.841],[-0.645,48.827],[-0.581,48.838],[-0.572,48.83],[-0.56,48.834],[-0.55,48.847],[-0.502,48.846],[-0.494,48.849],[-0.497,48.858],[-0.476,48.859],[-0.464,48.871],[-0.434,48.869],[-0.432,48.875],[-0.425,48.872],[-0.426,48.866],[-0.406,48.87],[-0.406,48.863],[-0.386,48.845],[-0.363,48.849],[-0.359,48.843],[-0.375,48.84],[-0.368,48.84],[-0.373,48.835],[-0.346,48.822],[-0.327,48.839],[-0.336,48.845],[-0.329,48.858],[-0.305,48.858],[-0.299,48.849],[-0.262,48.854],[-0.261,48.849],[-0.213,48.84],[-0.204,48.846],[-0.176,48.834],[-0.179,48.829],[-0.17,48.825],[-0.128,48.816],[-0.146,48.834],[-0.123,48.84],[-0.127,48.846],[-0.114,48.839],[-0.087,48.845],[-0.069,48.84],[-0.023,48.878],[-0.007,48.872],[-0.01,48.884],[0.056,48.902],[0.065,48.925],[0.081,48.938],[0.101,48.934],[0.128,48.952],[0.136,48.951],[0.154,48.924],[0.176,48.928],[0.195,48.944],[0.217,48.946],[0.233,48.939],[0.242,48.944],[0.239,48.952],[0.246,48.96],[0.263,48.965],[0.28,48.963],[0.277,48.95],[0.309,48.954],[0.333,48.943],[0.363,48.954],[0.377,48.973],[0.406,48.963],[0.4,48.953],[0.413,48.951],[0.391,48.928],[0.386,48.91],[0.422,48.899],[0.421,48.887],[0.441,48.885],[0.439,48.889],[0.45,48.891],[0.443,48.881],[0.457,48.88],[0.463,48.889],[0.495,48.879],[0.521,48.881],[0.551,48.874],[0.572,48.891],[0.585,48.892],[0.597,48.885],[0.587,48.881],[0.59,48.873],[0.615,48.878],[0.602,48.862],[0.612,48.858],[0.609,48.853],[0.636,48.854],[0.62,48.847],[0.608,48.832],[0.665,48.81],[0.689,48.793],[0.716,48.785],[0.724,48.788],[0.753,48.773],[0.758,48.768],[0.749,48.761],[0.775,48.738],[0.76,48.728],[0.759,48.72],[0.729,48.707],[0.766,48.697],[0.761,48.68],[0.769,48.679],[0.765,48.675],[0.769,48.67],[0.781,48.666],[0.795,48.675],[0.815,48.67],[0.81,48.662],[0.819,48.658],[0.825,48.649],[0.822,48.636],[0.83,48.632],[0.817,48.615],[0.822,48.609],[0.847,48.61],[0.852,48.582],[0.926,48.56],[0.939,48.549],[0.925,48.536],[0.968,48.524],[0.954,48.504],[0.942,48.499],[0.955,48.493],[0.956,48.482],[0.936,48.476],[0.939,48.461],[0.956,48.444],[0.973,48.444],[0.976,48.439],[0.945,48.418],[0.95,48.399],[0.936,48.395],[0.909,48.37],[0.901,48.374],[0.884,48.357],[0.872,48.36],[0.859,48.35],[0.84,48.353],[0.844,48.349],[0.829,48.342],[0.818,48.349],[0.791,48.343],[0.769,48.322],[0.769,48.313],[0.756,48.3],[0.774,48.304],[0.807,48.29],[0.796,48.287],[0.786,48.271],[0.83,48.211],[0.806,48.205],[0.809,48.198],[0.761,48.18],[0.738,48.189],[0.73,48.201],[0.724,48.198],[0.716,48.215],[0.704,48.219],[0.707,48.223],[0.7,48.232],[0.686,48.241],[0.683,48.255],[0.652,48.264],[0.64,48.261],[0.631,48.253],[0.638,48.236],[0.632,48.235],[0.626,48.245],[0.536,48.25],[0.533,48.264],[0.513,48.267],[0.493,48.284],[0.507,48.296],[0.492,48.308],[0.477,48.299],[0.466,48.306],[0.431,48.307],[0.42,48.321],[0.406,48.315],[0.396,48.32],[0.38,48.342],[0.388,48.35],[0.372,48.41],[0.381,48.416],[0.382,48.425],[0.357,48.458],[0.301,48.48],[0.275,48.479],[0.265,48.485],[0.249,48.474],[0.213,48.474],[0.19,48.462],[0.173,48.465],[0.171,48.449],[0.146,48.457],[0.147,48.45],[0.158,48.444],[0.156,48.439],[0.117,48.436],[0.1,48.41],[0.071,48.409],[0.054,48.392],[0.063,48.383],[0.058,48.379],[0.021,48.38],[-0.002,48.397],[-0.019,48.395],[-0.021,48.386],[-0.035,48.386],[-0.042,48.379],[-0.051,48.38],[-0.051,48.375],[-0.058,48.387],[-0.053,48.39],[-0.058,48.421],[-0.053,48.425],[-0.057,48.431],[-0.051,48.453],[-0.071,48.458],[-0.076,48.45],[-0.106,48.447],[-0.147,48.456],[-0.156,48.496],[-0.172,48.502],[-0.172,48.511],[-0.145,48.521],[-0.145,48.528],[-0.179,48.541],[-0.208,48.564],[-0.217,48.558],[-0.243,48.568],[-0.249,48.563],[-0.246,48.558],[-0.263,48.549],[-0.241,48.537],[-0.275,48.518],[-0.268,48.517],[-0.272,48.507],[-0.285,48.507],[-0.288,48.519],[-0.293,48.515],[-0.32,48.523],[-0.336,48.509],[-0.336,48.502],[-0.356,48.496],[-0.349,48.489],[-0.353,48.484],[-0.368,48.488],[-0.372,48.496],[-0.389,48.498],[-0.395,48.51],[-0.424,48.507],[-0.447,48.515],[-0.47,48.512],[-0.476,48.502],[-0.51,48.509],[-0.516,48.498],[-0.536,48.491],[-0.552,48.473],[-0.595,48.473],[-0.651,48.444],[-0.66,48.469],[-0.656,48.474],[-0.666,48.486],[-0.677,48.484],[-0.686,48.475],[-0.682,48.471],[-0.692,48.468],[-0.702,48.467],[-0.705,48.476],[-0.715,48.469],[-0.731,48.473],[-0.736,48.461],[-0.714,48.45],[-0.76,48.436],[-0.78,48.446],[-0.778,48.465],[-0.797,48.466],[-0.799,48.459],[-0.813,48.455],[-0.819,48.469],[-0.815,48.472],[-0.833,48.479],[-0.846,48.5],[-0.86,48.502],[-0.847,48.522],[-0.827,48.531],[-0.806,48.551],[-0.794,48.55],[-0.774,48.563],[-0.77,48.59],[-0.752,48.601],[-0.753,48.621],[-0.739,48.623],[-0.762,48.631],[-0.773,48.657],[-0.761,48.663],[-0.755,48.675],[-0.736,48.679],[-0.735,48.686],[-0.79,48.704],[-0.818,48.731],[-0.847,48.729],[-0.852,48.746],[-0.841,48.752]]]}},{"type":"Feature","properties":{"code":"62","name":"Pas-de-Calais","group":"metropole"},"geometry":{"type":"Polygon","coordinates":[[[2.068,51.007],[2.093,51.003],[2.135,50.964],[2.152,50.928],[2.185,50.883],[2.191,50.862],[2.204,50.85],[2.213,50.811],[2.235,50.805],[2.252,50.788],[2.27,50.783],[2.288,50.787],[2.289,50.777],[2.312,50.787],[2.369,50.772],[2.364,50.78],[2.376,50.784],[2.411,50.767],[2.339,50.74],[2.34,50.731],[2.351,50.728],[2.351,50.72],[2.388,50.699],[2.364,50.685],[2.374,50.672],[2.403,50.682],[2.429,50.657],[2.45,50.654],[2.487,50.632],[2.517,50.635],[2.533,50.643],[2.545,50.625],[2.564,50.625],[2.566,50.633],[2.577,50.631],[2.59,50.638],[2.595,50.631],[2.615,50.635],[2.614,50.627],[2.625,50.626],[2.631,50.618],[2.675,50.625],[2.674,50.638],[2.694,50.634],[2.697,50.628],[2.713,50.632],[2.724,50.627],[2.719,50.62],[2.725,50.614],[2.746,50.605],[2.758,50.618],[2.753,50.628],[2.761,50.625],[2.759,50.635],[2.786,50.628],[2.792,50.634],[2.759,50.651],[2.763,50.659],[2.809,50.669],[2.84,50.657],[2.87,50.631],[2.843,50.629],[2.808,50.608],[2.789,50.583],[2.808,50.579],[2.817,50.565],[2.812,50.55],[2.794,50.549],[2.8,50.528],[2.826,50.525],[2.887,50.538],[2.891,50.53],[2.88,50.516],[2.891,50.501],[2.91,50.5],[2.965,50.513],[3.028,50.484],[3.031,50.481],[3.021,50.482],[3.019,50.467],[3.007,50.458],[3.019,50.452],[3.016,50.442],[3.038,50.442],[3.046,50.451],[3.069,50.458],[3.066,50.448],[3.082,50.444],[3.069,50.426],[3.039,50.423],[3.03,50.41],[3.014,50.403],[2.98,50.403],[2.991,50.395],[2.993,50.38],[3.009,50.366],[3.008,50.359],[3.029,50.354],[3.039,50.344],[3.047,50.346],[3.064,50.324],[3.084,50.311],[3.054,50.302],[3.048,50.294],[3.055,50.29],[3.051,50.286],[3.055,50.282],[3.031,50.288],[3.015,50.284],[3.017,50.275],[3.011,50.269],[3.023,50.263],[3.049,50.278],[3.062,50.272],[3.079,50.275],[3.141,50.265],[3.15,50.26],[3.147,50.246],[3.169,50.244],[3.178,50.233],[3.188,50.233],[3.179,50.22],[3.139,50.217],[3.131,50.199],[3.147,50.195],[3.143,50.191],[3.158,50.184],[3.145,50.179],[3.138,50.167],[3.101,50.162],[3.115,50.148],[3.137,50.143],[3.092,50.121],[3.105,50.115],[3.105,50.106],[3.113,50.105],[3.114,50.092],[3.103,50.079],[3.088,50.083],[3.098,50.068],[3.086,50.066],[3.086,50.048],[3.074,50.045],[3.014,50.059],[2.969,50.042],[2.969,50.048],[2.945,50.054],[2.933,50.043],[2.921,50.049],[2.916,50.035],[2.896,50.037],[2.875,50.027],[2.878,50.021],[2.864,50.02],[2.85,50.031],[2.864,50.032],[2.878,50.042],[2.864,50.061],[2.855,50.062],[2.858,50.077],[2.848,50.078],[2.834,50.072],[2.834,50.064],[2.822,50.068],[2.812,50.058],[2.805,50.061],[2.789,50.045],[2.786,50.051],[2.775,50.042],[2.753,50.039],[2.743,50.048],[2.764,50.061],[2.759,50.068],[2.782,50.091],[2.777,50.116],[2.75,50.112],[2.73,50.126],[2.709,50.128],[2.714,50.11],[2.696,50.102],[2.719,50.088],[2.705,50.081],[2.691,50.093],[2.66,50.1],[2.648,50.094],[2.639,50.097],[2.62,50.111],[2.593,50.107],[2.591,50.112],[2.576,50.113],[2.569,50.121],[2.587,50.137],[2.568,50.136],[2.557,50.143],[2.546,50.135],[2.548,50.123],[2.533,50.114],[2.515,50.141],[2.455,50.131],[2.43,50.088],[2.419,50.088],[2.415,50.101],[2.4,50.102],[2.403,50.106],[2.392,50.112],[2.39,50.106],[2.375,50.109],[2.387,50.135],[2.382,50.139],[2.393,50.147],[2.389,50.155],[2.399,50.156],[2.403,50.165],[2.413,50.162],[2.42,50.176],[2.451,50.179],[2.496,50.195],[2.485,50.208],[2.467,50.212],[2.451,50.231],[2.417,50.228],[2.403,50.234],[2.391,50.224],[2.382,50.226],[2.371,50.209],[2.359,50.206],[2.355,50.208],[2.36,50.215],[2.333,50.238],[2.315,50.235],[2.332,50.222],[2.328,50.213],[2.32,50.22],[2.299,50.212],[2.27,50.229],[2.246,50.211],[2.225,50.208],[2.226,50.214],[2.213,50.218],[2.192,50.209],[2.174,50.209],[2.15,50.19],[2.129,50.21],[2.121,50.211],[2.115,50.203],[2.095,50.208],[2.088,50.2],[2.083,50.204],[2.085,50.217],[2.064,50.234],[2.076,50.252],[2.048,50.257],[2.026,50.27],[2.011,50.267],[1.961,50.29],[1.952,50.285],[1.931,50.299],[1.962,50.312],[1.964,50.322],[1.954,50.329],[1.938,50.33],[1.919,50.312],[1.91,50.311],[1.899,50.318],[1.881,50.318],[1.872,50.325],[1.873,50.334],[1.858,50.336],[1.852,50.343],[1.786,50.362],[1.762,50.362],[1.728,50.346],[1.695,50.339],[1.69,50.344],[1.691,50.339],[1.665,50.33],[1.663,50.338],[1.645,50.339],[1.646,50.348],[1.631,50.361],[1.63,50.369],[1.612,50.37],[1.601,50.378],[1.583,50.376],[1.568,50.395],[1.557,50.396],[1.583,50.535],[1.589,50.539],[1.599,50.527],[1.659,50.506],[1.627,50.52],[1.621,50.534],[1.603,50.541],[1.603,50.548],[1.577,50.572],[1.576,50.641],[1.561,50.698],[1.573,50.716],[1.562,50.724],[1.575,50.728],[1.574,50.717],[1.578,50.728],[1.586,50.731],[1.591,50.729],[1.582,50.724],[1.597,50.727],[1.603,50.722],[1.591,50.73],[1.594,50.75],[1.606,50.768],[1.603,50.804],[1.578,50.853],[1.582,50.871],[1.642,50.879],[1.726,50.937],[1.772,50.953],[1.844,50.968],[1.848,50.961],[1.855,50.963],[1.849,50.967],[1.866,50.97],[1.853,50.971],[1.871,50.975],[1.89,50.972],[1.916,50.984],[2.043,50.997],[2.049,51.004],[2.068,51.007]],[[3.04,50.16],[3.04,50.152],[3.004,50.15],[2.993,50.137],[3.002,50.134],[2.999,50.119],[3.011,50.113],[3.025,50.116],[3.037,50.13],[3.074,50.132],[3.068,50.147],[3.094,50.162],[3.09,50.172],[3.06,50.174],[3.061,50.167],[3.04,50.16]]]}},{"type":"Feature","properties":{"code":"63","name":"Puy-de-Dôme","group":"metropole"},"geometry":{"type":"Polygon","coordinates":[[[2.565,46.143],[2.591,46.127],[2.607,46.13],[2.641,46.118],[2.655,46.124],[2.661,46.143],[2.669,46.144],[2.668,46.155],[2.676,46.156],[2.675,46.172],[2.723,46.182],[2.722,46.188],[2.732,46.195],[2.721,46.212],[2.733,46.223],[2.809,46.195],[2.823,46.22],[2.819,46.242],[2.838,46.251],[2.86,46.257],[2.864,46.25],[2.926,46.25],[2.945,46.241],[2.932,46.233],[2.935,46.224],[2.941,46.225],[2.915,46.214],[2.91,46.203],[2.921,46.188],[2.913,46.177],[2.943,46.168],[2.952,46.171],[2.962,46.13],[2.972,46.122],[2.994,46.124],[3.011,46.113],[3.014,46.103],[3.041,46.107],[3.048,46.1],[3.065,46.102],[3.091,46.115],[3.091,46.105],[3.101,46.094],[3.098,46.084],[3.116,46.081],[3.131,46.069],[3.175,46.066],[3.184,46.075],[3.215,46.075],[3.221,46.067],[3.229,46.071],[3.245,46.062],[3.302,46.066],[3.301,46.061],[3.335,46.055],[3.332,46.044],[3.372,46.055],[3.381,46.066],[3.402,46.066],[3.419,46.074],[3.44,46.059],[3.459,46.062],[3.46,46.051],[3.472,46.039],[3.462,46.04],[3.468,46.025],[3.464,46.008],[3.506,46.017],[3.525,46.012],[3.523,46.022],[3.537,46.022],[3.544,46.013],[3.592,46.024],[3.626,45.985],[3.632,45.961],[3.642,45.967],[3.677,45.958],[3.683,45.94],[3.725,45.921],[3.753,45.891],[3.739,45.872],[3.716,45.871],[3.72,45.861],[3.729,45.863],[3.728,45.855],[3.719,45.851],[3.728,45.83],[3.717,45.819],[3.722,45.814],[3.716,45.804],[3.689,45.791],[3.701,45.781],[3.732,45.775],[3.739,45.767],[3.728,45.756],[3.732,45.751],[3.746,45.742],[3.759,45.746],[3.768,45.728],[3.781,45.724],[3.777,45.718],[3.783,45.707],[3.776,45.7],[3.777,45.691],[3.818,45.647],[3.823,45.632],[3.859,45.625],[3.861,45.616],[3.881,45.604],[3.907,45.598],[3.954,45.556],[3.946,45.545],[3.961,45.506],[3.985,45.495],[3.983,45.482],[3.966,45.47],[3.974,45.448],[3.96,45.443],[3.963,45.435],[3.92,45.425],[3.908,45.418],[3.91,45.412],[3.899,45.41],[3.889,45.395],[3.897,45.357],[3.892,45.354],[3.854,45.36],[3.847,45.369],[3.838,45.366],[3.836,45.383],[3.822,45.38],[3.802,45.392],[3.791,45.385],[3.785,45.37],[3.79,45.354],[3.779,45.355],[3.776,45.349],[3.757,45.357],[3.736,45.354],[3.732,45.361],[3.7,45.359],[3.697,45.365],[3.707,45.374],[3.691,45.373],[3.691,45.38],[3.67,45.384],[3.664,45.362],[3.645,45.359],[3.645,45.351],[3.626,45.338],[3.59,45.357],[3.588,45.375],[3.571,45.402],[3.558,45.392],[3.547,45.399],[3.53,45.398],[3.524,45.406],[3.521,45.402],[3.506,45.411],[3.5,45.428],[3.48,45.421],[3.461,45.406],[3.464,45.402],[3.42,45.397],[3.408,45.403],[3.378,45.401],[3.356,45.423],[3.341,45.421],[3.334,45.398],[3.328,45.397],[3.32,45.413],[3.298,45.42],[3.287,45.399],[3.254,45.389],[3.238,45.394],[3.222,45.382],[3.219,45.369],[3.181,45.365],[3.175,45.355],[3.18,45.351],[3.096,45.352],[3.091,45.341],[3.065,45.333],[3.066,45.316],[3.052,45.303],[3.022,45.295],[3.017,45.287],[2.969,45.307],[2.949,45.309],[2.926,45.343],[2.923,45.367],[2.901,45.371],[2.9,45.377],[2.886,45.383],[2.868,45.376],[2.852,45.392],[2.831,45.39],[2.813,45.401],[2.785,45.385],[2.742,45.393],[2.714,45.382],[2.701,45.391],[2.704,45.399],[2.681,45.407],[2.68,45.423],[2.69,45.43],[2.688,45.438],[2.663,45.434],[2.648,45.444],[2.625,45.444],[2.622,45.469],[2.616,45.469],[2.604,45.45],[2.585,45.45],[2.564,45.466],[2.537,45.457],[2.544,45.479],[2.517,45.483],[2.508,45.478],[2.514,45.492],[2.508,45.503],[2.52,45.52],[2.512,45.525],[2.519,45.532],[2.517,45.553],[2.491,45.56],[2.491,45.568],[2.471,45.579],[2.475,45.582],[2.461,45.596],[2.478,45.608],[2.483,45.639],[2.52,45.641],[2.528,45.659],[2.519,45.659],[2.513,45.671],[2.529,45.682],[2.519,45.698],[2.524,45.709],[2.487,45.747],[2.474,45.746],[2.469,45.756],[2.455,45.761],[2.445,45.758],[2.435,45.767],[2.427,45.795],[2.388,45.827],[2.402,45.838],[2.431,45.834],[2.434,45.845],[2.448,45.846],[2.443,45.867],[2.471,45.872],[2.492,45.864],[2.503,45.878],[2.502,45.888],[2.514,45.886],[2.555,45.913],[2.542,45.919],[2.544,45.932],[2.57,45.947],[2.564,45.956],[2.601,45.964],[2.612,45.972],[2.593,45.993],[2.603,46.033],[2.571,46.047],[2.55,46.086],[2.547,46.113],[2.565,46.143]]]}},{"type":"Feature","properties":{"code":"64","name":"Pyrénées-Atlantiques","group":"metropole"},"geometry":{"type":"Polygon","coordinates":[[[-0.243,43.585],[-0.211,43.593],[-0.205,43.584],[-0.177,43.597],[-0.16,43.581],[-0.152,43.586],[-0.129,43.581],[-0.122,43.587],[-0.097,43.582],[-0.089,43.557],[-0.094,43.544],[-0.066,43.548],[-0.066,43.541],[-0.049,43.53],[-0.04,43.513],[-0.05,43.492],[-0.035,43.489],[-0.035,43.475],[-0.018,43.472],[-0.019,43.465],[-0.066,43.463],[-0.061,43.454],[-0.071,43.435],[-0.051,43.42],[-0.062,43.418],[-0.067,43.41],[-0.043,43.41],[-0.034,43.433],[-0.025,43.43],[-0.017,43.444],[-0.002,43.445],[-0.005,43.432],[0.01,43.422],[-0.004,43.398],[-0.0,43.396],[-0.004,43.393],[0.005,43.394],[-0.006,43.373],[0.005,43.372],[0.008,43.361],[0.029,43.346],[0.01,43.325],[-0.003,43.332],[-0.025,43.33],[-0.029,43.316],[-0.046,43.301],[-0.044,43.285],[-0.024,43.28],[-0.027,43.276],[-0.017,43.27],[-0.026,43.261],[-0.024,43.254],[-0.046,43.233],[-0.049,43.217],[-0.073,43.224],[-0.068,43.177],[-0.095,43.177],[-0.098,43.167],[-0.107,43.167],[-0.111,43.179],[-0.118,43.18],[-0.126,43.158],[-0.143,43.143],[-0.146,43.128],[-0.166,43.122],[-0.175,43.11],[-0.194,43.115],[-0.192,43.106],[-0.198,43.098],[-0.187,43.092],[-0.186,43.084],[-0.199,43.064],[-0.182,43.053],[-0.224,43.034],[-0.239,43.04],[-0.258,43.038],[-0.259,43.015],[-0.287,43.006],[-0.293,42.993],[-0.287,42.967],[-0.291,42.961],[-0.279,42.939],[-0.287,42.929],[-0.298,42.931],[-0.311,42.919],[-0.327,42.916],[-0.307,42.87],[-0.313,42.849],[-0.324,42.835],[-0.347,42.838],[-0.365,42.816],[-0.383,42.807],[-0.383,42.801],[-0.395,42.799],[-0.409,42.808],[-0.441,42.795],[-0.452,42.804],[-0.478,42.809],[-0.499,42.821],[-0.501,42.828],[-0.526,42.81],[-0.523,42.799],[-0.53,42.792],[-0.544,42.793],[-0.551,42.778],[-0.567,42.781],[-0.571,42.79],[-0.566,42.804],[-0.601,42.806],[-0.604,42.833],[-0.655,42.858],[-0.678,42.884],[-0.699,42.879],[-0.732,42.896],[-0.736,42.913],[-0.724,42.922],[-0.733,42.928],[-0.731,42.945],[-0.744,42.952],[-0.753,42.968],[-0.79,42.964],[-0.81,42.951],[-0.896,42.955],[-0.908,42.964],[-0.921,42.955],[-0.944,42.953],[-0.998,42.976],[-1.017,42.995],[-1.078,43.0],[-1.085,43.003],[-1.084,43.011],[-1.115,43.024],[-1.142,43.008],[-1.145,43.025],[-1.174,43.038],[-1.181,43.033],[-1.212,43.051],[-1.23,43.055],[-1.247,43.042],[-1.263,43.043],[-1.271,43.055],[-1.309,43.069],[-1.301,43.09],[-1.27,43.119],[-1.321,43.113],[-1.345,43.094],[-1.34,43.081],[-1.343,43.054],[-1.354,43.028],[-1.441,43.046],[-1.473,43.087],[-1.415,43.128],[-1.41,43.143],[-1.416,43.15],[-1.402,43.156],[-1.402,43.178],[-1.382,43.19],[-1.387,43.196],[-1.378,43.231],[-1.389,43.259],[-1.413,43.273],[-1.44,43.267],[-1.466,43.272],[-1.483,43.283],[-1.492,43.28],[-1.506,43.293],[-1.535,43.295],[-1.565,43.288],[-1.557,43.28],[-1.577,43.25],[-1.609,43.252],[-1.622,43.264],[-1.63,43.284],[-1.624,43.306],[-1.669,43.315],[-1.686,43.309],[-1.695,43.312],[-1.73,43.296],[-1.74,43.311],[-1.738,43.33],[-1.749,43.331],[-1.758,43.344],[-1.769,43.342],[-1.787,43.351],[-1.783,43.362],[-1.792,43.371],[-1.789,43.378],[-1.784,43.373],[-1.762,43.376],[-1.749,43.388],[-1.74,43.381],[-1.682,43.398],[-1.681,43.39],[-1.666,43.389],[-1.662,43.404],[-1.639,43.408],[-1.626,43.423],[-1.601,43.433],[-1.595,43.448],[-1.57,43.475],[-1.571,43.482],[-1.548,43.496],[-1.525,43.53],[-1.501,43.527],[-1.478,43.54],[-1.461,43.532],[-1.465,43.517],[-1.431,43.515],[-1.418,43.497],[-1.368,43.495],[-1.327,43.505],[-1.291,43.498],[-1.196,43.546],[-1.171,43.546],[-1.156,43.53],[-1.131,43.519],[-1.133,43.51],[-1.172,43.505],[-1.169,43.492],[-1.153,43.497],[-1.144,43.488],[-1.138,43.5],[-1.118,43.501],[-1.109,43.514],[-1.088,43.511],[-1.082,43.522],[-1.073,43.519],[-1.069,43.508],[-1.046,43.514],[-1.024,43.502],[-0.992,43.504],[-0.989,43.531],[-1.001,43.538],[-0.988,43.541],[-0.946,43.532],[-0.94,43.539],[-0.927,43.532],[-0.921,43.535],[-0.923,43.543],[-0.905,43.551],[-0.846,43.542],[-0.843,43.554],[-0.824,43.561],[-0.804,43.556],[-0.794,43.564],[-0.782,43.564],[-0.782,43.577],[-0.772,43.579],[-0.717,43.541],[-0.709,43.541],[-0.707,43.56],[-0.688,43.557],[-0.641,43.575],[-0.658,43.556],[-0.634,43.554],[-0.614,43.538],[-0.596,43.538],[-0.567,43.558],[-0.557,43.543],[-0.546,43.545],[-0.511,43.563],[-0.505,43.573],[-0.449,43.596],[-0.432,43.587],[-0.432,43.579],[-0.443,43.578],[-0.453,43.564],[-0.463,43.567],[-0.452,43.55],[-0.394,43.569],[-0.357,43.563],[-0.336,43.551],[-0.304,43.56],[-0.301,43.571],[-0.291,43.568],[-0.283,43.586],[-0.243,43.585]],[[-0.103,43.359],[-0.09,43.359],[-0.087,43.334],[-0.111,43.337],[-0.116,43.323],[-0.11,43.312],[-0.07,43.31],[-0.065,43.355],[-0.093,43.374],[-0.107,43.371],[-0.103,43.359]],[[-0.103,43.243],[-0.104,43.25],[-0.088,43.254],[-0.079,43.272],[-0.096,43.285],[-0.089,43.301],[-0.111,43.31],[-0.137,43.286],[-0.141,43.272],[-0.121,43.241],[-0.103,43.243]]]}},{"type":"Feature","properties":{"code":"65","name":"Hautes-Pyrénées","group":"metropole"},"geometry":{"type":"MultiPolygon","coordinates":[[[[-0.103,43.243],[-0.121,43.241],[-0.141,43.272],[-0.137,43.286],[-0.111,43.31],[-0.089,43.301],[-0.096,43.285],[-0.079,43.272],[-0.088,43.254],[-0.104,43.25],[-0.103,43.243]]],[[[-0.103,43.359],[-0.107,43.371],[-0.093,43.374],[-0.065,43.355],[-0.07,43.31],[-0.11,43.312],[-0.116,43.323],[-0.111,43.337],[-0.087,43.334],[-0.09,43.359],[-0.103,43.359]]],[[[-0.097,43.582],[-0.094,43.591],[-0.077,43.59],[-0.074,43.606],[-0.055,43.606],[-0.045,43.613],[-0.033,43.604],[-0.015,43.606],[-0.006,43.593],[-0.003,43.566],[0.009,43.561],[0.017,43.543],[0.03,43.545],[0.038,43.539],[0.051,43.519],[0.08,43.524],[0.09,43.51],[0.117,43.515],[0.13,43.495],[0.135,43.466],[0.15,43.465],[0.166,43.444],[0.137,43.434],[0.132,43.424],[0.14,43.421],[0.153,43.399],[0.174,43.403],[0.182,43.371],[0.199,43.375],[0.206,43.368],[0.233,43.368],[0.28,43.387],[0.298,43.388],[0.3,43.373],[0.308,43.367],[0.327,43.373],[0.332,43.343],[0.392,43.356],[0.391,43.35],[0.399,43.351],[0.396,43.334],[0.414,43.329],[0.443,43.328],[0.445,43.341],[0.494,43.325],[0.504,43.334],[0.551,43.33],[0.563,43.321],[0.576,43.323],[0.636,43.301],[0.635,43.294],[0.616,43.289],[0.614,43.277],[0.589,43.269],[0.578,43.254],[0.567,43.252],[0.553,43.238],[0.573,43.233],[0.574,43.22],[0.552,43.209],[0.517,43.212],[0.506,43.198],[0.524,43.199],[0.522,43.192],[0.442,43.131],[0.463,43.121],[0.453,43.111],[0.489,43.115],[0.491,43.109],[0.503,43.107],[0.498,43.103],[0.501,43.096],[0.532,43.093],[0.532,43.083],[0.564,43.074],[0.553,43.065],[0.562,43.059],[0.56,43.047],[0.567,43.037],[0.547,43.045],[0.538,43.042],[0.536,43.019],[0.528,43.005],[0.532,43.008],[0.531,43.003],[0.54,43.001],[0.567,43.021],[0.592,43.022],[0.593,43.035],[0.607,43.035],[0.616,43.011],[0.628,42.998],[0.624,42.99],[0.612,42.989],[0.619,42.972],[0.646,42.961],[0.627,42.942],[0.602,42.93],[0.576,42.871],[0.562,42.861],[0.55,42.865],[0.534,42.861],[0.526,42.868],[0.502,42.868],[0.497,42.876],[0.477,42.878],[0.473,42.859],[0.46,42.852],[0.468,42.847],[0.456,42.817],[0.464,42.804],[0.455,42.772],[0.463,42.76],[0.463,42.739],[0.449,42.734],[0.485,42.71],[0.478,42.7],[0.462,42.693],[0.422,42.691],[0.395,42.7],[0.393,42.713],[0.376,42.714],[0.36,42.724],[0.345,42.711],[0.325,42.705],[0.321,42.684],[0.295,42.673],[0.263,42.693],[0.268,42.703],[0.26,42.716],[0.226,42.717],[0.176,42.737],[0.162,42.723],[0.137,42.722],[0.125,42.713],[0.078,42.715],[0.071,42.704],[0.05,42.696],[0.014,42.702],[0.014,42.693],[0.002,42.686],[-0.057,42.692],[-0.069,42.718],[-0.107,42.721],[-0.112,42.726],[-0.108,42.732],[-0.118,42.738],[-0.123,42.752],[-0.138,42.767],[-0.15,42.769],[-0.147,42.776],[-0.161,42.798],[-0.178,42.785],[-0.189,42.787],[-0.238,42.808],[-0.243,42.823],[-0.256,42.819],[-0.275,42.828],[-0.277,42.835],[-0.306,42.841],[-0.313,42.849],[-0.307,42.87],[-0.327,42.916],[-0.311,42.919],[-0.298,42.931],[-0.287,42.929],[-0.279,42.939],[-0.291,42.961],[-0.287,42.967],[-0.293,42.993],[-0.287,43.006],[-0.259,43.015],[-0.258,43.038],[-0.239,43.04],[-0.224,43.034],[-0.182,43.053],[-0.199,43.064],[-0.186,43.084],[-0.187,43.092],[-0.198,43.098],[-0.192,43.106],[-0.194,43.115],[-0.175,43.11],[-0.166,43.122],[-0.146,43.128],[-0.143,43.143],[-0.126,43.158],[-0.118,43.18],[-0.111,43.179],[-0.107,43.167],[-0.098,43.167],[-0.095,43.177],[-0.068,43.177],[-0.073,43.224],[-0.049,43.217],[-0.046,43.233],[-0.024,43.254],[-0.026,43.261],[-0.017,43.27],[-0.027,43.276],[-0.024,43.28],[-0.044,43.285],[-0.046,43.301],[-0.029,43.316],[-0.025,43.33],[-0.003,43.332],[0.01,43.325],[0.029,43.346],[0.008,43.361],[0.005,43.372],[-0.006,43.373],[0.005,43.394],[-0.004,43.393],[-0.0,43.396],[-0.004,43.398],[0.01,43.422],[-0.005,43.432],[-0.002,43.445],[-0.017,43.444],[-0.025,43.43],[-0.034,43.433],[-0.043,43.41],[-0.067,43.41],[-0.062,43.418],[-0.051,43.42],[-0.071,43.435],[-0.061,43.454],[-0.066,43.463],[-0.019,43.465],[-0.018,43.472],[-0.035,43.475],[-0.035,43.489],[-0.05,43.492],[-0.04,43.513],[-0.049,43.53],[-0.066,43.541],[-0.066,43.548],[-0.094,43.544],[-0.089,43.557],[-0.097,43.582]]]]}},{"type":"Feature","properties":{"code":"66","name":"Pyrénées-Orientales","group":"metropole"},"geometry":{"type":"Polygon","coordinates":[[[2.166,42.664],[2.177,42.649],[2.191,42.652],[2.191,42.658],[2.206,42.667],[2.247,42.681],[2.265,42.709],[2.297,42.701],[2.32,42.706],[2.355,42.727],[2.353,42.763],[2.343,42.775],[2.344,42.801],[2.333,42.802],[2.332,42.82],[2.319,42.824],[2.337,42.841],[2.386,42.848],[2.456,42.837],[2.505,42.851],[2.517,42.842],[2.552,42.847],[2.604,42.836],[2.665,42.837],[2.698,42.83],[2.744,42.84],[2.762,42.874],[2.789,42.896],[2.818,42.9],[2.835,42.912],[2.865,42.918],[2.88,42.901],[2.985,42.867],[3.044,42.838],[3.038,42.76],[3.041,42.717],[3.038,42.705],[3.024,42.704],[3.039,42.701],[3.035,42.642],[3.052,42.544],[3.058,42.536],[3.083,42.532],[3.085,42.524],[3.106,42.526],[3.141,42.515],[3.123,42.506],[3.136,42.5],[3.13,42.482],[3.155,42.477],[3.162,42.465],[3.157,42.46],[3.167,42.457],[3.16,42.453],[3.169,42.446],[3.166,42.441],[3.178,42.439],[3.145,42.433],[3.121,42.438],[3.102,42.426],[3.086,42.425],[3.047,42.457],[3.04,42.474],[3.013,42.466],[2.989,42.474],[2.967,42.465],[2.947,42.482],[2.918,42.456],[2.873,42.467],[2.857,42.454],[2.84,42.459],[2.828,42.44],[2.815,42.44],[2.798,42.418],[2.784,42.418],[2.779,42.412],[2.77,42.412],[2.755,42.426],[2.718,42.422],[2.692,42.406],[2.674,42.405],[2.67,42.387],[2.651,42.386],[2.661,42.378],[2.661,42.366],[2.674,42.359],[2.675,42.342],[2.615,42.346],[2.571,42.358],[2.554,42.354],[2.552,42.343],[2.533,42.333],[2.5,42.343],[2.481,42.341],[2.455,42.37],[2.433,42.377],[2.432,42.393],[2.413,42.391],[2.364,42.402],[2.346,42.409],[2.344,42.417],[2.324,42.418],[2.314,42.428],[2.291,42.423],[2.257,42.438],[2.246,42.429],[2.202,42.416],[2.168,42.425],[2.148,42.42],[2.126,42.41],[2.115,42.395],[2.117,42.383],[2.09,42.374],[2.085,42.362],[2.033,42.358],[2.015,42.347],[1.986,42.362],[1.965,42.382],[1.955,42.41],[1.958,42.424],[1.941,42.43],[1.943,42.444],[1.937,42.454],[1.917,42.446],[1.885,42.449],[1.881,42.46],[1.864,42.467],[1.854,42.464],[1.824,42.486],[1.763,42.487],[1.747,42.496],[1.731,42.493],[1.722,42.517],[1.734,42.528],[1.735,42.549],[1.75,42.564],[1.768,42.564],[1.786,42.574],[1.801,42.572],[1.837,42.585],[1.874,42.581],[1.874,42.59],[1.891,42.593],[1.9,42.615],[1.935,42.605],[1.95,42.618],[1.972,42.617],[2.001,42.662],[2.028,42.653],[2.043,42.657],[2.047,42.664],[2.109,42.664],[2.124,42.672],[2.151,42.662],[2.166,42.664]],[[1.96,42.47],[1.956,42.458],[1.961,42.453],[2.013,42.448],[2.011,42.456],[1.988,42.469],[1.987,42.476],[1.998,42.485],[1.99,42.494],[1.979,42.495],[1.978,42.486],[1.96,42.47]]]}},{"type":"Feature","properties":{"code":"67","name":"Bas-Rhin","group":"metropole"},"geometry":{"type":"Polygon","coordinates":[[[7.635,49.054],[7.676,49.045],[7.697,49.05],[7.696,49.058],[7.72,49.051],[7.732,49.056],[7.732,49.044],[7.758,49.045],[7.795,49.066],[7.866,49.033],[7.888,49.049],[7.917,49.041],[7.934,49.058],[7.965,49.043],[7.975,49.027],[8.001,49.028],[8.049,49.014],[8.069,48.997],[8.091,48.989],[8.123,48.986],[8.139,48.978],[8.185,48.979],[8.196,48.976],[8.199,48.967],[8.223,48.976],[8.233,48.967],[8.198,48.958],[8.148,48.904],[8.092,48.806],[8.07,48.791],[8.029,48.786],[8.015,48.761],[7.972,48.758],[7.963,48.721],[7.891,48.663],[7.842,48.644],[7.829,48.618],[7.8,48.585],[7.807,48.517],[7.795,48.502],[7.768,48.49],[7.763,48.451],[7.732,48.393],[7.745,48.328],[7.736,48.319],[7.693,48.302],[7.668,48.224],[7.646,48.209],[7.629,48.183],[7.599,48.156],[7.597,48.133],[7.577,48.12],[7.548,48.122],[7.519,48.126],[7.515,48.14],[7.52,48.15],[7.47,48.16],[7.477,48.204],[7.354,48.249],[7.326,48.244],[7.311,48.254],[7.315,48.263],[7.32,48.261],[7.333,48.273],[7.298,48.268],[7.29,48.273],[7.301,48.283],[7.275,48.306],[7.242,48.302],[7.235,48.309],[7.198,48.31],[7.19,48.319],[7.192,48.325],[7.177,48.325],[7.184,48.339],[7.17,48.342],[7.153,48.333],[7.12,48.333],[7.108,48.344],[7.076,48.353],[7.109,48.379],[7.085,48.398],[7.097,48.406],[7.092,48.41],[7.096,48.427],[7.11,48.44],[7.102,48.451],[7.119,48.474],[7.117,48.485],[7.094,48.489],[7.091,48.504],[7.136,48.498],[7.121,48.505],[7.128,48.51],[7.118,48.516],[7.102,48.519],[7.081,48.513],[7.064,48.523],[7.079,48.536],[7.092,48.529],[7.114,48.537],[7.135,48.528],[7.148,48.527],[7.151,48.532],[7.168,48.528],[7.187,48.537],[7.192,48.549],[7.218,48.553],[7.263,48.59],[7.256,48.602],[7.271,48.612],[7.28,48.628],[7.262,48.632],[7.276,48.633],[7.304,48.66],[7.265,48.663],[7.242,48.692],[7.26,48.694],[7.267,48.714],[7.287,48.731],[7.293,48.753],[7.313,48.767],[7.293,48.783],[7.288,48.798],[7.27,48.803],[7.262,48.798],[7.245,48.81],[7.261,48.82],[7.245,48.817],[7.222,48.83],[7.22,48.819],[7.209,48.828],[7.194,48.829],[7.187,48.836],[7.196,48.84],[7.186,48.85],[7.173,48.846],[7.176,48.842],[7.149,48.845],[7.141,48.834],[7.148,48.822],[7.124,48.813],[7.127,48.801],[7.078,48.786],[7.067,48.799],[7.087,48.805],[7.088,48.811],[7.052,48.815],[7.047,48.82],[7.055,48.833],[7.051,48.847],[7.092,48.849],[7.1,48.855],[7.096,48.862],[7.051,48.859],[7.048,48.874],[6.989,48.891],[6.955,48.894],[6.965,48.905],[6.96,48.916],[6.956,48.922],[6.94,48.924],[6.946,48.935],[6.96,48.925],[6.971,48.928],[6.98,48.935],[6.977,48.939],[6.989,48.96],[7.032,48.956],[7.027,48.969],[7.041,48.976],[7.032,48.99],[7.055,49.01],[7.047,49.015],[7.052,49.028],[7.079,49.05],[7.068,49.065],[7.076,49.074],[7.084,49.069],[7.099,49.078],[7.119,49.068],[7.103,49.065],[7.102,49.059],[7.106,49.045],[7.119,49.037],[7.113,49.033],[7.122,49.03],[7.126,49.006],[7.174,49.006],[7.209,48.98],[7.239,48.988],[7.293,48.973],[7.29,48.957],[7.306,48.957],[7.327,48.943],[7.359,48.958],[7.38,48.951],[7.452,48.968],[7.455,48.963],[7.48,48.961],[7.483,48.952],[7.502,48.944],[7.52,48.94],[7.526,48.945],[7.536,48.932],[7.556,48.936],[7.554,48.944],[7.578,48.957],[7.593,48.987],[7.589,48.992],[7.612,49.012],[7.606,49.02],[7.638,49.046],[7.635,49.054]]]}},{"type":"Feature","properties":{"code":"68","name":"Haut-Rhin","group":"metropole"},"geometry":{"type":"Polygon","coordinates":[[[7.198,48.31],[7.235,48.309],[7.242,48.302],[7.275,48.306],[7.301,48.283],[7.29,48.273],[7.298,48.268],[7.333,48.273],[7.32,48.261],[7.315,48.263],[7.311,48.254],[7.326,48.244],[7.354,48.249],[7.477,48.204],[7.47,48.16],[7.52,48.15],[7.515,48.14],[7.519,48.126],[7.577,48.12],[7.58,48.102],[7.569,48.081],[7.574,48.053],[7.568,48.035],[7.614,47.995],[7.622,47.976],[7.609,47.953],[7.583,47.931],[7.582,47.896],[7.557,47.88],[7.563,47.844],[7.53,47.782],[7.548,47.73],[7.54,47.718],[7.512,47.701],[7.522,47.662],[7.563,47.636],[7.576,47.614],[7.593,47.602],[7.585,47.576],[7.567,47.578],[7.556,47.571],[7.557,47.565],[7.5,47.54],[7.501,47.529],[7.519,47.535],[7.531,47.527],[7.523,47.514],[7.506,47.514],[7.498,47.521],[7.51,47.508],[7.511,47.497],[7.491,47.484],[7.471,47.48],[7.462,47.489],[7.432,47.496],[7.421,47.48],[7.436,47.481],[7.456,47.471],[7.43,47.459],[7.414,47.442],[7.386,47.432],[7.331,47.442],[7.283,47.435],[7.246,47.42],[7.233,47.439],[7.196,47.435],[7.171,47.443],[7.177,47.468],[7.201,47.494],[7.168,47.489],[7.13,47.503],[7.143,47.525],[7.134,47.539],[7.107,47.551],[7.106,47.569],[7.094,47.574],[7.081,47.596],[7.04,47.601],[7.02,47.589],[7.016,47.593],[7.022,47.594],[7.006,47.602],[7.011,47.605],[7.006,47.629],[7.017,47.627],[7.012,47.639],[7.019,47.641],[7.018,47.65],[7.039,47.651],[7.034,47.661],[7.046,47.672],[7.038,47.675],[7.048,47.684],[7.038,47.687],[7.034,47.7],[7.026,47.701],[7.037,47.722],[7.016,47.743],[6.972,47.751],[6.94,47.772],[6.925,47.77],[6.911,47.778],[6.867,47.783],[6.848,47.802],[6.841,47.819],[6.896,47.833],[6.907,47.846],[6.92,47.85],[6.907,47.864],[6.905,47.88],[6.91,47.882],[6.898,47.884],[6.897,47.891],[6.918,47.898],[6.929,47.91],[6.926,47.917],[6.913,47.919],[6.926,47.93],[6.919,47.944],[6.931,47.972],[6.944,47.981],[6.944,48.0],[6.961,48.0],[7.0,48.021],[7.016,48.038],[7.01,48.043],[7.03,48.072],[7.052,48.083],[7.071,48.108],[7.077,48.108],[7.084,48.129],[7.07,48.129],[7.058,48.138],[7.061,48.145],[7.079,48.164],[7.085,48.183],[7.1,48.189],[7.118,48.208],[7.115,48.212],[7.134,48.238],[7.133,48.248],[7.177,48.289],[7.172,48.297],[7.194,48.302],[7.198,48.31]]]}},{"type":"Feature","properties":{"code":"69","name":"Rhône","group":"metropole"},"geometry":{"type":"Polygon","coordinates":[[[4.388,46.22],[4.387,46.233],[4.392,46.235],[4.385,46.247],[4.392,46.252],[4.398,46.283],[4.406,46.296],[4.422,46.295],[4.427,46.303],[4.439,46.293],[4.459,46.297],[4.472,46.285],[4.488,46.288],[4.504,46.267],[4.543,46.272],[4.56,46.295],[4.569,46.294],[4.573,46.276],[4.584,46.269],[4.619,46.265],[4.621,46.278],[4.616,46.282],[4.636,46.29],[4.637,46.301],[4.653,46.304],[4.664,46.295],[4.679,46.306],[4.693,46.301],[4.71,46.279],[4.708,46.27],[4.693,46.272],[4.679,46.26],[4.688,46.249],[4.705,46.251],[4.736,46.234],[4.732,46.227],[4.72,46.228],[4.72,46.222],[4.736,46.212],[4.721,46.201],[4.727,46.179],[4.752,46.172],[4.78,46.177],[4.803,46.155],[4.771,46.11],[4.748,46.092],[4.748,46.083],[4.762,46.069],[4.755,46.057],[4.74,46.049],[4.755,45.972],[4.729,45.949],[4.731,45.941],[4.754,45.935],[4.775,45.939],[4.79,45.923],[4.806,45.922],[4.811,45.909],[4.805,45.896],[4.848,45.913],[4.872,45.903],[4.874,45.894],[4.881,45.897],[4.884,45.88],[4.909,45.874],[4.901,45.856],[4.918,45.843],[4.922,45.819],[4.918,45.807],[4.924,45.804],[4.963,45.811],[5.013,45.805],[5.045,45.812],[5.101,45.813],[5.089,45.784],[5.059,45.792],[5.066,45.768],[5.095,45.769],[5.089,45.75],[5.095,45.739],[5.136,45.733],[5.144,45.72],[5.159,45.715],[5.154,45.7],[5.15,45.706],[5.143,45.7],[5.131,45.708],[5.119,45.7],[5.105,45.7],[5.108,45.688],[5.061,45.666],[5.054,45.66],[5.058,45.653],[5.038,45.645],[5.035,45.628],[5.044,45.621],[5.037,45.613],[5.005,45.623],[4.989,45.619],[5.002,45.614],[4.998,45.603],[4.972,45.613],[4.901,45.606],[4.864,45.594],[4.858,45.577],[4.83,45.588],[4.777,45.587],[4.814,45.569],[4.835,45.545],[4.873,45.531],[4.842,45.501],[4.782,45.472],[4.776,45.454],[4.757,45.456],[4.739,45.473],[4.744,45.474],[4.74,45.487],[4.722,45.494],[4.698,45.477],[4.676,45.482],[4.671,45.473],[4.666,45.478],[4.671,45.483],[4.655,45.486],[4.651,45.531],[4.674,45.551],[4.683,45.551],[4.688,45.558],[4.68,45.568],[4.65,45.565],[4.646,45.555],[4.659,45.543],[4.645,45.541],[4.619,45.574],[4.587,45.571],[4.567,45.584],[4.52,45.573],[4.505,45.577],[4.505,45.586],[4.469,45.585],[4.476,45.594],[4.472,45.598],[4.449,45.606],[4.449,45.617],[4.441,45.623],[4.413,45.63],[4.394,45.65],[4.399,45.657],[4.393,45.662],[4.366,45.671],[4.37,45.672],[4.364,45.684],[4.373,45.691],[4.366,45.699],[4.392,45.739],[4.403,45.744],[4.391,45.755],[4.36,45.751],[4.361,45.757],[4.348,45.77],[4.359,45.776],[4.358,45.783],[4.36,45.778],[4.38,45.784],[4.374,45.805],[4.389,45.806],[4.377,45.825],[4.391,45.837],[4.382,45.844],[4.396,45.86],[4.369,45.868],[4.363,45.864],[4.342,45.877],[4.323,45.904],[4.345,45.915],[4.335,45.918],[4.346,45.93],[4.301,45.947],[4.295,45.953],[4.301,45.958],[4.298,45.966],[4.275,45.98],[4.253,45.983],[4.244,45.996],[4.258,45.995],[4.265,46.002],[4.271,45.988],[4.287,45.998],[4.3,45.989],[4.313,46.006],[4.306,46.022],[4.288,46.017],[4.25,46.05],[4.283,46.053],[4.3,46.065],[4.301,46.078],[4.311,46.08],[4.307,46.106],[4.32,46.117],[4.323,46.131],[4.362,46.138],[4.377,46.15],[4.417,46.136],[4.422,46.151],[4.434,46.159],[4.439,46.168],[4.395,46.192],[4.423,46.203],[4.422,46.209],[4.407,46.221],[4.388,46.22]]]}},{"type":"Feature","properties":{"code":"70","name":"Haute-Saône","group":"metropole"},"geometry":{"type":"Polygon","coordinates":[[[5.885,47.926],[5.897,47.931],[5.893,47.937],[5.9,47.945],[5.918,47.947],[5.917,47.966],[5.937,47.979],[5.947,47.979],[5.96,47.966],[5.928,47.938],[5.949,47.935],[5.969,47.947],[5.971,47.957],[6.005,47.958],[6.012,47.972],[6.019,47.97],[6.026,47.981],[6.019,47.987],[6.032,47.991],[6.041,48.004],[6.073,48.016],[6.109,48.012],[6.131,48.024],[6.156,48.007],[6.153,47.994],[6.16,47.992],[6.158,47.983],[6.165,47.973],[6.151,47.971],[6.15,47.966],[6.157,47.968],[6.168,47.952],[6.182,47.956],[6.208,47.947],[6.205,47.932],[6.239,47.933],[6.243,47.94],[6.289,47.956],[6.324,47.949],[6.366,47.962],[6.389,47.961],[6.405,47.953],[6.408,47.943],[6.435,47.943],[6.449,47.922],[6.463,47.917],[6.456,47.907],[6.478,47.893],[6.478,47.885],[6.503,47.896],[6.544,47.903],[6.563,47.931],[6.607,47.944],[6.642,47.918],[6.639,47.91],[6.646,47.903],[6.703,47.882],[6.74,47.861],[6.783,47.851],[6.793,47.84],[6.788,47.834],[6.793,47.829],[6.824,47.813],[6.811,47.794],[6.786,47.782],[6.764,47.759],[6.756,47.726],[6.773,47.712],[6.771,47.702],[6.782,47.688],[6.776,47.668],[6.78,47.657],[6.801,47.636],[6.78,47.625],[6.778,47.616],[6.802,47.584],[6.822,47.573],[6.81,47.569],[6.797,47.549],[6.773,47.535],[6.755,47.542],[6.74,47.557],[6.728,47.561],[6.715,47.553],[6.685,47.563],[6.689,47.571],[6.658,47.572],[6.664,47.577],[6.66,47.58],[6.652,47.572],[6.67,47.558],[6.649,47.537],[6.611,47.53],[6.597,47.542],[6.581,47.544],[6.568,47.53],[6.581,47.529],[6.584,47.51],[6.574,47.495],[6.558,47.497],[6.556,47.49],[6.535,47.506],[6.52,47.496],[6.499,47.511],[6.476,47.497],[6.476,47.488],[6.471,47.487],[6.463,47.512],[6.411,47.522],[6.393,47.517],[6.39,47.506],[6.368,47.513],[6.348,47.505],[6.336,47.507],[6.321,47.486],[6.303,47.492],[6.302,47.47],[6.286,47.461],[6.287,47.446],[6.264,47.447],[6.256,47.424],[6.233,47.43],[6.244,47.412],[6.207,47.431],[6.2,47.429],[6.2,47.418],[6.193,47.413],[6.176,47.417],[6.172,47.412],[6.19,47.402],[6.173,47.399],[6.171,47.39],[6.162,47.392],[6.168,47.388],[6.13,47.388],[6.121,47.396],[6.106,47.386],[6.103,47.38],[6.111,47.38],[6.107,47.377],[6.12,47.368],[6.113,47.368],[6.113,47.361],[6.102,47.361],[6.101,47.372],[6.086,47.373],[6.075,47.351],[6.052,47.352],[6.018,47.331],[5.998,47.34],[5.993,47.329],[5.98,47.326],[5.961,47.341],[5.927,47.345],[5.925,47.337],[5.932,47.329],[5.903,47.334],[5.896,47.328],[5.902,47.315],[5.898,47.31],[5.884,47.322],[5.874,47.314],[5.861,47.316],[5.844,47.3],[5.786,47.291],[5.771,47.277],[5.751,47.274],[5.742,47.264],[5.714,47.271],[5.699,47.265],[5.677,47.276],[5.642,47.256],[5.623,47.253],[5.602,47.262],[5.575,47.254],[5.57,47.27],[5.555,47.27],[5.559,47.278],[5.531,47.285],[5.534,47.289],[5.522,47.306],[5.506,47.308],[5.498,47.316],[5.47,47.317],[5.477,47.331],[5.487,47.327],[5.493,47.332],[5.488,47.362],[5.497,47.39],[5.476,47.395],[5.452,47.383],[5.434,47.393],[5.436,47.403],[5.445,47.404],[5.43,47.421],[5.431,47.436],[5.44,47.449],[5.418,47.449],[5.41,47.462],[5.38,47.451],[5.386,47.459],[5.367,47.464],[5.408,47.477],[5.388,47.481],[5.399,47.499],[5.432,47.498],[5.429,47.492],[5.439,47.492],[5.472,47.527],[5.486,47.527],[5.497,47.554],[5.491,47.563],[5.48,47.564],[5.488,47.577],[5.478,47.609],[5.471,47.608],[5.442,47.63],[5.426,47.632],[5.404,47.602],[5.39,47.594],[5.374,47.605],[5.373,47.618],[5.386,47.635],[5.406,47.647],[5.399,47.65],[5.406,47.673],[5.42,47.678],[5.447,47.671],[5.47,47.675],[5.483,47.685],[5.53,47.673],[5.567,47.707],[5.585,47.7],[5.597,47.672],[5.648,47.675],[5.663,47.685],[5.691,47.685],[5.694,47.705],[5.683,47.717],[5.695,47.726],[5.69,47.735],[5.71,47.745],[5.708,47.768],[5.68,47.77],[5.677,47.779],[5.682,47.809],[5.69,47.819],[5.699,47.824],[5.741,47.819],[5.751,47.829],[5.746,47.83],[5.744,47.849],[5.761,47.859],[5.799,47.856],[5.796,47.847],[5.828,47.852],[5.83,47.856],[5.818,47.853],[5.828,47.858],[5.821,47.869],[5.839,47.885],[5.837,47.891],[5.851,47.906],[5.883,47.9],[5.891,47.911],[5.885,47.926]]]}},{"type":"Feature","properties":{"code":"71","name":"Saône-et-Loire","group":"metropole"},"geometry":{"type":"Polygon","coordinates":[[[4.116,47.123],[4.127,47.131],[4.147,47.114],[4.161,47.122],[4.178,47.113],[4.169,47.123],[4.188,47.134],[4.185,47.153],[4.197,47.148],[4.203,47.155],[4.215,47.154],[4.213,47.144],[4.226,47.147],[4.232,47.142],[4.242,47.148],[4.237,47.143],[4.244,47.141],[4.241,47.136],[4.252,47.132],[4.257,47.126],[4.254,47.117],[4.265,47.111],[4.275,47.107],[4.297,47.113],[4.307,47.103],[4.347,47.101],[4.344,47.072],[4.353,47.064],[4.365,47.066],[4.371,47.08],[4.405,47.082],[4.416,47.077],[4.405,47.07],[4.408,47.065],[4.401,47.053],[4.422,47.047],[4.428,47.037],[4.459,47.042],[4.457,47.038],[4.472,47.03],[4.49,47.033],[4.508,47.012],[4.555,47.02],[4.558,47.008],[4.555,46.999],[4.547,46.998],[4.548,46.992],[4.567,46.993],[4.574,46.973],[4.592,46.968],[4.59,46.956],[4.617,46.948],[4.616,46.941],[4.65,46.941],[4.679,46.93],[4.665,46.912],[4.687,46.9],[4.716,46.907],[4.722,46.922],[4.781,46.918],[4.792,46.926],[4.788,46.932],[4.809,46.931],[4.853,46.946],[4.894,46.951],[4.895,46.966],[4.906,46.968],[5.002,46.958],[4.995,46.961],[5.003,46.972],[5.017,46.968],[5.03,46.981],[5.049,46.982],[5.073,46.967],[5.074,46.96],[5.103,46.958],[5.098,46.945],[5.106,46.95],[5.107,46.959],[5.123,46.964],[5.166,46.964],[5.182,46.975],[5.196,46.97],[5.194,46.977],[5.205,46.985],[5.212,46.98],[5.222,46.989],[5.255,46.982],[5.254,46.971],[5.265,46.959],[5.262,46.948],[5.252,46.944],[5.264,46.937],[5.262,46.927],[5.283,46.94],[5.308,46.938],[5.312,46.91],[5.329,46.896],[5.329,46.888],[5.336,46.885],[5.352,46.893],[5.362,46.883],[5.399,46.893],[5.404,46.89],[5.402,46.868],[5.444,46.852],[5.45,46.856],[5.44,46.856],[5.436,46.861],[5.44,46.862],[5.461,46.854],[5.457,46.845],[5.465,46.841],[5.457,46.831],[5.463,46.827],[5.429,46.826],[5.408,46.833],[5.368,46.825],[5.352,46.814],[5.339,46.826],[5.342,46.82],[5.338,46.823],[5.327,46.815],[5.34,46.791],[5.354,46.793],[5.362,46.784],[5.371,46.786],[5.372,46.777],[5.39,46.771],[5.385,46.761],[5.366,46.751],[5.361,46.731],[5.394,46.729],[5.39,46.723],[5.397,46.717],[5.394,46.708],[5.408,46.703],[5.408,46.696],[5.395,46.685],[5.422,46.673],[5.419,46.668],[5.427,46.66],[5.413,46.654],[5.441,46.638],[5.417,46.615],[5.396,46.611],[5.414,46.6],[5.406,46.582],[5.368,46.58],[5.362,46.577],[5.368,46.567],[5.356,46.563],[5.363,46.552],[5.358,46.52],[5.385,46.516],[5.41,46.5],[5.42,46.502],[5.418,46.476],[5.398,46.467],[5.384,46.471],[5.373,46.46],[5.323,46.463],[5.323,46.456],[5.307,46.445],[5.294,46.45],[5.284,46.446],[5.258,46.45],[5.246,46.46],[5.235,46.458],[5.226,46.468],[5.215,46.468],[5.21,46.479],[5.214,46.485],[5.206,46.486],[5.21,46.492],[5.2,46.504],[5.204,46.506],[5.177,46.511],[5.167,46.519],[5.166,46.503],[5.135,46.509],[5.134,46.501],[5.109,46.491],[5.097,46.5],[5.077,46.486],[5.056,46.484],[5.013,46.501],[5.011,46.511],[4.975,46.515],[4.963,46.512],[4.972,46.507],[4.96,46.508],[4.95,46.501],[4.944,46.511],[4.955,46.513],[4.941,46.52],[4.942,46.513],[4.936,46.514],[4.914,46.486],[4.914,46.461],[4.892,46.44],[4.888,46.403],[4.851,46.356],[4.853,46.33],[4.833,46.3],[4.825,46.273],[4.811,46.26],[4.808,46.237],[4.795,46.219],[4.793,46.202],[4.78,46.189],[4.78,46.177],[4.758,46.172],[4.727,46.179],[4.73,46.183],[4.72,46.194],[4.725,46.207],[4.734,46.206],[4.736,46.212],[4.72,46.222],[4.72,46.228],[4.732,46.227],[4.736,46.234],[4.705,46.251],[4.688,46.249],[4.689,46.254],[4.68,46.258],[4.682,46.267],[4.688,46.265],[4.693,46.272],[4.701,46.267],[4.71,46.279],[4.693,46.301],[4.679,46.306],[4.664,46.295],[4.653,46.304],[4.637,46.301],[4.636,46.29],[4.616,46.282],[4.621,46.278],[4.619,46.265],[4.584,46.269],[4.573,46.276],[4.569,46.294],[4.554,46.292],[4.543,46.272],[4.504,46.267],[4.488,46.288],[4.472,46.285],[4.459,46.297],[4.439,46.293],[4.427,46.303],[4.422,46.295],[4.406,46.296],[4.392,46.252],[4.385,46.247],[4.392,46.235],[4.386,46.226],[4.389,46.213],[4.375,46.211],[4.363,46.2],[4.374,46.187],[4.363,46.182],[4.346,46.188],[4.337,46.181],[4.327,46.185],[4.315,46.171],[4.292,46.172],[4.281,46.156],[4.25,46.158],[4.249,46.167],[4.264,46.175],[4.255,46.188],[4.242,46.189],[4.225,46.178],[4.208,46.195],[4.185,46.189],[4.188,46.175],[4.176,46.173],[4.133,46.177],[4.104,46.198],[4.059,46.188],[4.028,46.169],[3.993,46.173],[3.99,46.169],[3.971,46.189],[3.973,46.203],[3.918,46.203],[3.898,46.21],[3.89,46.214],[3.898,46.225],[3.897,46.237],[3.905,46.238],[3.91,46.248],[3.905,46.252],[3.905,46.274],[3.891,46.285],[3.897,46.292],[3.945,46.3],[3.947,46.322],[3.99,46.315],[3.989,46.323],[4.005,46.327],[3.985,46.33],[3.992,46.37],[3.977,46.399],[3.989,46.409],[3.984,46.42],[3.996,46.427],[3.989,46.438],[4.006,46.442],[3.997,46.45],[4.001,46.462],[3.975,46.48],[3.952,46.478],[3.956,46.492],[3.908,46.495],[3.897,46.481],[3.865,46.49],[3.86,46.496],[3.864,46.513],[3.84,46.515],[3.846,46.523],[3.843,46.53],[3.805,46.519],[3.793,46.528],[3.781,46.528],[3.773,46.538],[3.747,46.537],[3.737,46.543],[3.732,46.55],[3.743,46.566],[3.734,46.595],[3.737,46.602],[3.713,46.61],[3.723,46.628],[3.709,46.635],[3.697,46.661],[3.674,46.67],[3.669,46.674],[3.673,46.682],[3.655,46.688],[3.651,46.705],[3.638,46.707],[3.638,46.725],[3.623,46.74],[3.632,46.75],[3.64,46.739],[3.649,46.743],[3.663,46.738],[3.739,46.752],[3.784,46.736],[3.777,46.73],[3.789,46.721],[3.795,46.702],[3.829,46.704],[3.845,46.723],[3.913,46.734],[3.913,46.742],[3.924,46.738],[3.934,46.743],[3.928,46.751],[3.949,46.752],[3.966,46.768],[3.994,46.779],[4.019,46.776],[4.033,46.788],[4.055,46.776],[4.063,46.789],[4.058,46.821],[4.042,46.834],[4.101,46.859],[4.099,46.867],[4.07,46.896],[4.047,46.899],[4.039,46.909],[4.036,46.926],[4.048,46.932],[4.039,46.943],[4.041,46.951],[4.056,46.957],[4.039,46.985],[4.01,46.971],[3.995,46.975],[3.995,46.985],[4.032,46.999],[4.062,47.023],[4.056,47.037],[4.073,47.055],[4.038,47.08],[4.054,47.095],[4.048,47.11],[4.06,47.121],[4.09,47.116],[4.095,47.128],[4.11,47.118],[4.116,47.123]],[[5.444,46.845],[5.448,46.847],[5.44,46.851],[5.444,46.845]]]}},{"type":"Feature","properties":{"code":"72","name":"Sarthe","group":"metropole"},"geometry":{"type":"Polygon","coordinates":[[[-0.055,48.382],[-0.051,48.375],[-0.051,48.38],[-0.042,48.379],[-0.035,48.386],[-0.021,48.386],[-0.019,48.395],[-0.001,48.397],[0.021,48.38],[0.058,48.379],[0.063,48.383],[0.054,48.392],[0.071,48.409],[0.1,48.41],[0.117,48.436],[0.156,48.439],[0.158,48.444],[0.144,48.456],[0.171,48.449],[0.173,48.465],[0.19,48.462],[0.213,48.474],[0.249,48.474],[0.265,48.485],[0.275,48.479],[0.301,48.48],[0.357,48.458],[0.382,48.425],[0.381,48.416],[0.372,48.41],[0.388,48.35],[0.38,48.342],[0.404,48.315],[0.416,48.322],[0.426,48.318],[0.431,48.307],[0.466,48.306],[0.477,48.299],[0.49,48.309],[0.507,48.296],[0.493,48.284],[0.513,48.267],[0.533,48.264],[0.536,48.25],[0.626,48.245],[0.632,48.235],[0.638,48.236],[0.634,48.258],[0.65,48.264],[0.665,48.261],[0.683,48.255],[0.686,48.241],[0.707,48.223],[0.704,48.219],[0.716,48.215],[0.722,48.2],[0.73,48.201],[0.745,48.185],[0.761,48.18],[0.798,48.194],[0.796,48.188],[0.811,48.186],[0.837,48.167],[0.888,48.162],[0.912,48.149],[0.914,48.135],[0.85,48.133],[0.855,48.123],[0.841,48.103],[0.814,48.099],[0.829,48.09],[0.848,48.095],[0.843,48.073],[0.794,48.07],[0.798,48.037],[0.842,48.03],[0.832,47.997],[0.819,47.986],[0.828,47.972],[0.838,47.969],[0.849,47.943],[0.812,47.929],[0.808,47.917],[0.816,47.913],[0.808,47.908],[0.815,47.904],[0.815,47.89],[0.795,47.9],[0.79,47.912],[0.76,47.899],[0.757,47.886],[0.765,47.867],[0.759,47.859],[0.774,47.85],[0.775,47.839],[0.768,47.831],[0.759,47.834],[0.746,47.828],[0.74,47.812],[0.712,47.787],[0.694,47.786],[0.689,47.78],[0.703,47.767],[0.691,47.764],[0.677,47.77],[0.651,47.755],[0.628,47.752],[0.609,47.725],[0.581,47.714],[0.593,47.704],[0.596,47.688],[0.619,47.693],[0.615,47.683],[0.586,47.669],[0.559,47.671],[0.56,47.666],[0.544,47.656],[0.516,47.657],[0.5,47.645],[0.464,47.646],[0.453,47.634],[0.457,47.628],[0.45,47.619],[0.426,47.617],[0.396,47.641],[0.383,47.643],[0.364,47.621],[0.383,47.61],[0.402,47.578],[0.378,47.569],[0.34,47.579],[0.322,47.595],[0.276,47.598],[0.259,47.612],[0.23,47.608],[0.214,47.613],[0.206,47.603],[0.202,47.614],[0.192,47.617],[0.186,47.617],[0.183,47.597],[0.162,47.594],[0.146,47.581],[0.132,47.597],[0.119,47.597],[0.116,47.606],[0.053,47.606],[0.036,47.619],[0.01,47.624],[0.013,47.629],[0.006,47.631],[0.01,47.635],[-0.005,47.648],[-0.02,47.637],[-0.025,47.647],[-0.055,47.648],[-0.072,47.66],[-0.09,47.65],[-0.095,47.662],[-0.102,47.662],[-0.114,47.648],[-0.111,47.635],[-0.135,47.632],[-0.159,47.647],[-0.197,47.649],[-0.194,47.66],[-0.22,47.69],[-0.215,47.696],[-0.2,47.695],[-0.182,47.706],[-0.184,47.712],[-0.173,47.713],[-0.196,47.725],[-0.219,47.717],[-0.235,47.703],[-0.286,47.72],[-0.312,47.717],[-0.333,47.722],[-0.352,47.714],[-0.366,47.716],[-0.357,47.73],[-0.375,47.739],[-0.373,47.744],[-0.381,47.75],[-0.375,47.76],[-0.382,47.761],[-0.375,47.767],[-0.385,47.802],[-0.429,47.806],[-0.448,47.832],[-0.43,47.842],[-0.428,47.85],[-0.411,47.847],[-0.412,47.858],[-0.371,47.859],[-0.38,47.865],[-0.369,47.87],[-0.373,47.885],[-0.411,47.895],[-0.404,47.904],[-0.413,47.916],[-0.405,47.921],[-0.405,47.915],[-0.397,47.916],[-0.397,47.926],[-0.377,47.933],[-0.32,47.935],[-0.277,47.957],[-0.302,47.965],[-0.298,47.978],[-0.313,47.994],[-0.309,48.006],[-0.341,48.012],[-0.334,48.033],[-0.342,48.043],[-0.33,48.05],[-0.317,48.045],[-0.28,48.055],[-0.284,48.06],[-0.271,48.065],[-0.231,48.059],[-0.222,48.078],[-0.239,48.085],[-0.234,48.091],[-0.237,48.098],[-0.215,48.108],[-0.216,48.114],[-0.224,48.117],[-0.223,48.123],[-0.247,48.128],[-0.239,48.136],[-0.254,48.137],[-0.249,48.145],[-0.237,48.147],[-0.238,48.153],[-0.248,48.152],[-0.253,48.158],[-0.19,48.181],[-0.147,48.205],[-0.153,48.215],[-0.145,48.224],[-0.161,48.239],[-0.167,48.264],[-0.156,48.265],[-0.149,48.287],[-0.138,48.297],[-0.142,48.309],[-0.155,48.314],[-0.157,48.341],[-0.122,48.338],[-0.132,48.343],[-0.137,48.364],[-0.103,48.375],[-0.078,48.369],[-0.071,48.379],[-0.063,48.376],[-0.055,48.382]]]}},{"type":"Feature","properties":{"code":"73","name":"Savoie","group":"metropole"},"geometry":{"type":"Polygon","coordinates":[[[6.803,45.778],[6.806,45.748],[6.817,45.74],[6.808,45.725],[6.846,45.69],[6.893,45.675],[6.903,45.681],[6.907,45.67],[6.902,45.664],[6.917,45.66],[6.915,45.652],[6.927,45.647],[6.961,45.655],[7.001,45.64],[6.985,45.621],[6.978,45.59],[6.997,45.569],[6.99,45.564],[6.996,45.545],[6.991,45.53],[7.004,45.52],[7.0,45.504],[7.055,45.495],[7.048,45.473],[7.103,45.468],[7.099,45.459],[7.115,45.442],[7.114,45.433],[7.184,45.407],[7.179,45.39],[7.165,45.384],[7.158,45.37],[7.165,45.361],[7.138,45.351],[7.132,45.329],[7.111,45.327],[7.123,45.294],[7.136,45.281],[7.128,45.272],[7.138,45.256],[7.125,45.244],[7.111,45.246],[7.105,45.236],[7.082,45.225],[7.08,45.213],[7.072,45.21],[7.047,45.226],[7.026,45.215],[7.004,45.22],[6.993,45.21],[6.966,45.208],[6.961,45.203],[6.967,45.196],[6.952,45.19],[6.954,45.18],[6.943,45.176],[6.947,45.171],[6.911,45.165],[6.894,45.169],[6.884,45.157],[6.898,45.143],[6.894,45.137],[6.848,45.127],[6.847,45.136],[6.836,45.135],[6.814,45.148],[6.768,45.16],[6.74,45.137],[6.712,45.145],[6.68,45.14],[6.672,45.124],[6.633,45.115],[6.63,45.109],[6.616,45.121],[6.577,45.123],[6.561,45.105],[6.539,45.099],[6.51,45.109],[6.48,45.094],[6.49,45.068],[6.486,45.056],[6.452,45.052],[6.439,45.063],[6.395,45.061],[6.365,45.07],[6.375,45.083],[6.363,45.105],[6.334,45.123],[6.317,45.112],[6.286,45.11],[6.261,45.127],[6.265,45.14],[6.25,45.151],[6.224,45.141],[6.212,45.155],[6.181,45.165],[6.161,45.151],[6.144,45.155],[6.162,45.188],[6.157,45.205],[6.138,45.213],[6.141,45.224],[6.127,45.232],[6.126,45.244],[6.141,45.261],[6.131,45.285],[6.141,45.299],[6.154,45.304],[6.154,45.311],[6.187,45.32],[6.184,45.328],[6.195,45.352],[6.171,45.357],[6.192,45.369],[6.179,45.391],[6.145,45.414],[6.134,45.433],[6.12,45.439],[6.095,45.432],[6.093,45.444],[6.063,45.444],[6.049,45.438],[6.01,45.453],[6.011,45.473],[5.991,45.475],[5.975,45.492],[5.915,45.476],[5.926,45.466],[5.919,45.44],[5.904,45.433],[5.902,45.414],[5.908,45.408],[5.928,45.415],[5.91,45.39],[5.895,45.389],[5.881,45.407],[5.82,45.421],[5.791,45.44],[5.74,45.437],[5.732,45.451],[5.736,45.472],[5.719,45.484],[5.71,45.502],[5.713,45.507],[5.701,45.508],[5.704,45.513],[5.691,45.522],[5.692,45.528],[5.676,45.531],[5.67,45.538],[5.681,45.542],[5.672,45.547],[5.674,45.559],[5.653,45.571],[5.623,45.604],[5.622,45.612],[5.636,45.614],[5.652,45.636],[5.678,45.638],[5.689,45.645],[5.685,45.666],[5.71,45.686],[5.701,45.71],[5.749,45.705],[5.775,45.724],[5.77,45.741],[5.784,45.744],[5.779,45.76],[5.787,45.803],[5.784,45.817],[5.797,45.831],[5.829,45.909],[5.822,45.929],[5.831,45.938],[5.838,45.932],[5.862,45.932],[5.879,45.86],[5.873,45.834],[5.882,45.827],[5.905,45.826],[5.905,45.811],[5.913,45.804],[5.931,45.807],[5.934,45.814],[5.963,45.813],[5.958,45.795],[5.982,45.795],[5.982,45.781],[5.973,45.77],[5.997,45.761],[5.994,45.748],[6.009,45.751],[6.043,45.739],[6.055,45.751],[6.081,45.74],[6.096,45.743],[6.101,45.732],[6.104,45.762],[6.126,45.75],[6.143,45.762],[6.166,45.756],[6.166,45.749],[6.178,45.747],[6.182,45.733],[6.196,45.732],[6.191,45.696],[6.196,45.693],[6.212,45.701],[6.214,45.709],[6.232,45.703],[6.227,45.682],[6.329,45.693],[6.353,45.733],[6.348,45.737],[6.372,45.754],[6.375,45.766],[6.363,45.769],[6.424,45.802],[6.431,45.82],[6.45,45.837],[6.445,45.845],[6.454,45.855],[6.451,45.861],[6.471,45.885],[6.495,45.89],[6.509,45.909],[6.532,45.897],[6.559,45.893],[6.559,45.886],[6.573,45.878],[6.566,45.871],[6.568,45.862],[6.535,45.861],[6.552,45.827],[6.566,45.816],[6.577,45.817],[6.584,45.801],[6.599,45.792],[6.659,45.8],[6.691,45.771],[6.686,45.755],[6.699,45.745],[6.689,45.728],[6.712,45.723],[6.759,45.768],[6.803,45.778]]]}},{"type":"Feature","properties":{"code":"74","name":"Haute-Savoie","group":"metropole"},"geometry":{"type":"Polygon","coordinates":[[[6.803,45.778],[6.759,45.768],[6.712,45.723],[6.689,45.728],[6.699,45.745],[6.686,45.755],[6.691,45.771],[6.659,45.8],[6.599,45.792],[6.584,45.801],[6.577,45.817],[6.566,45.816],[6.552,45.827],[6.535,45.861],[6.568,45.862],[6.566,45.871],[6.573,45.878],[6.559,45.886],[6.559,45.893],[6.532,45.897],[6.509,45.909],[6.495,45.89],[6.471,45.885],[6.451,45.861],[6.454,45.855],[6.445,45.845],[6.45,45.837],[6.431,45.82],[6.424,45.802],[6.363,45.769],[6.375,45.766],[6.372,45.754],[6.348,45.737],[6.353,45.733],[6.329,45.693],[6.227,45.682],[6.232,45.703],[6.214,45.709],[6.212,45.701],[6.196,45.693],[6.19,45.702],[6.196,45.732],[6.182,45.733],[6.178,45.747],[6.166,45.749],[6.166,45.756],[6.143,45.762],[6.126,45.75],[6.104,45.762],[6.101,45.732],[6.096,45.743],[6.081,45.74],[6.055,45.751],[6.043,45.739],[6.009,45.751],[5.994,45.748],[5.997,45.761],[5.973,45.77],[5.982,45.781],[5.982,45.795],[5.958,45.795],[5.963,45.813],[5.934,45.814],[5.931,45.807],[5.913,45.804],[5.905,45.811],[5.905,45.826],[5.882,45.827],[5.873,45.834],[5.879,45.86],[5.862,45.932],[5.838,45.932],[5.825,45.939],[5.835,45.951],[5.834,45.972],[5.81,45.99],[5.811,46.01],[5.806,46.016],[5.812,46.024],[5.807,46.043],[5.814,46.057],[5.808,46.062],[5.811,46.078],[5.823,46.092],[5.82,46.104],[5.829,46.106],[5.859,46.085],[5.89,46.087],[5.894,46.096],[5.885,46.108],[5.889,46.114],[5.92,46.131],[5.957,46.128],[5.977,46.133],[5.989,46.144],[6.037,46.136],[6.049,46.141],[6.052,46.151],[6.092,46.152],[6.099,46.144],[6.131,46.14],[6.189,46.166],[6.187,46.18],[6.222,46.201],[6.248,46.205],[6.294,46.225],[6.31,46.244],[6.306,46.251],[6.31,46.256],[6.295,46.256],[6.295,46.265],[6.267,46.247],[6.238,46.281],[6.253,46.291],[6.244,46.304],[6.256,46.324],[6.277,46.35],[6.305,46.367],[6.345,46.37],[6.36,46.349],[6.389,46.34],[6.413,46.36],[6.437,46.361],[6.475,46.375],[6.484,46.393],[6.513,46.405],[6.549,46.395],[6.635,46.406],[6.724,46.408],[6.805,46.394],[6.806,46.38],[6.792,46.367],[6.771,46.361],[6.772,46.35],[6.784,46.333],[6.796,46.333],[6.8,46.32],[6.819,46.316],[6.83,46.3],[6.848,46.29],[6.859,46.291],[6.865,46.283],[6.856,46.255],[6.822,46.233],[6.822,46.223],[6.804,46.204],[6.813,46.182],[6.792,46.162],[6.797,46.139],[6.815,46.13],[6.838,46.133],[6.852,46.126],[6.9,46.124],[6.896,46.109],[6.883,46.095],[6.892,46.085],[6.891,46.074],[6.88,46.069],[6.873,46.052],[6.891,46.042],[6.925,46.065],[6.938,46.063],[6.936,46.055],[6.952,46.05],[6.963,46.031],[6.981,46.02],[6.985,46.005],[7.005,46.002],[7.012,45.987],[7.02,45.984],[7.023,45.978],[7.009,45.969],[7.038,45.954],[7.036,45.938],[7.045,45.922],[7.029,45.92],[7.008,45.904],[7.003,45.898],[7.007,45.887],[6.996,45.871],[6.951,45.861],[6.941,45.847],[6.922,45.848],[6.913,45.841],[6.879,45.849],[6.867,45.824],[6.852,45.838],[6.822,45.838],[6.805,45.816],[6.813,45.807],[6.813,45.795],[6.804,45.79],[6.803,45.778]]]}},{"type":"Feature","properties":{"code":"75","name":"Paris","group":"metropole"},"geometry":{"type":"Polygon","coordinates":[[[2.332,48.817],[2.279,48.832],[2.268,48.828],[2.27,48.833],[2.255,48.835],[2.251,48.846],[2.224,48.854],[2.235,48.871],[2.255,48.874],[2.258,48.88],[2.28,48.879],[2.286,48.887],[2.321,48.901],[2.39,48.901],[2.414,48.871],[2.413,48.834],[2.422,48.836],[2.422,48.844],[2.437,48.841],[2.441,48.846],[2.47,48.837],[2.459,48.817],[2.402,48.83],[2.363,48.816],[2.332,48.817]]]}},{"type":"Feature","properties":{"code":"76","name":"Seine-Maritime","group":"metropole"},"geometry":{"type":"Polygon","coordinates":[[[1.382,50.066],[1.409,50.057],[1.424,50.071],[1.449,50.069],[1.459,50.062],[1.456,50.044],[1.449,50.047],[1.455,50.038],[1.471,50.035],[1.491,50.018],[1.516,50.012],[1.527,49.995],[1.573,49.975],[1.603,49.943],[1.678,49.918],[1.692,49.897],[1.713,49.886],[1.713,49.87],[1.721,49.86],[1.717,49.849],[1.726,49.845],[1.725,49.833],[1.737,49.808],[1.747,49.803],[1.758,49.781],[1.772,49.778],[1.785,49.764],[1.785,49.758],[1.775,49.757],[1.75,49.764],[1.739,49.749],[1.745,49.739],[1.723,49.73],[1.713,49.734],[1.714,49.706],[1.706,49.707],[1.69,49.695],[1.705,49.681],[1.715,49.682],[1.724,49.694],[1.74,49.701],[1.751,49.694],[1.752,49.681],[1.723,49.673],[1.722,49.659],[1.699,49.644],[1.717,49.633],[1.722,49.622],[1.694,49.601],[1.708,49.595],[1.709,49.587],[1.722,49.589],[1.72,49.582],[1.691,49.579],[1.7,49.58],[1.698,49.572],[1.714,49.578],[1.73,49.561],[1.723,49.544],[1.748,49.538],[1.736,49.525],[1.741,49.518],[1.716,49.504],[1.74,49.5],[1.745,49.489],[1.758,49.511],[1.772,49.513],[1.789,49.505],[1.791,49.498],[1.789,49.49],[1.772,49.485],[1.776,49.471],[1.748,49.459],[1.752,49.454],[1.736,49.448],[1.734,49.441],[1.724,49.44],[1.729,49.437],[1.723,49.435],[1.724,49.422],[1.716,49.41],[1.707,49.406],[1.705,49.411],[1.694,49.395],[1.681,49.406],[1.668,49.407],[1.656,49.399],[1.625,49.416],[1.604,49.412],[1.576,49.44],[1.547,49.441],[1.537,49.43],[1.53,49.442],[1.504,49.438],[1.477,49.451],[1.4,49.457],[1.393,49.449],[1.384,49.449],[1.391,49.461],[1.387,49.463],[1.368,49.45],[1.345,49.448],[1.341,49.443],[1.351,49.438],[1.337,49.439],[1.337,49.428],[1.31,49.429],[1.314,49.415],[1.308,49.395],[1.293,49.395],[1.292,49.388],[1.285,49.388],[1.29,49.376],[1.282,49.357],[1.272,49.357],[1.272,49.346],[1.205,49.352],[1.199,49.351],[1.204,49.337],[1.185,49.338],[1.188,49.341],[1.18,49.344],[1.169,49.336],[1.16,49.342],[1.135,49.325],[1.134,49.31],[1.081,49.309],[1.048,49.298],[1.069,49.276],[1.052,49.273],[1.065,49.263],[1.063,49.259],[1.033,49.261],[1.002,49.251],[0.992,49.258],[1.007,49.265],[0.985,49.261],[0.986,49.27],[0.976,49.272],[0.975,49.279],[0.958,49.271],[0.949,49.279],[0.966,49.286],[0.958,49.289],[0.963,49.295],[0.95,49.297],[0.94,49.323],[0.907,49.308],[0.91,49.299],[0.902,49.298],[0.893,49.301],[0.898,49.317],[0.892,49.314],[0.855,49.327],[0.845,49.324],[0.842,49.329],[0.853,49.331],[0.848,49.336],[0.86,49.346],[0.871,49.342],[0.882,49.348],[0.921,49.338],[0.931,49.343],[0.921,49.352],[0.918,49.385],[0.896,49.38],[0.893,49.372],[0.879,49.373],[0.886,49.388],[0.874,49.391],[0.878,49.396],[0.845,49.392],[0.821,49.397],[0.812,49.403],[0.803,49.427],[0.805,49.412],[0.798,49.418],[0.783,49.411],[0.765,49.42],[0.738,49.408],[0.708,49.411],[0.705,49.402],[0.69,49.407],[0.664,49.402],[0.649,49.409],[0.66,49.416],[0.652,49.422],[0.644,49.415],[0.64,49.419],[0.645,49.426],[0.63,49.422],[0.636,49.437],[0.646,49.44],[0.643,49.444],[0.612,49.429],[0.588,49.431],[0.525,49.478],[0.503,49.485],[0.404,49.451],[0.339,49.441],[0.339,49.45],[0.272,49.453],[0.272,49.442],[0.263,49.449],[0.173,49.453],[0.121,49.463],[0.09,49.483],[0.092,49.498],[0.067,49.51],[0.067,49.521],[0.082,49.547],[0.15,49.639],[0.155,49.649],[0.15,49.654],[0.164,49.686],[0.206,49.714],[0.244,49.721],[0.286,49.738],[0.324,49.742],[0.355,49.755],[0.367,49.768],[0.424,49.784],[0.584,49.853],[0.71,49.873],[0.718,49.869],[0.782,49.874],[0.833,49.89],[0.924,49.905],[0.959,49.92],[1.023,49.916],[1.09,49.937],[1.107,49.937],[1.202,49.971],[1.204,49.98],[1.237,49.99],[1.332,50.047],[1.382,50.066]]]}},{"type":"Feature","properties":{"code":"77","name":"Seine-et-Marne","group":"metropole"},"geometry":{"type":"Polygon","coordinates":[[[2.572,48.692],[2.582,48.697],[2.57,48.703],[2.569,48.711],[2.595,48.732],[2.585,48.742],[2.6,48.751],[2.598,48.761],[2.616,48.762],[2.607,48.774],[2.587,48.774],[2.6,48.795],[2.592,48.8],[2.596,48.806],[2.592,48.828],[2.587,48.826],[2.574,48.853],[2.588,48.864],[2.568,48.866],[2.571,48.88],[2.559,48.886],[2.587,48.894],[2.589,48.921],[2.603,48.929],[2.603,48.938],[2.596,48.939],[2.59,48.953],[2.562,48.979],[2.579,48.979],[2.581,48.986],[2.576,49.0],[2.564,49.007],[2.569,49.011],[2.541,49.012],[2.534,49.019],[2.535,49.024],[2.566,49.029],[2.577,49.046],[2.594,49.047],[2.586,49.058],[2.574,49.054],[2.571,49.061],[2.591,49.08],[2.61,49.095],[2.623,49.096],[2.633,49.108],[2.641,49.099],[2.65,49.101],[2.673,49.091],[2.695,49.075],[2.69,49.068],[2.698,49.064],[2.724,49.08],[2.735,49.06],[2.778,49.07],[2.787,49.075],[2.768,49.083],[2.789,49.083],[2.784,49.089],[2.809,49.098],[2.82,49.087],[2.845,49.085],[2.855,49.07],[2.895,49.077],[2.902,49.085],[2.941,49.077],[2.946,49.088],[2.957,49.085],[2.965,49.091],[2.971,49.089],[2.975,49.074],[2.987,49.071],[2.991,49.084],[3.001,49.09],[3.006,49.086],[3.009,49.092],[3.065,49.085],[3.056,49.1],[3.072,49.118],[3.081,49.112],[3.165,49.1],[3.154,49.083],[3.177,49.07],[3.182,49.052],[3.191,49.051],[3.18,49.044],[3.177,49.031],[3.161,49.024],[3.167,49.012],[3.197,49.009],[3.209,48.994],[3.229,48.988],[3.231,48.977],[3.252,48.972],[3.265,48.939],[3.305,48.949],[3.313,48.921],[3.33,48.909],[3.361,48.918],[3.368,48.928],[3.377,48.91],[3.369,48.894],[3.384,48.889],[3.381,48.872],[3.406,48.876],[3.4,48.868],[3.404,48.864],[3.424,48.867],[3.446,48.86],[3.452,48.855],[3.445,48.843],[3.461,48.839],[3.47,48.851],[3.485,48.852],[3.491,48.835],[3.487,48.815],[3.481,48.812],[3.47,48.821],[3.448,48.811],[3.417,48.818],[3.404,48.809],[3.423,48.801],[3.442,48.804],[3.444,48.791],[3.442,48.782],[3.429,48.779],[3.409,48.784],[3.396,48.759],[3.409,48.752],[3.429,48.758],[3.444,48.737],[3.47,48.738],[3.464,48.707],[3.478,48.698],[3.473,48.698],[3.472,48.686],[3.443,48.673],[3.446,48.667],[3.441,48.664],[3.46,48.653],[3.451,48.635],[3.477,48.637],[3.493,48.648],[3.518,48.643],[3.533,48.647],[3.517,48.637],[3.519,48.633],[3.538,48.632],[3.559,48.617],[3.503,48.605],[3.516,48.59],[3.493,48.59],[3.485,48.58],[3.473,48.577],[3.466,48.57],[3.474,48.564],[3.476,48.552],[3.486,48.547],[3.479,48.546],[3.482,48.541],[3.457,48.53],[3.423,48.534],[3.405,48.528],[3.424,48.515],[3.435,48.498],[3.435,48.49],[3.405,48.489],[3.383,48.479],[3.4,48.468],[3.394,48.463],[3.406,48.452],[3.405,48.439],[3.395,48.437],[3.392,48.423],[3.412,48.421],[3.402,48.415],[3.422,48.416],[3.415,48.39],[3.375,48.399],[3.367,48.394],[3.365,48.372],[3.356,48.371],[3.357,48.378],[3.351,48.379],[3.335,48.37],[3.312,48.377],[3.305,48.373],[3.283,48.382],[3.268,48.378],[3.254,48.365],[3.224,48.37],[3.2,48.364],[3.172,48.378],[3.167,48.371],[3.147,48.366],[3.14,48.373],[3.117,48.367],[3.103,48.35],[3.099,48.358],[3.05,48.36],[3.037,48.343],[3.044,48.33],[3.028,48.322],[3.015,48.306],[3.027,48.303],[3.019,48.295],[3.03,48.286],[3.025,48.276],[3.045,48.272],[3.048,48.25],[3.031,48.249],[3.005,48.207],[2.973,48.206],[2.971,48.195],[2.937,48.183],[2.936,48.163],[2.867,48.156],[2.85,48.141],[2.821,48.13],[2.801,48.131],[2.798,48.151],[2.811,48.164],[2.794,48.169],[2.755,48.16],[2.736,48.166],[2.754,48.153],[2.755,48.146],[2.72,48.137],[2.705,48.123],[2.677,48.126],[2.665,48.121],[2.64,48.139],[2.575,48.131],[2.571,48.141],[2.558,48.142],[2.538,48.14],[2.522,48.125],[2.476,48.13],[2.454,48.122],[2.444,48.124],[2.444,48.131],[2.475,48.149],[2.483,48.165],[2.506,48.156],[2.517,48.166],[2.507,48.18],[2.518,48.19],[2.513,48.193],[2.523,48.195],[2.514,48.214],[2.518,48.228],[2.507,48.226],[2.506,48.239],[2.484,48.239],[2.469,48.255],[2.45,48.25],[2.424,48.26],[2.418,48.272],[2.423,48.295],[2.394,48.327],[2.393,48.336],[2.434,48.335],[2.429,48.347],[2.444,48.357],[2.43,48.362],[2.451,48.367],[2.451,48.375],[2.485,48.383],[2.474,48.39],[2.483,48.397],[2.503,48.393],[2.522,48.405],[2.547,48.402],[2.517,48.427],[2.505,48.43],[2.507,48.438],[2.5,48.441],[2.507,48.446],[2.498,48.457],[2.506,48.461],[2.502,48.485],[2.51,48.488],[2.515,48.506],[2.509,48.508],[2.509,48.517],[2.498,48.517],[2.497,48.525],[2.511,48.543],[2.499,48.545],[2.52,48.563],[2.519,48.57],[2.531,48.571],[2.522,48.573],[2.518,48.584],[2.541,48.594],[2.544,48.604],[2.541,48.611],[2.526,48.613],[2.527,48.621],[2.516,48.629],[2.542,48.633],[2.542,48.646],[2.548,48.65],[2.534,48.657],[2.545,48.671],[2.557,48.676],[2.568,48.667],[2.571,48.675],[2.586,48.679],[2.582,48.69],[2.572,48.692]]]}},{"type":"Feature","properties":{"code":"78","name":"Yvelines","group":"metropole"},"geometry":{"type":"Polygon","coordinates":[[[1.609,49.078],[1.614,49.071],[1.643,49.081],[1.673,49.079],[1.697,49.066],[1.695,49.056],[1.723,49.045],[1.732,49.05],[1.751,49.048],[1.757,49.058],[1.753,49.06],[1.76,49.063],[1.794,49.058],[1.8,49.065],[1.797,49.072],[1.829,49.076],[1.845,49.062],[1.865,49.057],[1.851,49.033],[1.859,49.032],[1.865,49.022],[1.862,49.014],[1.882,49.02],[1.883,49.034],[1.909,49.048],[1.938,49.022],[1.948,49.027],[1.974,49.019],[1.993,49.021],[2.024,48.998],[2.064,49.008],[2.075,49.002],[2.085,49.015],[2.11,49.009],[2.121,49.018],[2.127,49.012],[2.121,48.993],[2.166,48.982],[2.179,48.966],[2.173,48.953],[2.206,48.95],[2.206,48.94],[2.199,48.935],[2.204,48.914],[2.168,48.895],[2.149,48.87],[2.157,48.87],[2.15,48.858],[2.16,48.848],[2.151,48.848],[2.146,48.836],[2.152,48.817],[2.177,48.814],[2.187,48.801],[2.183,48.797],[2.21,48.794],[2.209,48.788],[2.227,48.782],[2.229,48.77],[2.191,48.775],[2.186,48.773],[2.192,48.769],[2.191,48.755],[2.173,48.758],[2.161,48.75],[2.151,48.755],[2.135,48.737],[2.119,48.742],[2.103,48.738],[2.099,48.734],[2.112,48.723],[2.097,48.703],[2.098,48.694],[2.089,48.698],[2.082,48.685],[2.046,48.688],[2.042,48.68],[2.034,48.679],[2.028,48.657],[2.011,48.66],[2.01,48.648],[2.019,48.645],[2.016,48.641],[2.038,48.641],[2.035,48.632],[2.061,48.616],[2.055,48.608],[2.034,48.605],[2.036,48.589],[2.016,48.569],[2.018,48.558],[1.979,48.554],[1.964,48.561],[1.936,48.561],[1.934,48.547],[1.969,48.532],[1.968,48.537],[1.977,48.536],[1.979,48.526],[1.963,48.528],[1.946,48.518],[1.947,48.51],[1.934,48.496],[1.933,48.48],[1.915,48.474],[1.916,48.463],[1.923,48.46],[1.921,48.448],[1.912,48.448],[1.904,48.439],[1.845,48.446],[1.837,48.467],[1.801,48.466],[1.803,48.473],[1.792,48.481],[1.795,48.486],[1.786,48.49],[1.791,48.497],[1.783,48.5],[1.776,48.514],[1.787,48.554],[1.768,48.559],[1.757,48.575],[1.737,48.572],[1.709,48.578],[1.702,48.585],[1.719,48.606],[1.715,48.615],[1.687,48.611],[1.682,48.616],[1.691,48.617],[1.685,48.62],[1.666,48.614],[1.655,48.623],[1.658,48.628],[1.649,48.639],[1.638,48.645],[1.643,48.651],[1.621,48.65],[1.603,48.662],[1.612,48.689],[1.582,48.696],[1.585,48.699],[1.577,48.703],[1.592,48.708],[1.588,48.711],[1.627,48.748],[1.608,48.761],[1.581,48.766],[1.588,48.774],[1.577,48.783],[1.577,48.805],[1.591,48.815],[1.579,48.829],[1.598,48.839],[1.577,48.844],[1.584,48.861],[1.555,48.865],[1.546,48.872],[1.564,48.891],[1.539,48.905],[1.545,48.913],[1.538,48.923],[1.514,48.922],[1.507,48.928],[1.512,48.934],[1.502,48.941],[1.511,48.954],[1.501,48.953],[1.492,48.964],[1.518,48.978],[1.508,48.984],[1.471,48.975],[1.461,48.986],[1.472,48.99],[1.48,49.008],[1.474,49.01],[1.475,49.018],[1.458,49.026],[1.458,49.035],[1.446,49.046],[1.453,49.051],[1.447,49.054],[1.462,49.064],[1.486,49.051],[1.503,49.059],[1.514,49.079],[1.506,49.085],[1.516,49.081],[1.521,49.068],[1.541,49.074],[1.558,49.069],[1.603,49.085],[1.609,49.078]]]}},{"type":"Feature","properties":{"code":"79","name":"Deux-Sèvres","group":"metropole"},"geometry":{"type":"Polygon","coordinates":[[[-0.892,46.976],[-0.858,46.969],[-0.849,46.974],[-0.857,46.979],[-0.844,46.989],[-0.839,46.985],[-0.811,46.994],[-0.808,46.988],[-0.809,46.993],[-0.788,47.005],[-0.769,47.003],[-0.762,46.992],[-0.743,46.992],[-0.743,47.001],[-0.716,46.984],[-0.698,46.995],[-0.68,46.988],[-0.671,47.003],[-0.648,46.997],[-0.647,46.992],[-0.595,46.998],[-0.58,47.015],[-0.565,47.019],[-0.562,47.031],[-0.543,47.032],[-0.556,47.043],[-0.554,47.058],[-0.56,47.062],[-0.494,47.083],[-0.46,47.082],[-0.464,47.074],[-0.486,47.065],[-0.476,47.054],[-0.464,47.068],[-0.426,47.073],[-0.409,47.066],[-0.401,47.071],[-0.396,47.092],[-0.387,47.092],[-0.386,47.087],[-0.353,47.095],[-0.341,47.092],[-0.341,47.087],[-0.283,47.103],[-0.281,47.099],[-0.263,47.105],[-0.263,47.099],[-0.246,47.106],[-0.206,47.093],[-0.187,47.101],[-0.185,47.108],[-0.156,47.101],[-0.141,47.104],[-0.146,47.091],[-0.179,47.07],[-0.166,47.065],[-0.147,47.07],[-0.129,47.054],[-0.102,47.065],[-0.088,47.023],[-0.077,47.009],[-0.094,47.013],[-0.086,46.985],[-0.058,46.995],[-0.039,46.99],[-0.034,46.983],[-0.046,46.962],[-0.022,46.938],[-0.009,46.907],[-0.036,46.875],[-0.005,46.87],[0.01,46.858],[0.034,46.854],[0.017,46.835],[-0.012,46.848],[-0.034,46.832],[-0.046,46.832],[-0.044,46.824],[-0.05,46.821],[-0.02,46.813],[-0.007,46.822],[0.008,46.814],[-0.026,46.789],[-0.017,46.781],[-0.023,46.769],[-0.013,46.754],[-0.001,46.762],[0.038,46.732],[-0.002,46.716],[0.003,46.7],[-0.021,46.693],[-0.007,46.683],[-0.04,46.664],[-0.033,46.663],[-0.033,46.65],[-0.054,46.643],[-0.068,46.63],[-0.066,46.623],[-0.03,46.627],[-0.019,46.639],[0.001,46.643],[-0.013,46.615],[0.001,46.611],[0.023,46.615],[0.023,46.595],[0.043,46.591],[-0.007,46.569],[-0.011,46.553],[0.008,46.545],[-0.007,46.523],[-0.031,46.525],[-0.03,46.51],[-0.041,46.493],[-0.03,46.486],[-0.047,46.483],[-0.038,46.481],[-0.043,46.481],[-0.042,46.47],[-0.016,46.475],[-0.01,46.468],[-0.019,46.453],[-0.01,46.45],[-0.015,46.436],[-0.011,46.423],[-0.02,46.42],[-0.017,46.411],[-0.023,46.401],[-0.008,46.404],[-0.012,46.399],[-0.005,46.396],[-0.008,46.389],[0.015,46.392],[0.023,46.377],[0.034,46.373],[0.014,46.353],[0.037,46.346],[0.021,46.342],[0.015,46.326],[0.031,46.33],[0.078,46.305],[0.098,46.321],[0.094,46.324],[0.098,46.331],[0.127,46.349],[0.154,46.345],[0.177,46.33],[0.165,46.318],[0.169,46.307],[0.152,46.303],[0.171,46.284],[0.168,46.27],[0.129,46.267],[0.144,46.229],[0.13,46.227],[0.113,46.212],[0.108,46.186],[0.139,46.181],[0.155,46.157],[0.172,46.156],[0.18,46.149],[0.193,46.152],[0.195,46.16],[0.22,46.158],[0.216,46.139],[0.197,46.129],[0.205,46.124],[0.188,46.111],[0.197,46.096],[0.17,46.081],[0.136,46.104],[0.116,46.096],[0.097,46.106],[0.097,46.089],[0.066,46.091],[0.051,46.079],[0.063,46.073],[0.038,46.07],[0.019,46.053],[0.005,46.059],[-0.04,46.053],[-0.038,46.044],[-0.021,46.029],[-0.044,46.021],[-0.048,46.004],[-0.057,45.999],[-0.041,45.999],[-0.038,45.992],[-0.044,45.995],[-0.043,45.99],[-0.058,45.987],[-0.062,45.98],[-0.106,45.97],[-0.137,45.979],[-0.132,45.984],[-0.139,45.999],[-0.165,46.011],[-0.163,46.022],[-0.172,46.023],[-0.16,46.037],[-0.189,46.026],[-0.191,46.044],[-0.197,46.045],[-0.193,46.054],[-0.213,46.044],[-0.273,46.057],[-0.28,46.079],[-0.292,46.087],[-0.304,46.078],[-0.331,46.083],[-0.363,46.076],[-0.359,46.083],[-0.386,46.098],[-0.401,46.084],[-0.423,46.094],[-0.422,46.113],[-0.44,46.105],[-0.44,46.095],[-0.452,46.103],[-0.506,46.107],[-0.516,46.112],[-0.51,46.118],[-0.519,46.124],[-0.512,46.13],[-0.529,46.13],[-0.527,46.136],[-0.533,46.14],[-0.579,46.148],[-0.583,46.14],[-0.6,46.144],[-0.619,46.137],[-0.634,46.148],[-0.624,46.154],[-0.607,46.153],[-0.601,46.156],[-0.605,46.159],[-0.648,46.166],[-0.67,46.185],[-0.691,46.18],[-0.696,46.186],[-0.688,46.191],[-0.698,46.192],[-0.68,46.197],[-0.688,46.217],[-0.753,46.248],[-0.755,46.253],[-0.735,46.268],[-0.755,46.302],[-0.722,46.302],[-0.716,46.306],[-0.723,46.31],[-0.72,46.315],[-0.698,46.325],[-0.672,46.316],[-0.648,46.317],[-0.636,46.325],[-0.637,46.338],[-0.628,46.336],[-0.605,46.347],[-0.603,46.361],[-0.577,46.355],[-0.562,46.36],[-0.538,46.386],[-0.61,46.414],[-0.621,46.39],[-0.641,46.397],[-0.629,46.404],[-0.641,46.416],[-0.637,46.432],[-0.618,46.44],[-0.619,46.455],[-0.614,46.449],[-0.608,46.455],[-0.619,46.476],[-0.631,46.479],[-0.625,46.497],[-0.646,46.511],[-0.637,46.519],[-0.642,46.525],[-0.627,46.53],[-0.608,46.526],[-0.602,46.533],[-0.607,46.564],[-0.618,46.562],[-0.618,46.572],[-0.625,46.575],[-0.612,46.588],[-0.621,46.593],[-0.614,46.599],[-0.626,46.605],[-0.614,46.622],[-0.634,46.637],[-0.659,46.636],[-0.649,46.645],[-0.649,46.656],[-0.637,46.663],[-0.681,46.687],[-0.656,46.701],[-0.678,46.726],[-0.696,46.73],[-0.696,46.737],[-0.703,46.735],[-0.694,46.744],[-0.698,46.752],[-0.716,46.752],[-0.72,46.764],[-0.727,46.766],[-0.718,46.801],[-0.699,46.811],[-0.71,46.822],[-0.733,46.822],[-0.738,46.829],[-0.767,46.834],[-0.816,46.881],[-0.829,46.883],[-0.817,46.904],[-0.821,46.911],[-0.807,46.92],[-0.821,46.918],[-0.829,46.933],[-0.841,46.929],[-0.848,46.941],[-0.858,46.934],[-0.849,46.946],[-0.881,46.946],[-0.884,46.951],[-0.875,46.954],[-0.861,46.949],[-0.866,46.952],[-0.863,46.957],[-0.869,46.956],[-0.864,46.962],[-0.879,46.956],[-0.883,46.964],[-0.877,46.969],[-0.902,46.967],[-0.892,46.976]]]}},{"type":"Feature","properties":{"code":"80","name":"Somme","group":"metropole"},"geometry":{"type":"Polygon","coordinates":[[[1.382,50.066],[1.453,50.108],[1.483,50.172],[1.512,50.202],[1.527,50.208],[1.565,50.217],[1.56,50.211],[1.574,50.196],[1.596,50.185],[1.627,50.19],[1.644,50.185],[1.646,50.178],[1.647,50.183],[1.673,50.175],[1.684,50.183],[1.671,50.194],[1.663,50.214],[1.623,50.214],[1.594,50.244],[1.592,50.256],[1.549,50.26],[1.538,50.283],[1.556,50.361],[1.613,50.36],[1.626,50.366],[1.645,50.35],[1.645,50.339],[1.663,50.338],[1.665,50.33],[1.691,50.339],[1.69,50.344],[1.695,50.339],[1.728,50.346],[1.762,50.362],[1.786,50.362],[1.852,50.343],[1.858,50.336],[1.873,50.334],[1.872,50.325],[1.881,50.318],[1.899,50.318],[1.91,50.311],[1.919,50.312],[1.938,50.33],[1.954,50.329],[1.964,50.322],[1.962,50.312],[1.931,50.299],[1.952,50.285],[1.961,50.29],[2.011,50.267],[2.026,50.27],[2.048,50.257],[2.076,50.252],[2.064,50.234],[2.085,50.217],[2.083,50.204],[2.088,50.2],[2.095,50.208],[2.115,50.203],[2.121,50.211],[2.129,50.21],[2.15,50.19],[2.174,50.209],[2.192,50.209],[2.213,50.218],[2.226,50.214],[2.225,50.208],[2.246,50.211],[2.27,50.229],[2.299,50.212],[2.32,50.22],[2.328,50.213],[2.332,50.222],[2.315,50.235],[2.333,50.238],[2.36,50.215],[2.355,50.208],[2.359,50.206],[2.371,50.209],[2.382,50.226],[2.391,50.224],[2.403,50.234],[2.417,50.228],[2.451,50.231],[2.467,50.212],[2.485,50.208],[2.496,50.195],[2.451,50.179],[2.42,50.176],[2.413,50.162],[2.403,50.165],[2.399,50.156],[2.389,50.155],[2.393,50.147],[2.382,50.139],[2.387,50.135],[2.375,50.109],[2.39,50.106],[2.392,50.112],[2.403,50.106],[2.4,50.102],[2.415,50.101],[2.419,50.088],[2.43,50.088],[2.455,50.131],[2.515,50.141],[2.533,50.114],[2.548,50.123],[2.546,50.135],[2.557,50.143],[2.568,50.136],[2.587,50.137],[2.569,50.121],[2.576,50.113],[2.591,50.112],[2.593,50.107],[2.62,50.111],[2.639,50.097],[2.648,50.094],[2.66,50.1],[2.691,50.093],[2.705,50.081],[2.719,50.088],[2.696,50.103],[2.714,50.11],[2.707,50.126],[2.717,50.128],[2.75,50.112],[2.777,50.116],[2.78,50.111],[2.782,50.091],[2.759,50.068],[2.764,50.061],[2.743,50.048],[2.753,50.039],[2.775,50.042],[2.786,50.051],[2.789,50.045],[2.805,50.061],[2.812,50.058],[2.822,50.068],[2.834,50.064],[2.834,50.072],[2.848,50.078],[2.858,50.077],[2.855,50.062],[2.864,50.061],[2.878,50.042],[2.864,50.032],[2.85,50.031],[2.864,50.02],[2.878,50.021],[2.875,50.027],[2.896,50.037],[2.916,50.035],[2.921,50.049],[2.933,50.043],[2.945,50.054],[2.969,50.048],[2.969,50.042],[3.014,50.059],[3.074,50.045],[3.09,50.054],[3.09,50.047],[3.116,50.038],[3.119,50.026],[3.15,50.027],[3.147,50.018],[3.167,50.021],[3.173,50.011],[3.156,49.992],[3.168,49.995],[3.167,49.988],[3.203,49.984],[3.163,49.965],[3.168,49.961],[3.159,49.952],[3.165,49.947],[3.136,49.936],[3.138,49.932],[3.123,49.924],[3.121,49.909],[3.116,49.908],[3.124,49.901],[3.117,49.896],[3.12,49.884],[3.113,49.878],[3.088,49.866],[3.083,49.866],[3.085,49.879],[3.07,49.873],[3.08,49.866],[3.086,49.844],[3.055,49.832],[3.061,49.82],[3.085,49.818],[3.078,49.813],[3.088,49.803],[3.086,49.792],[3.061,49.781],[3.071,49.767],[3.1,49.766],[3.094,49.749],[3.1,49.733],[3.114,49.727],[3.121,49.706],[3.096,49.705],[3.084,49.691],[3.078,49.693],[3.083,49.712],[3.052,49.714],[3.059,49.702],[3.055,49.694],[3.041,49.697],[3.029,49.68],[3.016,49.685],[3.015,49.693],[3.006,49.693],[3.005,49.703],[2.977,49.705],[2.973,49.697],[2.948,49.694],[2.948,49.683],[2.956,49.678],[2.955,49.665],[2.949,49.676],[2.94,49.68],[2.933,49.676],[2.938,49.681],[2.925,49.683],[2.93,49.688],[2.913,49.71],[2.905,49.699],[2.894,49.699],[2.882,49.714],[2.885,49.71],[2.866,49.702],[2.888,49.687],[2.889,49.671],[2.874,49.686],[2.861,49.685],[2.857,49.683],[2.862,49.679],[2.846,49.671],[2.846,49.659],[2.797,49.661],[2.789,49.64],[2.799,49.621],[2.787,49.612],[2.739,49.627],[2.72,49.621],[2.688,49.625],[2.688,49.614],[2.668,49.598],[2.673,49.595],[2.67,49.581],[2.65,49.572],[2.627,49.584],[2.633,49.599],[2.623,49.606],[2.626,49.611],[2.597,49.612],[2.584,49.608],[2.587,49.604],[2.578,49.596],[2.571,49.597],[2.559,49.606],[2.566,49.619],[2.541,49.616],[2.541,49.625],[2.521,49.628],[2.506,49.639],[2.478,49.621],[2.464,49.627],[2.474,49.632],[2.468,49.637],[2.454,49.636],[2.446,49.653],[2.413,49.663],[2.371,49.656],[2.362,49.667],[2.351,49.663],[2.335,49.67],[2.335,49.679],[2.317,49.688],[2.302,49.681],[2.247,49.702],[2.151,49.702],[2.131,49.689],[2.103,49.695],[2.081,49.693],[2.065,49.683],[2.05,49.687],[2.064,49.688],[2.058,49.691],[2.059,49.698],[2.047,49.697],[2.046,49.703],[2.034,49.705],[2.035,49.711],[1.978,49.71],[1.971,49.72],[1.949,49.701],[1.935,49.72],[1.894,49.699],[1.849,49.702],[1.837,49.71],[1.842,49.713],[1.838,49.718],[1.823,49.718],[1.821,49.723],[1.84,49.731],[1.839,49.739],[1.82,49.739],[1.809,49.754],[1.794,49.75],[1.772,49.778],[1.758,49.781],[1.747,49.803],[1.734,49.813],[1.726,49.845],[1.717,49.849],[1.721,49.86],[1.713,49.87],[1.713,49.886],[1.692,49.897],[1.678,49.918],[1.603,49.943],[1.573,49.975],[1.527,49.995],[1.516,50.012],[1.491,50.018],[1.471,50.035],[1.455,50.038],[1.449,50.047],[1.456,50.044],[1.459,50.062],[1.449,50.069],[1.424,50.071],[1.409,50.057],[1.382,50.066]]]}},{"type":"Feature","properties":{"code":"81","name":"Tarn","group":"metropole"},"geometry":{"type":"Polygon","coordinates":[[[1.99,44.149],[2.03,44.157],[2.027,44.168],[2.059,44.172],[2.052,44.189],[2.069,44.19],[2.077,44.18],[2.094,44.189],[2.098,44.183],[2.094,44.174],[2.107,44.181],[2.106,44.194],[2.149,44.201],[2.151,44.191],[2.162,44.187],[2.155,44.18],[2.181,44.179],[2.18,44.171],[2.192,44.162],[2.206,44.171],[2.236,44.164],[2.237,44.157],[2.214,44.152],[2.214,44.146],[2.198,44.143],[2.193,44.149],[2.182,44.139],[2.24,44.134],[2.277,44.147],[2.298,44.138],[2.288,44.122],[2.308,44.118],[2.332,44.123],[2.341,44.11],[2.359,44.101],[2.389,44.095],[2.412,44.07],[2.41,44.056],[2.46,44.051],[2.463,44.034],[2.492,44.019],[2.494,43.996],[2.501,43.987],[2.523,43.981],[2.519,43.958],[2.501,43.953],[2.499,43.945],[2.508,43.948],[2.509,43.942],[2.533,43.937],[2.538,43.925],[2.546,43.929],[2.544,43.925],[2.554,43.925],[2.55,43.892],[2.58,43.879],[2.565,43.868],[2.562,43.844],[2.575,43.838],[2.588,43.819],[2.6,43.817],[2.629,43.78],[2.682,43.744],[2.712,43.743],[2.738,43.729],[2.781,43.737],[2.789,43.753],[2.814,43.762],[2.824,43.762],[2.835,43.751],[2.862,43.748],[2.87,43.739],[2.912,43.74],[2.922,43.735],[2.918,43.731],[2.924,43.725],[2.925,43.706],[2.937,43.697],[2.919,43.688],[2.92,43.662],[2.907,43.654],[2.879,43.657],[2.874,43.645],[2.847,43.646],[2.828,43.637],[2.814,43.641],[2.795,43.624],[2.782,43.626],[2.755,43.614],[2.723,43.644],[2.685,43.654],[2.652,43.649],[2.652,43.658],[2.645,43.66],[2.635,43.625],[2.626,43.618],[2.629,43.61],[2.615,43.6],[2.632,43.584],[2.616,43.566],[2.676,43.513],[2.659,43.517],[2.655,43.497],[2.656,43.482],[2.668,43.47],[2.666,43.462],[2.638,43.467],[2.645,43.458],[2.618,43.438],[2.604,43.44],[2.606,43.431],[2.597,43.433],[2.581,43.423],[2.519,43.424],[2.49,43.438],[2.452,43.432],[2.429,43.436],[2.397,43.417],[2.311,43.442],[2.306,43.448],[2.282,43.441],[2.258,43.46],[2.253,43.45],[2.223,43.432],[2.223,43.416],[2.23,43.405],[2.214,43.383],[2.186,43.395],[2.17,43.417],[2.157,43.416],[2.128,43.399],[2.073,43.396],[2.066,43.405],[2.072,43.406],[2.053,43.43],[2.029,43.437],[2.014,43.449],[2.022,43.475],[2.039,43.477],[2.048,43.486],[2.041,43.513],[2.038,43.499],[2.016,43.509],[2.016,43.488],[2.009,43.48],[1.995,43.483],[1.99,43.477],[1.968,43.491],[1.953,43.49],[1.883,43.518],[1.88,43.53],[1.871,43.534],[1.88,43.54],[1.851,43.549],[1.849,43.568],[1.84,43.578],[1.787,43.584],[1.767,43.603],[1.745,43.603],[1.721,43.618],[1.708,43.623],[1.704,43.618],[1.688,43.628],[1.7,43.649],[1.731,43.657],[1.729,43.669],[1.72,43.675],[1.721,43.688],[1.664,43.694],[1.661,43.706],[1.682,43.701],[1.685,43.708],[1.702,43.709],[1.706,43.716],[1.693,43.73],[1.65,43.752],[1.656,43.768],[1.652,43.776],[1.641,43.779],[1.65,43.795],[1.645,43.8],[1.63,43.799],[1.59,43.815],[1.593,43.826],[1.587,43.833],[1.593,43.843],[1.573,43.849],[1.555,43.868],[1.564,43.872],[1.556,43.875],[1.562,43.879],[1.547,43.9],[1.556,43.918],[1.574,43.919],[1.571,43.929],[1.578,43.939],[1.541,43.945],[1.535,43.96],[1.55,43.955],[1.552,43.963],[1.576,43.965],[1.619,43.959],[1.621,43.98],[1.632,43.991],[1.659,43.997],[1.65,44.012],[1.671,44.011],[1.668,44.017],[1.692,44.022],[1.704,44.044],[1.692,44.063],[1.675,44.067],[1.673,44.059],[1.661,44.071],[1.67,44.088],[1.653,44.096],[1.659,44.117],[1.687,44.111],[1.706,44.117],[1.746,44.117],[1.751,44.109],[1.764,44.108],[1.77,44.098],[1.789,44.098],[1.794,44.102],[1.787,44.109],[1.807,44.126],[1.837,44.105],[1.841,44.114],[1.829,44.133],[1.837,44.144],[1.848,44.135],[1.861,44.144],[1.885,44.137],[1.893,44.143],[1.907,44.13],[1.919,44.141],[1.894,44.153],[1.901,44.161],[1.92,44.163],[1.944,44.146],[1.953,44.151],[1.975,44.144],[1.983,44.157],[1.99,44.149]]]}},{"type":"Feature","properties":{"code":"82","name":"Tarn-et-Garonne","group":"metropole"},"geometry":{"type":"Polygon","coordinates":[[[1.064,44.379],[1.104,44.392],[1.137,44.392],[1.132,44.389],[1.133,44.371],[1.107,44.37],[1.105,44.364],[1.089,44.371],[1.092,44.36],[1.081,44.354],[1.115,44.338],[1.108,44.327],[1.122,44.316],[1.136,44.317],[1.151,44.307],[1.163,44.31],[1.168,44.303],[1.179,44.311],[1.18,44.289],[1.197,44.28],[1.205,44.282],[1.214,44.268],[1.223,44.28],[1.239,44.276],[1.247,44.266],[1.253,44.283],[1.271,44.281],[1.283,44.291],[1.303,44.294],[1.302,44.28],[1.293,44.273],[1.304,44.269],[1.305,44.262],[1.284,44.253],[1.282,44.236],[1.307,44.227],[1.318,44.233],[1.326,44.225],[1.329,44.231],[1.336,44.229],[1.358,44.203],[1.381,44.226],[1.454,44.254],[1.453,44.267],[1.465,44.269],[1.472,44.287],[1.487,44.278],[1.483,44.274],[1.509,44.274],[1.526,44.26],[1.518,44.25],[1.541,44.227],[1.555,44.234],[1.575,44.234],[1.575,44.242],[1.587,44.249],[1.577,44.27],[1.561,44.279],[1.578,44.284],[1.569,44.299],[1.573,44.302],[1.595,44.303],[1.605,44.295],[1.617,44.298],[1.614,44.28],[1.635,44.269],[1.643,44.271],[1.652,44.287],[1.632,44.294],[1.634,44.299],[1.651,44.297],[1.659,44.283],[1.663,44.293],[1.668,44.289],[1.671,44.298],[1.702,44.315],[1.737,44.318],[1.737,44.327],[1.755,44.326],[1.774,44.312],[1.776,44.318],[1.785,44.317],[1.789,44.323],[1.783,44.328],[1.79,44.326],[1.794,44.335],[1.806,44.337],[1.826,44.324],[1.833,44.336],[1.847,44.338],[1.854,44.332],[1.88,44.341],[1.886,44.335],[1.878,44.336],[1.859,44.32],[1.882,44.304],[1.869,44.292],[1.9,44.279],[1.941,44.282],[1.971,44.273],[1.964,44.266],[1.962,44.242],[1.933,44.246],[1.912,44.214],[1.891,44.213],[1.89,44.208],[1.907,44.201],[1.903,44.193],[1.912,44.19],[1.911,44.185],[1.924,44.188],[1.921,44.191],[1.933,44.188],[1.931,44.178],[1.938,44.171],[1.945,44.183],[1.962,44.184],[1.978,44.18],[1.973,44.172],[1.978,44.161],[2.001,44.159],[1.99,44.149],[1.983,44.157],[1.97,44.143],[1.953,44.151],[1.944,44.146],[1.92,44.163],[1.901,44.161],[1.894,44.153],[1.919,44.141],[1.907,44.13],[1.893,44.143],[1.885,44.137],[1.861,44.144],[1.848,44.135],[1.837,44.144],[1.829,44.133],[1.841,44.114],[1.837,44.105],[1.807,44.126],[1.787,44.109],[1.794,44.102],[1.789,44.098],[1.77,44.098],[1.764,44.108],[1.751,44.109],[1.746,44.117],[1.706,44.117],[1.687,44.111],[1.657,44.116],[1.653,44.096],[1.67,44.088],[1.661,44.071],[1.673,44.059],[1.675,44.067],[1.692,44.063],[1.704,44.044],[1.692,44.022],[1.668,44.017],[1.671,44.011],[1.65,44.012],[1.659,43.997],[1.632,43.991],[1.619,43.974],[1.623,43.961],[1.564,43.965],[1.55,43.962],[1.55,43.955],[1.535,43.96],[1.541,43.945],[1.578,43.939],[1.571,43.929],[1.574,43.919],[1.533,43.921],[1.525,43.905],[1.515,43.906],[1.517,43.901],[1.492,43.887],[1.488,43.902],[1.478,43.908],[1.449,43.87],[1.418,43.871],[1.402,43.886],[1.393,43.881],[1.365,43.89],[1.348,43.869],[1.365,43.856],[1.36,43.851],[1.33,43.851],[1.319,43.858],[1.294,43.846],[1.31,43.84],[1.314,43.832],[1.328,43.838],[1.354,43.836],[1.36,43.817],[1.311,43.801],[1.267,43.799],[1.269,43.792],[1.281,43.79],[1.273,43.785],[1.213,43.768],[1.205,43.775],[1.218,43.782],[1.217,43.792],[1.185,43.793],[1.177,43.803],[1.161,43.808],[1.156,43.82],[1.145,43.822],[1.11,43.796],[1.105,43.801],[1.111,43.806],[1.083,43.816],[1.057,43.798],[1.036,43.804],[1.026,43.798],[1.017,43.802],[0.988,43.796],[0.979,43.786],[0.942,43.793],[0.931,43.788],[0.924,43.793],[0.919,43.786],[0.904,43.783],[0.896,43.791],[0.902,43.795],[0.901,43.804],[0.925,43.83],[0.895,43.84],[0.895,43.85],[0.913,43.848],[0.906,43.86],[0.883,43.875],[0.884,43.891],[0.904,43.899],[0.874,43.913],[0.864,43.924],[0.843,43.915],[0.809,43.932],[0.771,43.922],[0.759,43.943],[0.784,43.955],[0.796,43.976],[0.806,43.977],[0.828,43.997],[0.819,44.01],[0.825,44.015],[0.815,44.026],[0.825,44.03],[0.84,44.024],[0.851,44.036],[0.865,44.039],[0.82,44.056],[0.764,44.03],[0.752,44.066],[0.742,44.065],[0.738,44.075],[0.753,44.105],[0.776,44.116],[0.799,44.111],[0.793,44.118],[0.798,44.13],[0.789,44.144],[0.819,44.144],[0.867,44.126],[0.881,44.13],[0.878,44.137],[0.883,44.142],[0.894,44.138],[0.885,44.159],[0.889,44.172],[0.883,44.175],[0.871,44.168],[0.852,44.176],[0.853,44.184],[0.86,44.193],[0.906,44.19],[0.905,44.197],[0.929,44.23],[0.919,44.238],[0.933,44.248],[0.928,44.267],[0.94,44.263],[0.951,44.275],[0.926,44.286],[0.916,44.302],[0.894,44.297],[0.885,44.308],[0.869,44.31],[0.873,44.324],[0.889,44.332],[0.888,44.339],[0.896,44.346],[0.887,44.365],[0.896,44.382],[0.92,44.384],[0.937,44.369],[0.941,44.345],[0.952,44.362],[0.975,44.362],[0.977,44.356],[0.997,44.369],[1.049,44.362],[1.061,44.366],[1.064,44.379]]]}},{"type":"Feature","properties":{"code":"83","name":"Var","group":"metropole"},"geometry":{"type":"MultiPolygon","coordinates":[[[[6.435,43.016],[6.437,43.023],[6.458,43.028],[6.473,43.047],[6.505,43.054],[6.511,43.048],[6.503,43.042],[6.488,43.043],[6.471,43.017],[6.45,43.017],[6.438,43.004],[6.435,43.016]]],[[[6.145,43.02],[6.145,43.016],[6.139,43.02],[6.145,43.02]]],[[[6.397,42.993],[6.37,42.999],[6.384,43.007],[6.383,43.014],[6.391,43.011],[6.409,43.019],[6.413,43.009],[6.42,43.014],[6.407,42.996],[6.397,42.993]]],[[[6.364,43.004],[6.36,43.015],[6.368,43.018],[6.364,43.004]]],[[[6.244,43.02],[6.251,43.0],[6.214,42.99],[6.206,42.982],[6.161,42.999],[6.18,43.009],[6.198,43.001],[6.212,43.003],[6.218,43.014],[6.231,43.01],[6.239,43.024],[6.244,43.02]]],[[[5.781,43.07],[5.778,43.08],[5.79,43.08],[5.792,43.076],[5.781,43.07]]],[[[5.754,43.725],[5.781,43.756],[5.833,43.746],[5.843,43.737],[5.849,43.718],[5.856,43.724],[5.885,43.724],[5.905,43.737],[5.903,43.753],[5.923,43.758],[5.927,43.75],[5.939,43.749],[5.94,43.727],[5.957,43.719],[5.965,43.725],[5.974,43.715],[5.985,43.714],[5.988,43.695],[6.006,43.688],[6.008,43.679],[6.022,43.668],[6.039,43.679],[6.035,43.694],[6.077,43.707],[6.109,43.746],[6.13,43.736],[6.151,43.742],[6.183,43.762],[6.197,43.787],[6.217,43.8],[6.254,43.8],[6.269,43.777],[6.317,43.758],[6.326,43.747],[6.351,43.736],[6.375,43.743],[6.384,43.734],[6.413,43.76],[6.414,43.792],[6.437,43.792],[6.439,43.798],[6.457,43.793],[6.47,43.799],[6.482,43.791],[6.517,43.809],[6.543,43.791],[6.546,43.775],[6.587,43.805],[6.624,43.805],[6.623,43.798],[6.645,43.778],[6.64,43.769],[6.652,43.765],[6.657,43.749],[6.683,43.758],[6.701,43.754],[6.719,43.738],[6.752,43.741],[6.774,43.704],[6.774,43.693],[6.761,43.681],[6.762,43.663],[6.783,43.654],[6.8,43.627],[6.817,43.63],[6.852,43.604],[6.857,43.611],[6.867,43.603],[6.894,43.612],[6.912,43.598],[6.898,43.582],[6.908,43.573],[6.908,43.564],[6.888,43.553],[6.879,43.529],[6.896,43.527],[6.884,43.503],[6.913,43.494],[6.916,43.482],[6.934,43.48],[6.925,43.473],[6.924,43.45],[6.901,43.443],[6.892,43.428],[6.87,43.425],[6.868,43.433],[6.858,43.432],[6.861,43.417],[6.856,43.412],[6.829,43.419],[6.789,43.408],[6.766,43.424],[6.748,43.42],[6.733,43.405],[6.731,43.387],[6.714,43.372],[6.717,43.347],[6.672,43.336],[6.665,43.32],[6.673,43.314],[6.636,43.308],[6.624,43.296],[6.585,43.28],[6.587,43.268],[6.582,43.267],[6.593,43.262],[6.621,43.264],[6.638,43.274],[6.665,43.265],[6.669,43.276],[6.679,43.279],[6.698,43.266],[6.691,43.252],[6.665,43.243],[6.664,43.212],[6.681,43.2],[6.643,43.187],[6.64,43.173],[6.647,43.168],[6.634,43.172],[6.618,43.159],[6.602,43.182],[6.562,43.189],[6.537,43.179],[6.534,43.173],[6.54,43.169],[6.535,43.163],[6.521,43.165],[6.497,43.151],[6.464,43.158],[6.447,43.152],[6.439,43.142],[6.432,43.151],[6.384,43.144],[6.369,43.137],[6.363,43.123],[6.367,43.121],[6.36,43.12],[6.364,43.111],[6.359,43.107],[6.367,43.103],[6.364,43.093],[6.371,43.091],[6.364,43.086],[6.322,43.091],[6.325,43.099],[6.317,43.106],[6.289,43.107],[6.288,43.114],[6.275,43.121],[6.239,43.113],[6.201,43.116],[6.16,43.089],[6.15,43.064],[6.152,43.037],[6.173,43.033],[6.149,43.026],[6.137,43.03],[6.136,43.036],[6.113,43.035],[6.097,43.027],[6.098,43.033],[6.091,43.035],[6.105,43.042],[6.12,43.039],[6.132,43.048],[6.128,43.073],[6.114,43.084],[6.079,43.088],[6.051,43.079],[6.022,43.078],[6.017,43.084],[6.025,43.092],[6.005,43.104],[5.941,43.108],[5.926,43.102],[5.934,43.119],[5.923,43.115],[5.927,43.121],[5.921,43.124],[5.907,43.119],[5.911,43.115],[5.886,43.116],[5.892,43.108],[5.881,43.105],[5.91,43.1],[5.897,43.08],[5.91,43.079],[5.917,43.086],[5.927,43.077],[5.938,43.085],[5.951,43.077],[5.947,43.068],[5.929,43.072],[5.912,43.066],[5.89,43.078],[5.872,43.069],[5.859,43.048],[5.829,43.049],[5.816,43.064],[5.792,43.069],[5.804,43.077],[5.811,43.093],[5.812,43.098],[5.805,43.1],[5.814,43.107],[5.808,43.115],[5.767,43.116],[5.781,43.13],[5.771,43.139],[5.752,43.13],[5.75,43.135],[5.724,43.136],[5.716,43.148],[5.697,43.143],[5.682,43.155],[5.695,43.172],[5.687,43.18],[5.672,43.179],[5.684,43.236],[5.702,43.239],[5.702,43.248],[5.711,43.253],[5.761,43.267],[5.763,43.282],[5.75,43.289],[5.727,43.317],[5.691,43.313],[5.676,43.32],[5.69,43.327],[5.686,43.34],[5.705,43.356],[5.695,43.364],[5.683,43.399],[5.696,43.407],[5.724,43.409],[5.755,43.402],[5.777,43.409],[5.788,43.42],[5.751,43.435],[5.728,43.467],[5.699,43.483],[5.702,43.496],[5.716,43.503],[5.712,43.513],[5.725,43.551],[5.691,43.564],[5.669,43.565],[5.656,43.574],[5.692,43.584],[5.678,43.611],[5.688,43.615],[5.684,43.618],[5.702,43.644],[5.71,43.641],[5.719,43.65],[5.745,43.657],[5.799,43.661],[5.8,43.673],[5.813,43.689],[5.787,43.698],[5.782,43.707],[5.785,43.718],[5.754,43.725]]]]}},{"type":"Feature","properties":{"code":"84","name":"Vaucluse","group":"metropole"},"geometry":{"type":"MultiPolygon","coordinates":[[[[4.893,44.365],[4.909,44.377],[4.91,44.397],[4.919,44.408],[4.96,44.42],[4.973,44.432],[4.979,44.423],[4.989,44.423],[5.001,44.413],[5.019,44.416],[5.013,44.405],[5.016,44.393],[5.035,44.391],[5.048,44.381],[5.072,44.38],[5.055,44.365],[5.024,44.361],[5.023,44.346],[5.009,44.334],[5.014,44.326],[4.997,44.32],[4.987,44.293],[4.922,44.309],[4.892,44.304],[4.882,44.326],[4.895,44.338],[4.87,44.348],[4.893,44.365]]],[[[4.649,44.27],[4.654,44.297],[4.651,44.33],[4.679,44.32],[4.713,44.321],[4.718,44.327],[4.78,44.319],[4.79,44.308],[4.805,44.304],[4.804,44.269],[4.813,44.258],[4.814,44.232],[4.827,44.228],[4.875,44.26],[4.933,44.262],[4.981,44.285],[5.003,44.286],[5.061,44.308],[5.077,44.284],[5.108,44.277],[5.155,44.302],[5.151,44.31],[5.168,44.315],[5.174,44.308],[5.168,44.29],[5.147,44.276],[5.149,44.269],[5.161,44.267],[5.162,44.246],[5.149,44.235],[5.158,44.229],[5.177,44.22],[5.231,44.212],[5.238,44.213],[5.24,44.231],[5.252,44.231],[5.303,44.205],[5.303,44.21],[5.318,44.21],[5.337,44.204],[5.355,44.215],[5.385,44.201],[5.383,44.155],[5.436,44.152],[5.437,44.14],[5.448,44.137],[5.455,44.119],[5.499,44.116],[5.498,44.075],[5.503,44.063],[5.545,44.07],[5.544,44.026],[5.519,43.995],[5.509,43.952],[5.513,43.945],[5.527,43.948],[5.545,43.939],[5.568,43.943],[5.582,43.915],[5.608,43.915],[5.573,43.863],[5.549,43.851],[5.544,43.818],[5.564,43.82],[5.575,43.83],[5.601,43.826],[5.628,43.831],[5.654,43.825],[5.686,43.787],[5.714,43.781],[5.717,43.756],[5.749,43.741],[5.757,43.728],[5.714,43.691],[5.674,43.694],[5.642,43.672],[5.607,43.659],[5.519,43.661],[5.424,43.687],[5.336,43.722],[5.317,43.736],[5.23,43.748],[5.188,43.735],[5.173,43.739],[5.046,43.791],[5.03,43.828],[4.996,43.846],[4.966,43.872],[4.924,43.887],[4.902,43.888],[4.853,43.911],[4.739,43.924],[4.779,43.938],[4.797,43.957],[4.812,43.962],[4.812,43.988],[4.842,43.986],[4.843,44.01],[4.821,44.016],[4.816,44.032],[4.789,44.052],[4.788,44.065],[4.76,44.075],[4.758,44.088],[4.726,44.078],[4.72,44.083],[4.706,44.11],[4.719,44.145],[4.716,44.177],[4.722,44.187],[4.706,44.193],[4.707,44.214],[4.674,44.214],[4.678,44.234],[4.654,44.254],[4.649,44.27]]]]}},{"type":"Feature","properties":{"code":"85","name":"Vendée","group":"metropole"},"geometry":{"type":"MultiPolygon","coordinates":[[[[-2.305,46.709],[-2.284,46.688],[-2.312,46.696],[-2.331,46.687],[-2.364,46.695],[-2.369,46.702],[-2.383,46.7],[-2.379,46.705],[-2.393,46.71],[-2.4,46.726],[-2.374,46.734],[-2.345,46.728],[-2.338,46.719],[-2.318,46.72],[-2.305,46.709]]],[[[-1.149,47.03],[-1.074,47.008],[-1.067,47.013],[-1.055,47.004],[-1.017,47.004],[-1.0,47.021],[-0.984,47.011],[-0.976,47.018],[-0.975,47.009],[-0.966,47.006],[-0.961,46.995],[-0.932,47.008],[-0.928,47.005],[-0.933,47.002],[-0.916,47.002],[-0.921,46.998],[-0.915,46.992],[-0.904,46.995],[-0.894,46.984],[-0.892,46.976],[-0.902,46.967],[-0.877,46.969],[-0.883,46.964],[-0.879,46.956],[-0.864,46.962],[-0.869,46.956],[-0.863,46.957],[-0.866,46.952],[-0.861,46.949],[-0.875,46.954],[-0.884,46.951],[-0.881,46.946],[-0.849,46.946],[-0.858,46.934],[-0.848,46.941],[-0.841,46.929],[-0.829,46.933],[-0.821,46.918],[-0.807,46.92],[-0.821,46.911],[-0.817,46.904],[-0.829,46.883],[-0.816,46.881],[-0.767,46.834],[-0.738,46.829],[-0.733,46.822],[-0.71,46.822],[-0.699,46.811],[-0.718,46.801],[-0.727,46.766],[-0.72,46.764],[-0.716,46.752],[-0.698,46.752],[-0.694,46.744],[-0.703,46.735],[-0.696,46.737],[-0.696,46.73],[-0.678,46.726],[-0.656,46.701],[-0.681,46.687],[-0.637,46.663],[-0.649,46.656],[-0.649,46.645],[-0.659,46.636],[-0.634,46.637],[-0.614,46.622],[-0.626,46.605],[-0.614,46.599],[-0.621,46.593],[-0.612,46.588],[-0.625,46.575],[-0.618,46.572],[-0.618,46.562],[-0.607,46.564],[-0.608,46.551],[-0.602,46.548],[-0.608,46.526],[-0.627,46.53],[-0.644,46.522],[-0.637,46.519],[-0.645,46.509],[-0.625,46.497],[-0.631,46.479],[-0.619,46.476],[-0.608,46.455],[-0.614,46.449],[-0.619,46.455],[-0.618,46.44],[-0.637,46.432],[-0.641,46.416],[-0.629,46.404],[-0.641,46.397],[-0.621,46.39],[-0.61,46.414],[-0.538,46.386],[-0.562,46.36],[-0.577,46.355],[-0.603,46.361],[-0.605,46.347],[-0.628,46.336],[-0.637,46.338],[-0.636,46.325],[-0.648,46.317],[-0.672,46.316],[-0.698,46.325],[-0.72,46.315],[-0.723,46.31],[-0.716,46.306],[-0.722,46.302],[-0.747,46.303],[-0.801,46.324],[-0.807,46.333],[-0.797,46.339],[-0.804,46.343],[-0.818,46.336],[-0.84,46.34],[-0.849,46.333],[-0.845,46.325],[-0.852,46.317],[-0.863,46.319],[-0.862,46.327],[-0.87,46.322],[-0.887,46.327],[-0.894,46.317],[-0.921,46.312],[-0.926,46.316],[-0.931,46.31],[-0.963,46.323],[-0.943,46.337],[-0.93,46.372],[-0.951,46.36],[-0.965,46.365],[-0.975,46.351],[-0.995,46.35],[-1.0,46.355],[-1.013,46.349],[-1.014,46.356],[-1.053,46.343],[-1.053,46.349],[-1.081,46.323],[-1.075,46.318],[-1.096,46.312],[-1.116,46.317],[-1.121,46.324],[-1.129,46.31],[-1.163,46.324],[-1.203,46.316],[-1.196,46.3],[-1.207,46.288],[-1.203,46.269],[-1.207,46.267],[-1.231,46.277],[-1.296,46.324],[-1.306,46.319],[-1.294,46.303],[-1.296,46.297],[-1.287,46.294],[-1.293,46.291],[-1.272,46.289],[-1.297,46.29],[-1.325,46.33],[-1.358,46.348],[-1.375,46.348],[-1.382,46.341],[-1.424,46.347],[-1.438,46.34],[-1.466,46.342],[-1.485,46.377],[-1.51,46.402],[-1.648,46.42],[-1.654,46.424],[-1.649,46.429],[-1.711,46.451],[-1.714,46.459],[-1.755,46.474],[-1.777,46.493],[-1.791,46.495],[-1.796,46.489],[-1.812,46.493],[-1.857,46.61],[-1.898,46.64],[-1.943,46.693],[-1.966,46.692],[-1.978,46.702],[-1.98,46.717],[-2.003,46.736],[-2.067,46.78],[-2.139,46.816],[-2.156,46.887],[-2.113,46.896],[-2.118,46.908],[-2.079,46.934],[-2.082,46.938],[-2.071,46.936],[-2.075,46.94],[-2.046,46.966],[-2.046,46.978],[-2.033,46.992],[-2.038,46.998],[-2.031,47.0],[-2.029,47.01],[-1.98,47.029],[-1.969,47.028],[-1.94,46.993],[-1.917,46.992],[-1.915,46.972],[-1.89,46.957],[-1.828,46.953],[-1.826,46.938],[-1.832,46.932],[-1.778,46.925],[-1.745,46.928],[-1.746,46.917],[-1.735,46.91],[-1.736,46.894],[-1.723,46.884],[-1.688,46.891],[-1.668,46.876],[-1.641,46.879],[-1.609,46.871],[-1.602,46.875],[-1.549,46.86],[-1.546,46.875],[-1.527,46.873],[-1.501,46.884],[-1.503,46.894],[-1.527,46.905],[-1.546,46.926],[-1.529,46.923],[-1.519,46.935],[-1.525,46.946],[-1.534,46.945],[-1.544,46.957],[-1.542,46.964],[-1.556,46.98],[-1.543,47.0],[-1.556,47.014],[-1.517,47.026],[-1.505,47.039],[-1.493,47.042],[-1.473,47.031],[-1.471,47.007],[-1.46,46.993],[-1.477,46.981],[-1.457,46.955],[-1.472,46.933],[-1.458,46.926],[-1.365,46.957],[-1.369,46.964],[-1.358,46.971],[-1.359,46.981],[-1.378,46.992],[-1.363,47.005],[-1.364,47.011],[-1.379,47.031],[-1.368,47.035],[-1.366,47.042],[-1.341,47.04],[-1.346,47.046],[-1.32,47.034],[-1.301,47.034],[-1.295,47.042],[-1.305,47.041],[-1.288,47.057],[-1.288,47.076],[-1.271,47.085],[-1.247,47.067],[-1.231,47.065],[-1.201,47.04],[-1.149,47.03]]],[[[-2.198,46.951],[-2.23,46.966],[-2.262,46.959],[-2.281,46.979],[-2.301,46.989],[-2.303,46.996],[-2.292,47.011],[-2.308,47.025],[-2.254,47.028],[-2.245,47.019],[-2.223,47.015],[-2.218,47.008],[-2.22,46.99],[-2.24,46.996],[-2.232,46.989],[-2.237,46.982],[-2.232,46.974],[-2.177,46.959],[-2.157,46.95],[-2.148,46.938],[-2.153,46.932],[-2.147,46.927],[-2.153,46.907],[-2.148,46.895],[-2.155,46.895],[-2.167,46.905],[-2.177,46.932],[-2.198,46.951]]]]}},{"type":"Feature","properties":{"code":"86","name":"Vienne","group":"metropole"},"geometry":{"type":"Polygon","coordinates":[[[-0.102,47.065],[-0.101,47.086],[-0.086,47.101],[-0.067,47.099],[-0.067,47.093],[-0.042,47.094],[-0.036,47.086],[-0.027,47.1],[-0.027,47.106],[-0.039,47.108],[-0.036,47.125],[-0.008,47.16],[0.019,47.176],[0.037,47.16],[0.053,47.167],[0.066,47.143],[0.078,47.146],[0.082,47.136],[0.076,47.124],[0.081,47.119],[0.123,47.129],[0.127,47.12],[0.14,47.124],[0.133,47.115],[0.136,47.107],[0.163,47.101],[0.183,47.114],[0.187,47.101],[0.201,47.091],[0.174,47.071],[0.18,47.059],[0.192,47.065],[0.214,47.054],[0.246,47.071],[0.268,47.068],[0.26,47.056],[0.268,47.043],[0.305,47.053],[0.31,47.026],[0.299,47.02],[0.307,47.011],[0.305,47.003],[0.313,46.998],[0.292,46.989],[0.306,46.986],[0.308,46.977],[0.298,46.971],[0.308,46.963],[0.301,46.956],[0.311,46.938],[0.324,46.931],[0.349,46.937],[0.367,46.95],[0.439,46.93],[0.445,46.941],[0.505,46.96],[0.6,46.957],[0.601,46.973],[0.574,46.983],[0.568,47.006],[0.619,47.007],[0.624,47.004],[0.621,46.997],[0.637,46.985],[0.648,46.988],[0.662,46.978],[0.693,46.974],[0.709,46.918],[0.704,46.903],[0.752,46.861],[0.772,46.864],[0.767,46.851],[0.794,46.851],[0.787,46.839],[0.809,46.828],[0.81,46.809],[0.817,46.803],[0.813,46.791],[0.828,46.787],[0.828,46.777],[0.848,46.761],[0.859,46.76],[0.879,46.739],[0.902,46.736],[0.913,46.726],[0.908,46.719],[0.928,46.693],[0.902,46.679],[0.911,46.677],[0.907,46.666],[0.918,46.651],[0.906,46.649],[0.908,46.644],[0.894,46.629],[0.906,46.619],[0.911,46.602],[0.938,46.594],[0.935,46.586],[0.964,46.571],[0.974,46.575],[0.989,46.565],[1.015,46.568],[1.025,46.549],[1.02,46.537],[1.066,46.54],[1.108,46.532],[1.149,46.502],[1.133,46.498],[1.157,46.47],[1.136,46.471],[1.152,46.449],[1.186,46.441],[1.186,46.428],[1.204,46.435],[1.213,46.432],[1.193,46.41],[1.197,46.401],[1.177,46.384],[1.159,46.39],[1.147,46.376],[1.151,46.37],[1.128,46.364],[1.129,46.347],[1.107,46.354],[1.102,46.364],[1.078,46.358],[1.05,46.363],[1.05,46.357],[1.025,46.339],[1.03,46.336],[1.028,46.323],[1.022,46.31],[1.009,46.308],[1.007,46.302],[1.013,46.299],[1.002,46.292],[1.006,46.281],[0.951,46.285],[0.936,46.293],[0.934,46.281],[0.899,46.289],[0.902,46.284],[0.891,46.269],[0.862,46.262],[0.859,46.25],[0.841,46.24],[0.852,46.236],[0.848,46.229],[0.81,46.23],[0.793,46.212],[0.801,46.212],[0.8,46.201],[0.814,46.198],[0.82,46.185],[0.836,46.179],[0.828,46.175],[0.84,46.164],[0.831,46.163],[0.833,46.146],[0.847,46.138],[0.835,46.128],[0.812,46.138],[0.787,46.129],[0.781,46.134],[0.761,46.132],[0.758,46.138],[0.728,46.135],[0.713,46.14],[0.711,46.13],[0.688,46.123],[0.675,46.112],[0.687,46.097],[0.617,46.093],[0.605,46.085],[0.61,46.077],[0.596,46.073],[0.594,46.081],[0.575,46.08],[0.564,46.09],[0.54,46.086],[0.521,46.114],[0.499,46.122],[0.509,46.132],[0.493,46.136],[0.488,46.127],[0.472,46.13],[0.462,46.11],[0.443,46.102],[0.45,46.097],[0.448,46.085],[0.478,46.085],[0.472,46.073],[0.481,46.065],[0.469,46.068],[0.47,46.063],[0.456,46.054],[0.425,46.048],[0.413,46.049],[0.403,46.063],[0.389,46.068],[0.379,46.062],[0.36,46.067],[0.329,46.067],[0.326,46.061],[0.314,46.065],[0.299,46.059],[0.273,46.062],[0.276,46.067],[0.261,46.072],[0.257,46.08],[0.194,46.097],[0.188,46.111],[0.203,46.12],[0.197,46.129],[0.216,46.139],[0.22,46.158],[0.195,46.16],[0.193,46.152],[0.18,46.149],[0.172,46.156],[0.155,46.157],[0.139,46.181],[0.108,46.186],[0.113,46.212],[0.13,46.227],[0.144,46.229],[0.129,46.267],[0.168,46.27],[0.171,46.284],[0.152,46.303],[0.169,46.307],[0.165,46.318],[0.177,46.33],[0.154,46.345],[0.127,46.349],[0.098,46.331],[0.094,46.324],[0.098,46.321],[0.078,46.305],[0.031,46.33],[0.015,46.326],[0.021,46.342],[0.037,46.346],[0.014,46.353],[0.034,46.373],[0.023,46.377],[0.015,46.392],[-0.008,46.389],[-0.005,46.396],[-0.012,46.395],[-0.008,46.404],[-0.023,46.401],[-0.017,46.411],[-0.02,46.42],[-0.011,46.423],[-0.015,46.436],[-0.01,46.45],[-0.019,46.453],[-0.01,46.468],[-0.016,46.475],[-0.042,46.47],[-0.043,46.481],[-0.038,46.481],[-0.047,46.483],[-0.03,46.486],[-0.041,46.493],[-0.03,46.51],[-0.031,46.525],[-0.007,46.523],[0.008,46.545],[-0.011,46.553],[-0.007,46.569],[0.043,46.591],[0.023,46.595],[0.023,46.615],[0.008,46.611],[-0.013,46.615],[0.001,46.643],[-0.019,46.639],[-0.03,46.627],[-0.066,46.623],[-0.068,46.63],[-0.054,46.643],[-0.033,46.65],[-0.032,46.661],[-0.04,46.664],[-0.007,46.683],[-0.021,46.693],[0.003,46.7],[-0.002,46.716],[0.038,46.732],[-0.001,46.762],[-0.013,46.754],[-0.023,46.769],[-0.017,46.781],[-0.026,46.789],[0.008,46.814],[-0.007,46.822],[-0.02,46.813],[-0.05,46.821],[-0.044,46.824],[-0.046,46.832],[-0.034,46.832],[-0.012,46.848],[0.017,46.835],[0.034,46.854],[0.01,46.858],[-0.005,46.87],[-0.036,46.875],[-0.009,46.907],[-0.022,46.938],[-0.046,46.962],[-0.034,46.983],[-0.039,46.99],[-0.058,46.995],[-0.086,46.985],[-0.094,47.013],[-0.077,47.009],[-0.088,47.023],[-0.102,47.065]]]}},{"type":"Feature","properties":{"code":"87","name":"Haute-Vienne","group":"metropole"},"geometry":{"type":"Polygon","coordinates":[[[0.823,46.129],[0.835,46.128],[0.847,46.138],[0.833,46.146],[0.831,46.163],[0.84,46.164],[0.828,46.175],[0.836,46.179],[0.82,46.185],[0.814,46.198],[0.8,46.201],[0.801,46.212],[0.793,46.212],[0.81,46.23],[0.848,46.229],[0.852,46.236],[0.841,46.24],[0.859,46.25],[0.862,46.262],[0.891,46.269],[0.902,46.284],[0.899,46.289],[0.934,46.281],[0.936,46.293],[0.951,46.285],[1.006,46.281],[1.002,46.292],[1.013,46.299],[1.007,46.302],[1.009,46.308],[1.022,46.31],[1.028,46.323],[1.03,46.336],[1.025,46.339],[1.05,46.357],[1.05,46.363],[1.078,46.358],[1.102,46.364],[1.107,46.354],[1.129,46.347],[1.128,46.364],[1.151,46.37],[1.147,46.376],[1.159,46.39],[1.176,46.385],[1.182,46.376],[1.21,46.39],[1.215,46.387],[1.216,46.367],[1.238,46.366],[1.26,46.379],[1.284,46.372],[1.312,46.373],[1.311,46.384],[1.323,46.385],[1.314,46.395],[1.356,46.4],[1.409,46.361],[1.415,46.347],[1.41,46.342],[1.447,46.332],[1.437,46.321],[1.437,46.312],[1.445,46.305],[1.427,46.299],[1.414,46.28],[1.431,46.278],[1.435,46.272],[1.426,46.266],[1.415,46.271],[1.404,46.262],[1.406,46.253],[1.416,46.255],[1.414,46.25],[1.421,46.249],[1.418,46.241],[1.4,46.242],[1.373,46.216],[1.384,46.212],[1.385,46.199],[1.395,46.199],[1.397,46.186],[1.414,46.182],[1.412,46.178],[1.434,46.18],[1.437,46.174],[1.453,46.181],[1.462,46.178],[1.456,46.173],[1.466,46.167],[1.465,46.16],[1.451,46.153],[1.473,46.15],[1.485,46.135],[1.497,46.143],[1.493,46.134],[1.503,46.131],[1.507,46.122],[1.499,46.116],[1.491,46.12],[1.484,46.105],[1.501,46.104],[1.498,46.099],[1.505,46.088],[1.513,46.094],[1.53,46.091],[1.524,46.087],[1.527,46.078],[1.543,46.077],[1.532,46.057],[1.548,46.035],[1.536,46.026],[1.534,46.003],[1.538,45.998],[1.568,45.997],[1.577,45.978],[1.566,45.963],[1.555,45.965],[1.541,45.955],[1.519,45.951],[1.515,45.947],[1.522,45.943],[1.509,45.94],[1.509,45.933],[1.53,45.932],[1.547,45.917],[1.558,45.922],[1.567,45.914],[1.581,45.918],[1.576,45.921],[1.579,45.931],[1.628,45.933],[1.626,45.926],[1.637,45.926],[1.625,45.919],[1.634,45.908],[1.628,45.903],[1.639,45.904],[1.641,45.892],[1.632,45.889],[1.626,45.9],[1.62,45.899],[1.619,45.881],[1.614,45.883],[1.616,45.892],[1.598,45.89],[1.591,45.883],[1.605,45.88],[1.608,45.867],[1.602,45.857],[1.655,45.846],[1.659,45.834],[1.671,45.841],[1.677,45.835],[1.692,45.845],[1.731,45.842],[1.756,45.856],[1.758,45.868],[1.771,45.868],[1.781,45.853],[1.773,45.846],[1.776,45.833],[1.797,45.831],[1.813,45.815],[1.828,45.81],[1.832,45.825],[1.837,45.825],[1.846,45.81],[1.854,45.813],[1.856,45.805],[1.864,45.806],[1.887,45.792],[1.892,45.769],[1.902,45.767],[1.896,45.759],[1.874,45.756],[1.886,45.743],[1.873,45.725],[1.888,45.726],[1.892,45.718],[1.88,45.712],[1.909,45.692],[1.911,45.681],[1.882,45.682],[1.88,45.666],[1.869,45.664],[1.855,45.672],[1.844,45.662],[1.826,45.665],[1.815,45.681],[1.798,45.673],[1.797,45.681],[1.786,45.683],[1.776,45.658],[1.754,45.655],[1.751,45.645],[1.727,45.638],[1.709,45.642],[1.66,45.608],[1.658,45.594],[1.638,45.58],[1.629,45.583],[1.618,45.577],[1.601,45.582],[1.589,45.57],[1.586,45.557],[1.557,45.549],[1.551,45.557],[1.533,45.557],[1.522,45.564],[1.516,45.564],[1.518,45.556],[1.497,45.549],[1.49,45.555],[1.492,45.561],[1.48,45.566],[1.476,45.553],[1.452,45.553],[1.454,45.538],[1.44,45.52],[1.426,45.531],[1.408,45.527],[1.39,45.506],[1.39,45.496],[1.377,45.496],[1.35,45.467],[1.285,45.49],[1.286,45.48],[1.27,45.478],[1.263,45.468],[1.264,45.452],[1.254,45.45],[1.243,45.436],[1.234,45.44],[1.236,45.455],[1.229,45.458],[1.207,45.463],[1.178,45.457],[1.176,45.471],[1.162,45.479],[1.135,45.47],[1.124,45.479],[1.12,45.475],[1.118,45.488],[1.148,45.516],[1.167,45.525],[1.117,45.548],[1.106,45.544],[1.104,45.537],[1.083,45.532],[1.063,45.554],[1.045,45.557],[1.047,45.563],[1.032,45.58],[1.042,45.586],[1.033,45.594],[1.036,45.6],[1.02,45.611],[0.997,45.615],[0.982,45.603],[0.945,45.615],[0.941,45.609],[0.934,45.612],[0.916,45.604],[0.907,45.609],[0.898,45.6],[0.869,45.624],[0.843,45.582],[0.811,45.576],[0.806,45.595],[0.775,45.592],[0.752,45.617],[0.765,45.632],[0.776,45.667],[0.76,45.67],[0.742,45.691],[0.725,45.696],[0.703,45.687],[0.694,45.692],[0.686,45.687],[0.655,45.689],[0.652,45.699],[0.64,45.698],[0.63,45.715],[0.633,45.721],[0.645,45.716],[0.65,45.736],[0.656,45.742],[0.665,45.739],[0.671,45.751],[0.691,45.761],[0.715,45.763],[0.715,45.772],[0.706,45.778],[0.712,45.804],[0.741,45.806],[0.75,45.796],[0.763,45.799],[0.768,45.789],[0.784,45.792],[0.777,45.799],[0.777,45.805],[0.786,45.807],[0.782,45.821],[0.798,45.831],[0.817,45.858],[0.821,45.867],[0.807,45.87],[0.827,45.883],[0.813,45.897],[0.817,45.911],[0.809,45.922],[0.812,45.931],[0.86,45.918],[0.877,45.921],[0.905,45.939],[0.921,45.938],[0.92,45.944],[0.928,45.948],[0.922,45.954],[0.943,45.957],[0.941,45.965],[0.947,45.97],[0.932,45.978],[0.937,45.979],[0.931,45.984],[0.935,45.992],[0.918,45.997],[0.925,46.011],[0.918,46.009],[0.918,46.014],[0.899,46.02],[0.886,46.032],[0.866,46.016],[0.858,46.018],[0.851,46.035],[0.816,46.049],[0.816,46.059],[0.828,46.069],[0.819,46.077],[0.835,46.096],[0.824,46.116],[0.818,46.113],[0.809,46.121],[0.823,46.129]]]}},{"type":"Feature","properties":{"code":"88","name":"Vosges","group":"metropole"},"geometry":{"type":"Polygon","coordinates":[[[5.47,48.421],[5.512,48.41],[5.509,48.416],[5.516,48.431],[5.561,48.441],[5.577,48.432],[5.58,48.439],[5.594,48.443],[5.615,48.441],[5.622,48.426],[5.618,48.442],[5.653,48.459],[5.639,48.471],[5.681,48.471],[5.719,48.46],[5.739,48.466],[5.755,48.492],[5.765,48.496],[5.787,48.483],[5.811,48.498],[5.823,48.496],[5.838,48.505],[5.862,48.507],[5.883,48.495],[5.906,48.495],[5.899,48.485],[5.904,48.48],[5.886,48.469],[5.892,48.464],[5.887,48.454],[5.899,48.447],[5.855,48.409],[5.874,48.401],[5.895,48.405],[5.909,48.429],[5.898,48.436],[5.924,48.436],[5.931,48.434],[5.925,48.422],[5.921,48.428],[5.911,48.424],[5.907,48.419],[5.912,48.406],[5.905,48.4],[5.919,48.405],[5.928,48.394],[5.935,48.396],[5.932,48.403],[5.948,48.398],[5.955,48.387],[5.945,48.376],[5.954,48.374],[5.949,48.369],[5.956,48.367],[5.953,48.358],[5.959,48.35],[5.98,48.349],[6.006,48.358],[6.004,48.363],[6.025,48.357],[6.051,48.366],[6.071,48.36],[6.08,48.367],[6.078,48.375],[6.069,48.375],[6.086,48.383],[6.099,48.369],[6.093,48.361],[6.117,48.354],[6.121,48.364],[6.136,48.365],[6.152,48.381],[6.147,48.395],[6.15,48.41],[6.174,48.406],[6.182,48.412],[6.178,48.398],[6.191,48.395],[6.217,48.402],[6.233,48.397],[6.244,48.405],[6.26,48.406],[6.27,48.426],[6.281,48.423],[6.283,48.43],[6.292,48.428],[6.298,48.435],[6.306,48.413],[6.315,48.409],[6.354,48.404],[6.381,48.415],[6.382,48.407],[6.393,48.409],[6.384,48.395],[6.389,48.391],[6.398,48.396],[6.412,48.392],[6.422,48.407],[6.436,48.413],[6.457,48.418],[6.471,48.409],[6.491,48.417],[6.501,48.414],[6.534,48.431],[6.575,48.414],[6.584,48.417],[6.574,48.433],[6.567,48.433],[6.567,48.441],[6.585,48.461],[6.621,48.473],[6.635,48.471],[6.639,48.464],[6.636,48.449],[6.648,48.434],[6.645,48.427],[6.666,48.427],[6.699,48.413],[6.714,48.423],[6.743,48.411],[6.765,48.412],[6.761,48.406],[6.767,48.399],[6.789,48.403],[6.782,48.392],[6.794,48.403],[6.814,48.396],[6.828,48.417],[6.865,48.437],[6.871,48.42],[6.891,48.418],[6.98,48.479],[7.006,48.481],[7.094,48.513],[7.123,48.514],[7.128,48.51],[7.121,48.505],[7.136,48.498],[7.091,48.504],[7.094,48.489],[7.117,48.485],[7.119,48.474],[7.102,48.451],[7.11,48.44],[7.096,48.427],[7.092,48.41],[7.097,48.406],[7.085,48.398],[7.109,48.379],[7.076,48.353],[7.108,48.344],[7.12,48.333],[7.153,48.333],[7.17,48.342],[7.184,48.339],[7.177,48.325],[7.192,48.325],[7.19,48.319],[7.198,48.31],[7.194,48.302],[7.172,48.297],[7.177,48.289],[7.133,48.248],[7.134,48.238],[7.115,48.212],[7.118,48.208],[7.1,48.189],[7.085,48.183],[7.079,48.164],[7.061,48.145],[7.058,48.138],[7.07,48.129],[7.084,48.129],[7.077,48.108],[7.071,48.108],[7.052,48.083],[7.03,48.072],[7.01,48.043],[7.016,48.038],[7.0,48.021],[6.961,48.0],[6.944,48.0],[6.944,47.981],[6.931,47.972],[6.919,47.944],[6.926,47.93],[6.913,47.919],[6.926,47.917],[6.929,47.91],[6.918,47.898],[6.897,47.891],[6.898,47.884],[6.91,47.882],[6.905,47.88],[6.907,47.864],[6.92,47.85],[6.907,47.846],[6.896,47.833],[6.857,47.823],[6.839,47.825],[6.824,47.813],[6.793,47.829],[6.788,47.834],[6.793,47.84],[6.783,47.851],[6.74,47.861],[6.703,47.882],[6.646,47.903],[6.639,47.91],[6.642,47.918],[6.604,47.945],[6.563,47.931],[6.544,47.903],[6.503,47.896],[6.478,47.885],[6.478,47.893],[6.456,47.907],[6.463,47.917],[6.449,47.922],[6.435,47.943],[6.408,47.943],[6.405,47.953],[6.389,47.961],[6.366,47.962],[6.324,47.949],[6.289,47.956],[6.243,47.94],[6.239,47.933],[6.205,47.932],[6.208,47.947],[6.182,47.956],[6.168,47.952],[6.157,47.968],[6.15,47.966],[6.151,47.971],[6.165,47.973],[6.158,47.983],[6.16,47.992],[6.153,47.994],[6.156,48.007],[6.131,48.024],[6.109,48.012],[6.073,48.016],[6.041,48.004],[6.032,47.991],[6.019,47.987],[6.026,47.981],[6.019,47.97],[6.012,47.972],[6.009,47.961],[6.002,47.956],[5.971,47.957],[5.969,47.947],[5.949,47.935],[5.928,47.938],[5.96,47.966],[5.944,47.98],[5.919,47.969],[5.918,47.947],[5.9,47.945],[5.891,47.927],[5.885,47.926],[5.869,47.945],[5.858,47.945],[5.849,47.964],[5.854,47.97],[5.847,47.97],[5.846,47.976],[5.832,47.958],[5.813,47.956],[5.805,47.947],[5.791,47.951],[5.778,47.978],[5.793,47.987],[5.795,47.998],[5.776,48.022],[5.777,48.034],[5.764,48.03],[5.74,48.05],[5.721,48.044],[5.721,48.053],[5.699,48.067],[5.697,48.077],[5.658,48.086],[5.653,48.084],[5.661,48.073],[5.656,48.069],[5.629,48.084],[5.649,48.105],[5.672,48.109],[5.657,48.122],[5.685,48.147],[5.681,48.151],[5.687,48.167],[5.68,48.179],[5.697,48.189],[5.731,48.19],[5.73,48.198],[5.718,48.215],[5.688,48.234],[5.676,48.229],[5.641,48.242],[5.654,48.269],[5.64,48.277],[5.612,48.292],[5.589,48.276],[5.537,48.318],[5.522,48.341],[5.527,48.347],[5.474,48.355],[5.427,48.331],[5.417,48.343],[5.423,48.352],[5.419,48.361],[5.443,48.379],[5.407,48.383],[5.394,48.392],[5.42,48.395],[5.445,48.414],[5.47,48.421]]]}},{"type":"Feature","properties":{"code":"89","name":"Yonne","group":"metropole"},"geometry":{"type":"Polygon","coordinates":[[[2.936,48.163],[2.937,48.183],[2.971,48.195],[2.973,48.206],[3.005,48.207],[3.031,48.249],[3.048,48.25],[3.045,48.272],[3.025,48.276],[3.03,48.286],[3.019,48.295],[3.027,48.303],[3.015,48.306],[3.028,48.322],[3.044,48.33],[3.036,48.338],[3.05,48.36],[3.099,48.358],[3.103,48.35],[3.117,48.367],[3.14,48.373],[3.147,48.366],[3.167,48.371],[3.172,48.378],[3.2,48.364],[3.224,48.37],[3.254,48.365],[3.268,48.378],[3.283,48.382],[3.29,48.376],[3.298,48.379],[3.305,48.373],[3.312,48.377],[3.335,48.37],[3.351,48.379],[3.358,48.371],[3.365,48.372],[3.367,48.394],[3.375,48.399],[3.415,48.39],[3.413,48.376],[3.422,48.372],[3.427,48.358],[3.451,48.374],[3.498,48.37],[3.545,48.335],[3.544,48.32],[3.563,48.321],[3.561,48.312],[3.567,48.307],[3.588,48.301],[3.58,48.283],[3.614,48.274],[3.624,48.259],[3.6,48.237],[3.605,48.23],[3.615,48.232],[3.622,48.226],[3.6,48.202],[3.575,48.189],[3.593,48.179],[3.622,48.192],[3.635,48.188],[3.661,48.159],[3.668,48.139],[3.691,48.145],[3.693,48.155],[3.705,48.144],[3.722,48.155],[3.714,48.174],[3.746,48.167],[3.755,48.15],[3.739,48.138],[3.741,48.131],[3.757,48.125],[3.768,48.134],[3.78,48.121],[3.792,48.118],[3.806,48.101],[3.798,48.087],[3.83,48.058],[3.824,48.053],[3.83,48.047],[3.822,48.044],[3.871,48.017],[3.871,48.003],[3.839,48.003],[3.85,47.984],[3.866,47.984],[3.862,47.976],[3.88,47.979],[3.882,48.0],[3.893,48.002],[3.915,47.976],[3.899,47.941],[3.904,47.938],[3.894,47.929],[3.905,47.925],[3.926,47.935],[3.948,47.931],[3.96,47.936],[3.981,47.93],[4.006,47.942],[4.018,47.928],[4.031,47.933],[4.045,47.925],[4.059,47.932],[4.056,47.941],[4.061,47.946],[4.09,47.945],[4.092,47.928],[4.11,47.926],[4.142,47.937],[4.14,47.943],[4.166,47.96],[4.184,47.955],[4.185,47.94],[4.202,47.941],[4.208,47.947],[4.203,47.959],[4.213,47.963],[4.203,47.96],[4.194,47.967],[4.202,47.973],[4.226,47.972],[4.222,47.95],[4.245,47.93],[4.274,47.923],[4.289,47.927],[4.306,47.92],[4.311,47.904],[4.278,47.9],[4.246,47.874],[4.265,47.874],[4.261,47.844],[4.271,47.839],[4.301,47.849],[4.33,47.846],[4.33,47.838],[4.319,47.837],[4.325,47.831],[4.32,47.811],[4.34,47.8],[4.327,47.786],[4.335,47.778],[4.329,47.77],[4.334,47.761],[4.327,47.753],[4.309,47.751],[4.293,47.733],[4.261,47.742],[4.258,47.726],[4.239,47.724],[4.239,47.718],[4.268,47.705],[4.262,47.694],[4.266,47.69],[4.284,47.683],[4.227,47.678],[4.226,47.671],[4.249,47.659],[4.228,47.643],[4.223,47.631],[4.213,47.63],[4.214,47.602],[4.197,47.605],[4.199,47.596],[4.174,47.552],[4.157,47.552],[4.146,47.54],[4.151,47.532],[4.139,47.519],[4.115,47.515],[4.118,47.506],[4.112,47.504],[4.123,47.491],[4.115,47.481],[4.13,47.475],[4.124,47.45],[4.116,47.441],[4.108,47.447],[4.101,47.444],[4.108,47.437],[4.099,47.43],[4.08,47.441],[4.085,47.421],[4.072,47.413],[4.072,47.407],[4.065,47.407],[4.067,47.399],[4.09,47.395],[4.077,47.384],[4.08,47.376],[4.088,47.372],[4.093,47.377],[4.099,47.371],[4.107,47.376],[4.106,47.363],[4.098,47.362],[4.098,47.355],[4.107,47.352],[4.108,47.341],[4.044,47.34],[4.04,47.327],[4.028,47.325],[4.029,47.316],[4.021,47.311],[3.999,47.312],[3.973,47.331],[3.966,47.348],[3.968,47.363],[3.962,47.367],[3.973,47.376],[3.949,47.394],[3.944,47.38],[3.909,47.382],[3.887,47.365],[3.872,47.366],[3.87,47.38],[3.859,47.393],[3.877,47.397],[3.894,47.414],[3.88,47.43],[3.867,47.435],[3.851,47.434],[3.848,47.412],[3.837,47.403],[3.831,47.408],[3.82,47.402],[3.831,47.393],[3.828,47.382],[3.817,47.379],[3.8,47.39],[3.786,47.39],[3.781,47.396],[3.786,47.405],[3.726,47.398],[3.702,47.427],[3.674,47.433],[3.679,47.446],[3.674,47.45],[3.667,47.446],[3.621,47.456],[3.615,47.459],[3.616,47.467],[3.587,47.456],[3.575,47.486],[3.581,47.498],[3.552,47.502],[3.54,47.516],[3.514,47.528],[3.511,47.551],[3.499,47.561],[3.49,47.555],[3.495,47.55],[3.495,47.521],[3.492,47.499],[3.485,47.493],[3.462,47.502],[3.45,47.5],[3.447,47.512],[3.428,47.506],[3.39,47.509],[3.391,47.497],[3.38,47.487],[3.345,47.479],[3.346,47.47],[3.338,47.47],[3.34,47.481],[3.307,47.495],[3.297,47.492],[3.285,47.504],[3.275,47.491],[3.236,47.488],[3.208,47.521],[3.191,47.52],[3.187,47.526],[3.182,47.518],[3.165,47.517],[3.162,47.525],[3.15,47.528],[3.135,47.543],[3.123,47.539],[3.116,47.569],[3.124,47.576],[3.102,47.588],[3.083,47.586],[3.061,47.57],[3.022,47.556],[2.965,47.574],[2.962,47.586],[2.936,47.599],[2.945,47.608],[2.932,47.627],[2.936,47.637],[2.954,47.646],[2.942,47.658],[2.928,47.658],[2.918,47.67],[2.927,47.682],[2.904,47.697],[2.879,47.704],[2.885,47.714],[2.879,47.72],[2.862,47.71],[2.849,47.717],[2.859,47.75],[2.852,47.758],[2.856,47.762],[2.909,47.769],[2.931,47.762],[2.988,47.786],[3.024,47.786],[3.028,47.802],[3.024,47.813],[3.015,47.814],[3.022,47.818],[3.014,47.822],[3.013,47.834],[3.03,47.835],[3.034,47.844],[3.027,47.859],[2.998,47.867],[3.012,47.874],[3.007,47.895],[3.017,47.899],[3.01,47.905],[3.05,47.911],[3.051,47.924],[3.078,47.931],[3.084,47.943],[3.098,47.949],[3.105,47.947],[3.109,47.962],[3.128,47.971],[3.129,47.983],[3.122,47.987],[3.127,47.991],[3.121,47.996],[3.125,48.006],[3.099,48.021],[3.124,48.031],[3.095,48.04],[3.09,48.049],[3.095,48.054],[3.05,48.072],[3.049,48.094],[3.038,48.099],[3.035,48.116],[3.016,48.116],[3.029,48.133],[3.01,48.146],[2.998,48.14],[2.991,48.152],[2.964,48.153],[2.953,48.165],[2.936,48.163]]]}},{"type":"Feature","properties":{"code":"90","name":"Territoire de Belfort","group":"metropole"},"geometry":{"type":"Polygon","coordinates":[[[6.824,47.813],[6.843,47.825],[6.848,47.802],[6.867,47.783],[6.911,47.778],[6.925,47.77],[6.94,47.772],[6.972,47.751],[7.016,47.743],[7.037,47.722],[7.026,47.701],[7.034,47.7],[7.038,47.687],[7.048,47.682],[7.039,47.679],[7.046,47.672],[7.034,47.661],[7.039,47.651],[7.018,47.65],[7.019,47.641],[7.012,47.639],[7.017,47.627],[7.006,47.629],[7.011,47.605],[7.006,47.602],[7.022,47.594],[7.016,47.593],[7.02,47.589],[7.04,47.601],[7.07,47.601],[7.07,47.596],[7.086,47.593],[7.094,47.574],[7.106,47.569],[7.107,47.551],[7.134,47.539],[7.143,47.525],[7.136,47.507],[7.076,47.488],[7.025,47.504],[6.983,47.494],[6.989,47.487],[6.986,47.477],[6.992,47.466],[7.0,47.467],[7.002,47.454],[6.97,47.447],[6.963,47.435],[6.941,47.433],[6.933,47.44],[6.931,47.458],[6.908,47.473],[6.916,47.478],[6.908,47.494],[6.93,47.5],[6.935,47.486],[6.943,47.485],[6.95,47.509],[6.908,47.526],[6.916,47.531],[6.902,47.55],[6.883,47.555],[6.861,47.548],[6.815,47.549],[6.807,47.563],[6.822,47.573],[6.802,47.584],[6.778,47.616],[6.78,47.625],[6.801,47.636],[6.799,47.643],[6.78,47.657],[6.776,47.668],[6.782,47.688],[6.771,47.702],[6.773,47.712],[6.756,47.726],[6.764,47.759],[6.786,47.782],[6.811,47.794],[6.824,47.813]]]}},{"type":"Feature","properties":{"code":"91","name":"Essonne","group":"metropole"},"geometry":{"type":"Polygon","coordinates":[[[2.227,48.776],[2.233,48.766],[2.276,48.757],[2.285,48.748],[2.275,48.74],[2.28,48.733],[2.302,48.741],[2.304,48.729],[2.314,48.73],[2.319,48.737],[2.314,48.743],[2.327,48.751],[2.337,48.742],[2.356,48.738],[2.369,48.746],[2.371,48.72],[2.397,48.721],[2.402,48.727],[2.41,48.726],[2.414,48.718],[2.44,48.725],[2.449,48.715],[2.448,48.722],[2.454,48.72],[2.466,48.73],[2.506,48.736],[2.516,48.729],[2.517,48.716],[2.531,48.7],[2.542,48.7],[2.554,48.688],[2.582,48.69],[2.586,48.679],[2.571,48.675],[2.572,48.669],[2.565,48.667],[2.555,48.676],[2.535,48.662],[2.534,48.657],[2.548,48.65],[2.542,48.646],[2.541,48.632],[2.516,48.629],[2.527,48.621],[2.526,48.613],[2.541,48.611],[2.544,48.604],[2.541,48.594],[2.518,48.584],[2.522,48.573],[2.531,48.571],[2.519,48.57],[2.52,48.563],[2.499,48.545],[2.511,48.543],[2.498,48.528],[2.498,48.517],[2.509,48.517],[2.509,48.508],[2.515,48.506],[2.51,48.488],[2.502,48.485],[2.506,48.461],[2.498,48.457],[2.507,48.446],[2.5,48.441],[2.507,48.438],[2.505,48.43],[2.517,48.427],[2.547,48.402],[2.522,48.405],[2.503,48.393],[2.483,48.397],[2.474,48.39],[2.485,48.383],[2.451,48.375],[2.451,48.367],[2.43,48.362],[2.444,48.357],[2.429,48.347],[2.434,48.335],[2.393,48.336],[2.394,48.327],[2.403,48.321],[2.383,48.311],[2.358,48.308],[2.335,48.327],[2.328,48.326],[2.328,48.333],[2.317,48.332],[2.296,48.308],[2.267,48.315],[2.245,48.298],[2.249,48.316],[2.238,48.316],[2.246,48.331],[2.23,48.329],[2.202,48.345],[2.203,48.339],[2.182,48.324],[2.181,48.312],[2.152,48.316],[2.164,48.298],[2.111,48.297],[2.114,48.307],[2.106,48.308],[2.089,48.295],[2.053,48.295],[2.041,48.284],[2.025,48.289],[1.973,48.288],[1.982,48.295],[1.965,48.295],[1.959,48.309],[1.973,48.316],[1.979,48.313],[1.981,48.319],[1.974,48.323],[1.982,48.328],[1.969,48.341],[1.975,48.345],[1.973,48.356],[1.989,48.364],[1.978,48.369],[1.98,48.378],[1.967,48.38],[1.978,48.402],[1.928,48.406],[1.933,48.411],[1.928,48.416],[1.94,48.42],[1.936,48.435],[1.943,48.441],[1.933,48.442],[1.929,48.457],[1.916,48.463],[1.915,48.474],[1.933,48.48],[1.934,48.496],[1.947,48.51],[1.946,48.518],[1.963,48.528],[1.979,48.526],[1.977,48.536],[1.968,48.537],[1.969,48.532],[1.934,48.547],[1.936,48.561],[1.964,48.561],[1.979,48.554],[2.018,48.558],[2.016,48.569],[2.036,48.589],[2.034,48.605],[2.055,48.608],[2.061,48.616],[2.035,48.632],[2.038,48.641],[2.016,48.641],[2.019,48.645],[2.01,48.648],[2.011,48.66],[2.028,48.657],[2.034,48.679],[2.042,48.68],[2.046,48.688],[2.082,48.685],[2.089,48.698],[2.098,48.694],[2.097,48.703],[2.112,48.723],[2.099,48.734],[2.103,48.738],[2.119,48.742],[2.135,48.737],[2.151,48.755],[2.161,48.75],[2.173,48.758],[2.191,48.755],[2.192,48.769],[2.186,48.773],[2.201,48.776],[2.205,48.77],[2.229,48.77],[2.227,48.776]]]}},{"type":"Feature","properties":{"code":"92","name":"Hauts-de-Seine","group":"metropole"},"geometry":{"type":"Polygon","coordinates":[[[2.291,48.951],[2.336,48.941],[2.335,48.929],[2.314,48.914],[2.32,48.9],[2.286,48.887],[2.28,48.879],[2.258,48.88],[2.255,48.874],[2.235,48.871],[2.224,48.854],[2.251,48.846],[2.255,48.835],[2.27,48.833],[2.268,48.828],[2.279,48.832],[2.332,48.818],[2.318,48.808],[2.326,48.807],[2.319,48.788],[2.327,48.779],[2.309,48.755],[2.321,48.749],[2.313,48.738],[2.319,48.737],[2.308,48.729],[2.302,48.741],[2.28,48.733],[2.275,48.74],[2.285,48.748],[2.271,48.761],[2.233,48.766],[2.223,48.786],[2.209,48.788],[2.212,48.791],[2.203,48.798],[2.183,48.797],[2.187,48.801],[2.175,48.815],[2.163,48.812],[2.152,48.817],[2.146,48.836],[2.151,48.848],[2.16,48.848],[2.15,48.858],[2.157,48.87],[2.148,48.868],[2.168,48.895],[2.258,48.942],[2.291,48.951]]]}},{"type":"Feature","properties":{"code":"93","name":"Seine-Saint-Denis","group":"metropole"},"geometry":{"type":"Polygon","coordinates":[[[2.553,49.01],[2.569,49.011],[2.564,49.007],[2.576,49.0],[2.581,48.986],[2.579,48.979],[2.562,48.979],[2.59,48.953],[2.596,48.939],[2.603,48.938],[2.603,48.929],[2.589,48.921],[2.587,48.894],[2.559,48.886],[2.571,48.88],[2.568,48.866],[2.588,48.864],[2.574,48.853],[2.595,48.821],[2.592,48.807],[2.57,48.815],[2.572,48.824],[2.538,48.837],[2.525,48.849],[2.497,48.856],[2.496,48.861],[2.468,48.861],[2.447,48.851],[2.416,48.849],[2.412,48.876],[2.4,48.884],[2.395,48.898],[2.32,48.9],[2.314,48.914],[2.335,48.929],[2.336,48.941],[2.291,48.951],[2.288,48.958],[2.299,48.966],[2.334,48.956],[2.344,48.968],[2.354,48.966],[2.366,48.974],[2.385,48.971],[2.407,48.956],[2.418,48.96],[2.459,48.955],[2.475,48.968],[2.487,48.967],[2.493,48.975],[2.515,48.982],[2.513,48.986],[2.535,49.007],[2.549,49.003],[2.553,49.01]]]}},{"type":"Feature","properties":{"code":"94","name":"Val-de-Marne","group":"metropole"},"geometry":{"type":"Polygon","coordinates":[[[2.332,48.817],[2.363,48.816],[2.402,48.83],[2.459,48.817],[2.47,48.837],[2.465,48.841],[2.422,48.844],[2.422,48.836],[2.413,48.834],[2.416,48.849],[2.447,48.851],[2.468,48.861],[2.496,48.861],[2.497,48.856],[2.525,48.849],[2.538,48.837],[2.572,48.824],[2.57,48.815],[2.596,48.806],[2.592,48.8],[2.6,48.795],[2.587,48.774],[2.607,48.774],[2.616,48.762],[2.598,48.761],[2.6,48.751],[2.585,48.742],[2.595,48.732],[2.568,48.709],[2.582,48.697],[2.554,48.688],[2.542,48.7],[2.531,48.7],[2.517,48.716],[2.516,48.729],[2.506,48.736],[2.466,48.73],[2.454,48.72],[2.448,48.722],[2.449,48.715],[2.44,48.725],[2.414,48.718],[2.41,48.726],[2.402,48.727],[2.397,48.721],[2.371,48.72],[2.369,48.746],[2.356,48.738],[2.31,48.752],[2.327,48.779],[2.319,48.788],[2.326,48.807],[2.318,48.808],[2.332,48.817]]]}},{"type":"Feature","properties":{"code":"95","name":"Val-d'Oise","group":"metropole"},"geometry":{"type":"Polygon","coordinates":[[[2.591,49.08],[2.571,49.061],[2.574,49.054],[2.586,49.058],[2.594,49.047],[2.577,49.046],[2.566,49.029],[2.535,49.024],[2.539,49.013],[2.549,49.015],[2.553,49.007],[2.535,49.007],[2.513,48.986],[2.515,48.982],[2.493,48.975],[2.487,48.967],[2.475,48.968],[2.459,48.955],[2.418,48.96],[2.407,48.956],[2.385,48.971],[2.366,48.974],[2.354,48.966],[2.344,48.968],[2.334,48.956],[2.299,48.966],[2.288,48.958],[2.292,48.951],[2.258,48.942],[2.201,48.909],[2.199,48.919],[2.205,48.922],[2.199,48.935],[2.206,48.94],[2.206,48.95],[2.173,48.953],[2.179,48.966],[2.166,48.982],[2.121,48.993],[2.127,49.01],[2.121,49.018],[2.11,49.009],[2.085,49.015],[2.075,49.002],[2.064,49.008],[2.024,48.998],[1.993,49.021],[1.974,49.019],[1.948,49.027],[1.938,49.022],[1.909,49.048],[1.883,49.034],[1.882,49.02],[1.862,49.014],[1.865,49.022],[1.859,49.032],[1.851,49.033],[1.865,49.057],[1.845,49.062],[1.829,49.076],[1.797,49.072],[1.8,49.065],[1.794,49.058],[1.76,49.063],[1.753,49.06],[1.757,49.058],[1.751,49.048],[1.732,49.05],[1.723,49.045],[1.695,49.056],[1.697,49.066],[1.673,49.079],[1.643,49.081],[1.614,49.071],[1.609,49.078],[1.623,49.086],[1.618,49.094],[1.63,49.11],[1.658,49.132],[1.653,49.145],[1.664,49.153],[1.661,49.158],[1.67,49.169],[1.666,49.177],[1.677,49.2],[1.674,49.21],[1.704,49.229],[1.709,49.241],[1.712,49.233],[1.74,49.223],[1.734,49.221],[1.734,49.211],[1.715,49.207],[1.716,49.203],[1.737,49.195],[1.745,49.183],[1.741,49.181],[1.754,49.175],[1.785,49.186],[1.791,49.18],[1.803,49.185],[1.814,49.173],[1.827,49.18],[1.834,49.176],[1.835,49.165],[1.877,49.175],[1.883,49.162],[1.925,49.174],[1.95,49.17],[1.973,49.184],[2.002,49.176],[2.022,49.189],[2.034,49.188],[2.048,49.199],[2.081,49.21],[2.091,49.209],[2.089,49.194],[2.098,49.189],[2.118,49.187],[2.128,49.193],[2.135,49.191],[2.137,49.179],[2.147,49.188],[2.165,49.18],[2.158,49.173],[2.169,49.164],[2.182,49.17],[2.176,49.176],[2.205,49.174],[2.219,49.181],[2.235,49.167],[2.217,49.155],[2.23,49.151],[2.286,49.16],[2.285,49.166],[2.301,49.184],[2.313,49.186],[2.322,49.184],[2.359,49.147],[2.376,49.159],[2.391,49.149],[2.415,49.152],[2.441,49.146],[2.435,49.134],[2.458,49.141],[2.472,49.135],[2.475,49.128],[2.503,49.118],[2.49,49.106],[2.531,49.1],[2.533,49.119],[2.541,49.122],[2.54,49.116],[2.547,49.116],[2.557,49.124],[2.552,49.113],[2.558,49.098],[2.579,49.092],[2.579,49.084],[2.591,49.08]]]}},{"type":"Feature","properties":{"code":"974","name":"La Réunion","group":"outremer"},"geometry":{"type":"MultiPolygon","coordinates":[[[[55.254,-21.11],[55.222,-21.08],[55.226,-21.053],[55.217,-21.036],[55.235,-21.018],[55.255,-21.017],[55.277,-21.001],[55.283,-20.98],[55.277,-20.955],[55.281,-20.937],[55.282,-20.945],[55.29,-20.934],[55.283,-20.935],[55.287,-20.924],[55.318,-20.928],[55.314,-20.932],[55.325,-20.935],[55.322,-20.926],[55.345,-20.922],[55.352,-20.911],[55.395,-20.882],[55.448,-20.872],[55.471,-20.885],[55.503,-20.882],[55.542,-20.895],[55.592,-20.896],[55.621,-20.911],[55.651,-20.917],[55.666,-20.926],[55.696,-20.964],[55.703,-21.019],[55.731,-21.048],[55.739,-21.072],[55.78,-21.122],[55.824,-21.142],[55.835,-21.16],[55.837,-21.183],[55.826,-21.186],[55.826,-21.2],[55.814,-21.214],[55.802,-21.258],[55.808,-21.287],[55.807,-21.337],[55.775,-21.366],[55.756,-21.363],[55.709,-21.377],[55.679,-21.375],[55.671,-21.384],[55.649,-21.389],[55.638,-21.383],[55.609,-21.387],[55.587,-21.372],[55.551,-21.374],[55.537,-21.363],[55.498,-21.35],[55.484,-21.352],[55.479,-21.344],[55.461,-21.342],[55.449,-21.328],[55.42,-21.322],[55.391,-21.292],[55.335,-21.278],[55.331,-21.259],[55.292,-21.228],[55.281,-21.202],[55.288,-21.163],[55.272,-21.149],[55.271,-21.132],[55.254,-21.11]]]]}}]}